"docType","year","issue_folder","pdf_file","doi","docId","contentType","title"
"Journal Article","2015","Journal Article Repository/2015/7261654/7306340","07306341.pdf","10.5594/j18539a","10.5594-j18539a","info-society","SMPTE April 2015 Cover 1"
"Journal Article","2015","Journal Article Repository/2015/7261654/7306340","07306342.pdf","10.5594/j18539b","10.5594-j18539b","info-society","SMPTE April 2015 Cover 2"
"Journal Article","2015","Journal Article Repository/2015/7261654/7306340","07306343.pdf","10.5594/j18539e","10.5594-j18539e","info-society","SMPTE April 2015 Table of Contents"
"Journal Article","2015","Journal Article Repository/2015/7261654/7306340","07306344.pdf","10.5594/j18539f","10.5594-j18539f","list-staff","Officers"
"Journal Article","2015","Journal Article Repository/2015/7261654/7306340","07306345.pdf","10.5594/j18539g","10.5594-j18539g","advert","Ad page"
"Journal Article","2015","Journal Article Repository/2015/7261654/7306340","07306346.pdf","10.5594/j18524","10.5594-j18524","info-society","Message from the Executive Director: Standardization is Vital to Progress"
"Journal Article","2015","Journal Article Repository/2015/7261654/7306340","07306347.pdf","10.5594/j18525","10.5594-j18525","info-society","Report from the Standards Vice President: Update on Standards for UHDTV"
"Journal Article","2015","Journal Article Repository/2015/7261654/7306340","07306348.pdf","10.5594/j18526","10.5594-j18526","info-society","HPA 2015 Tech Retreat: A Brief Recap"
"Journal Article","2015","Journal Article Repository/2015/7261654/7306340","07306349.pdf","10.5594/j18527","10.5594-j18527","meeting-report","Section Meetings"
"Journal Article","2015","Journal Article Repository/2015/7261654/7306340","07306350.pdf","10.5594/j18539h","10.5594-j18539h","advert","Ad page"
"Journal Article","2015","Journal Article Repository/2015/7261654/7306340","07306351.pdf","10.5594/j18539i","10.5594-j18539i","advert","Ad page"
"Journal Article","2015","Journal Article Repository/2015/7261654/7306340","07306352.pdf","10.5594/j18539j","10.5594-j18539j","advert","Ad page"
"Journal Article","2015","Journal Article Repository/2015/7261654/7306340","07306373.pdf","10.5594/j18539k","10.5594-j18539k","advert","Ad page"
"Journal Article","2015","Journal Article Repository/2015/7261654/7306340","07306374.pdf","10.5594/j18528","10.5594-j18528","orig-research","Color Management for Wide-Color-Gamut UHDTV Production"
"Journal Article","2015","Journal Article Repository/2015/7261654/7306340","07306375.pdf","10.5594/j18529","10.5594-j18529","orig-research","ULTRA-HD Content Acquisition and Exchange Using HEVC Range Extensions"
"Journal Article","2015","Journal Article Repository/2015/7261654/7306340","07306376.pdf","10.5594/j18530","10.5594-j18530","orig-research","Deploying Wide Color Gamut and High Dynamic Range in HD and UHD"
"Journal Article","2015","Journal Article Repository/2015/7261654/7306340","07306377.pdf","10.5594/j18531","10.5594-j18531","orig-research","Controlling Miniaturization in Stereoscopic 3D Imagery"
"Journal Article","2015","Journal Article Repository/2015/7261654/7306340","07306378.pdf","10.5594/j18532","10.5594-j18532","orig-research","Developing Requirements for a Visually Lossless Display Stream Coding System Open Standard"
"Journal Article","2015","Journal Article Repository/2015/7261654/7306340","07306379.pdf","10.5594/j18533","10.5594-j18533","orig-research","Better Color Matching Between HD and UHD Content"
"Journal Article","2015","Journal Article Repository/2015/7261654/7306340","07306380.pdf","10.5594/j18534","10.5594-j18534","orig-research","Beyond HD: Status of Image Acquisition Solutions for Next-Generation Broadcasting Formats"
"Journal Article","2015","Journal Article Repository/2015/7261654/7306340","07306381.pdf","10.5594/j18539m","10.5594-j18539m","info-society","Additional Reading Online"
"Journal Article","2015","Journal Article Repository/2015/7261654/7306340","07306382.pdf","10.5594/j18523","10.5594-j18523","info-society","SMPTE Sustaining Members"
"Journal Article","2015","Journal Article Repository/2015/7261654/7306340","07306383.pdf","10.5594/j18535","10.5594-j18535","info-society","Obituary"
"Journal Article","2015","Journal Article Repository/2015/7261654/7306340","07306384.pdf","10.5594/j18536","10.5594-j18536","info-society","SMPTE Almanac"
"Journal Article","2015","Journal Article Repository/2015/7261654/7306340","07306385.pdf","10.5594/j18539l","10.5594-j18539l","info-society","On-Line Subscriptions"
"Journal Article","2015","Journal Article Repository/2015/7261654/7306340","07306386.pdf","10.5594/j18537","10.5594-j18537","info-society","SMPTE Sustaining Membership Levels"
"Journal Article","2015","Journal Article Repository/2015/7261654/7306340","07306387.pdf","10.5594/j18539c","10.5594-j18539c","info-society","SMPTE April 2015 Cover 3"
"Journal Article","2015","Journal Article Repository/2015/7261654/7306340","07306388.pdf","10.5594/j18539d","10.5594-j18539d","info-society","SMPTE April 2015 Cover 4"
"Journal Article","2015","Journal Article Repository/2015/7261654/7306389","07306390.pdf","10.5594/j18620a","10.5594-j18620a","info-society","SMPTE October 2015 Cover 1"
"Journal Article","2015","Journal Article Repository/2015/7261654/7306389","07306391.pdf","10.5594/j18620b","10.5594-j18620b","info-society","SMPTE October 2015 Cover 2"
"Journal Article","2015","Journal Article Repository/2015/7261654/7306389","07306392.pdf","10.5594/j18620c","10.5594-j18620c","info-society","SMPTE October 2015 Table of Contents"
"Journal Article","2015","Journal Article Repository/2015/7261654/7306389","07306393.pdf","10.5594/j18620d","10.5594-j18620d","list-staff","Officers"
"Journal Article","2015","Journal Article Repository/2015/7261654/7306389","07306394.pdf","10.5594/j18620e","10.5594-j18620e","advert","Ad page"
"Journal Article","2015","Journal Article Repository/2015/7261654/7306389","07306395.pdf","10.5594/j18606","10.5594-j18606","info-society","Message from the Executive Director: SMPTE at IBC"
"Journal Article","2015","Journal Article Repository/2015/7261654/7306389","07306396.pdf","10.5594/j18607","10.5594-j18607","info-society","Report from the Standards Vice President: Standards for Immersive Entertainment"
"Journal Article","2015","Journal Article Repository/2015/7261654/7306389","07306397.pdf","10.5594/j18608","10.5594-j18608","info-society","2015 SMPTE Annual Technical Conference Program"
"Journal Article","2015","Journal Article Repository/2015/7261654/7306389","07306398.pdf","10.5594/j18609","10.5594-j18609","info-society","2015 SMPTE Fellows"
"Journal Article","2015","Journal Article Repository/2015/7261654/7306389","07306399.pdf","10.5594/j18610","10.5594-j18610","info-society","2015 Honors and Awards Recipients"
"Journal Article","2015","Journal Article Repository/2015/7261654/7306389","07306400.pdf","10.5594/j18611","10.5594-j18611","meeting-report","Section Meetings"
"Journal Article","2015","Journal Article Repository/2015/7261654/7306389","07306401.pdf","10.5594/j18620f","10.5594-j18620f","advert","Ad page"
"Journal Article","2015","Journal Article Repository/2015/7261654/7306389","07306402.pdf","10.5594/j18620g","10.5594-j18620g","info-society","Sustaining Members"
"Journal Article","2015","Journal Article Repository/2015/7261654/7306389","07306403.pdf","10.5594/j18620h","10.5594-j18620h","advert","Ad page"
"Journal Article","2015","Journal Article Repository/2015/7261654/7306389","07306404.pdf","10.5594/j18620i","10.5594-j18620i","advert","Ad page"
"Journal Article","2015","Journal Article Repository/2015/7261654/7306389","07306405.pdf","10.5594/j18620j","10.5594-j18620j","advert","Ad page"
"Journal Article","2015","Journal Article Repository/2015/7261654/7306389","07306406.pdf","10.5594/j18612","10.5594-j18612","orig-research","State of HEVC Bitrates in 2014: Comparing HEVC, H.264, and MPEG-2"
"Journal Article","2015","Journal Article Repository/2015/7261654/7306389","07306407.pdf","10.5594/j18613","10.5594-j18613","orig-research","Implementation of Enhanced HEVC/H.265 Encoders: Supporting New Requirements and Functionalities"
"Journal Article","2015","Journal Article Repository/2015/7261654/7306389","07306408.pdf","10.5594/j18614","10.5594-j18614","orig-research","Realtime Super Resolution for 4K/8K with Nonlinear Signal Processing"
"Journal Article","2015","Journal Article Repository/2015/7261654/7306389","07306409.pdf","10.5594/j18615","10.5594-j18615","orig-research","The Turbulent Path to CALM TV: Bumpy Progress and Unintended Consequences"
"Journal Article","2015","Journal Article Repository/2015/7261654/7306389","07306410.pdf","10.5594/j18616","10.5594-j18616","orig-research","A Psychophysical Study Exploring Judder Using Fundamental Signals and Complex Imagery"
"Journal Article","2015","Journal Article Repository/2015/7261654/7306389","07306411.pdf","10.5594/j18617","10.5594-j18617","orig-research","High Frame Rate Video Conversion"
"Journal Article","2015","Journal Article Repository/2015/7261654/7306389","07306412.pdf","10.5594/j18618","10.5594-j18618","orig-research","HEVC Efficiency Assessment for Contribution Services of HD Interlaced Content"
"Journal Article","2015","Journal Article Repository/2015/7261654/7306389","07306413.pdf","10.5594/j18620k","10.5594-j18620k","orig-research","Exclusive Articles Available Online Only"
"Journal Article","2015","Journal Article Repository/2015/7261654/7306389","07306414.pdf","10.5594/j18619","10.5594-j18619","info-society","SMPTE Almanac"
"Journal Article","2015","Journal Article Repository/2015/7261654/7306389","07306415.pdf","10.5594/j18620l","10.5594-j18620l","info-society","SMPTE October 2015 Journal Cover 3"
"Journal Article","2015","Journal Article Repository/2015/7261654/7306389","07306416.pdf","10.5594/j18620m","10.5594-j18620m","info-society","SMPTE October 2015 Journal Cover 4"
"Journal Article","2015","Journal Article Repository/2015/7261654/7306417","07306418.pdf","10.5594/j18555","10.5594-j18555","info-society","SMPTE May/June 2015 Cover 1"
"Journal Article","2015","Journal Article Repository/2015/7261654/7306417","07306419.pdf","10.5594/j18556","10.5594-j18556","info-society","SMPTE May/June 2015 Cover 2"
"Journal Article","2015","Journal Article Repository/2015/7261654/7306417","07306420.pdf","10.5594/j18559","10.5594-j18559","info-society","SMPTE May/June 2015 Table of Contents"
"Journal Article","2015","Journal Article Repository/2015/7261654/7306417","07306421.pdf","10.5594/j18560","10.5594-j18560","list-staff","Officers"
"Journal Article","2015","Journal Article Repository/2015/7261654/7306417","07306422.pdf","10.5594/j18561","10.5594-j18561","advert","Ad page"
"Journal Article","2015","Journal Article Repository/2015/7261654/7306417","07306423.pdf","10.5594/j18540","10.5594-j18540","info-society","Message from the Executive Director: What Happens in Vegas........."
"Journal Article","2015","Journal Article Repository/2015/7261654/7306417","07306424.pdf","10.5594/j18542","10.5594-j18542","info-society","Report from the Standards Vice President: Standards for Displays"
"Journal Article","2015","Journal Article Repository/2015/7261654/7306417","07306425.pdf","10.5594/j18543","10.5594-j18543","info-society","2015 NAB Show's Technology Summit on Cinema: SMPTE Program Highlighted the Future of Storytelling"
"Journal Article","2015","Journal Article Repository/2015/7261654/7306417","07306426.pdf","10.5594/j18544","10.5594-j18544","meeting-report","Section Meetings"
"Journal Article","2015","Journal Article Repository/2015/7261654/7306417","07306427.pdf","10.5594/j18562","10.5594-j18562","advert","Ad page"
"Journal Article","2015","Journal Article Repository/2015/7261654/7306417","07306428.pdf","10.5594/j18563","10.5594-j18563","advert","Ad page"
"Journal Article","2015","Journal Article Repository/2015/7261654/7306417","07306429.pdf","10.5594/j18545","10.5594-j18545","orig-research","Introduction: Seeing The Future… Now"
"Journal Article","2015","Journal Article Repository/2015/7261654/7306417","07306430.pdf","10.5594/j18546","10.5594-j18546","orig-research","Quantum Dots and Rec. 2020: Bringing the Color of Tomorrow Closer to Reality Today"
"Journal Article","2015","Journal Article Repository/2015/7261654/7306417","07306431.pdf","10.5594/j18547","10.5594-j18547","orig-research","Design Considerations for Cinema Exhibition Using RGB Laser Illumination"
"Journal Article","2015","Journal Article Repository/2015/7261654/7306417","07306432.pdf","10.5594/j18548","10.5594-j18548","orig-research","The Art of Better Pixels"
"Journal Article","2015","Journal Article Repository/2015/7261654/7306417","07306433.pdf","10.5594/j18549","10.5594-j18549","orig-research","Temporal vs. Spatial Resolution: Comparative Tests for Broadcast Sports"
"Journal Article","2015","Journal Article Repository/2015/7261654/7306417","07306434.pdf","10.5594/j18550","10.5594-j18550","orig-research","Source-Timed SDN Video Switching of Packetized Video"
"Journal Article","2015","Journal Article Repository/2015/7261654/7306417","07306435.pdf","10.5594/j18551","10.5594-j18551","orig-research","Subjective Quality Evaluation of High Dynamic Range Video and Display for Future TV"
"Journal Article","2015","Journal Article Repository/2015/7261654/7306417","07306436.pdf","10.5594/j18552","10.5594-j18552","orig-research","High Dynamic Range Video Production, Delivery and Rendering"
"Journal Article","2015","Journal Article Repository/2015/7261654/7306417","07306437.pdf","10.5594/j18559a","10.5594-j18559a","info-society","Additional Reading Online"
"Journal Article","2015","Journal Article Repository/2015/7261654/7306417","07306438.pdf","10.5594/j18541","10.5594-j18541","info-society","SMPTE Sustaining Members"
"Journal Article","2015","Journal Article Repository/2015/7261654/7306417","07306439.pdf","10.5594/j18553","10.5594-j18553","info-society","Smpte Almanac"
"Journal Article","2015","Journal Article Repository/2015/7261654/7306417","07306440.pdf","10.5594/j18557","10.5594-j18557","info-society","SMPTE May/June 2015 Cover 3"
"Journal Article","2015","Journal Article Repository/2015/7261654/7306417","07306441.pdf","10.5594/j18558","10.5594-j18558","info-society","SMPTE May/June 2015 Cover 4"
"Journal Article","2015","Journal Article Repository/2015/7261654/7306442","07306473.pdf","10.5594/j18605a","10.5594-j18605a","info-society","SMPTE September 2015 Cover 1"
"Journal Article","2015","Journal Article Repository/2015/7261654/7306442","07306474.pdf","10.5594/j18605b","10.5594-j18605b","info-society","SMPTE September 2015 Cover 2"
"Journal Article","2015","Journal Article Repository/2015/7261654/7306442","07306475.pdf","10.5594/j18605c","10.5594-j18605c","info-society","SMPTE September 2015 Table of Contents"
"Journal Article","2015","Journal Article Repository/2015/7261654/7306442","07306476.pdf","10.5594/j18605d","10.5594-j18605d","list-staff","Officers"
"Journal Article","2015","Journal Article Repository/2015/7261654/7306442","07306477.pdf","10.5594/j18605e","10.5594-j18605e","advert","Ad page"
"Journal Article","2015","Journal Article Repository/2015/7261654/7306442","07306478.pdf","10.5594/j18583","10.5594-j18583","info-society","Message from the Executive Director: Standards and the Onset of Virtual Reality"
"Journal Article","2015","Journal Article Repository/2015/7261654/7306442","07306479.pdf","10.5594/j18585","10.5594-j18585","info-society","SMPTE Symposium Preliminary Program"
"Journal Article","2015","Journal Article Repository/2015/7261654/7306442","07306480.pdf","10.5594/j18586","10.5594-j18586","info-society","2015 Annual Technical Conference Preliminary Program"
"Journal Article","2015","Journal Article Repository/2015/7261654/7306442","07306481.pdf","10.5594/j18587","10.5594-j18587","meeting-report","Section Meetings"
"Journal Article","2015","Journal Article Repository/2015/7261654/7306442","07306482.pdf","10.5594/j18588","10.5594-j18588","info-society","Introduction to the SMPTE 2015 Progress Report"
"Journal Article","2015","Journal Article Repository/2015/7261654/7306442","07306483.pdf","10.5594/j18605f","10.5594-j18605f","advert","Ad page"
"Journal Article","2015","Journal Article Repository/2015/7261654/7306442","07306484.pdf","10.5594/j18605g","10.5594-j18605g","advert","Ad page"
"Journal Article","2015","Journal Article Repository/2015/7261654/7306442","07306485.pdf","10.5594/j18605h","10.5594-j18605h","advert","Ad page"
"Journal Article","2015","Journal Article Repository/2015/7261654/7306442","07306486.pdf","10.5594/j18589","10.5594-j18589","info-society","Introduction to the SMPTE Technology Committee Reports"
"Journal Article","2015","Journal Article Repository/2015/7261654/7306442","07306487.pdf","10.5594/j18589a","10.5594-j18589a","orig-research","Essence (10E)"
"Journal Article","2015","Journal Article Repository/2015/7261654/7306442","07306488.pdf","10.5594/j18589b","10.5594-j18589b","orig-research","Film Applications (20F)"
"Journal Article","2015","Journal Article Repository/2015/7261654/7306442","07306489.pdf","10.5594/j18589c","10.5594-j18589c","orig-research","Digital Cinema (21DC)"
"Journal Article","2015","Journal Article Repository/2015/7261654/7306442","07306490.pdf","10.5594/j18589d","10.5594-j18589d","orig-research","Television and Broadband Media (24TB)"
"Journal Article","2015","Journal Article Repository/2015/7261654/7306442","07306491.pdf","10.5594/j18589e","10.5594-j18589e","orig-research","Cinema Sound Systems (25CSS)"
"Journal Article","2015","Journal Article Repository/2015/7261654/7306442","07306492.pdf","10.5594/j18589f","10.5594-j18589f","orig-research","Metadata and Registers (30MR)"
"Journal Article","2015","Journal Article Repository/2015/7261654/7306442","07306493.pdf","10.5594/j18589g","10.5594-j18589g","orig-research","File Formats and Systems (31FS)"
"Journal Article","2015","Journal Article Repository/2015/7261654/7306442","07306494.pdf","10.5594/j18589h","10.5594-j18589h","orig-research","Network/Facilities Architecture (32NF)"
"Journal Article","2015","Journal Article Repository/2015/7261654/7306442","07306495.pdf","10.5594/j18589i","10.5594-j18589i","orig-research","Media Systems, Control Services (34CS)"
"Journal Article","2015","Journal Article Repository/2015/7261654/7306442","07306496.pdf","10.5594/j18589j","10.5594-j18589j","orig-research","Media Packaging and Interchange (35PM)"
"Journal Article","2015","Journal Article Repository/2015/7261654/7306442","07306497.pdf","10.5594/j18590","10.5594-j18590","info-society","Report from the American Society of Cinematographers Technology Committee"
"Journal Article","2015","Journal Article Repository/2015/7261654/7306442","07306498.pdf","10.5594/j18591","10.5594-j18591","orig-research","Laser Projectors and the Future of Digital Cinema"
"Journal Article","2015","Journal Article Repository/2015/7261654/7306442","07306499.pdf","10.5594/j18592","10.5594-j18592","info-society","Digital Video Broadcasting Report"
"Journal Article","2015","Journal Article Repository/2015/7261654/7306442","07306500.pdf","10.5594/j18593","10.5594-j18593","orig-research","2015 Activities of the Association of Radio Industries and Businesses in the Field of Broadcasting"
"Journal Article","2015","Journal Article Repository/2015/7261654/7306442","07306501.pdf","10.5594/j18594","10.5594-j18594","orig-research","Status of the Advanced Television Systems Committee"
"Journal Article","2015","Journal Article Repository/2015/7261654/7306442","07306502.pdf","10.5594/j18595","10.5594-j18595","orig-research","2015 Update from the Consumer Electronics Association"
"Journal Article","2015","Journal Article Repository/2015/7261654/7306442","07306503.pdf","10.5594/j18596","10.5594-j18596","orig-research","The Next Generation in Consumer Displays"
"Journal Article","2015","Journal Article Repository/2015/7261654/7306442","07306504.pdf","10.5594/j18597","10.5594-j18597","orig-research","OTT (Over-The-Top) in 2015"
"Journal Article","2015","Journal Article Repository/2015/7261654/7306442","07306505.pdf","10.5594/j18598","10.5594-j18598","orig-research","A Review of the Technology and Migration Patterns for IP/IT Media Infrastructures"
"Journal Article","2015","Journal Article Repository/2015/7261654/7306442","07306506.pdf","10.5594/j18599","10.5594-j18599","orig-research","Virtual Reality Primer with an Emphasis on Camera-Captured VR"
"Journal Article","2015","Journal Article Repository/2015/7261654/7306442","07306507.pdf","10.5594/j18600","10.5594-j18600","orig-research","MPEG Progress Report"
"Journal Article","2015","Journal Article Repository/2015/7261654/7306442","07306508.pdf","10.5594/j18584","10.5594-j18584","info-society","SMPTE Sustaining Members"
"Journal Article","2015","Journal Article Repository/2015/7261654/7306442","07306509.pdf","10.5594/j18601","10.5594-j18601","info-society","Errata"
"Journal Article","2015","Journal Article Repository/2015/7261654/7306442","07306510.pdf","10.5594/j18602","10.5594-j18602","info-society","SMPTE Almanac"
"Journal Article","2015","Journal Article Repository/2015/7261654/7306442","07306511.pdf","10.5594/j18603","10.5594-j18603","info-society","Membership Application/Renewal"
"Journal Article","2015","Journal Article Repository/2015/7261654/7306442","07306512.pdf","10.5594/j18604","10.5594-j18604","info-society","SMPTE Sustaining Membership Application"
"Journal Article","2015","Journal Article Repository/2015/7261654/7306442","07306513.pdf","10.5594/j18605i","10.5594-j18605i","advert","Ad page"
"Journal Article","2015","Journal Article Repository/2015/7261654/7306442","07306514.pdf","10.5594/j18605j","10.5594-j18605j","advert","Ad page"
"Journal Article","2015","Journal Article Repository/2015/7261654/7306442","07306515.pdf","10.5594/j18605k","10.5594-j18605k","info-society","SMPTE September 2015 Cover 3"
"Journal Article","2015","Journal Article Repository/2015/7261654/7306442","07306516.pdf","10.5594/j18605l","10.5594-j18605l","info-society","SMPTE September 2015 Cover 4"
"Journal Article","2015","Journal Article Repository/2015/7261654/7306443","07306444.pdf","10.5594/j18581a","10.5594-j18581a","info-society","SMPTE July/August 2015 Cover 1"
"Journal Article","2015","Journal Article Repository/2015/7261654/7306443","07306445.pdf","10.5594/j18581b","10.5594-j18581b","info-society","SMPTE July/August 2015 Cover 2"
"Journal Article","2015","Journal Article Repository/2015/7261654/7306443","07306446.pdf","10.5594/j18581c","10.5594-j18581c","info-society","SMPTE July/August 2015 Table of Contents"
"Journal Article","2015","Journal Article Repository/2015/7261654/7306443","07306447.pdf","10.5594/j18581d","10.5594-j18581d","list-staff","Officers"
"Journal Article","2015","Journal Article Repository/2015/7261654/7306443","07306448.pdf","10.5594/j18581e","10.5594-j18581e","advert","Ad page"
"Journal Article","2015","Journal Article Repository/2015/7261654/7306443","07306449.pdf","10.5594/j18564","10.5594-j18564","info-society","Message from the Executive Director: Getting Ready for 2016"
"Journal Article","2015","Journal Article Repository/2015/7261654/7306443","07306450.pdf","10.5594/j18566","10.5594-j18566","info-society","Report from the Standards Vice President: Standards for Audio"
"Journal Article","2015","Journal Article Repository/2015/7261654/7306443","07306451.pdf","10.5594/j18567","10.5594-j18567","info-society","SMPTE Forum 2015: SMPTE Hosts Second Forum Event in Europe, in Partnership with the FKTG"
"Journal Article","2015","Journal Article Repository/2015/7261654/7306443","07306452.pdf","10.5594/j18568","10.5594-j18568","info-society","Results of the 2015 Society Section Elections"
"Journal Article","2015","Journal Article Repository/2015/7261654/7306443","07306453.pdf","10.5594/j18569","10.5594-j18569","info-society","ETIA 2015: The Future of Electronic Entertainment Over the Internet: SMPTE hosted the third ETIA conference showcasing state of the art technologies for providing entertainment over digital infrastructure"
"Journal Article","2015","Journal Article Repository/2015/7261654/7306443","07306454.pdf","10.5594/j18570","10.5594-j18570","meeting-report","Section Meetings"
"Journal Article","2015","Journal Article Repository/2015/7261654/7306443","07306455.pdf","10.5594/j18581f","10.5594-j18581f","advert","Ad page"
"Journal Article","2015","Journal Article Repository/2015/7261654/7306443","07306456.pdf","10.5594/j18581g","10.5594-j18581g","advert","Ad page"
"Journal Article","2015","Journal Article Repository/2015/7261654/7306443","07306457.pdf","10.5594/j18571","10.5594-j18571","orig-research","Introduction: Introduction to the 2015 Audio Issue"
"Journal Article","2015","Journal Article Repository/2015/7261654/7306443","07306458.pdf","10.5594/j18572","10.5594-j18572","orig-research","Personalized and Immersive Broadcast Audio"
"Journal Article","2015","Journal Article Repository/2015/7261654/7306443","07306459.pdf","10.5594/j18573","10.5594-j18573","orig-research","Management of Consequent Sounds in Immersive Sound Systems"
"Journal Article","2015","Journal Article Repository/2015/7261654/7306443","07306460.pdf","10.5594/j18574","10.5594-j18574","orig-research","Immersive Audio Standards Move Forward"
"Journal Article","2015","Journal Article Repository/2015/7261654/7306443","07306461.pdf","10.5594/j18575","10.5594-j18575","orig-research","Précis of the TC-25CSS Theater Testing Report"
"Journal Article","2015","Journal Article Repository/2015/7261654/7306443","07306462.pdf","10.5594/j18576","10.5594-j18576","orig-research","A Tutorial on Photometric Dimensions and Units"
"Journal Article","2015","Journal Article Repository/2015/7261654/7306443","07306463.pdf","10.5594/j18577","10.5594-j18577","orig-research","A Cinema Luminance Range by the People, for the People: Viewer Preferences on Luminance Limits for a Large-Screen Environment"
"Journal Article","2015","Journal Article Repository/2015/7261654/7306443","07306464.pdf","10.5594/j18581h","10.5594-j18581h","advert","Ad page"
"Journal Article","2015","Journal Article Repository/2015/7261654/7306443","07306465.pdf","10.5594/j18578","10.5594-j18578","orig-research","Immersive and Personalized Audio: A Practical System for Enabling Interchange, Distribution, and Delivery of Next-Generation Audio Experiences"
"Journal Article","2015","Journal Article Repository/2015/7261654/7306443","07306466.pdf","10.5594/j18579","10.5594-j18579","orig-research","Object-Based Audio: Opportunities for Improved Listening Experience and Increased Listener Involvement"
"Journal Article","2015","Journal Article Repository/2015/7261654/7306443","07306467.pdf","10.5594/j18581i","10.5594-j18581i","info-society","Additional Reading Online"
"Journal Article","2015","Journal Article Repository/2015/7261654/7306443","07306468.pdf","10.5594/j18565","10.5594-j18565","info-society","SMPTE Sustaining Members"
"Journal Article","2015","Journal Article Repository/2015/7261654/7306443","07306469.pdf","10.5594/j18580","10.5594-j18580","info-society","Obituary"
"Journal Article","2015","Journal Article Repository/2015/7261654/7306443","07306470.pdf","10.5594/j18581","10.5594-j18581","info-society","SMPTE Almanac"
"Journal Article","2015","Journal Article Repository/2015/7261654/7306443","07306471.pdf","10.5594/j18581j","10.5594-j18581j","info-society","SMPTE July/August 2015 Cover 3"
"Journal Article","2015","Journal Article Repository/2015/7261654/7306443","07306472.pdf","10.5594/j18581k","10.5594-j18581k","info-society","SMPTE July/August 2015 Cover 4"
"Journal Article","2015","Journal Article Repository/2015/7261654/7308896","07308897.pdf","10.5594/j18501C1","10.5594-j18501C1","front-cover","SMPTE Motion Imaging Journal — Cover"
"Journal Article","2015","Journal Article Repository/2015/7261654/7308896","07308898.pdf","10.5594/j1850111A","10.5594-j1850111A","toc","SMPTE Motion Imaging Journal — Table of Contents"
"Journal Article","2015","Journal Article Repository/2015/7261654/7308896","07308899.pdf","10.5594/j18501","10.5594-j18501","orig-research","Study on the Acceptance of Higher-Frame-Rate Stereoscopic 3D in Digital Cinema"
"Journal Article","2015","Journal Article Repository/2015/7261654/7308896","07308900.pdf","10.5594/j18502","10.5594-j18502","orig-research","Depth/Disparity Interchange Representation for Post-Production"
"Journal Article","2015","Journal Article Repository/2015/7261654/7308896","07308901.pdf","10.5594/j1849222A","10.5594-j1849222A","list-staff","SMPTE Motion Imaging Journal — Editorial Board"
"Journal Article","2015","Journal Article Repository/2015/7261654/7308896","07308902.pdf","10.5594/j18492","10.5594-j18492","info-society","SMPTE Sets its Sights High [Message from the Executive Director]"
"Journal Article","2015","Journal Article Repository/2015/7261654/7308896","07308903.pdf","10.5594/j18494","10.5594-j18494","info-society","Standards for Cinema and Video [Report from the Standards Vice President]"
"Journal Article","2015","Journal Article Repository/2015/7261654/7308896","07308904.pdf","10.5594/j18495","10.5594-j18495","meeting-report","Section Meetings"
"Journal Article","2015","Journal Article Repository/2015/7261654/7308896","07308905.pdf","10.5594/j18493","10.5594-j18493","info-society","Sustaining Members"
"Journal Article","2015","Journal Article Repository/2015/7261654/7308896","07308906.pdf","10.5594/j18503","10.5594-j18503","info-society","Erratum"
"Journal Article","2015","Journal Article Repository/2015/7261654/7308896","07308907.pdf","10.5594/j18504","10.5594-j18504","info-society","SMPTE Almanac"
"Journal Article","2015","Journal Article Repository/2015/7261654/7308896","07308908.pdf","10.5594/j18505","10.5594-j18505","info-society","SMPTE Membership Application"
"Journal Article","2015","Journal Article Repository/2015/7261654/7308896","07308909.pdf","10.5594/j18496","10.5594-j18496","orig-research","Light-Field Acquisition System That Facilitates Camera and Depth-of-Field Compositing in Post-Production"
"Journal Article","2015","Journal Article Repository/2015/7261654/7308896","07308910.pdf","10.5594/j18497","10.5594-j18497","orig-research","New-Generation Scalable Motion Processing from Mobile to 4K and Beyond"
"Journal Article","2015","Journal Article Repository/2015/7261654/7308896","07308911.pdf","10.5594/j18498","10.5594-j18498","orig-research","Lens Considerations for Digital Cinematography"
"Journal Article","2015","Journal Article Repository/2015/7261654/7308896","07308912.pdf","10.5594/j18499","10.5594-j18499","orig-research","A Technical Overview of VP9—The Latest Open-Source Video Codec"
"Journal Article","2015","Journal Article Repository/2015/7261654/7308896","07308913.pdf","10.5594/j18500","10.5594-j18500","orig-research","VC-5 Video Compression for Mezzanine Compression Workflows"
"Journal Article","2015","Journal Article Repository/2015/7261654/7309010","07309030.pdf","10.5594/j18517C1","10.5594-j18517C1","front-cover","SMPTE Motion Imaging Journal — Cover"
"Journal Article","2015","Journal Article Repository/2015/7261654/7309010","07309031.pdf","10.5594/j1851711A","10.5594-j1851711A","toc","SMPTE Motion Imaging Journal — Table of Contents"
"Journal Article","2015","Journal Article Repository/2015/7261654/7309010","07309032.pdf","10.5594/j18517","10.5594-j18517","orig-research","Taking Remote Production to the Next Level: CBC's Coverage of the 2014 Sochi Olympic Games"
"Journal Article","2015","Journal Article Repository/2015/7261654/7309010","07309033.pdf","10.5594/j18518","10.5594-j18518","orig-research","The Control of Media within an Internet of Things Using SMPTE ST 2071"
"Journal Article","2015","Journal Article Repository/2015/7261654/7309010","07309034.pdf","10.5594/j1850722A","10.5594-j1850722A","list-staff","SMPTE Motion Imaging Journal — Editorial Board"
"Journal Article","2015","Journal Article Repository/2015/7261654/7309010","07309035.pdf","10.5594/j18507","10.5594-j18507","info-society","Sustaining Members"
"Journal Article","2015","Journal Article Repository/2015/7261654/7309010","07309036.pdf","10.5594/j18519","10.5594-j18519","info-society","SMPTE Almanac"
"Journal Article","2015","Journal Article Repository/2015/7261654/7309010","07309037.pdf","10.5594/j18520","10.5594-j18520","info-society","SMPTE Sustaining Membership Application"
"Journal Article","2015","Journal Article Repository/2015/7261654/7309010","07309038.pdf","10.5594/j18521","10.5594-j18521","info-society","SMPYE Membership Application"
"Journal Article","2015","Journal Article Repository/2015/7261654/7309010","07309039.pdf","10.5594/j18508","10.5594-j18508","info-society","HPA Tech Retreat and SMPTE [Message from the Executive Director]"
"Journal Article","2015","Journal Article Repository/2015/7261654/7309010","07309040.pdf","10.5594/j18509","10.5594-j18509","info-society","The Importance of Standards [Report from the Standards Vice President]"
"Journal Article","2015","Journal Article Repository/2015/7261654/7309010","07309041.pdf","10.5594/j18510","10.5594-j18510","meeting-report","Section Meetings"
"Journal Article","2015","Journal Article Repository/2015/7261654/7309010","07309042.pdf","10.5594/j18511","10.5594-j18511","orig-research","Introduction to “Video over IP” Issue"
"Journal Article","2015","Journal Article Repository/2015/7261654/7309010","07309043.pdf","10.5594/j18512","10.5594-j18512","orig-research","Network-Based Timing, Genlock and Time Code Using Precision Time Protocol"
"Journal Article","2015","Journal Article Repository/2015/7261654/7309010","07309044.pdf","10.5594/j18513","10.5594-j18513","orig-research","Can COTS Ethernet Switches Handle Uncompressed Video?"
"Journal Article","2015","Journal Article Repository/2015/7261654/7309010","07309045.pdf","10.5594/j18514","10.5594-j18514","orig-research","A Practical Approach to IP Live Production"
"Journal Article","2015","Journal Article Repository/2015/7261654/7309010","07309046.pdf","10.5594/j18515","10.5594-j18515","orig-research","Taking the Pixel Out of the Picture"
"Journal Article","2015","Journal Article Repository/2015/7261654/7309010","07309047.pdf","10.5594/j18516","10.5594-j18516","orig-research","An Objective Metric for Stereoscopic 3D Video Quality Prediction Using Perceptual Thresholds"
"Journal Article","2015","Journal Article Repository/2015/7261654/7340431","07340432.pdf","10.5594/j18621","10.5594-j18621","info-society","SMPTE November/December 2015 Cover 1"
"Journal Article","2015","Journal Article Repository/2015/7261654/7340431","07340433.pdf","10.5594/j18622","10.5594-j18622","info-society","SMPTE November/December 2015 Cover 2"
"Journal Article","2015","Journal Article Repository/2015/7261654/7340431","07340434.pdf","10.5594/j18623","10.5594-j18623","info-society","SMPTE November/December 2015 Table of Contents"
"Journal Article","2015","Journal Article Repository/2015/7261654/7340431","07340435.pdf","10.5594/j18624","10.5594-j18624","list-staff","Officers"
"Journal Article","2015","Journal Article Repository/2015/7261654/7340431","07340436.pdf","10.5594/j18625","10.5594-j18625","info-society","Newly Elected Officers and Governors"
"Journal Article","2015","Journal Article Repository/2015/7261654/7340431","07340437.pdf","10.5594/j18626","10.5594-j18626","info-society","Message from the Executive Director: The State of Your Society is Strong!"
"Journal Article","2015","Journal Article Repository/2015/7261654/7340431","07340438.pdf","10.5594/j18627","10.5594-j18627","info-society","Report from the Standards Vice President: Standards for Media Archiving"
"Journal Article","2015","Journal Article Repository/2015/7261654/7340431","07340439.pdf","10.5594/j18628","10.5594-j18628","info-society","SMPTE 2015: Getting Ready for the Next Century"
"Journal Article","2015","Journal Article Repository/2015/7261654/7340431","07340440.pdf","10.5594/j18629","10.5594-j18629","meeting-report","Section Meetings"
"Journal Article","2015","Journal Article Repository/2015/7261654/7340431","07340441.pdf","10.5594/j18630","10.5594-j18630","advert","Ad page"
"Journal Article","2015","Journal Article Repository/2015/7261654/7340431","07340442.pdf","10.5594/j18631","10.5594-j18631","advert","Ad page"
"Journal Article","2015","Journal Article Repository/2015/7261654/7340431","07340443.pdf","10.5594/j18632","10.5594-j18632","advert","Ad page"
"Journal Article","2015","Journal Article Repository/2015/7261654/7340431","07340444.pdf","10.5594/j18633","10.5594-j18633","advert","Ad page"
"Journal Article","2015","Journal Article Repository/2015/7261654/7340431","07340445.pdf","10.5594/j18634","10.5594-j18634","orig-research","2014 Survey Summary for Storage in Professional Media and Entertainment"
"Journal Article","2015","Journal Article Repository/2015/7261654/7340431","07340446.pdf","10.5594/j18635","10.5594-j18635","orig-research","An Automated Tagging Approach to Improve Search and Retrieval in a Radio Archive"
"Journal Article","2015","Journal Article Repository/2015/7261654/7340431","07340447.pdf","10.5594/j18636","10.5594-j18636","orig-research","Maximizing the Potential of Legacy Content in New Media Asset Management Deployments"
"Journal Article","2015","Journal Article Repository/2015/7261654/7340431","07340448.pdf","10.5594/j18639","10.5594-j18639","orig-research","Automated Content Restoration System for File-Based Broadcasting Environments"
"Journal Article","2015","Journal Article Repository/2015/7261654/7340431","07340449.pdf","10.5594/j18640","10.5594-j18640","orig-research","Cinematic Sound Scene Description and Rendering Control"
"Journal Article","2015","Journal Article Repository/2015/7261654/7340431","07340450.pdf","10.5594/j18641","10.5594-j18641","info-society","Sustaining Members"
"Journal Article","2015","Journal Article Repository/2015/7261654/7340431","07340451.pdf","10.5594/j18642","10.5594-j18642","info-society","Obituaries"
"Journal Article","2015","Journal Article Repository/2015/7261654/7340431","07340452.pdf","10.5594/j18643","10.5594-j18643","info-society","SMPTE Almanac"
"Journal Article","2015","Journal Article Repository/2015/7261654/7340431","07340453.pdf","10.5594/j18644","10.5594-j18644","advert","Ad page"
"Journal Article","2015","Journal Article Repository/2015/7261654/7340431","07340454.pdf","10.5594/j18645","10.5594-j18645","info-society","SMPTE November/December 2015 Journal Cover 3"
"Journal Article","2015","Journal Article Repository/2015/7261654/7340431","07340455.pdf","10.5594/j18646","10.5594-j18646","info-society","SMPTE November/December 2015 Journal Cover 4"
"Journal Article","2016","Journal Article Repository/2016/7261654/7399457","07399458.pdf","10.5594/j18647","10.5594-j18647","info-society","SMPTE January/February 2016 Cover 1"
"Journal Article","2016","Journal Article Repository/2016/7261654/7399457","07399459.pdf","10.5594/j18648","10.5594-j18648","advert","SMPTE January/February 2016 Cover 2"
"Journal Article","2016","Journal Article Repository/2016/7261654/7399457","07399460.pdf","10.5594/j18649","10.5594-j18649","toc","SMPTE January/February 2016 Table of Contents"
"Journal Article","2016","Journal Article Repository/2016/7261654/7399457","07399461.pdf","10.5594/j18650","10.5594-j18650","list-staff","Officers"
"Journal Article","2016","Journal Article Repository/2016/7261654/7399457","07399462.pdf","10.5594/j18651","10.5594-j18651","advert","Ad page"
"Journal Article","2016","Journal Article Repository/2016/7261654/7399457","07399463.pdf","10.5594/j18652","10.5594-j18652","info-society","Message from the Executive Director: Welcome to SMPTE's Centennial Year!"
"Journal Article","2016","Journal Article Repository/2016/7261654/7399457","07399464.pdf","10.5594/j18653","10.5594-j18653","info-society","Report from the Standards Vice President: 100 Years of SMPTE Standards"
"Journal Article","2016","Journal Article Repository/2016/7261654/7399457","07399465.pdf","10.5594/j18654","10.5594-j18654","meeting-report","Section Meetings"
"Journal Article","2016","Journal Article Repository/2016/7261654/7399457","07399466.pdf","10.5594/j18655","10.5594-j18655","advert","Ad page"
"Journal Article","2016","Journal Article Repository/2016/7261654/7399457","07399467.pdf","10.5594/j18656","10.5594-j18656","advert","Ad page"
"Journal Article","2016","Journal Article Repository/2016/7261654/7399457","07399468.pdf","10.5594/j18657","10.5594-j18657","advert","Ad page"
"Journal Article","2016","Journal Article Repository/2016/7261654/7399457","07399469.pdf","10.5594/j18658","10.5594-j18658","advert","Ad page"
"Journal Article","2016","Journal Article Repository/2016/7261654/7399457","07399470.pdf","10.5594/j18659","10.5594-j18659","orig-research","Integrating HEVC Video Compression with a High Dynamic Range Video Pipeline"
"Journal Article","2016","Journal Article Repository/2016/7261654/7399457","07399471.pdf","10.5594/j18660","10.5594-j18660","orig-research","Addressing Issues in File-Based Workflows: The Joint Task Force on File Formats and Media Interoperability and the World of Advertising"
"Journal Article","2016","Journal Article Repository/2016/7261654/7399457","07399472.pdf","10.5594/j18661","10.5594-j18661","orig-research","Using IMF for International Distribution? What Does That Mean?"
"Journal Article","2016","Journal Article Repository/2016/7261654/7399457","07399593.pdf","10.5594/j18662","10.5594-j18662","orig-research","Toward Real-Time Detection of Forensic Watermarks to Combat Piracy by Live Streaming"
"Journal Article","2016","Journal Article Repository/2016/7261654/7399457","07399594.pdf","10.5594/j18663","10.5594-j18663","orig-research","Computational Imaging for Stop-Motion Animated Video Productions"
"Journal Article","2016","Journal Article Repository/2016/7261654/7399457","07399595.pdf","10.5594/j18664","10.5594-j18664","orig-research","Remote Content Access and the Rise of the Second Screen"
"Journal Article","2016","Journal Article Repository/2016/7261654/7399457","07399596.pdf","10.5594/j18665","10.5594-j18665","orig-research","UMID Applications in MXF and Streaming Media"
"Journal Article","2016","Journal Article Repository/2016/7261654/7399457","07399597.pdf","10.5594/j18666","10.5594-j18666","orig-research","A Concept for File-Based Content Exchange Using Scalable Media"
"Journal Article","2016","Journal Article Repository/2016/7261654/7399457","07399598.pdf","10.5594/j18667","10.5594-j18667","info-society","Exclusive Articles Available Online Only"
"Journal Article","2016","Journal Article Repository/2016/7261654/7399457","07399599.pdf","10.5594/j18668","10.5594-j18668","info-society","Sustaining Members"
"Journal Article","2016","Journal Article Repository/2016/7261654/7399457","07399600.pdf","10.5594/j18669","10.5594-j18669","obit","Obituaries"
"Journal Article","2016","Journal Article Repository/2016/7261654/7399457","07399601.pdf","10.5594/j18670","10.5594-j18670","info-society","SMPTE Almanac"
"Journal Article","2016","Journal Article Repository/2016/7261654/7399457","07399602.pdf","10.5594/j1867l","10.5594-j1867l","advert","SMPTE January/February 2015 Journal Cover 3"
"Journal Article","2016","Journal Article Repository/2016/7261654/7399457","07399603.pdf","10.5594/j18672","10.5594-j18672","advert","SMPTE January/February 2015 Journal Cover 4"
"Journal Article","2016","Journal Article Repository/2016/7261654/7436716","07436717.pdf","10.5594/j18673","10.5594-j18673","info-society","SMPTE March 2016 Cover 1"
"Journal Article","2016","Journal Article Repository/2016/7261654/7436716","07436718.pdf","10.5594/j18674","10.5594-j18674","advert","SMPTE March 2016 Cover 2"
"Journal Article","2016","Journal Article Repository/2016/7261654/7436716","07436719.pdf","10.5594/j18675","10.5594-j18675","toc","SMPTE March 2016 Table of Contents"
"Journal Article","2016","Journal Article Repository/2016/7261654/7436716","07436720.pdf","10.5594/j18676","10.5594-j18676","list-staff","Officers"
"Journal Article","2016","Journal Article Repository/2016/7261654/7436716","07436721.pdf","10.5594/j18677","10.5594-j18677","advert","Ad page"
"Journal Article","2016","Journal Article Repository/2016/7261654/7436716","07436722.pdf","10.5594/j18678","10.5594-j18678","info-society","Message from the Executive Director: Why You Should Care About the Difference Between Standards and Specifications"
"Journal Article","2016","Journal Article Repository/2016/7261654/7436716","07436723.pdf","10.5594/j18679","10.5594-j18679","info-society","Report from the Standards Vice President: Standards for IT/Networking"
"Journal Article","2016","Journal Article Repository/2016/7261654/7436716","07436724.pdf","10.5594/j18680","10.5594-j18680","meeting-report","Section Meetings"
"Journal Article","2016","Journal Article Repository/2016/7261654/7436716","07436725.pdf","10.5594/j18681","10.5594-j18681","advert","Ad page"
"Journal Article","2016","Journal Article Repository/2016/7261654/7436716","07436726.pdf","10.5594/j18682","10.5594-j18682","advert","Ad page"
"Journal Article","2016","Journal Article Repository/2016/7261654/7436716","07436727.pdf","10.5594/j18683","10.5594-j18683","advert","Ad page"
"Journal Article","2016","Journal Article Repository/2016/7261654/7436716","07436728.pdf","10.5594/j18684","10.5594-j18684","advert","Ad page"
"Journal Article","2016","Journal Article Repository/2016/7261654/7436716","07436729.pdf","10.5594/j18685","10.5594-j18685","orig-research","Design Elements for Core IP Media Infrastructures"
"Journal Article","2016","Journal Article Repository/2016/7261654/7436716","07436730.pdf","10.5594/j18686","10.5594-j18686","orig-research","Elementary Flows for Live IP Production"
"Journal Article","2016","Journal Article Repository/2016/7261654/7436716","07436731.pdf","10.5594/j18687","10.5594-j18687","orig-research","Optimizing Large Media Networks for Highly Accurate Time Transfer via PTP"
"Journal Article","2016","Journal Article Repository/2016/7261654/7436716","07436732.pdf","10.5594/j18688","10.5594-j18688","orig-research","Video Over LTE: Exploring Efficiency in Distribution"
"Journal Article","2016","Journal Article Repository/2016/7261654/7436716","07436733.pdf","10.5594/j18689","10.5594-j18689","orig-research","Thought-Provoking Ideas for Increasing Diversity in Entertainment Engineering"
"Journal Article","2016","Journal Article Repository/2016/7261654/7436716","07436734.pdf","10.5594/j18690","10.5594-j18690","orig-research","UHD in a Hybrid SDI/IP World"
"Journal Article","2016","Journal Article Repository/2016/7261654/7436716","07436735.pdf","10.5594/j18691","10.5594-j18691","orig-research","4K Video over SMPTE 2022-5/6 Workflows"
"Journal Article","2016","Journal Article Repository/2016/7261654/7436716","07436736.pdf","10.5594/j18692","10.5594-j18692","orig-research","Exclusive Articles Available Online Only"
"Journal Article","2016","Journal Article Repository/2016/7261654/7436716","07436737.pdf","10.5594/j18693","10.5594-j18693","info-society","Sustaining Members"
"Journal Article","2016","Journal Article Repository/2016/7261654/7436716","07436738.pdf","10.5594/j18694","10.5594-j18694","info-society","SMPTE Almanac"
"Journal Article","2016","Journal Article Repository/2016/7261654/7436716","07436739.pdf","10.5594/j18695","10.5594-j18695","advert","Ad page"
"Journal Article","2016","Journal Article Repository/2016/7261654/7436716","07436740.pdf","10.5594/j18696","10.5594-j18696","advert","Ad page"
"Journal Article","2016","Journal Article Repository/2016/7261654/7436716","07436741.pdf","10.5594/j18697","10.5594-j18697","advert","SMPTE March 2016 Journal Cover 3"
"Journal Article","2016","Journal Article Repository/2016/7261654/7436716","07436742.pdf","10.5594/j18698","10.5594-j18698","advert","SMPTE March 2016 Journal Cover 4"
"Journal Article","2016","Journal Article Repository/2016/7261654/7454893","07454894.pdf","10.5594/JMI.2016.2540948","10.5594-JMI.2016.2540948","advert","SMPTE April 2016 Cover 2"
"Journal Article","2016","Journal Article Repository/2016/7261654/7454893","07454895.pdf","10.5594/JMI.2016.2540540","10.5594-JMI.2016.2540540","front-cover","SMPTE April 2016 Cover 1"
"Journal Article","2016","Journal Article Repository/2016/7261654/7454893","07454896.pdf","10.5594/JMI.2016.2540961","10.5594-JMI.2016.2540961","advert","Ad page"
"Journal Article","2016","Journal Article Repository/2016/7261654/7454893","07454897.pdf","10.5594/JMI.2016.2536339","10.5594-JMI.2016.2536339","list-staff","Officers"
"Journal Article","2016","Journal Article Repository/2016/7261654/7454893","07454898.pdf","10.5594/JMI.2016.2548506","10.5594-JMI.2016.2548506","toc","Table of Contents"
"Journal Article","2016","Journal Article Repository/2016/7261654/7454893","07454899.pdf","10.5594/JMI.2016.2540952","10.5594-JMI.2016.2540952","advert","Ad page"
"Journal Article","2016","Journal Article Repository/2016/7261654/7454893","07454900.pdf","10.5594/JMI.2016.2540947","10.5594-JMI.2016.2540947","advert","Ad page"
"Journal Article","2016","Journal Article Repository/2016/7261654/7454893","07454901.pdf","10.5594/JMI.2016.2540963","10.5594-JMI.2016.2540963","advert","Ad page"
"Journal Article","2016","Journal Article Repository/2016/7261654/7454893","07454902.pdf","10.5594/JMI.2016.2540949","10.5594-JMI.2016.2540949","advert","Ad page"
"Journal Article","2016","Journal Article Repository/2016/7261654/7454893","07454903.pdf","10.5594/JMI.2016.2544118","10.5594-JMI.2016.2544118","advert","Ad page"
"Journal Article","2016","Journal Article Repository/2016/7261654/7454893","07454904.pdf","10.5594/JMI.2016.2540960","10.5594-JMI.2016.2540960","advert","Ad page"
"Journal Article","2016","Journal Article Repository/2016/7261654/7454893","07454905.pdf","10.5594/JMI.2016.2542523","10.5594-JMI.2016.2542523","advert","SMPTE April 2016 Cover 4"
"Journal Article","2016","Journal Article Repository/2016/7261654/7454893","07454906.pdf","10.5594/JMI.2016.2550843","10.5594-JMI.2016.2550843","advert","Ad Page"
"Journal Article","2016","Journal Article Repository/2016/7261654/7454893","07454907.pdf","10.5594/JMI.2016.2550360","10.5594-JMI.2016.2550360","advert","Ad page"
"Journal Article","2016","Journal Article Repository/2016/7261654/7454893","07454908.pdf","10.5594/JMI.2016.2550359","10.5594-JMI.2016.2550359","advert","Ad page"
"Journal Article","2016","Journal Article Repository/2016/7261654/7454893","07455149.pdf","10.5594/JMI.2016.2534318","10.5594-JMI.2016.2534318","orig-research","Future Models for Live Event Broadcasting"
"Journal Article","2016","Journal Article Repository/2016/7261654/7454893","07455150.pdf","10.5594/JMI.2016.2527438","10.5594-JMI.2016.2527438","orig-research","Display Technology: The Next Chapter"
"Journal Article","2016","Journal Article Repository/2016/7261654/7454893","07455151.pdf","10.5594/JMI.2016.2532058","10.5594-JMI.2016.2532058","orig-research","A Study of Stereoscopic Digital Cinema in China Including New Standards and Recommendations"
"Journal Article","2016","Journal Article Repository/2016/7261654/7454893","07455152.pdf","10.5594/JMI.2016.2543522","10.5594-JMI.2016.2543522","info-society","Exclusive Articles Available Online Only"
"Journal Article","2016","Journal Article Repository/2016/7261654/7454893","07455153.pdf","10.5594/JMI.2016.2531998","10.5594-JMI.2016.2531998","orig-research","High Frame Rate Television: Sampling Theory, the Human Visual System, and Why the Nyquist–Shannon Theorem Does Not Apply"
"Journal Article","2016","Journal Article Repository/2016/7261654/7454893","07455154.pdf","10.5594/JMI.2016.2543521","10.5594-JMI.2016.2543521","info-society","Message from the Executive Director: Recognized for 100 Years of Technology in Motion Imaging"
"Journal Article","2016","Journal Article Repository/2016/7261654/7454893","07455155.pdf","10.5594/JMI.2016.2527401","10.5594-JMI.2016.2527401","orig-research","Observer Metamerism Models and Multiprimary Display Systems"
"Journal Article","2016","Journal Article Repository/2016/7261654/7454893","07455156.pdf","10.5594/JMI.2016.2533258","10.5594-JMI.2016.2533258","info-society","Report from the Standards Vice President: Standards for Display"
"Journal Article","2016","Journal Article Repository/2016/7261654/7454893","07455157.pdf","10.5594/JMI.2016.2532038","10.5594-JMI.2016.2532038","orig-research","Viewer's Choice: Rethinking Media Personalization in a Multiscreen World"
"Journal Article","2016","Journal Article Repository/2016/7261654/7454893","07455158.pdf","10.5594/JMI.2016.2533259","10.5594-JMI.2016.2533259","info-society","SMPTE Almanac"
"Journal Article","2016","Journal Article Repository/2016/7261654/7454893","07455159.pdf","10.5594/JMI.2016.2535059","10.5594-JMI.2016.2535059","obit","Obituaries"
"Journal Article","2016","Journal Article Repository/2016/7261654/7454893","07455160.pdf","10.5594/JMI.2016.2532040","10.5594-JMI.2016.2532040","orig-research","The Calibration Conundrum: Toward Standardizing a Reference White Chromaticity for HDTV"
"Journal Article","2016","Journal Article Repository/2016/7261654/7454893","07455716.pdf","10.5594/JMI.2016.2540943","10.5594-JMI.2016.2540943","advert","SMPTE April 2016 Cover 3"
"Journal Article","2016","Journal Article Repository/2016/7261654/7454893","07455717.pdf","10.5594/JMI.2016.2536338","10.5594-JMI.2016.2536338","info-society","Sustaining Members"
"Journal Article","2016","Journal Article Repository/2016/7261654/7454893","07455718.pdf","10.5594/JMI.2016.2535058","10.5594-JMI.2016.2535058","meeting-report","Section Meetings"
"Journal Article","2016","Journal Article Repository/2016/7261654/7479590","07479591.pdf","10.5594/JMI.2016.2559299","10.5594-JMI.2016.2559299","advert","Ad Page"
"Journal Article","2016","Journal Article Repository/2016/7261654/7479590","07479594.pdf","10.5594/JMI.2016.2565358","10.5594-JMI.2016.2565358","advert","Ad Page"
"Journal Article","2016","Journal Article Repository/2016/7261654/7479590","07479600.pdf","10.5594/JMI.2016.2552938","10.5594-JMI.2016.2552938","orig-research","An Analysis of System Contrast in Digital Cinema Auditoriums"
"Journal Article","2016","Journal Article Repository/2016/7261654/7479590","07479608.pdf","10.5594/JMI.2016.2559298","10.5594-JMI.2016.2559298","advert","SMPTE May/June 2016 Cover 4"
"Journal Article","2016","Journal Article Repository/2016/7261654/7479590","07479613.pdf","10.5594/JMI.2016.2565340","10.5594-JMI.2016.2565340","advert","Ad Page"
"Journal Article","2016","Journal Article Repository/2016/7261654/7479590","07479614.pdf","10.5594/JMI.2016.2557198","10.5594-JMI.2016.2557198","info-society","SMPTE Almanac"
"Journal Article","2016","Journal Article Repository/2016/7261654/7479590","07479615.pdf","10.5594/JMI.2016.2561158","10.5594-JMI.2016.2561158","info-society","2016 NAB Show's The Future of Cinema Conference: The Immortal Movie Dazzles Attendeed with Ang Lee Keynote"
"Journal Article","2016","Journal Article Repository/2016/7261654/7479590","07479618.pdf","10.5594/JMI.2016.2565360","10.5594-JMI.2016.2565360","advert","SMPTE May/June 2016 Cover 3"
"Journal Article","2016","Journal Article Repository/2016/7261654/7479590","07479633.pdf","10.5594/JMI.2016.2559618","10.5594-JMI.2016.2559618","list-staff","Officers"
"Journal Article","2016","Journal Article Repository/2016/7261654/7479590","07479635.pdf","10.5594/JMI.2016.2547789","10.5594-JMI.2016.2547789","orig-research","How Loud is a Movie?—A New Measurement Procedure"
"Journal Article","2016","Journal Article Repository/2016/7261654/7479590","07479636.pdf","10.5594/JMI.2016.2548858","10.5594-JMI.2016.2548858","orig-research","The Academy Color Encoding System: Standards for Digital Image Interchange, Color Management and Long-term Archiving"
"Journal Article","2016","Journal Article Repository/2016/7261654/7479590","07479639.pdf","10.5594/JMI.2016.2547796","10.5594-JMI.2016.2547796","orig-research","How Independent are HDR, WCG, and HFR in Human Visual Perception and the Creative Process"
"Journal Article","2016","Journal Article Repository/2016/7261654/7479590","07479642.pdf","10.5594/JMI.2016.2561858","10.5594-JMI.2016.2561858","advert","SMPTE May/June 2016 Cover 2"
"Journal Article","2016","Journal Article Repository/2016/7261654/7479590","07479643.pdf","10.5594/JMI.2016.2559638","10.5594-JMI.2016.2559638","content-announce","Exclusive Articles Available Online Only"
"Journal Article","2016","Journal Article Repository/2016/7261654/7479590","07479644.pdf","10.5594/JMI.2016.2548838","10.5594-JMI.2016.2548838","orig-research","A Display-Independent High Dynamic Range Television System"
"Journal Article","2016","Journal Article Repository/2016/7261654/7479590","07479645.pdf","10.5594/JMI.2016.2556458","10.5594-JMI.2016.2556458","front-cover","SMPTE May/June 2016 Cover 1"
"Journal Article","2016","Journal Article Repository/2016/7261654/7479590","07479649.pdf","10.5594/JMI.2016.2559619","10.5594-JMI.2016.2559619","info-society","Sustaining Members"
"Journal Article","2016","Journal Article Repository/2016/7261654/7479590","07479650.pdf","10.5594/JMI.2016.2559598","10.5594-JMI.2016.2559598","toc","Table of Contents"
"Journal Article","2016","Journal Article Repository/2016/7261654/7479590","07479652.pdf","10.5594/JMI.2016.2565318","10.5594-JMI.2016.2565318","advert","Ad Page"
"Journal Article","2016","Journal Article Repository/2016/7261654/7479590","07479655.pdf","10.5594/JMI.2016.2548338","10.5594-JMI.2016.2548338","orig-research","Modeling of Achievable Contrast and Its Impact on HDR Projection in Commercial Cinema Environments"
"Journal Article","2016","Journal Article Repository/2016/7261654/7479590","07479660.pdf","10.5594/JMI.2016.2558378","10.5594-JMI.2016.2558378","info-society","Report from the Standards Vice President: The Continuing Advance of Color Imaging"
"Journal Article","2016","Journal Article Repository/2016/7261654/7479590","07479661.pdf","10.5594/JMI.2016.2559258","10.5594-JMI.2016.2559258","info-society","Message from the Executive Director: SMPTE Brings Ang Lee to Las Vegas"
"Journal Article","2016","Journal Article Repository/2016/7261654/7479590","07479663.pdf","10.5594/JMI.2016.2547785","10.5594-JMI.2016.2547785","orig-research","Extended Image Dynamic Range System for UHDTV Broadcasting"
"Journal Article","2016","Journal Article Repository/2016/7261654/7479590","07479664.pdf","10.5594/JMI.2016.2565359","10.5594-JMI.2016.2565359","advert","SMPTE-HPA Student Film Festival [Advertisement]"
"Journal Article","2016","Journal Article Repository/2016/7261654/7479590","07479665.pdf","10.5594/JMI.2016.2554470","10.5594-JMI.2016.2554470","meeting-report","Section Meetings"
"Journal Article","2016","Journal Article Repository/2016/7261654/7514283","07514284.pdf","10.5594/JMI.2016.2572379","10.5594-JMI.2016.2572379","info-society","Message From the Executive Director: Getting to Know C. Francis Jenkins"
"Journal Article","2016","Journal Article Repository/2016/7261654/7514283","07514305.pdf","10.5594/JMI.2016.2578778","10.5594-JMI.2016.2578778","advert","Ad Page"
"Journal Article","2016","Journal Article Repository/2016/7261654/7514283","07514307.pdf","10.5594/JMI.2016.2578739","10.5594-JMI.2016.2578739","advert","SMPTE July Cover 2"
"Journal Article","2016","Journal Article Repository/2016/7261654/7514283","07514309.pdf","10.5594/JMI.2016.2588398","10.5594-JMI.2016.2588398","advert","Ad Page"
"Journal Article","2016","Journal Article Repository/2016/7261654/7514283","07514321.pdf","10.5594/JMI.2016.2578798","10.5594-JMI.2016.2578798","advert","Ad Page"
"Journal Article","2016","Journal Article Repository/2016/7261654/7514283","07514322.pdf","10.5594/JMI.2016.2563058","10.5594-JMI.2016.2563058","orig-research","Achieving BT.2020 Color With LCDs: A Tale of Two Applications"
"Journal Article","2016","Journal Article Repository/2016/7261654/7514283","07514327.pdf","10.5594/JMI.2016.2569918","10.5594-JMI.2016.2569918","orig-research","Camera Raw for High Dynamic Range Workflows"
"Journal Article","2016","Journal Article Repository/2016/7261654/7514283","07514333.pdf","10.5594/JMI.2016.2578779","10.5594-JMI.2016.2578779","advert","SMPTE July 2016 Cover 4"
"Journal Article","2016","Journal Article Repository/2016/7261654/7514283","07514342.pdf","10.5594/JMI.2016.2579919","10.5594-JMI.2016.2579919","info-society","Sustaining Members"
"Journal Article","2016","Journal Article Repository/2016/7261654/7514283","07514349.pdf","10.5594/JMI.2016.2581538","10.5594-JMI.2016.2581538","front-cover","SMPTE July 2016 Cover 1"
"Journal Article","2016","Journal Article Repository/2016/7261654/7514283","07514351.pdf","10.5594/JMI.2016.2585238","10.5594-JMI.2016.2585238","advert","SMPTE July 2016 Cover 3"
"Journal Article","2016","Journal Article Repository/2016/7261654/7514283","07514358.pdf","10.5594/JMI.2016.2571578","10.5594-JMI.2016.2571578","orig-research","Exclusive Article Available Online Only"
"Journal Article","2016","Journal Article Repository/2016/7261654/7514283","07514360.pdf","10.5594/JMI.2016.2569898","10.5594-JMI.2016.2569898","orig-research","DASH 2016: Where are we and What's Next"
"Journal Article","2016","Journal Article Repository/2016/7261654/7514283","07514362.pdf","10.5594/JMI.2016.2563078","10.5594-JMI.2016.2563078","orig-research","Ultra HD Blu-ray Format Video Characteristics"
"Journal Article","2016","Journal Article Repository/2016/7261654/7514283","07514364.pdf","10.5594/JMI.2016.2578799","10.5594-JMI.2016.2578799","advert","Ad page"
"Journal Article","2016","Journal Article Repository/2016/7261654/7514283","07514370.pdf","10.5594/JMI.2016.2579899","10.5594-JMI.2016.2579899","list-staff","Officers"
"Journal Article","2016","Journal Article Repository/2016/7261654/7514283","07514377.pdf","10.5594/JMI.2016.2578762","10.5594-JMI.2016.2578762","advert","Ad Page"
"Journal Article","2016","Journal Article Repository/2016/7261654/7514283","07514378.pdf","10.5594/JMI.2016.2572378","10.5594-JMI.2016.2572378","info-society","Report from the Standards Vice President: Standards for Video Compression"
"Journal Article","2016","Journal Article Repository/2016/7261654/7514283","07514379.pdf","10.5594/JMI.2016.2575619","10.5594-JMI.2016.2575619","orig-research","VC-3 Codec Updates for Handling Better, Faster, and More Pixels"
"Journal Article","2016","Journal Article Repository/2016/7261654/7514283","07514380.pdf","10.5594/JMI.2016.2569920","10.5594-JMI.2016.2569920","orig-research","Bit Rate Requirements for High Dynamic Range Video"
"Journal Article","2016","Journal Article Repository/2016/7261654/7514283","07514381.pdf","10.5594/JMI.2016.2570659","10.5594-JMI.2016.2570659","info-society","SMPTE Almanac"
"Journal Article","2016","Journal Article Repository/2016/7261654/7514283","07514736.pdf","10.5594/JMI.2016.2570658","10.5594-JMI.2016.2570658","meeting-report","Section Meetings"
"Journal Article","2016","Journal Article Repository/2016/7261654/7514283","07514737.pdf","10.5594/JMI.2016.2579918","10.5594-JMI.2016.2579918","toc","Table of Contents"
"Journal Article","2016","Journal Article Repository/2016/7261654/7514283","07515359.pdf","10.5594/JMI.2016.2571579","10.5594-JMI.2016.2571579","orig-research","Memoriam"
"Journal Article","2016","Journal Article Repository/2016/7261654/7571196","07571197.pdf","10.5594/JMI.2016.2599105","10.5594-JMI.2016.2599105","orig-research","Timeline: Motion Imaging in the SMPTE Century"
"Journal Article","2016","Journal Article Repository/2016/7261654/7571196","07571199.pdf","10.5594/JMI.2016.2589499","10.5594-JMI.2016.2589499","advert","SMPTE August 2016 Cover 2"
"Journal Article","2016","Journal Article Repository/2016/7261654/7571196","07571200.pdf","10.5594/JMI.2016.2589162","10.5594-JMI.2016.2589162","orig-research","Recording and Storage: A Brief History"
"Journal Article","2016","Journal Article Repository/2016/7261654/7571196","07571202.pdf","10.5594/JMI.2016.2602558","10.5594-JMI.2016.2602558","advert","Ad Page"
"Journal Article","2016","Journal Article Repository/2016/7261654/7571196","07571203.pdf","10.5594/JMI.2016.2588958","10.5594-JMI.2016.2588958","orig-research","The History of SMPTE and Digitization"
"Journal Article","2016","Journal Article Repository/2016/7261654/7571196","07571205.pdf","10.5594/JMI.2016.2601482","10.5594-JMI.2016.2601482","advert","Ad Page"
"Journal Article","2016","Journal Article Repository/2016/7261654/7571196","07571206.pdf","10.5594/JMI.2016.2589161","10.5594-JMI.2016.2589161","orig-research","Temporal Engineering: Archiving and Preservation"
"Journal Article","2016","Journal Article Repository/2016/7261654/7571196","07571208.pdf","10.5594/JMI.2016.2601128","10.5594-JMI.2016.2601128","content-announce","Photo Page"
"Journal Article","2016","Journal Article Repository/2016/7261654/7571196","07571209.pdf","10.5594/JMI.2016.2589498","10.5594-JMI.2016.2589498","advert","Ad Page"
"Journal Article","2016","Journal Article Repository/2016/7261654/7571196","07571210.pdf","10.5594/JMI.2016.2591139","10.5594-JMI.2016.2591139","advert","Ad Page"
"Journal Article","2016","Journal Article Repository/2016/7261654/7571196","07571211.pdf","10.5594/JMI.2016.2601484","10.5594-JMI.2016.2601484","advert","SMPTE August Cover 3"
"Journal Article","2016","Journal Article Repository/2016/7261654/7571196","07571212.pdf","10.5594/JMI.2016.2581059","10.5594-JMI.2016.2581059","orig-research","Software-Defined Media Infrastructures"
"Journal Article","2016","Journal Article Repository/2016/7261654/7571196","07571213.pdf","10.5594/JMI.2016.2581718","10.5594-JMI.2016.2581718","orig-research","Video Compression and Its Role in the History of Television"
"Journal Article","2016","Journal Article Repository/2016/7261654/7571196","07571214.pdf","10.5594/JMI.2016.2582681","10.5594-JMI.2016.2582681","opinion","Happy 100th Birthday, SMPTE!"
"Journal Article","2016","Journal Article Repository/2016/7261654/7571196","07571215.pdf","10.5594/JMI.2016.2591138","10.5594-JMI.2016.2591138","advert","Ad Page"
"Journal Article","2016","Journal Article Repository/2016/7261654/7571196","07571216.pdf","10.5594/JMI.2016.2603058","10.5594-JMI.2016.2603058","advert","Ad Page"
"Journal Article","2016","Journal Article Repository/2016/7261654/7571196","07571217.pdf","10.5594/JMI.2016.2587107","10.5594-JMI.2016.2587107","orig-research","SMPTE Centennial: Closed Captioning and Video Description—A Brief Historical Perspective"
"Journal Article","2016","Journal Article Repository/2016/7261654/7571196","07571218.pdf","10.5594/JMI.2016.2595038","10.5594-JMI.2016.2595038","opinion","100 Years of Growth"
"Journal Article","2016","Journal Article Repository/2016/7261654/7571196","07571219.pdf","10.5594/JMI.2016.2601483","10.5594-JMI.2016.2601483","advert","SMPTE August 2016 Cover 3"
"Journal Article","2016","Journal Article Repository/2016/7261654/7571196","07571220.pdf","10.5594/JMI.2016.2594161","10.5594-JMI.2016.2594161","front-cover","SMPTE August 2016 Cover 1"
"Journal Article","2016","Journal Article Repository/2016/7261654/7571196","07571221.pdf","10.5594/JMI.2016.2593600","10.5594-JMI.2016.2593600","info-society","Sustaining Members"
"Journal Article","2016","Journal Article Repository/2016/7261654/7571196","07571222.pdf","10.5594/JMI.2016.2593578","10.5594-JMI.2016.2593578","advert","Ad Page"
"Journal Article","2016","Journal Article Repository/2016/7261654/7571196","07571223.pdf","10.5594/JMI.2016.2583301","10.5594-JMI.2016.2583301","opinion","100 Years of SMPTE Standards"
"Journal Article","2016","Journal Article Repository/2016/7261654/7571196","07571224.pdf","10.5594/JMI.2016.2593990","10.5594-JMI.2016.2593990","info-society","SMPTE Almanac"
"Journal Article","2016","Journal Article Repository/2016/7261654/7571196","07571226.pdf","10.5594/JMI.2016.2578819","10.5594-JMI.2016.2578819","orig-research","File-Based Workflows"
"Journal Article","2016","Journal Article Repository/2016/7261654/7571196","07571228.pdf","10.5594/JMI.2016.2599118","10.5594-JMI.2016.2599118","orig-research","A Look Back at SMPTE's History Archives"
"Journal Article","2016","Journal Article Repository/2016/7261654/7571196","07571229.pdf","10.5594/JMI.2016.2593601","10.5594-JMI.2016.2593601","list-staff","Officers"
"Journal Article","2016","Journal Article Repository/2016/7261654/7571196","07571230.pdf","10.5594/JMI.2016.2589484","10.5594-JMI.2016.2589484","advert","Ad Page"
"Journal Article","2016","Journal Article Repository/2016/7261654/7571196","07571231.pdf","10.5594/JMI.2016.2592639","10.5594-JMI.2016.2592639","advert","Ad Page"
"Journal Article","2016","Journal Article Repository/2016/7261654/7571196","07571232.pdf","10.5594/JMI.2016.2591218","10.5594-JMI.2016.2591218","opinion","SMPTE Education: Past, Present, and Future"
"Journal Article","2016","Journal Article Repository/2016/7261654/7571196","07571234.pdf","10.5594/JMI.2016.2579959","10.5594-JMI.2016.2579959","orig-research","From One to Many: A Short History of 20th Century Multichannel Cinema Sound"
"Journal Article","2016","Journal Article Repository/2016/7261654/7571196","07571236.pdf","10.5594/JMI.2016.2592638","10.5594-JMI.2016.2592638","advert","Ad Page"
"Journal Article","2016","Journal Article Repository/2016/7261654/7571196","07571237.pdf","10.5594/JMI.2016.2578818","10.5594-JMI.2016.2578818","orig-research","The SMPTE Century: Evolution in Cameras and Lenses From 1916 to 2016"
"Journal Article","2016","Journal Article Repository/2016/7261654/7571196","07571240.pdf","10.5594/JMI.2016.2590898","10.5594-JMI.2016.2590898","advert","Ad Page"
"Journal Article","2016","Journal Article Repository/2016/7261654/7571196","07571241.pdf","10.5594/JMI.2016.2599687","10.5594-JMI.2016.2599687","opinion","Presidential Letters"
"Journal Article","2016","Journal Article Repository/2016/7261654/7571196","07571242.pdf","10.5594/JMI.2016.2584298","10.5594-JMI.2016.2584298","orig-research","Displays: From Fantasy to Reality in a Century"
"Journal Article","2016","Journal Article Repository/2016/7261654/7571196","07571243.pdf","10.5594/JMI.2016.2601479","10.5594-JMI.2016.2601479","advert","Ad Page"
"Journal Article","2016","Journal Article Repository/2016/7261654/7571196","07571244.pdf","10.5594/JMI.2016.2579138","10.5594-JMI.2016.2579138","orig-research","More, Faster, Higher, Wider: A Brief History of Increases in Perceptible Characteristics of Motion Imaging"
"Journal Article","2016","Journal Article Repository/2016/7261654/7571196","07571245.pdf","10.5594/JMI.2016.2584300","10.5594-JMI.2016.2584300","orig-research","The Last 100 Years of Motion Imaging"
"Journal Article","2016","Journal Article Repository/2016/7261654/7571196","07571246.pdf","10.5594/JMI.2016.2584444","10.5594-JMI.2016.2584444","opinion","100 Years of Service in Motion Imaging"
"Journal Article","2016","Journal Article Repository/2016/7261654/7571196","07571248.pdf","10.5594/JMI.2016.2591158","10.5594-JMI.2016.2591158","advert","SMPTE August Cover 4"
"Journal Article","2016","Journal Article Repository/2016/7261654/7571196","07571249.pdf","10.5594/JMI.2016.2604598","10.5594-JMI.2016.2604598","advert","Ad Page"
"Journal Article","2016","Journal Article Repository/2016/7261654/7571196","07571973.pdf","10.5594/JMI.2016.2593625","10.5594-JMI.2016.2593625","toc","Table of Contents"
"Journal Article","2016","Journal Article Repository/2016/7261654/7571196","07572249.pdf","10.5594/JMI.2016.2583299","10.5594-JMI.2016.2583299","orig-research","Forty Years of Television Progress: Television Technology Highlights from 1976 to the Present"
"Journal Article","2016","Journal Article Repository/2016/7261654/7723944","07723945.pdf","10.5594/JMI.2016.2614854","10.5594-JMI.2016.2614854","advert","Ad Page"
"Journal Article","2016","Journal Article Repository/2016/7261654/7723944","07723954.pdf","10.5594/JMI.2016.2589618","10.5594-JMI.2016.2589618","orig-research","Status of the Advanced Television Systems Committee"
"Journal Article","2016","Journal Article Repository/2016/7261654/7723944","07723957.pdf","10.5594/JMI.2016.2614850","10.5594-JMI.2016.2614850","advert","Ad Page"
"Journal Article","2016","Journal Article Repository/2016/7261654/7723944","07723959.pdf","10.5594/JMI.2016.2603001","10.5594-JMI.2016.2603001","advert","Ad Page"
"Journal Article","2016","Journal Article Repository/2016/7261654/7723944","07723960.pdf","10.5594/JMI.2016.2589098","10.5594-JMI.2016.2589098","orig-research","UHD in 2016: The Good, the Bad, and the Speculars ii The specular is one of the main beneficiaries of a “high dynamic range”—one of the principal elements of ultra high definition today"
"Journal Article","2016","Journal Article Repository/2016/7261654/7723944","07723962.pdf","10.5594/JMI.2016.2592300","10.5594-JMI.2016.2592300","orig-research","2016 Update From Digital Video Broadcasting"
"Journal Article","2016","Journal Article Repository/2016/7261654/7723944","07723963.pdf","10.5594/JMI.2016.2612460","10.5594-JMI.2016.2612460","opinion","Introduction to the SMPTE Technology Committee Reports"
"Journal Article","2016","Journal Article Repository/2016/7261654/7723944","07723964.pdf","10.5594/JMI.2016.2602109","10.5594-JMI.2016.2602109","obit","In Memoriam: John L. Goodell"
"Journal Article","2016","Journal Article Repository/2016/7261654/7723944","07723967.pdf","10.5594/JMI.2016.2598661","10.5594-JMI.2016.2598661","opinion","Introduction to the SMPTE 2016 Progress Report"
"Journal Article","2016","Journal Article Repository/2016/7261654/7723944","07723968.pdf","10.5594/JMI.2016.2610879","10.5594-JMI.2016.2610879","list-staff","Officers"
"Journal Article","2016","Journal Article Repository/2016/7261654/7723944","07723970.pdf","10.5594/JMI.2016.2610860","10.5594-JMI.2016.2610860","info-society","Sustaining Members"
"Journal Article","2016","Journal Article Repository/2016/7261654/7723944","07723972.pdf","10.5594/JMI.2016.2615951","10.5594-JMI.2016.2615951","advert","SMPTE September Cover 4"
"Journal Article","2016","Journal Article Repository/2016/7261654/7723944","07723974.pdf","10.5594/JMI.2016.2593937","10.5594-JMI.2016.2593937","orig-research","2016 Update from the Consumer Technology Association"
"Journal Article","2016","Journal Article Repository/2016/7261654/7723944","07723976.pdf","10.5594/JMI.2016.2592338","10.5594-JMI.2016.2592338","orig-research","American Society of Cinematographers Technology Committee Progress Report 2016"
"Journal Article","2016","Journal Article Repository/2016/7261654/7723944","07723978.pdf","10.5594/JMI.2016.2598689","10.5594-JMI.2016.2598689","orig-research","2016 Update on High Dynamic Range Television"
"Journal Article","2016","Journal Article Repository/2016/7261654/7723944","07723980.pdf","10.5594/JMI.2016.2592279","10.5594-JMI.2016.2592279","orig-research","Studio Video over IP Progress Report"
"Journal Article","2016","Journal Article Repository/2016/7261654/7723944","07723981.pdf","10.5594/JMI.2016.2592261","10.5594-JMI.2016.2592261","orig-research","EBU Technology and Innovation Activities"
"Journal Article","2016","Journal Article Repository/2016/7261654/7723944","07723982.pdf","10.5594/JMI.2016.2615959","10.5594-JMI.2016.2615959","advert","SMPTE September Cover 3"
"Journal Article","2016","Journal Article Repository/2016/7261654/7723944","07723985.pdf","10.5594/JMI.2016.2602979","10.5594-JMI.2016.2602979","advert","Ad Page"
"Journal Article","2016","Journal Article Repository/2016/7261654/7723944","07723987.pdf","10.5594/JMI.2016.2611218","10.5594-JMI.2016.2611218","info-society","SMPTE Almanac"
"Journal Article","2016","Journal Article Repository/2016/7261654/7723944","07723988.pdf","10.5594/JMI.2016.2602998","10.5594-JMI.2016.2602998","advert","Ad Page"
"Journal Article","2016","Journal Article Repository/2016/7261654/7723944","07723990.pdf","10.5594/JMI.2016.2602978","10.5594-JMI.2016.2602978","advert","SMPTE September Cover 2"
"Journal Article","2016","Journal Article Repository/2016/7261654/7723944","07723991.pdf","10.5594/JMI.2016.2607934","10.5594-JMI.2016.2607934","front-cover","SMPTE September 2016 Cover 1"
"Journal Article","2016","Journal Article Repository/2016/7261654/7723944","07723992.pdf","10.5594/JMI.2016.2602106","10.5594-JMI.2016.2602106","meeting-report","Section Meetings"
"Journal Article","2016","Journal Article Repository/2016/7261654/7723944","07723993.pdf","10.5594/JMI.2016.2603002","10.5594-JMI.2016.2603002","advert","Ad Page"
"Journal Article","2016","Journal Article Repository/2016/7261654/7723944","07723996.pdf","10.5594/JMI.2016.2614856","10.5594-JMI.2016.2614856","advert","Ad Page"
"Journal Article","2016","Journal Article Repository/2016/7261654/7723944","07724000.pdf","10.5594/JMI.2016.2603004","10.5594-JMI.2016.2603004","advert","Ad Page"
"Journal Article","2016","Journal Article Repository/2016/7261654/7723944","07724001.pdf","10.5594/JMI.2016.2589058","10.5594-JMI.2016.2589058","orig-research","Progress Report from MPEG"
"Journal Article","2016","Journal Article Repository/2016/7261654/7723944","07724002.pdf","10.5594/JMI.2016.2598660","10.5594-JMI.2016.2598660","opinion","SMPTE and HPA Bring More to the Industry"
"Journal Article","2016","Journal Article Repository/2016/7261654/7723944","07724016.pdf","10.5594/JMI.2016.2610678","10.5594-JMI.2016.2610678","opinion","The Future of Storytelling and How to Save It"
"Journal Article","2016","Journal Article Repository/2016/7261654/7723944","07725573.pdf","10.5594/JMI.2016.2602105","10.5594-JMI.2016.2602105","orig-research","Laser-Illuminated Projectors: A Step Closer to Replacing Lamps"
"Journal Article","2016","Journal Article Repository/2016/7261654/7723944","07725577.pdf","10.5594/JMI.2016.2591478","10.5594-JMI.2016.2591478","opinion","ETCA 2016"
"Journal Article","2016","Journal Article Repository/2016/7261654/7723944","07725584.pdf","10.5594/JMI.2016.2614852","10.5594-JMI.2016.2614852","advert","Ad Page"
"Journal Article","2016","Journal Article Repository/2016/7261654/7723944","07725755.pdf","10.5594/JMI.2016.2610878","10.5594-JMI.2016.2610878","toc","SMPTE September Table of Contents"
"Journal Article","2016","Journal Article Repository/2016/7261654/7723944","07725756.pdf","10.5594/JMI.2016.2598611","10.5594-JMI.2016.2598611","opinion","Reports from the SMPTE Technology Committees"
"Journal Article","2016","Journal Article Repository/2016/7261654/7736163","07736164.pdf","10.5594/JMI.2016.2614478","10.5594-JMI.2016.2614478","advert","Ad Page"
"Journal Article","2016","Journal Article Repository/2016/7261654/7736163","07736168.pdf","10.5594/JMI.2016.2604926","10.5594-JMI.2016.2604926","opinion","2016 SMPTE Fellows"
"Journal Article","2016","Journal Article Repository/2016/7261654/7736163","07736170.pdf","10.5594/JMI.2016.2602121","10.5594-JMI.2016.2602121","orig-research","Leveraging Cloud-Based Predictive Analytics to Strengthen Audience Engagement"
"Journal Article","2016","Journal Article Repository/2016/7261654/7736163","07736171.pdf","10.5594/JMI.2016.2607919","10.5594-JMI.2016.2607919","info-society","Report From The Standards Vice President"
"Journal Article","2016","Journal Article Repository/2016/7261654/7736163","07736172.pdf","10.5594/JMI.2016.2602120","10.5594-JMI.2016.2602120","orig-research","Color Grading with Color Management"
"Journal Article","2016","Journal Article Repository/2016/7261654/7736163","07736185.pdf","10.5594/JMI.2016.2615279","10.5594-JMI.2016.2615279","opinion","The Future of Storytelling and How to Save It SMPTE 2016 Symposium: Monday, 24 October"
"Journal Article","2016","Journal Article Repository/2016/7261654/7736163","07736187.pdf","10.5594/JMI.2016.2614471","10.5594-JMI.2016.2614471","advert","SMPTE October 2016 Cover 2"
"Journal Article","2016","Journal Article Repository/2016/7261654/7736163","07736188.pdf","10.5594/JMI.2016.2607930","10.5594-JMI.2016.2607930","opinion","2016 Honors and Awards Recipients"
"Journal Article","2016","Journal Article Repository/2016/7261654/7736163","07736192.pdf","10.5594/JMI.2016.2608218","10.5594-JMI.2016.2608218","opinion","HPA Tech Retreat U.K."
"Journal Article","2016","Journal Article Repository/2016/7261654/7736163","07736193.pdf","10.5594/JMI.2016.2602122","10.5594-JMI.2016.2602122","orig-research","Utilizing Massive Compute Resources in the Public Cloud for Complex Image Processing"
"Journal Article","2016","Journal Article Repository/2016/7261654/7736163","07736194.pdf","10.5594/JMI.2016.2602118","10.5594-JMI.2016.2602118","orig-research","Perceptual Uniformity for High-Dynamic-Range Television Systems"
"Journal Article","2016","Journal Article Repository/2016/7261654/7736163","07736195.pdf","10.5594/JMI.2016.2614472","10.5594-JMI.2016.2614472","advert","Ad Page"
"Journal Article","2016","Journal Article Repository/2016/7261654/7736163","07736196.pdf","10.5594/JMI.2016.2614479","10.5594-JMI.2016.2614479","advert","Ad Page"
"Journal Article","2016","Journal Article Repository/2016/7261654/7736163","07736199.pdf","10.5594/JMI.2016.2612898","10.5594-JMI.2016.2612898","info-society","SMPTE Almanac"
"Journal Article","2016","Journal Article Repository/2016/7261654/7736163","07736203.pdf","10.5594/JMI.2016.2614785","10.5594-JMI.2016.2614785","info-society","Sustaining Members"
"Journal Article","2016","Journal Article Repository/2016/7261654/7736163","07736205.pdf","10.5594/JMI.2016.2614857","10.5594-JMI.2016.2614857","meeting-report","Section Meetings"
"Journal Article","2016","Journal Article Repository/2016/7261654/7736163","07736207.pdf","10.5594/JMI.2016.2615827","10.5594-JMI.2016.2615827","front-cover","SMPTE October 2016 Cover 1"
"Journal Article","2016","Journal Article Repository/2016/7261654/7736163","07736208.pdf","10.5594/JMI.2016.2614474","10.5594-JMI.2016.2614474","advert","SMPTE October 2016 Cover 4"
"Journal Article","2016","Journal Article Repository/2016/7261654/7736163","07736209.pdf","10.5594/JMI.2016.2602119","10.5594-JMI.2016.2602119","orig-research","Moving Toward Zero Infrastructure Broadcasting"
"Journal Article","2016","Journal Article Repository/2016/7261654/7736163","07736210.pdf","10.5594/JMI.2016.2614784","10.5594-JMI.2016.2614784","list-staff","Officers"
"Journal Article","2016","Journal Article Repository/2016/7261654/7736163","07736213.pdf","10.5594/JMI.2016.2614477","10.5594-JMI.2016.2614477","advert","Ad Page"
"Journal Article","2016","Journal Article Repository/2016/7261654/7736163","07736214.pdf","10.5594/JMI.2016.2614473","10.5594-JMI.2016.2614473","advert","Ad Page"
"Journal Article","2016","Journal Article Repository/2016/7261654/7736163","07736236.pdf","10.5594/JMI.2016.2614475","10.5594-JMI.2016.2614475","advert","Ad Page"
"Journal Article","2016","Journal Article Repository/2016/7261654/7736163","07736239.pdf","10.5594/JMI.2016.2607918","10.5594-JMI.2016.2607918","info-society","Message From The Executive Director"
"Journal Article","2016","Journal Article Repository/2016/7261654/7736163","07738011.pdf","10.5594/JMI.2016.2614783","10.5594-JMI.2016.2614783","toc","SMPTE September Table of Contents"
"Journal Article","2016","Journal Article Repository/2016/7261654/7802653","07802654.pdf","10.5594/JMI.2016.2622478","10.5594-JMI.2016.2622478","front-cover","SMPTE November/December 2016 Front Cover"
"Journal Article","2016","Journal Article Repository/2016/7261654/7802653","07802659.pdf","10.5594/JMI.2016.2635558","10.5594-JMI.2016.2635558","advert","Ad Page"
"Journal Article","2016","Journal Article Repository/2016/7261654/7802653","07802660.pdf","10.5594/JMI.2016.2629918","10.5594-JMI.2016.2629918","advert","Ad Page"
"Journal Article","2016","Journal Article Repository/2016/7261654/7802653","07802662.pdf","10.5594/JMI.2016.2629919","10.5594-JMI.2016.2629919","advert","SMPTE November/December 2016 Cover 3"
"Journal Article","2016","Journal Article Repository/2016/7261654/7802653","07802665.pdf","10.5594/JMI.2016.2623519","10.5594-JMI.2016.2623519","advert","Ad Page"
"Journal Article","2016","Journal Article Repository/2016/7261654/7802653","07802670.pdf","10.5594/JMI.2016.2623518","10.5594-JMI.2016.2623518","advert","SMPTE November/December 2016 Cover 2"
"Journal Article","2016","Journal Article Repository/2016/7261654/7802653","07802678.pdf","10.5594/JMI.2016.2627362","10.5594-JMI.2016.2627362","info-society","Sustaining Members"
"Journal Article","2016","Journal Article Repository/2016/7261654/7802653","07802680.pdf","10.5594/JMI.2016.2617478","10.5594-JMI.2016.2617478","advert","Ad Page"
"Journal Article","2016","Journal Article Repository/2016/7261654/7802653","07802681.pdf","10.5594/JMI.2016.2629920","10.5594-JMI.2016.2629920","advert","Ad Page"
"Journal Article","2016","Journal Article Repository/2016/7261654/7802653","07802683.pdf","10.5594/JMI.2016.2629881","10.5594-JMI.2016.2629881","advert","Ad Page"
"Journal Article","2016","Journal Article Repository/2016/7261654/7802653","07802686.pdf","10.5594/JMI.2016.2627361","10.5594-JMI.2016.2627361","list-staff","Officers"
"Journal Article","2016","Journal Article Repository/2016/7261654/7802653","07802687.pdf","10.5594/JMI.2016.2629921","10.5594-JMI.2016.2629921","advert","SMPTE November/December 2016 Cover 4"
"Journal Article","2016","Journal Article Repository/2016/7261654/7802653","07803441.pdf","10.5594/JMI.2016.2621698","10.5594-JMI.2016.2621698","info-society","Report From the Standards Vice President"
"Journal Article","2016","Journal Article Repository/2016/7261654/7802653","07803442.pdf","10.5594/JMI.2016.2619304","10.5594-JMI.2016.2619304","orig-research","Recipes for Creating and Delivering Next-Generation Broadcast Audio"
"Journal Article","2016","Journal Article Repository/2016/7261654/7802653","07803443.pdf","10.5594/JMI.2016.2619305","10.5594-JMI.2016.2619305","meeting-report","Section Meetings"
"Journal Article","2016","Journal Article Repository/2016/7261654/7802653","07803444.pdf","10.5594/JMI.2016.2625578","10.5594-JMI.2016.2625578","summary-abstract","Exclusive Online Article Abstracts"
"Journal Article","2016","Journal Article Repository/2016/7261654/7802653","07803445.pdf","10.5594/JMI.2016.2620038","10.5594-JMI.2016.2620038","info-society","Message From the Executive Director"
"Journal Article","2016","Journal Article Repository/2016/7261654/7802653","07803446.pdf","10.5594/JMI.2016.2619439","10.5594-JMI.2016.2619439","orig-research","The Future of Audio Post-Production using Virtual 3D Scenes"
"Journal Article","2016","Journal Article Repository/2016/7261654/7802653","07803447.pdf","10.5594/JMI.2016.2617281","10.5594-JMI.2016.2617281","info-society","Newly Elected Officers and Governors"
"Journal Article","2016","Journal Article Repository/2016/7261654/7802653","07803448.pdf","10.5594/JMI.2016.2623398","10.5594-JMI.2016.2623398","orig-research","Scene-based Audio Implemented with Higher Order Ambisonics"
"Journal Article","2016","Journal Article Repository/2016/7261654/7802653","07803449.pdf","10.5594/JMI.2016.2619460","10.5594-JMI.2016.2619460","orig-research","Digital Television Backward Compatibility Based on Mixed Simulcast using Independent Scalable Video Coding"
"Journal Article","2016","Journal Article Repository/2016/7261654/7802653","07803450.pdf","10.5594/JMI.2016.2624701","10.5594-JMI.2016.2624701","info-society","SMPTE Almanac"
"Journal Article","2016","Journal Article Repository/2016/7261654/7802653","07803451.pdf","10.5594/JMI.2016.2614919","10.5594-JMI.2016.2614919","orig-research","Understanding the Diverse Needs of Subtitle Users in a Rapidly Evolving Media Landscape"
"Journal Article","2016","Journal Article Repository/2016/7261654/7802653","07803453.pdf","10.5594/JMI.2016.2619459","10.5594-JMI.2016.2619459","orig-research","Monitoring and Authoring of 3D Immersive Next-Generation Audio Formats"
"Journal Article","2016","Journal Article Repository/2016/7261654/7802653","07803626.pdf","10.5594/JMI.2016.2627360","10.5594-JMI.2016.2627360","toc","SMPTE November/December Table of Contents"
"Journal Article","2016","Journal Article Repository/2016/7261654/7802653","07805134.pdf","10.5594/JMI.2016.2615430","10.5594-JMI.2016.2615430","orig-research","Object-Based Audio for Sports TV Production"
"Journal Article","2017","Journal Article Repository/2017/7261654/7847455","07847456.pdf","10.5594/JMI.2016.2644459","10.5594-JMI.2016.2644459","advert","Ad Page"
"Journal Article","2017","Journal Article Repository/2017/7261654/7847455","07847469.pdf","10.5594/JMI.2016.2645098","10.5594-JMI.2016.2645098","advert","SMPTE January/February 2017 Cover 4"
"Journal Article","2017","Journal Article Repository/2017/7261654/7847455","07847470.pdf","10.5594/JMI.2016.2637678","10.5594-JMI.2016.2637678","front-cover","SMPTE January/February 2017 Front Cover"
"Journal Article","2017","Journal Article Repository/2017/7261654/7847455","07847474.pdf","10.5594/JMI.2016.2647138","10.5594-JMI.2016.2647138","info-society","Sustaining Members"
"Journal Article","2017","Journal Article Repository/2017/7261654/7847455","07847475.pdf","10.5594/JMI.2016.2641900","10.5594-JMI.2016.2641900","advert","Ad Page"
"Journal Article","2017","Journal Article Repository/2017/7261654/7847455","07847489.pdf","10.5594/JMI.2016.2646958","10.5594-JMI.2016.2646958","list-staff","Officers"
"Journal Article","2017","Journal Article Repository/2017/7261654/7847455","07847491.pdf","10.5594/JMI.2016.2641898","10.5594-JMI.2016.2641898","advert","SMPTE January/February 2017 Cover 2"
"Journal Article","2017","Journal Article Repository/2017/7261654/7847455","07847497.pdf","10.5594/JMI.2017.2648998","10.5594-JMI.2017.2648998","advert","Ad Page"
"Journal Article","2017","Journal Article Repository/2017/7261654/7847455","07847500.pdf","10.5594/JMI.2016.2644419","10.5594-JMI.2016.2644419","advert","Ad Page"
"Journal Article","2017","Journal Article Repository/2017/7261654/7847455","07847501.pdf","10.5594/JMI.2016.2637758","10.5594-JMI.2016.2637758","info-society","SMPTE Almanac"
"Journal Article","2017","Journal Article Repository/2017/7261654/7847455","07847502.pdf","10.5594/JMI.2016.2632558","10.5594-JMI.2016.2632558","opinion","SMPTE 2016 Annual Technical Conference & Exhibition Celebrates Industry's Past, Present, and Future in Style"
"Journal Article","2017","Journal Article Repository/2017/7261654/7847455","07847505.pdf","10.5594/JMI.2016.2632358","10.5594-JMI.2016.2632358","orig-research","Cybersecurity for Media Technology Products"
"Journal Article","2017","Journal Article Repository/2017/7261654/7847455","07847506.pdf","10.5594/JMI.2016.2632398","10.5594-JMI.2016.2632398","orig-research","Seamless 3D Interaction of Virtual and Real Objects in Professional Virtual Studios"
"Journal Article","2017","Journal Article Repository/2017/7261654/7847455","07847508.pdf","10.5594/JMI.2016.2632279","10.5594-JMI.2016.2632279","orig-research","Improving User Experience when HTTP Adaptive Streaming Clients Compete for Bandwidth"
"Journal Article","2017","Journal Article Repository/2017/7261654/7847455","07847510.pdf","10.5594/JMI.2016.2632338","10.5594-JMI.2016.2632338","orig-research","Enhancing MPEG DASH Performance via Server and Network Assistance"
"Journal Article","2017","Journal Article Repository/2017/7261654/7847455","07847511.pdf","10.5594/JMI.2016.2632278","10.5594-JMI.2016.2632278","orig-research","Avatar-Based Sign Language Interpretations for Weather Forecast and other TV Programs"
"Journal Article","2017","Journal Article Repository/2017/7261654/7847455","07847514.pdf","10.5594/JMI.2016.2640098","10.5594-JMI.2016.2640098","meeting-report","Section Meetings"
"Journal Article","2017","Journal Article Repository/2017/7261654/7847455","07847652.pdf","10.5594/JMI.2016.2640078","10.5594-JMI.2016.2640078","info-society","Report from the Standards Vice President: Standards for Streaming Media"
"Journal Article","2017","Journal Article Repository/2017/7261654/7847455","07847665.pdf","10.5594/JMI.2016.2632538","10.5594-JMI.2016.2632538","info-society","Message from the Executive Director: The Dawning of a New Century for SMPTE"
"Journal Article","2017","Journal Article Repository/2017/7261654/7847455","07847667.pdf","10.5594/JMI.2017.2649118","10.5594-JMI.2017.2649118","summary-abstract","Exclusive Article Online: Abstract"
"Journal Article","2017","Journal Article Repository/2017/7261654/7847455","07847668.pdf","10.5594/JMI.2016.2640058","10.5594-JMI.2016.2640058","orig-research","Interactive Steaming of Panoramas and VR Worlds"
"Journal Article","2017","Journal Article Repository/2017/7261654/7847455","07849308.pdf","10.5594/JMI.2016.2644343","10.5594-JMI.2016.2644343","toc","SMPTE January/February Table of Contents"
"Journal Article","2017","Journal Article Repository/2017/7261654/7879435","07879436.pdf","10.5594/JMI.2017.2660978","10.5594-JMI.2017.2660978","list-staff","Officers"
"Journal Article","2017","Journal Article Repository/2017/7261654/7879435","07879437.pdf","10.5594/JMI.2017.2652278","10.5594-JMI.2017.2652278","front-cover","SMPTE March 2017 Front Cover"
"Journal Article","2017","Journal Article Repository/2017/7261654/7879435","07879439.pdf","10.5594/JMI.2017.2662838","10.5594-JMI.2017.2662838","advert","SMPTE March 2017 Cover 3"
"Journal Article","2017","Journal Article Repository/2017/7261654/7879435","07879440.pdf","10.5594/JMI.2017.2658479","10.5594-JMI.2017.2658479","advert","Ad Page"
"Journal Article","2017","Journal Article Repository/2017/7261654/7879435","07879448.pdf","10.5594/JMI.2017.2666725","10.5594-JMI.2017.2666725","advert","Ad Page"
"Journal Article","2017","Journal Article Repository/2017/7261654/7879435","07879449.pdf","10.5594/JMI.2017.2660939","10.5594-JMI.2017.2660939","advert","Ad Page"
"Journal Article","2017","Journal Article Repository/2017/7261654/7879435","07879450.pdf","10.5594/JMI.2017.2660899","10.5594-JMI.2017.2660899","advert","SMPTE March 2017 Cover 4"
"Journal Article","2017","Journal Article Repository/2017/7261654/7879435","07879474.pdf","10.5594/JMI.2017.2660998","10.5594-JMI.2017.2660998","info-society","Sustaining Members"
"Journal Article","2017","Journal Article Repository/2017/7261654/7879435","07879482.pdf","10.5594/JMI.2017.2660958","10.5594-JMI.2017.2660958","advert","SMPTE March 2017 Cover 2"
"Journal Article","2017","Journal Article Repository/2017/7261654/7879435","07879496.pdf","10.5594/JMI.2017.2662818","10.5594-JMI.2017.2662818","advert","Ad Page"
"Journal Article","2017","Journal Article Repository/2017/7261654/7879435","07879499.pdf","10.5594/JMI.2017.2662819","10.5594-JMI.2017.2662819","advert","Ad Page"
"Journal Article","2017","Journal Article Repository/2017/7261654/7879435","07879502.pdf","10.5594/JMI.2016.2643964","10.5594-JMI.2016.2643964","orig-research","The Resolution Revolution: How Many Bits Do We Really Need?"
"Journal Article","2017","Journal Article Repository/2017/7261654/7879435","07879503.pdf","10.5594/JMI.2016.2643800","10.5594-JMI.2016.2643800","orig-research","HDR Perception Challenges and Measurements in Cinema Environments"
"Journal Article","2017","Journal Article Repository/2017/7261654/7879435","07879504.pdf","10.5594/JMI.2016.2643938","10.5594-JMI.2016.2643938","orig-research","Readying for UHDTV Broadcasting in Japan"
"Journal Article","2017","Journal Article Repository/2017/7261654/7879435","07879505.pdf","10.5594/JMI.2016.2643879","10.5594-JMI.2016.2643879","orig-research","Beyond the Limits of Visual Acuity: The Real Reason for 4K and 8K Image Resolution"
"Journal Article","2017","Journal Article Repository/2017/7261654/7879435","07879517.pdf","10.5594/JMI.2017.2658518","10.5594-JMI.2017.2658518","summary-abstract","Exclusive Article Online: Abstract"
"Journal Article","2017","Journal Article Repository/2017/7261654/7879435","07879521.pdf","10.5594/JMI.2016.2643898","10.5594-JMI.2016.2643898","orig-research","Statistical Methods for Validating UHD Test Content"
"Journal Article","2017","Journal Article Repository/2017/7261654/7879435","07879522.pdf","10.5594/JMI.2017.2652785","10.5594-JMI.2017.2652785","opinion","Alamanac"
"Journal Article","2017","Journal Article Repository/2017/7261654/7879435","07879523.pdf","10.5594/JMI.2017.2652841","10.5594-JMI.2017.2652841","obit","In Memoriam"
"Journal Article","2017","Journal Article Repository/2017/7261654/7879435","07879524.pdf","10.5594/JMI.2017.2661458","10.5594-JMI.2017.2661458","meeting-report","Section Meetings"
"Journal Article","2017","Journal Article Repository/2017/7261654/7879435","07879525.pdf","10.5594/JMI.2016.2643858","10.5594-JMI.2016.2643858","orig-research","Objectively Evaluating High Dynamic Range and Wide Color Gamut Color Differences"
"Journal Article","2017","Journal Article Repository/2017/7261654/7879435","07879526.pdf","10.5594/JMI.2017.2655278","10.5594-JMI.2017.2655278","opinion","Standards Update: Creating Standards for the Next Century"
"Journal Article","2017","Journal Article Repository/2017/7261654/7879435","07879527.pdf","10.5594/JMI.2017.2651998","10.5594-JMI.2017.2651998","info-society","Message from the Executive Director"
"Journal Article","2017","Journal Article Repository/2017/7261654/7879435","07880705.pdf","10.5594/JMI.2017.2660918","10.5594-JMI.2017.2660918","toc","SMPTE March Table of Contents"
"Journal Article","2017","Journal Article Repository/2017/7261654/7892098","07892099.pdf","10.5594/JMI.2017.2677139","10.5594-JMI.2017.2677139","advert","Ad Page"
"Journal Article","2017","Journal Article Repository/2017/7261654/7892098","07892100.pdf","10.5594/JMI.2017.2678859","10.5594-JMI.2017.2678859","advert","Ad Page"
"Journal Article","2017","Journal Article Repository/2017/7261654/7892098","07892101.pdf","10.5594/JMI.2017.2682379","10.5594-JMI.2017.2682379","advert","Ad Page"
"Journal Article","2017","Journal Article Repository/2017/7261654/7892098","07892103.pdf","10.5594/JMI.2017.2671278","10.5594-JMI.2017.2671278","front-cover","SMPTE April 2017 Front Cover"
"Journal Article","2017","Journal Article Repository/2017/7261654/7892098","07892104.pdf","10.5594/JMI.2017.2678879","10.5594-JMI.2017.2678879","advert","SMPTE April 2017 Cover 2"
"Journal Article","2017","Journal Article Repository/2017/7261654/7892098","07892105.pdf","10.5594/JMI.2017.2678878","10.5594-JMI.2017.2678878","advert","Ad Page"
"Journal Article","2017","Journal Article Repository/2017/7261654/7892098","07892106.pdf","10.5594/JMI.2017.2670684","10.5594-JMI.2017.2670684","info-society","SMPTE Almanac"
"Journal Article","2017","Journal Article Repository/2017/7261654/7892098","07892107.pdf","10.5594/JMI.2017.2677121","10.5594-JMI.2017.2677121","advert","Ad Page"
"Journal Article","2017","Journal Article Repository/2017/7261654/7892098","07892108.pdf","10.5594/JMI.2017.2677159","10.5594-JMI.2017.2677159","advert","SMPTE April 2017 Cover 4"
"Journal Article","2017","Journal Article Repository/2017/7261654/7892098","07892109.pdf","10.5594/JMI.2017.2678038","10.5594-JMI.2017.2678038","content-announce","Call for Papers"
"Journal Article","2017","Journal Article Repository/2017/7261654/7892098","07892111.pdf","10.5594/JMI.2017.2677238","10.5594-JMI.2017.2677238","advert","Ad Page"
"Journal Article","2017","Journal Article Repository/2017/7261654/7892098","07892112.pdf","10.5594/JMI.2017.2680020","10.5594-JMI.2017.2680020","info-society","Sustaining Members"
"Journal Article","2017","Journal Article Repository/2017/7261654/7892098","07892153.pdf","10.5594/JMI.2017.2681779","10.5594-JMI.2017.2681779","advert","Ad Page"
"Journal Article","2017","Journal Article Repository/2017/7261654/7892098","07892154.pdf","10.5594/JMI.2017.2677158","10.5594-JMI.2017.2677158","advert","Ad Page"
"Journal Article","2017","Journal Article Repository/2017/7261654/7892098","07892155.pdf","10.5594/JMI.2017.2680024","10.5594-JMI.2017.2680024","list-staff","Officers"
"Journal Article","2017","Journal Article Repository/2017/7261654/7892098","07892533.pdf","10.5594/JMI.2017.2660638","10.5594-JMI.2017.2660638","orig-research","Adapting Content to Different Displays Capabilities and Viewing Environments"
"Journal Article","2017","Journal Article Repository/2017/7261654/7892098","07892534.pdf","10.5594/JMI.2017.2673158","10.5594-JMI.2017.2673158","summary-abstract","Exclusive Online Article Abstracts"
"Journal Article","2017","Journal Article Repository/2017/7261654/7892098","07892535.pdf","10.5594/JMI.2017.2660678","10.5594-JMI.2017.2660678","orig-research","The Future’s So Bright, I Gotta Wear Shades: Test Patterns for HDR"
"Journal Article","2017","Journal Article Repository/2017/7261654/7892098","07892536.pdf","10.5594/JMI.2017.2665298","10.5594-JMI.2017.2665298","orig-research","Realtime Cross-Mapping of High Dynamic Range Images"
"Journal Article","2017","Journal Article Repository/2017/7261654/7892098","07892537.pdf","10.5594/JMI.2017.2671938","10.5594-JMI.2017.2671938","meeting-report","Section Meetings"
"Journal Article","2017","Journal Article Repository/2017/7261654/7892098","07892538.pdf","10.5594/JMI.2017.2668238","10.5594-JMI.2017.2668238","info-society","Message from the Executive Director: The Responsibilities of Being an International Association"
"Journal Article","2017","Journal Article Repository/2017/7261654/7892098","07892539.pdf","10.5594/JMI.2017.2673178","10.5594-JMI.2017.2673178","obit","In Memoriam"
"Journal Article","2017","Journal Article Repository/2017/7261654/7892098","07892540.pdf","10.5594/JMI.2017.2660718","10.5594-JMI.2017.2660718","orig-research","Conversion of Conventional Video Display for High Dynamic Range Televisions"
"Journal Article","2017","Journal Article Repository/2017/7261654/7892098","07892541.pdf","10.5594/JMI.2017.2660698","10.5594-JMI.2017.2660698","orig-research","Luminance-Preserving Color Conversion"
"Journal Article","2017","Journal Article Repository/2017/7261654/7892098","07892542.pdf","10.5594/JMI.2017.2665278","10.5594-JMI.2017.2665278","info-society","Report from the Standards Vice President: Update on Standards for HDR, WCG, and HFR"
"Journal Article","2017","Journal Article Repository/2017/7261654/7892098","07892543.pdf","10.5594/JMI.2017.2660738","10.5594-JMI.2017.2660738","orig-research","A UHD 2/3 inch CMOS Imager with Dynamic Pixel Management - An Enabler for New Format Flexibility"
"Journal Article","2017","Journal Article Repository/2017/7261654/7892098","07893807.pdf","10.5594/JMI.2017.2660618","10.5594-JMI.2017.2660618","orig-research","A Single-Layer HDR Video Coding Framework with SDR Compatibility"
"Journal Article","2017","Journal Article Repository/2017/7261654/7892098","07893816.pdf","10.5594/JMI.2017.2680021","10.5594-JMI.2017.2680021","toc","SMPTE April Table of Contents"
"Journal Article","2017","Journal Article Repository/2017/7261654/7934834","07934835.pdf","10.5594/JMI.2017.2690158","10.5594-JMI.2017.2690158","meeting-report","Section Meetings"
"Journal Article","2017","Journal Article Repository/2017/7261654/7934834","07934836.pdf","10.5594/JMI.2017.2690178","10.5594-JMI.2017.2690178","obit","In Memoriam"
"Journal Article","2017","Journal Article Repository/2017/7261654/7934834","07934837.pdf","10.5594/JMI.2017.2690778","10.5594-JMI.2017.2690778","info-society","SMPTE Almanac"
"Journal Article","2017","Journal Article Repository/2017/7261654/7934834","07934838.pdf","10.5594/JMI.2017.2690758","10.5594-JMI.2017.2690758","summary-abstract","Exclusive Articles Online: Abstracts"
"Journal Article","2017","Journal Article Repository/2017/7261654/7934834","07935119.pdf","10.5594/JMI.2017.2686219","10.5594-JMI.2017.2686219","front-cover","SMPTE May/June 2017 Front Cover"
"Journal Article","2017","Journal Article Repository/2017/7261654/7934834","07935122.pdf","10.5594/JMI.2017.2698519","10.5594-JMI.2017.2698519","advert","Ad Page"
"Journal Article","2017","Journal Article Repository/2017/7261654/7934834","07935134.pdf","10.5594/JMI.2017.2673718","10.5594-JMI.2017.2673718","orig-research","A Biologically-Inspired Approach to Making HDR Video Quality Assessment Easier"
"Journal Article","2017","Journal Article Repository/2017/7261654/7934834","07935135.pdf","10.5594/JMI.2017.2696699","10.5594-JMI.2017.2696699","advert","Ad Page"
"Journal Article","2017","Journal Article Repository/2017/7261654/7934834","07935136.pdf","10.5594/JMI.2017.2690159","10.5594-JMI.2017.2690159","info-society","Message from the Executive Director: Is This the Future of Storytelling?"
"Journal Article","2017","Journal Article Repository/2017/7261654/7934834","07935137.pdf","10.5594/JMI.2017.2673219","10.5594-JMI.2017.2673219","orig-research","Looking Deep into the Future: Infrastructure Prospects for the Media Enterprise in 2036"
"Journal Article","2017","Journal Article Repository/2017/7261654/7934834","07935138.pdf","10.5594/JMI.2017.2677818","10.5594-JMI.2017.2677818","orig-research","The Suitcase: Using C4, Semantics and NoSQL for Managing Motion Picture Data"
"Journal Article","2017","Journal Article Repository/2017/7261654/7934834","07935139.pdf","10.5594/JMI.2017.2673198","10.5594-JMI.2017.2673198","orig-research","Integrating Non-Realtime Software Processes into Realtime IP-Based Production"
"Journal Article","2017","Journal Article Repository/2017/7261654/7934834","07935141.pdf","10.5594/JMI.2017.2681818","10.5594-JMI.2017.2681818","orig-research","Large-Scale PTP: How Big Can It Get?"
"Journal Article","2017","Journal Article Repository/2017/7261654/7934834","07935142.pdf","10.5594/JMI.2017.2677838","10.5594-JMI.2017.2677838","orig-research","The VRT Sandbox LIVE IP Experience"
"Journal Article","2017","Journal Article Repository/2017/7261654/7934834","07935143.pdf","10.5594/JMI.2017.2690160","10.5594-JMI.2017.2690160","info-society","Report From The Satndards Vice President: Standards for IT-Based Systems"
"Journal Article","2017","Journal Article Repository/2017/7261654/7934834","07935154.pdf","10.5594/JMI.2017.2706619","10.5594-JMI.2017.2706619","advert","Ad Page"
"Journal Article","2017","Journal Article Repository/2017/7261654/7934834","07935155.pdf","10.5594/JMI.2017.2690162","10.5594-JMI.2017.2690162","info-society","Sustaining Members"
"Journal Article","2017","Journal Article Repository/2017/7261654/7934834","07935158.pdf","10.5594/JMI.2017.2696658","10.5594-JMI.2017.2696658","advert","Ad Page"
"Journal Article","2017","Journal Article Repository/2017/7261654/7934834","07935163.pdf","10.5594/JMI.2017.2696638","10.5594-JMI.2017.2696638","advert","SMPTE May/June 2017 Cover 2"
"Journal Article","2017","Journal Article Repository/2017/7261654/7934834","07935170.pdf","10.5594/JMI.2017.2693118","10.5594-JMI.2017.2693118","advert","Ad Page"
"Journal Article","2017","Journal Article Repository/2017/7261654/7934834","07935174.pdf","10.5594/JMI.2017.2696698","10.5594-JMI.2017.2696698","advert","Ad Page"
"Journal Article","2017","Journal Article Repository/2017/7261654/7934834","07935176.pdf","10.5594/JMI.2017.2696622","10.5594-JMI.2017.2696622","advert","Ad Page"
"Journal Article","2017","Journal Article Repository/2017/7261654/7934834","07935178.pdf","10.5594/JMI.2017.2690180","10.5594-JMI.2017.2690180","list-staff","Officers"
"Journal Article","2017","Journal Article Repository/2017/7261654/7934834","07935188.pdf","10.5594/JMI.2017.2698758","10.5594-JMI.2017.2698758","toc","SMPTE May/June 2017 Table of Contents"
"Journal Article","2017","Journal Article Repository/2017/7261654/7934834","07935204.pdf","10.5594/JMI.2017.2696618","10.5594-JMI.2017.2696618","advert","Ad Page"
"Journal Article","2017","Journal Article Repository/2017/7261654/7934834","07935205.pdf","10.5594/JMI.2017.2704861","10.5594-JMI.2017.2704861","advert","Ad Page"
"Journal Article","2017","Journal Article Repository/2017/7261654/7934834","07935206.pdf","10.5594/JMI.2017.2696620","10.5594-JMI.2017.2696620","advert","SMPTE May/June 2017 Cover 4"
"Journal Article","2017","Journal Article Repository/2017/7261654/7934834","07946221.pdf","10.5594/JMI.2017.2680560","10.5594-JMI.2017.2680560","orig-research","Efficient Monitoring of ST2059-2 Based Time Transfer Performance"
"Journal Article","2017","Journal Article Repository/2017/7261654/7963900","07963901.pdf","10.5594/JMI.2017.2714798","10.5594-JMI.2017.2714798","advert","SMPTE July 2017 Cover 2"
"Journal Article","2017","Journal Article Repository/2017/7261654/7963900","07963906.pdf","10.5594/JMI.2017.2714802","10.5594-JMI.2017.2714802","advert","Ad Page"
"Journal Article","2017","Journal Article Repository/2017/7261654/7963900","07963907.pdf","10.5594/JMI.2017.2714804","10.5594-JMI.2017.2714804","advert","Ad Page"
"Journal Article","2017","Journal Article Repository/2017/7261654/7963900","07963911.pdf","10.5594/JMI.2017.2714806","10.5594-JMI.2017.2714806","advert","Ad Page"
"Journal Article","2017","Journal Article Repository/2017/7261654/7963900","07963914.pdf","10.5594/JMI.2017.2714780","10.5594-JMI.2017.2714780","advert","SMPTE July 2017 Cover 4"
"Journal Article","2017","Journal Article Repository/2017/7261654/7963900","07963916.pdf","10.5594/JMI.2017.2708520","10.5594-JMI.2017.2708520","front-cover","SMPTE July 2017 Front Cover"
"Journal Article","2017","Journal Article Repository/2017/7261654/7963900","07963921.pdf","10.5594/JMI.2017.2716062","10.5594-JMI.2017.2716062","advert","Ad Page"
"Journal Article","2017","Journal Article Repository/2017/7261654/7963900","07963927.pdf","10.5594/JMI.2017.2713661","10.5594-JMI.2017.2713661","info-society","Sustaining Members"
"Journal Article","2017","Journal Article Repository/2017/7261654/7963900","07963932.pdf","10.5594/JMI.2017.2714800","10.5594-JMI.2017.2714800","advert","Ad Page"
"Journal Article","2017","Journal Article Repository/2017/7261654/7963900","07963936.pdf","10.5594/JMI.2017.2713659","10.5594-JMI.2017.2713659","list-staff","Officers"
"Journal Article","2017","Journal Article Repository/2017/7261654/7963900","07963938.pdf","10.5594/JMI.2017.2703479","10.5594-JMI.2017.2703479","orig-research","Audio for Television: How AES67 and Uncompressed 2022/2110/TR03 Video Fit Together"
"Journal Article","2017","Journal Article Repository/2017/7261654/7963900","07963939.pdf","10.5594/JMI.2017.2698959","10.5594-JMI.2017.2698959","orig-research","Cutting the Cord at 60 GHz"
"Journal Article","2017","Journal Article Repository/2017/7261654/7963900","07963941.pdf","10.5594/JMI.2017.2703198","10.5594-JMI.2017.2703198","orig-research","Loudspeaker Requirements in Object-Based Cinema"
"Journal Article","2017","Journal Article Repository/2017/7261654/7963900","07963944.pdf","10.5594/JMI.2017.2698607","10.5594-JMI.2017.2698607","orig-research","High Frame Rates and the Visibility of Motion Artifacts"
"Journal Article","2017","Journal Article Repository/2017/7261654/7963900","07963945.pdf","10.5594/JMI.2017.2698618","10.5594-JMI.2017.2698618","orig-research","Building the World’s Most Complex TV Network: A Test Bed for Broadcasting Immersive and Interactive Audio"
"Journal Article","2017","Journal Article Repository/2017/7261654/7963900","07963946.pdf","10.5594/JMI.2017.2708958","10.5594-JMI.2017.2708958","meeting-report","Section Meetings"
"Journal Article","2017","Journal Article Repository/2017/7261654/7963900","07963947.pdf","10.5594/JMI.2017.2708978","10.5594-JMI.2017.2708978","info-society","Report From The Standards Vice President: Standards for Audio"
"Journal Article","2017","Journal Article Repository/2017/7261654/7963900","07963995.pdf","10.5594/JMI.2017.2708959","10.5594-JMI.2017.2708959","info-society","SMPTE Almanac"
"Journal Article","2017","Journal Article Repository/2017/7261654/7963900","07964014.pdf","10.5594/JMI.2017.2709795","10.5594-JMI.2017.2709795","info-society","Message from the Executive Director: The Dawning of a New Century for SMPTE"
"Journal Article","2017","Journal Article Repository/2017/7261654/7963900","07967880.pdf","10.5594/JMI.2017.2716019","10.5594-JMI.2017.2716019","toc","SMPTE July 2017 Table of Contents"
"Journal Article","2017","Journal Article Repository/2017/7261654/8004447","08004448.pdf","10.5594/JMI.2017.2719318","10.5594-JMI.2017.2719318","info-society","SMPTE Almanac"
"Journal Article","2017","Journal Article Repository/2017/7261654/8004447","08004449.pdf","10.5594/JMI.2017.2711878","10.5594-JMI.2017.2711878","orig-research","GPU-Based Realtime System for Cinematic Virtual Reality Production"
"Journal Article","2017","Journal Article Repository/2017/7261654/8004447","08004450.pdf","10.5594/JMI.2017.2692018","10.5594-JMI.2017.2692018","orig-research","Analyzing and Monitoring Video Quality in a Diverse HDR Ecosystem"
"Journal Article","2017","Journal Article Repository/2017/7261654/8004447","08004451.pdf","10.5594/JMI.2017.2725393","10.5594-JMI.2017.2725393","advert","Ad Page"
"Journal Article","2017","Journal Article Repository/2017/7261654/8004447","08004452.pdf","10.5594/JMI.2017.2716218","10.5594-JMI.2017.2716218","info-society","Message from the Executive Director: What's AI and Why Should SMPTE Care?"
"Journal Article","2017","Journal Article Repository/2017/7261654/8004447","08004534.pdf","10.5594/JMI.2017.2719338","10.5594-JMI.2017.2719338","info-society","Report From The Standards Vice President: Standards for Immersive Media"
"Journal Article","2017","Journal Article Repository/2017/7261654/8004447","08004535.pdf","10.5594/JMI.2017.2726859","10.5594-JMI.2017.2726859","toc","SMPTE August 2017 Table of Contents"
"Journal Article","2017","Journal Article Repository/2017/7261654/8004447","08004536.pdf","10.5594/JMI.2017.2709842","10.5594-JMI.2017.2709842","orig-research","Research on Audience Response to Multiple-Screen Projection"
"Journal Article","2017","Journal Article Repository/2017/7261654/8004447","08004538.pdf","10.5594/JMI.2017.2719978","10.5594-JMI.2017.2719978","meeting-report","Section Meetings"
"Journal Article","2017","Journal Article Repository/2017/7261654/8004447","08004539.pdf","10.5594/JMI.2017.2711899","10.5594-JMI.2017.2711899","orig-research","STARE: Realtime, Wearable, Simultaneous Gaze Tracking and Object Recognition from Eye Images"
"Journal Article","2017","Journal Article Repository/2017/7261654/8004447","08004540.pdf","10.5594/JMI.2017.2712358","10.5594-JMI.2017.2712358","orig-research","Dreamspace: A Platform and Tools for Collaborative Virtual Production"
"Journal Article","2017","Journal Article Repository/2017/7261654/8004447","08004542.pdf","10.5594/JMI.2017.2736360","10.5594-JMI.2017.2736360","advert","Ad Page"
"Journal Article","2017","Journal Article Repository/2017/7261654/8004447","08004543.pdf","10.5594/JMI.2017.2726863","10.5594-JMI.2017.2726863","info-society","Sustaining Members"
"Journal Article","2017","Journal Article Repository/2017/7261654/8004447","08004544.pdf","10.5594/JMI.2017.2709859","10.5594-JMI.2017.2709859","orig-research","Creating Object-Based Experiences in the Real World"
"Journal Article","2017","Journal Article Repository/2017/7261654/8004447","08004545.pdf","10.5594/JMI.2017.2717139","10.5594-JMI.2017.2717139","front-cover","SMPTE August 2017 Front Cover"
"Journal Article","2017","Journal Article Repository/2017/7261654/8004447","08004546.pdf","10.5594/JMI.2017.2725399","10.5594-JMI.2017.2725399","advert","Ad Page"
"Journal Article","2017","Journal Article Repository/2017/7261654/8004447","08004547.pdf","10.5594/JMI.2017.2725389","10.5594-JMI.2017.2725389","advert","Ad Page"
"Journal Article","2017","Journal Article Repository/2017/7261654/8004447","08004548.pdf","10.5594/JMI.2017.2726861","10.5594-JMI.2017.2726861","list-staff","Officers"
"Journal Article","2017","Journal Article Repository/2017/7261654/8004447","08004552.pdf","10.5594/JMI.2017.2725391","10.5594-JMI.2017.2725391","advert","SMPTE AUGUST 2017 Cover 4"
"Journal Article","2017","Journal Article Repository/2017/7261654/8004447","08004553.pdf","10.5594/JMI.2017.2725458","10.5594-JMI.2017.2725458","advert","SMPTE August 2017 Cover 2"
"Journal Article","2017","Journal Article Repository/2017/7261654/8004447","08004555.pdf","10.5594/JMI.2017.2725401","10.5594-JMI.2017.2725401","advert","Ad Page"
"Journal Article","2017","Journal Article Repository/2017/7261654/8004447","08004556.pdf","10.5594/JMI.2017.2730099","10.5594-JMI.2017.2730099","advert","Ad Page"
"Journal Article","2017","Journal Article Repository/2017/7261654/8004447","08004557.pdf","10.5594/JMI.2017.2730338","10.5594-JMI.2017.2730338","advert","Ad Page"
"Journal Article","2017","Journal Article Repository/2017/7261654/8004447","08004558.pdf","10.5594/JMI.2017.2730680","10.5594-JMI.2017.2730680","advert","Ad Page"
"Journal Article","2017","Journal Article Repository/2017/7261654/8004447","08006422.pdf","10.5594/JMI.2017.2727938","10.5594-JMI.2017.2727938","summary-abstract","Exclusive Articles Online: Abstract"
"Journal Article","2017","Journal Article Repository/2017/7261654/8015203","08015204.pdf","10.5594/JMI.2017.2723178","10.5594-JMI.2017.2723178","orig-research","2017 Update from the Consumer Technology Association"
"Journal Article","2017","Journal Article Repository/2017/7261654/8015203","08015208.pdf","10.5594/JMI.2017.2718860","10.5594-JMI.2017.2718860","orig-research","2017 Update on Activities Related to JT-NM, AMWA, DPP, NABA, and VSF"
"Journal Article","2017","Journal Article Repository/2017/7261654/8015203","08015211.pdf","10.5594/JMI.2017.2735038","10.5594-JMI.2017.2735038","opinion","Progress Report Introduction"
"Journal Article","2017","Journal Article Repository/2017/7261654/8015203","08015219.pdf","10.5594/JMI.2017.2724644","10.5594-JMI.2017.2724644","orig-research","State of Interoperable Master Format (IMF)"
"Journal Article","2017","Journal Article Repository/2017/7261654/8015203","08015220.pdf","10.5594/JMI.2017.2730118","10.5594-JMI.2017.2730118","info-society","A Message from the Executive Director: Progress!"
"Journal Article","2017","Journal Article Repository/2017/7261654/8015203","08015221.pdf","10.5594/JMI.2017.2728918","10.5594-JMI.2017.2728918","opinion","Introduction to the SMPTE Technology Committee Reports"
"Journal Article","2017","Journal Article Repository/2017/7261654/8015203","08015228.pdf","10.5594/JMI.2017.2736918","10.5594-JMI.2017.2736918","advert","SMPTE September 2017 Cover 2"
"Journal Article","2017","Journal Article Repository/2017/7261654/8015203","08015229.pdf","10.5594/JMI.2017.2738819","10.5594-JMI.2017.2738819","advert","SMPTE September 2017 Cover 4"
"Journal Article","2017","Journal Article Repository/2017/7261654/8015203","08015230.pdf","10.5594/JMI.2017.2718862","10.5594-JMI.2017.2718862","orig-research","Report From the Science and Technology Council of the Academy of Motion Picture Arts and Sciences"
"Journal Article","2017","Journal Article Repository/2017/7261654/8015203","08015231.pdf","10.5594/JMI.2017.2730798","10.5594-JMI.2017.2730798","info-society","SMPTE Almanac"
"Journal Article","2017","Journal Article Repository/2017/7261654/8015203","08015232.pdf","10.5594/JMI.2017.2739019","10.5594-JMI.2017.2739019","advert","Ad Page"
"Journal Article","2017","Journal Article Repository/2017/7261654/8015203","08015233.pdf","10.5594/JMI.2017.2724738","10.5594-JMI.2017.2724738","opinion","Reports from the SMPTE Technology Committees"
"Journal Article","2017","Journal Article Repository/2017/7261654/8015203","08015234.pdf","10.5594/JMI.2017.2738467","10.5594-JMI.2017.2738467","info-society","Sustaining Members"
"Journal Article","2017","Journal Article Repository/2017/7261654/8015203","08015235.pdf","10.5594/JMI.2017.2738823","10.5594-JMI.2017.2738823","advert","Ad Page"
"Journal Article","2017","Journal Article Repository/2017/7261654/8015203","08015237.pdf","10.5594/JMI.2017.2721798","10.5594-JMI.2017.2721798","orig-research","SMPTE Progress Report—Displays 2017"
"Journal Article","2017","Journal Article Repository/2017/7261654/8015203","08015241.pdf","10.5594/JMI.2017.2738570","10.5594-JMI.2017.2738570","advert","Ad Page"
"Journal Article","2017","Journal Article Repository/2017/7261654/8015203","08015243.pdf","10.5594/JMI.2017.2723198","10.5594-JMI.2017.2723198","orig-research","2017 Update From Digital Video Broadcasting"
"Journal Article","2017","Journal Article Repository/2017/7261654/8015203","08015244.pdf","10.5594/JMI.2017.2721778","10.5594-JMI.2017.2721778","orig-research","American Society of Cinematographers Motion Imaging Technology Council Progress Report 2017"
"Journal Article","2017","Journal Article Repository/2017/7261654/8015203","08015245.pdf","10.5594/JMI.2017.2738821","10.5594-JMI.2017.2738821","advert","Ad Page"
"Journal Article","2017","Journal Article Repository/2017/7261654/8015203","08015246.pdf","10.5594/JMI.2017.2724098","10.5594-JMI.2017.2724098","orig-research","Update on 4K Ultra HD Blu-ray Production"
"Journal Article","2017","Journal Article Repository/2017/7261654/8015203","08015248.pdf","10.5594/JMI.2017.2724647","10.5594-JMI.2017.2724647","orig-research","2017 EBU Technology & Innovation Progress Report"
"Journal Article","2017","Journal Article Repository/2017/7261654/8015203","08015249.pdf","10.5594/JMI.2017.2729339","10.5594-JMI.2017.2729339","front-cover","SMPTE September 2017 Front Cover"
"Journal Article","2017","Journal Article Repository/2017/7261654/8015203","08015252.pdf","10.5594/JMI.2017.2738539","10.5594-JMI.2017.2738539","advert","Ad Page"
"Journal Article","2017","Journal Article Repository/2017/7261654/8015203","08015255.pdf","10.5594/JMI.2017.2738825","10.5594-JMI.2017.2738825","advert","Ad Page"
"Journal Article","2017","Journal Article Repository/2017/7261654/8015203","08015257.pdf","10.5594/JMI.2017.2738465","10.5594-JMI.2017.2738465","list-staff","Officers"
"Journal Article","2017","Journal Article Repository/2017/7261654/8015203","08015259.pdf","10.5594/JMI.2017.2718859","10.5594-JMI.2017.2718859","orig-research","Progress Report of the Advanced Television Systems Committee"
"Journal Article","2017","Journal Article Repository/2017/7261654/8015203","08015261.pdf","10.5594/JMI.2017.2738569","10.5594-JMI.2017.2738569","advert","Ad Page"
"Journal Article","2017","Journal Article Repository/2017/7261654/8015203","08015262.pdf","10.5594/JMI.2017.2730138","10.5594-JMI.2017.2730138","meeting-report","Section Meetings"
"Journal Article","2017","Journal Article Repository/2017/7261654/8015203","08015263.pdf","10.5594/JMI.2017.2724645","10.5594-JMI.2017.2724645","orig-research","2017 Update on High Dynamic Range Television"
"Journal Article","2017","Journal Article Repository/2017/7261654/8015203","08016434.pdf","10.5594/JMI.2017.2738579","10.5594-JMI.2017.2738579","toc","SMPTE September 2017 Table of Contents"
"Journal Article","2017","Journal Article Repository/2017/7261654/8065094","08065079.pdf","10.5594/JMI.2017.2730781","10.5594-JMI.2017.2730781","front-cover","SMPTE October 2017 Front Cover"
"Journal Article","2017","Journal Article Repository/2017/7261654/8065094","08065080.pdf","10.5594/JMI.2017.2753978","10.5594-JMI.2017.2753978","summary-abstract","Exclusive Article Online: Abstract"
"Journal Article","2017","Journal Article Repository/2017/7261654/8065094","08065081.pdf","10.5594/JMI.2017.2750248","10.5594-JMI.2017.2750248","advert","Ad Page"
"Journal Article","2017","Journal Article Repository/2017/7261654/8065094","08065082.pdf","10.5594/JMI.2017.2732898","10.5594-JMI.2017.2732898","orig-research","An Extension of the Output Profile List for Semi-Automated Quality Control Using IMF"
"Journal Article","2017","Journal Article Repository/2017/7261654/8065094","08065083.pdf","10.5594/JMI.2017.2754001","10.5594-JMI.2017.2754001","advert","Ad Page"
"Journal Article","2017","Journal Article Repository/2017/7261654/8065094","08065084.pdf","10.5594/JMI.2017.2747738","10.5594-JMI.2017.2747738","advert","Ad Page"
"Journal Article","2017","Journal Article Repository/2017/7261654/8065094","08065085.pdf","10.5594/JMI.2017.2741818","10.5594-JMI.2017.2741818","info-society","SMPTE Almanac"
"Journal Article","2017","Journal Article Repository/2017/7261654/8065094","08065086.pdf","10.5594/JMI.2017.2753923","10.5594-JMI.2017.2753923","info-society","Sustaining Members"
"Journal Article","2017","Journal Article Repository/2017/7261654/8065094","08065087.pdf","10.5594/JMI.2017.2732859","10.5594-JMI.2017.2732859","orig-research","Scaling IMF: How to Manage 10,000 IMF Packages"
"Journal Article","2017","Journal Article Repository/2017/7261654/8065094","08065088.pdf","10.5594/JMI.2017.2753921","10.5594-JMI.2017.2753921","list-staff","Officers"
"Journal Article","2017","Journal Article Repository/2017/7261654/8065094","08065089.pdf","10.5594/JMI.2017.2741858","10.5594-JMI.2017.2741858","opinion","2017 SMPTE Fellows"
"Journal Article","2017","Journal Article Repository/2017/7261654/8065094","08065090.pdf","10.5594/JMI.2017.2741838","10.5594-JMI.2017.2741838","opinion","2017 Honors and Awards Recipients"
"Journal Article","2017","Journal Article Repository/2017/7261654/8065094","08065091.pdf","10.5594/JMI.2017.2742739","10.5594-JMI.2017.2742739","info-society","Message from the Executive Director: What Is in a New Look?"
"Journal Article","2017","Journal Article Repository/2017/7261654/8065094","08065095.pdf","10.5594/JMI.2017.2747418","10.5594-JMI.2017.2747418","advert","SMPTE October 2017 Cover 2"
"Journal Article","2017","Journal Article Repository/2017/7261654/8065094","08065096.pdf","10.5594/JMI.2017.2747419","10.5594-JMI.2017.2747419","advert","SMPTE October 2017 Cover 4"
"Journal Article","2017","Journal Article Repository/2017/7261654/8065094","08065097.pdf","10.5594/JMI.2017.2738572","10.5594-JMI.2017.2738572","advert","Ad Page"
"Journal Article","2017","Journal Article Repository/2017/7261654/8065094","08065098.pdf","10.5594/JMI.2017.2743351","10.5594-JMI.2017.2743351","meeting-report","Section Meeting"
"Journal Article","2017","Journal Article Repository/2017/7261654/8065094","08065099.pdf","10.5594/JMI.2017.2753961","10.5594-JMI.2017.2753961","advert","Ad Page"
"Journal Article","2017","Journal Article Repository/2017/7261654/8065094","08065100.pdf","10.5594/JMI.2017.2754078","10.5594-JMI.2017.2754078","advert","Ad Page"
"Journal Article","2017","Journal Article Repository/2017/7261654/8065094","08065101.pdf","10.5594/JMI.2017.2738571","10.5594-JMI.2017.2738571","advert","Ad Page"
"Journal Article","2017","Journal Article Repository/2017/7261654/8065094","08065102.pdf","10.5594/JMI.2017.2739044","10.5594-JMI.2017.2739044","opinion","2017 Entertainment Technology in the Connected Age Looks at the Future of Connected Content"
"Journal Article","2017","Journal Article Repository/2017/7261654/8065094","08065103.pdf","10.5594/JMI.2017.2732858","10.5594-JMI.2017.2732858","orig-research","Automatic Recovery and Verification of Subtitles for Large Collections of Video Clips"
"Journal Article","2017","Journal Article Repository/2017/7261654/8065094","08065104.pdf","10.5594/JMI.2017.2741860","10.5594-JMI.2017.2741860","info-society","Report from the Standards Vice President: Standards for File-Based Workflows"
"Journal Article","2017","Journal Article Repository/2017/7261654/8065094","08065105.pdf","10.5594/JMI.2017.2753919","10.5594-JMI.2017.2753919","toc","SMPTE October 2017 Table of Contents"
"Journal Article","2017","Journal Article Repository/2017/7261654/8065094","08065106.pdf","10.5594/JMI.2017.2754598","10.5594-JMI.2017.2754598","advert","Ad Page"
"Journal Article","2017","Journal Article Repository/2017/7261654/8065094","08065120.pdf","10.5594/JMI.2017.2733098","10.5594-JMI.2017.2733098","orig-research","Rethinking Frame Rate and Temporal Fidelity in a Cinema Workflow"
"Journal Article","2017","Journal Article Repository/2017/7261654/8065094","08065124.pdf","10.5594/JMI.2017.2753999","10.5594-JMI.2017.2753999","advert","Ad Page"
"Journal Article","2017","Journal Article Repository/2017/7261654/8065094","08065131.pdf","10.5594/JMI.2017.2735662","10.5594-JMI.2017.2735662","orig-research","Automating the Exchange of Video Files with BXF and Enabling Further Process Automation in File-Based Workflows"
"Journal Article","2017","Journal Article Repository/2017/7261654/8065094","08067707.pdf","10.5594/JMI.2017.2749078","10.5594-JMI.2017.2749078","opinion","SMPTE 2017 Symposium"
"Journal Article","2017","Journal Article Repository/2017/7261654/8100758","08100759.pdf","10.5594/JMI.2017.2743839","10.5594-JMI.2017.2743839","orig-research","A 100 Gbit/sec Interface for 4K/8K UHDTV Signals"
"Journal Article","2017","Journal Article Repository/2017/7261654/8100758","08100760.pdf","10.5594/JMI.2017.2760602","10.5594-JMI.2017.2760602","summary-abstract","Exclusive Articles Online: Abstract"
"Journal Article","2017","Journal Article Repository/2017/7261654/8100758","08100761.pdf","10.5594/JMI.2017.2744578","10.5594-JMI.2017.2744578","orig-research","The Open-Source Turing Codec: Toward Fast, Flexible, and Parallel HEVC Encoding"
"Journal Article","2017","Journal Article Repository/2017/7261654/8100758","08100762.pdf","10.5594/JMI.2017.2759718","10.5594-JMI.2017.2759718","info-society","SMPTE Almanac"
"Journal Article","2017","Journal Article Repository/2017/7261654/8100758","08100763.pdf","10.5594/JMI.2017.2744918","10.5594-JMI.2017.2744918","orig-research","VP9 Encoder and Decoders for Next-Generation Online Video Platforms and Services"
"Journal Article","2017","Journal Article Repository/2017/7261654/8100758","08100764.pdf","10.5594/JMI.2017.2745378","10.5594-JMI.2017.2745378","orig-research","Quality Control of Stereoscopic 3D Compositing Using Half-Occlusion Geometry"
"Journal Article","2017","Journal Article Repository/2017/7261654/8100758","08100765.pdf","10.5594/JMI.2017.2749919","10.5594-JMI.2017.2749919","orig-research","High Frame Rate Psychophysics: Experimentation to Determine a JND for Frame Rate"
"Journal Article","2017","Journal Article Repository/2017/7261654/8100758","08100766.pdf","10.5594/JMI.2017.2703218","10.5594-JMI.2017.2703218","orig-research","HEVC Mezzanine Compression for UHD Transport over SDI and IP Infrastructures"
"Journal Article","2017","Journal Article Repository/2017/7261654/8100758","08100767.pdf","10.5594/JMI.2017.2757778","10.5594-JMI.2017.2757778","info-society","Report from the Standards Vice President: Standards for Video Compression"
"Journal Article","2017","Journal Article Repository/2017/7261654/8100758","08100768.pdf","10.5594/JMI.2017.2749938","10.5594-JMI.2017.2749938","orig-research","Efficient Multibitrate HEVC Encoding for Adaptive Streaming"
"Journal Article","2017","Journal Article Repository/2017/7261654/8100758","08100774.pdf","10.5594/JMI.2017.2759702","10.5594-JMI.2017.2759702","info-society","A Message from the Executive Director: The Impact of SMPTE in an IP Age"
"Journal Article","2017","Journal Article Repository/2017/7261654/8100758","08100775.pdf","10.5594/JMI.2017.2760558","10.5594-JMI.2017.2760558","meeting-report","Section Meetings"
"Journal Article","2017","Journal Article Repository/2017/7261654/8100758","08100776.pdf","10.5594/JMI.2017.2764826","10.5594-JMI.2017.2764826","toc","SMPTE November/December 2017 Table of Contents"
"Journal Article","2017","Journal Article Repository/2017/7261654/8100758","08100777.pdf","10.5594/JMI.2017.2766001","10.5594-JMI.2017.2766001","advert","Ad Page"
"Journal Article","2017","Journal Article Repository/2017/7261654/8100758","08100779.pdf","10.5594/JMI.2017.2764718","10.5594-JMI.2017.2764718","advert","Ad Page"
"Journal Article","2017","Journal Article Repository/2017/7261654/8100758","08100780.pdf","10.5594/JMI.2017.2766542","10.5594-JMI.2017.2766542","advert","Ad Page"
"Journal Article","2017","Journal Article Repository/2017/7261654/8100758","08100787.pdf","10.5594/JMI.2017.2754158","10.5594-JMI.2017.2754158","content-announce","Statement of Ownership, Management, and Circulation"
"Journal Article","2017","Journal Article Repository/2017/7261654/8100758","08100788.pdf","10.5594/JMI.2017.2730779","10.5594-JMI.2017.2730779","front-cover","SMPTE November/December 2017 Front Cover"
"Journal Article","2017","Journal Article Repository/2017/7261654/8100758","08100789.pdf","10.5594/JMI.2017.2765999","10.5594-JMI.2017.2765999","advert","Ad Page"
"Journal Article","2017","Journal Article Repository/2017/7261654/8100758","08100791.pdf","10.5594/JMI.2017.2766019","10.5594-JMI.2017.2766019","advert","Ad Page"
"Journal Article","2017","Journal Article Repository/2017/7261654/8100758","08100792.pdf","10.5594/JMI.2017.2764822","10.5594-JMI.2017.2764822","list-staff","Officers"
"Journal Article","2017","Journal Article Repository/2017/7261654/8100758","08100794.pdf","10.5594/JMI.2017.2762799","10.5594-JMI.2017.2762799","advert","Ad Page"
"Journal Article","2017","Journal Article Repository/2017/7261654/8100758","08100796.pdf","10.5594/JMI.2017.2764824","10.5594-JMI.2017.2764824","info-society","Sustaining Members"
"Journal Article","2017","Journal Article Repository/2017/7261654/8100758","08100798.pdf","10.5594/JMI.2017.2762802","10.5594-JMI.2017.2762802","advert","SMPTE November/December 2017 Cover 4"
"Journal Article","2017","Journal Article Repository/2017/7261654/8100758","08100799.pdf","10.5594/JMI.2017.2763879","10.5594-JMI.2017.2763879","advert","Ad Page"
"Journal Article","2017","Journal Article Repository/2017/7261654/8100758","08100800.pdf","10.5594/JMI.2017.2766540","10.5594-JMI.2017.2766540","advert","Ad Page"
"Journal Article","2017","Journal Article Repository/2017/7261654/8100758","08100802.pdf","10.5594/JMI.2017.2762803","10.5594-JMI.2017.2762803","advert","Ad Page"
"Journal Article","2017","Journal Article Repository/2017/7261654/8100758","08100803.pdf","10.5594/JMI.2017.2763861","10.5594-JMI.2017.2763861","advert","Ad Page"
"Journal Article","2018","Journal Article Repository/2018/7261654/8272515","08272516.pdf","10.5594/JMI.2017.2779958","10.5594-JMI.2017.2779958","info-society","A Message from the Executive Director: It's a Small World, Indeed!"
"Journal Article","2018","Journal Article Repository/2018/7261654/8272515","08272517.pdf","10.5594/JMI.2017.2783798","10.5594-JMI.2017.2783798","info-society","Report from the Standards Vice President: A New Generation of Standards"
"Journal Article","2018","Journal Article Repository/2018/7261654/8272515","08272518.pdf","10.5594/JMI.2017.2762098","10.5594-JMI.2017.2762098","orig-research","Technology Components for a Data-Driven Personalized Media Experience in Broadcasting"
"Journal Article","2018","Journal Article Repository/2018/7261654/8272515","08272519.pdf","10.5594/JMI.2017.2779332","10.5594-JMI.2017.2779332","opinion","Magic and Miracles: 100 Years of Motion Imaging Science and Technology"
"Journal Article","2018","Journal Article Repository/2018/7261654/8272515","08272520.pdf","10.5594/JMI.2017.2783799","10.5594-JMI.2017.2783799","meeting-report","Section Meetings"
"Journal Article","2018","Journal Article Repository/2018/7261654/8272515","08272521.pdf","10.5594/JMI.2017.2770334","10.5594-JMI.2017.2770334","orig-research","Through the Smoke: A Look At Industry Trends"
"Journal Article","2018","Journal Article Repository/2018/7261654/8272515","08272522.pdf","10.5594/JMI.2017.2763838","10.5594-JMI.2017.2763838","orig-research","Security of Transactional Media Systems in the Cloud Using IMF and Other File Formats"
"Journal Article","2018","Journal Article Repository/2018/7261654/8272515","08272523.pdf","10.5594/JMI.2018.2792179","10.5594-JMI.2018.2792179","advert","Ad Page"
"Journal Article","2018","Journal Article Repository/2018/7261654/8272515","08272524.pdf","10.5594/JMI.2017.2774938","10.5594-JMI.2017.2774938","info-society","Newly Elected Officers and Governors"
"Journal Article","2018","Journal Article Repository/2018/7261654/8272515","08272525.pdf","10.5594/JMI.2017.2762778","10.5594-JMI.2017.2762778","orig-research","Techniques to Detect Modified Video"
"Journal Article","2018","Journal Article Repository/2018/7261654/8272515","08272526.pdf","10.5594/JMI.2017.2782098","10.5594-JMI.2017.2782098","info-society","SMPTE Almanac"
"Journal Article","2018","Journal Article Repository/2018/7261654/8272515","08272527.pdf","10.5594/JMI.2017.2779739","10.5594-JMI.2017.2779739","opinion","SMPTE 2017 Annual Technical Conference and Exhibition Draws Record Crowds"
"Journal Article","2018","Journal Article Repository/2018/7261654/8272515","08272528.pdf","10.5594/JMI.2018.2791698","10.5594-JMI.2018.2791698","advert","Ad Page"
"Journal Article","2018","Journal Article Repository/2018/7261654/8272515","08272529.pdf","10.5594/JMI.2018.2789718","10.5594-JMI.2018.2789718","advert","Ad Page"
"Journal Article","2018","Journal Article Repository/2018/7261654/8272515","08272530.pdf","10.5594/JMI.2017.2783843","10.5594-JMI.2017.2783843","info-society","Sustaining Members"
"Journal Article","2018","Journal Article Repository/2018/7261654/8272515","08272531.pdf","10.5594/JMI.2017.2770338","10.5594-JMI.2017.2770338","orig-research","Improving Live Performance in HTTP Adaptive Streaming Systems"
"Journal Article","2018","Journal Article Repository/2018/7261654/8272515","08272532.pdf","10.5594/JMI.2017.2762528","10.5594-JMI.2017.2762528","orig-research","Application of SAND Technology in DASH-Enabled Content Delivery Networks and Server Environments"
"Journal Article","2018","Journal Article Repository/2018/7261654/8272515","08272533.pdf","10.5594/JMI.2018.2789720","10.5594-JMI.2018.2789720","advert","Ad Page"
"Journal Article","2018","Journal Article Repository/2018/7261654/8272515","08272534.pdf","10.5594/JMI.2017.2783781","10.5594-JMI.2017.2783781","summary-abstract","Exclusive Articles Online: Abstract"
"Journal Article","2018","Journal Article Repository/2018/7261654/8272515","08272535.pdf","10.5594/JMI.2018.2791093","10.5594-JMI.2018.2791093","advert","Ad Page"
"Journal Article","2018","Journal Article Repository/2018/7261654/8272515","08272536.pdf","10.5594/JMI.2018.2792584","10.5594-JMI.2018.2792584","advert","Ad Page"
"Journal Article","2018","Journal Article Repository/2018/7261654/8272515","08272537.pdf","10.5594/JMI.2018.2791701","10.5594-JMI.2018.2791701","advert","Ad Page"
"Journal Article","2018","Journal Article Repository/2018/7261654/8272515","08272538.pdf","10.5594/JMI.2017.2775941","10.5594-JMI.2017.2775941","front-cover","SMPTE January/February 2018 Front Cover"
"Journal Article","2018","Journal Article Repository/2018/7261654/8272515","08272541.pdf","10.5594/JMI.2018.2792299","10.5594-JMI.2018.2792299","advert","SMPTE January/February 2018 Cover 4"
"Journal Article","2018","Journal Article Repository/2018/7261654/8272515","08272543.pdf","10.5594/JMI.2017.2783839","10.5594-JMI.2017.2783839","toc","SMPTE January/February 2018 Table of Contents"
"Journal Article","2018","Journal Article Repository/2018/7261654/8272515","08272544.pdf","10.5594/JMI.2018.2791700","10.5594-JMI.2018.2791700","advert","Ad Page"
"Journal Article","2018","Journal Article Repository/2018/7261654/8272515","08272545.pdf","10.5594/JMI.2018.2792583","10.5594-JMI.2018.2792583","advert","Ad Page"
"Journal Article","2018","Journal Article Repository/2018/7261654/8272515","08272547.pdf","10.5594/JMI.2017.2783841","10.5594-JMI.2017.2783841","list-staff","Officers"
"Journal Article","2018","Journal Article Repository/2018/7261654/8304826","08304827.pdf","10.5594/JMI.2018.2805586","10.5594-JMI.2018.2805586","advert","SMPTE January/February 2018 Cover 4"
"Journal Article","2018","Journal Article Repository/2018/7261654/8304826","08304828.pdf","10.5594/JMI.2018.2801143","10.5594-JMI.2018.2801143","info-society","Sustaining Members"
"Journal Article","2018","Journal Article Repository/2018/7261654/8304826","08304829.pdf","10.5594/JMI.2018.2805582","10.5594-JMI.2018.2805582","advert","Ad Page"
"Journal Article","2018","Journal Article Repository/2018/7261654/8304826","08304830.pdf","10.5594/JMI.2018.2801660","10.5594-JMI.2018.2801660","advert","Ad Page"
"Journal Article","2018","Journal Article Repository/2018/7261654/8304826","08304831.pdf","10.5594/JMI.2018.2805599","10.5594-JMI.2018.2805599","advert","Ad Page"
"Journal Article","2018","Journal Article Repository/2018/7261654/8304826","08304832.pdf","10.5594/JMI.2018.2801141","10.5594-JMI.2018.2801141","list-staff","Officers"
"Journal Article","2018","Journal Article Repository/2018/7261654/8304826","08304833.pdf","10.5594/JMI.2018.2795319","10.5594-JMI.2018.2795319","front-cover","SMPTE March 2018 Front Cover"
"Journal Article","2018","Journal Article Repository/2018/7261654/8304826","08304834.pdf","10.5594/JMI.2018.2800500","10.5594-JMI.2018.2800500","advert","Ad Page"
"Journal Article","2018","Journal Article Repository/2018/7261654/8304826","08304835.pdf","10.5594/JMI.2018.2806099","10.5594-JMI.2018.2806099","advert","Ad Page"
"Journal Article","2018","Journal Article Repository/2018/7261654/8304826","08304837.pdf","10.5594/JMI.2018.2795440","10.5594-JMI.2018.2795440","info-society","Report from the Standards Vice President: Standards for Audio"
"Journal Article","2018","Journal Article Repository/2018/7261654/8304826","08304838.pdf","10.5594/JMI.2018.2794718","10.5594-JMI.2018.2794718","info-society","A Message from the Executive Director: Reflecting on Our Achievements and Looking Ahead"
"Journal Article","2018","Journal Article Repository/2018/7261654/8304826","08304839.pdf","10.5594/JMI.2018.2805200","10.5594-JMI.2018.2805200","advert","Ad Page"
"Journal Article","2018","Journal Article Repository/2018/7261654/8304826","08304840.pdf","10.5594/JMI.2018.2805580","10.5594-JMI.2018.2805580","advert","Ad Page"
"Journal Article","2018","Journal Article Repository/2018/7261654/8304826","08304843.pdf","10.5594/JMI.2017.2786421","10.5594-JMI.2017.2786421","orig-research","Designing, Planning, and Executing Immersive Audio for the 2016 Rio Olympics"
"Journal Article","2018","Journal Article Repository/2018/7261654/8304826","08304844.pdf","10.5594/JMI.2017.2782418","10.5594-JMI.2017.2782418","orig-research","Evaluation of Color Pixel Representations for High Dynamic Range Digital Cinema"
"Journal Article","2018","Journal Article Repository/2018/7261654/8304826","08304845.pdf","10.5594/JMI.2017.2743838","10.5594-JMI.2017.2743838","orig-research","Active Depth Cuts Without Distortion of Stereoscopic Depth Reduce Annoyance"
"Journal Article","2018","Journal Article Repository/2018/7261654/8304826","08304846.pdf","10.5594/JMI.2017.2786422","10.5594-JMI.2017.2786422","orig-research","An Open, Standards-Based Framework for Audio Metadata Transport in Live Content Workflows"
"Journal Article","2018","Journal Article Repository/2018/7261654/8304826","08304847.pdf","10.5594/JMI.2018.2805584","10.5594-JMI.2018.2805584","advert","Ad Page"
"Journal Article","2018","Journal Article Repository/2018/7261654/8304826","08304848.pdf","10.5594/JMI.2018.2795438","10.5594-JMI.2018.2795438","info-society","SMPTE Almanac"
"Journal Article","2018","Journal Article Repository/2018/7261654/8304826","08304850.pdf","10.5594/JMI.2018.2795938","10.5594-JMI.2018.2795938","meeting-report","Section Meetings"
"Journal Article","2018","Journal Article Repository/2018/7261654/8304826","08304851.pdf","10.5594/JMI.2018.2790698","10.5594-JMI.2018.2790698","orig-research","Why Does Cinema Sound Quality Mostly Fail to Realize Its Potential?"
"Journal Article","2018","Journal Article Repository/2018/7261654/8304826","08304852.pdf","10.5594/JMI.2017.2788738","10.5594-JMI.2017.2788738","orig-research","Celebrating the Launch of 8K/4K UHDTV Satellite Broadcasting and Progress on Full-Featured 8K UHDTV in Japan"
"Journal Article","2018","Journal Article Repository/2018/7261654/8304826","08304853.pdf","10.5594/JMI.2018.2796419","10.5594-JMI.2018.2796419","summary-abstract","Exclusive Articles Online: Abstracts"
"Journal Article","2018","Journal Article Repository/2018/7261654/8304826","08304854.pdf","10.5594/JMI.2018.2790658","10.5594-JMI.2018.2790658","orig-research","Speech-to-Text for Broadcasters, From Research to Implementation"
"Journal Article","2018","Journal Article Repository/2018/7261654/8304826","08305572.pdf","10.5594/JMI.2018.2801139","10.5594-JMI.2018.2801139","toc","SMPTE March 2018 Table of Contents"
"Journal Article","2018","Journal Article Repository/2018/7261654/8323429","08323430.pdf","10.5594/JMI.2018.2814199","10.5594-JMI.2018.2814199","advert","Ad Page"
"Journal Article","2018","Journal Article Repository/2018/7261654/8323429","08323431.pdf","10.5594/JMI.2018.2814209","10.5594-JMI.2018.2814209","advert","Ad Page"
"Journal Article","2018","Journal Article Repository/2018/7261654/8323429","08323436.pdf","10.5594/JMI.2018.2792758","10.5594-JMI.2018.2792758","orig-research","Hitting the Mark—A New Color Difference Metric for HDR and WCG Imagery"
"Journal Article","2018","Journal Article Repository/2018/7261654/8323429","08323458.pdf","10.5594/JMI.2018.2813438","10.5594-JMI.2018.2813438","advert","Ad Page"
"Journal Article","2018","Journal Article Repository/2018/7261654/8323429","08323461.pdf","10.5594/JMI.2018.2792761","10.5594-JMI.2018.2792761","orig-research","Characterization of Processing Artifacts in High Dynamic Range, Wide Color Gamut Video"
"Journal Article","2018","Journal Article Repository/2018/7261654/8323429","08323462.pdf","10.5594/JMI.2018.2809498","10.5594-JMI.2018.2809498","advert","Ad Page"
"Journal Article","2018","Journal Article Repository/2018/7261654/8323429","08323465.pdf","10.5594/JMI.2018.2807139","10.5594-JMI.2018.2807139","info-society","SMPTE Almanac"
"Journal Article","2018","Journal Article Repository/2018/7261654/8323429","08323468.pdf","10.5594/JMI.2018.2792798","10.5594-JMI.2018.2792798","orig-research","Beyond 4K: Can We Actually Tell Stories in Motion Pictures and Television in 8K?"
"Journal Article","2018","Journal Article Repository/2018/7261654/8323429","08323488.pdf","10.5594/JMI.2018.2811453","10.5594-JMI.2018.2811453","advert","Ad Page"
"Journal Article","2018","Journal Article Repository/2018/7261654/8323429","08323490.pdf","10.5594/JMI.2018.2814180","10.5594-JMI.2018.2814180","advert","Ad Page"
"Journal Article","2018","Journal Article Repository/2018/7261654/8323429","08323491.pdf","10.5594/JMI.2018.2798518","10.5594-JMI.2018.2798518","orig-research","Access Services for UHDTV: An Initial Investigation of W3C TTML2 Subtitles (Closed-Captions)"
"Journal Article","2018","Journal Article Repository/2018/7261654/8323429","08323493.pdf","10.5594/JMI.2018.2799778","10.5594-JMI.2018.2799778","orig-research","Choosing Encoding Parameters for High-Dynamic Range Streaming"
"Journal Article","2018","Journal Article Repository/2018/7261654/8323429","08323498.pdf","10.5594/JMI.2018.2806798","10.5594-JMI.2018.2806798","info-society","Message from the Executive Director: Musings on Bigger, Brighter, and Better Pixels"
"Journal Article","2018","Journal Article Repository/2018/7261654/8323429","08323499.pdf","10.5594/JMI.2018.2811199","10.5594-JMI.2018.2811199","toc","SMPTE April 2018 Table of Contents"
"Journal Article","2018","Journal Article Repository/2018/7261654/8323429","08323500.pdf","10.5594/JMI.2018.2795321","10.5594-JMI.2018.2795321","front-cover","SMPTE April 2018 Front Cover"
"Journal Article","2018","Journal Article Repository/2018/7261654/8323429","08323502.pdf","10.5594/JMI.2018.2798478","10.5594-JMI.2018.2798478","orig-research","A Newly Developed 8K/HLG Broadcasting Camera System With Three CMOS Image Sensors"
"Journal Article","2018","Journal Article Repository/2018/7261654/8323429","08323503.pdf","10.5594/JMI.2018.2809098","10.5594-JMI.2018.2809098","advert","Ad Page"
"Journal Article","2018","Journal Article Repository/2018/7261654/8323429","08323504.pdf","10.5594/JMI.2018.2792759","10.5594-JMI.2018.2792759","orig-research","A Brightness Measure for High Dynamic Range Television"
"Journal Article","2018","Journal Article Repository/2018/7261654/8323429","08323510.pdf","10.5594/JMI.2018.2808979","10.5594-JMI.2018.2808979","info-society","Update from the Standards Vice President: Standards for UHD, HDR, and WCG"
"Journal Article","2018","Journal Article Repository/2018/7261654/8323429","08323511.pdf","10.5594/JMI.2018.2811203","10.5594-JMI.2018.2811203","info-society","Sustaining Members"
"Journal Article","2018","Journal Article Repository/2018/7261654/8323429","08323512.pdf","10.5594/JMI.2018.2811201","10.5594-JMI.2018.2811201","list-staff","Officers"
"Journal Article","2018","Journal Article Repository/2018/7261654/8323429","08326754.pdf","10.5594/JMI.2018.2808018","10.5594-JMI.2018.2808018","opinion","Member Profile: Eric Fossum"
"Journal Article","2018","Journal Article Repository/2018/7261654/8323429","08326758.pdf","10.5594/JMI.2018.2807958","10.5594-JMI.2018.2807958","summary-abstract","Exclusive Articles Online: Abstracts"
"Journal Article","2018","Journal Article Repository/2018/7261654/8323429","08326759.pdf","10.5594/JMI.2018.2807282","10.5594-JMI.2018.2807282","meeting-report","Section Meetings"
"Journal Article","2018","Journal Article Repository/2018/7261654/8352909","08352884.pdf","10.5594/JMI.2018.2827841","10.5594-JMI.2018.2827841","advert","Ad Page"
"Journal Article","2018","Journal Article Repository/2018/7261654/8352909","08352885.pdf","10.5594/JMI.2018.2821438","10.5594-JMI.2018.2821438","advert","SMPTE May 2018 Cover 4"
"Journal Article","2018","Journal Article Repository/2018/7261654/8352909","08352887.pdf","10.5594/JMI.2018.2817444","10.5594-JMI.2018.2817444","list-staff","Officers"
"Journal Article","2018","Journal Article Repository/2018/7261654/8352909","08352888.pdf","10.5594/JMI.2018.2821449","10.5594-JMI.2018.2821449","advert","Ad Page"
"Journal Article","2018","Journal Article Repository/2018/7261654/8352909","08352889.pdf","10.5594/JMI.2018.2811599","10.5594-JMI.2018.2811599","orig-research","Microservices: Building Blocks to New Workflows and Virtualization"
"Journal Article","2018","Journal Article Repository/2018/7261654/8352909","08352890.pdf","10.5594/JMI.2018.2827738","10.5594-JMI.2018.2827738","advert","Ad Page"
"Journal Article","2018","Journal Article Repository/2018/7261654/8352909","08352891.pdf","10.5594/JMI.2018.2827718","10.5594-JMI.2018.2827718","advert","Ad Page"
"Journal Article","2018","Journal Article Repository/2018/7261654/8352909","08352893.pdf","10.5594/JMI.2018.2816700","10.5594-JMI.2018.2816700","info-society","SMPTE Almanac"
"Journal Article","2018","Journal Article Repository/2018/7261654/8352909","08352894.pdf","10.5594/JMI.2018.2795323","10.5594-JMI.2018.2795323","front-cover","SMPTE May 2018 Front Cover"
"Journal Article","2018","Journal Article Repository/2018/7261654/8352909","08352895.pdf","10.5594/JMI.2018.2817446","10.5594-JMI.2018.2817446","info-society","Sustaining Members"
"Journal Article","2018","Journal Article Repository/2018/7261654/8352909","08352897.pdf","10.5594/JMI.2018.2829058","10.5594-JMI.2018.2829058","advert","Ad Page"
"Journal Article","2018","Journal Article Repository/2018/7261654/8352909","08352898.pdf","10.5594/JMI.2018.2821447","10.5594-JMI.2018.2821447","advert","Ad Page"
"Journal Article","2018","Journal Article Repository/2018/7261654/8352909","08352899.pdf","10.5594/JMI.2018.2827599","10.5594-JMI.2018.2827599","toc","SMPTE May 2018 Table of Contents"
"Journal Article","2018","Journal Article Repository/2018/7261654/8352909","08352901.pdf","10.5594/JMI.2018.2827839","10.5594-JMI.2018.2827839","advert","Ad Page"
"Journal Article","2018","Journal Article Repository/2018/7261654/8352909","08352910.pdf","10.5594/JMI.2018.2816698","10.5594-JMI.2018.2816698","meeting-report","Section Meetings"
"Journal Article","2018","Journal Article Repository/2018/7261654/8352909","08352914.pdf","10.5594/JMI.2018.2821439","10.5594-JMI.2018.2821439","advert","Ad Page"
"Journal Article","2018","Journal Article Repository/2018/7261654/8352909","08352915.pdf","10.5594/JMI.2018.2806519","10.5594-JMI.2018.2806519","orig-research","A UHDTV2 Full-Resolution 60/120-Hz Multiformat Portable Camera System"
"Journal Article","2018","Journal Article Repository/2018/7261654/8352909","08352916.pdf","10.5594/JMI.2018.2806499","10.5594-JMI.2018.2806499","orig-research","Moving Object-Based Media Production from One-Off Examples to Scalable Workflows"
"Journal Article","2018","Journal Article Repository/2018/7261654/8352909","08352917.pdf","10.5594/JMI.2018.2806518","10.5594-JMI.2018.2806518","orig-research","Implementation of Closed Captioning System for Terrestrial UHD Based on ATSC 3.0"
"Journal Article","2018","Journal Article Repository/2018/7261654/8352909","08352918.pdf","10.5594/JMI.2018.2817802","10.5594-JMI.2018.2817802","info-society","Message from the Executive Director: Thought Leadership at SMPTE"
"Journal Article","2018","Journal Article Repository/2018/7261654/8352909","08352919.pdf","10.5594/JMI.2018.2816699","10.5594-JMI.2018.2816699","info-society","Report from the Standards Vice President: Standards for Media Workflows"
"Journal Article","2018","Journal Article Repository/2018/7261654/8352909","08352920.pdf","10.5594/JMI.2018.2811343","10.5594-JMI.2018.2811343","orig-research","Leveraging Hybrid Cloud Workflows in Media and Entertainment"
"Journal Article","2018","Journal Article Repository/2018/7261654/8370805","08370806.pdf","10.5594/JMI.2018.2823038","10.5594-JMI.2018.2823038","orig-research","Lost in the Clouds? Cloud Storage Fits into Media Workflows—Just Not Everywhere"
"Journal Article","2018","Journal Article Repository/2018/7261654/8370805","08370808.pdf","10.5594/JMI.2018.2821419","10.5594-JMI.2018.2821419","orig-research","Analysis of the Emerging AOMedia AV1 Video Coding Format for OTT Use-Cases"
"Journal Article","2018","Journal Article Repository/2018/7261654/8370805","08370809.pdf","10.5594/JMI.2018.2810021","10.5594-JMI.2018.2810021","orig-research","How Tone Mapping Influences the Bit Rate and the Bit Depth of Coded Sequences"
"Journal Article","2018","Journal Article Repository/2018/7261654/8370805","08370810.pdf","10.5594/JMI.2018.2833261","10.5594-JMI.2018.2833261","toc","SMPTE June 2018 Table of Contents"
"Journal Article","2018","Journal Article Repository/2018/7261654/8370805","08370811.pdf","10.5594/JMI.2018.2831520","10.5594-JMI.2018.2831520","advert","Ad Page"
"Journal Article","2018","Journal Article Repository/2018/7261654/8370805","08370812.pdf","10.5594/JMI.2018.2833259","10.5594-JMI.2018.2833259","list-staff","Officers"
"Journal Article","2018","Journal Article Repository/2018/7261654/8370805","08370813.pdf","10.5594/JMI.2018.2813199","10.5594-JMI.2018.2813199","orig-research","Time-Compensated Remote Production Over IP"
"Journal Article","2018","Journal Article Repository/2018/7261654/8370805","08370814.pdf","10.5594/JMI.2018.2826420","10.5594-JMI.2018.2826420","info-society","Message from the Executive Director: SMPTE Making Progress in New Areas"
"Journal Article","2018","Journal Article Repository/2018/7261654/8370805","08370815.pdf","10.5594/JMI.2018.2831532","10.5594-JMI.2018.2831532","advert","Ad Page"
"Journal Article","2018","Journal Article Repository/2018/7261654/8370805","08370816.pdf","10.5594/JMI.2018.2816879","10.5594-JMI.2018.2816879","orig-research","An Internet of Things Architecture for Cloud-Fit Professional Media Workflow"
"Journal Article","2018","Journal Article Repository/2018/7261654/8370805","08370817.pdf","10.5594/JMI.2018.2825078","10.5594-JMI.2018.2825078","info-society","Update from the Standards Vice President: Cloud"
"Journal Article","2018","Journal Article Repository/2018/7261654/8370805","08370818.pdf","10.5594/JMI.2018.2831558","10.5594-JMI.2018.2831558","advert","Ad Page"
"Journal Article","2018","Journal Article Repository/2018/7261654/8370805","08370819.pdf","10.5594/JMI.2018.2833263","10.5594-JMI.2018.2833263","info-society","Sustaining Members"
"Journal Article","2018","Journal Article Repository/2018/7261654/8370805","08370820.pdf","10.5594/JMI.2018.2831530","10.5594-JMI.2018.2831530","advert","Ad Page"
"Journal Article","2018","Journal Article Repository/2018/7261654/8370805","08370821.pdf","10.5594/JMI.2018.2831539","10.5594-JMI.2018.2831539","advert","SMPTE June 2018 Cover 4"
"Journal Article","2018","Journal Article Repository/2018/7261654/8370805","08370822.pdf","10.5594/JMI.2018.2831528","10.5594-JMI.2018.2831528","advert","Ad Page"
"Journal Article","2018","Journal Article Repository/2018/7261654/8370805","08370844.pdf","10.5594/JMI.2018.2795325","10.5594-JMI.2018.2795325","front-cover","SMPTE June 2018 Front Cover"
"Journal Article","2018","Journal Article Repository/2018/7261654/8370805","08370845.pdf","10.5594/JMI.2018.2813198","10.5594-JMI.2018.2813198","orig-research","An Architecture for Cloud-Based IP Video Production Tools"
"Journal Article","2018","Journal Article Repository/2018/7261654/8370805","08370846.pdf","10.5594/JMI.2018.2831524","10.5594-JMI.2018.2831524","advert","Ad Page"
"Journal Article","2018","Journal Article Repository/2018/7261654/8370805","08370848.pdf","10.5594/JMI.2018.2827298","10.5594-JMI.2018.2827298","meeting-report","Section Meetings"
"Journal Article","2018","Journal Article Repository/2018/7261654/8370805","08370849.pdf","10.5594/JMI.2018.2831522","10.5594-JMI.2018.2831522","advert","Ad Page"
"Journal Article","2018","Journal Article Repository/2018/7261654/8370805","08370850.pdf","10.5594/JMI.2018.2826958","10.5594-JMI.2018.2826958","info-society","SMPTE Almanac"
"Journal Article","2018","Journal Article Repository/2018/7261654/8370805","08370851.pdf","10.5594/JMI.2018.2831526","10.5594-JMI.2018.2831526","advert","Ad Page"
"Journal Article","2018","Journal Article Repository/2018/7261654/8395446","08395447.pdf","10.5594/JMI.2018.2827278","10.5594-JMI.2018.2827278","orig-research","Shot Change and Stuck Pixel Detection of Digital Video Assets"
"Journal Article","2018","Journal Article Repository/2018/7261654/8395446","08395448.pdf","10.5594/JMI.2018.2835598","10.5594-JMI.2018.2835598","info-society","Message from the Executive Director: The U.K. Section and Region Say So Long, But Not Goodbye"
"Journal Article","2018","Journal Article Repository/2018/7261654/8395446","08395449.pdf","10.5594/JMI.2018.2827181","10.5594-JMI.2018.2827181","orig-research","Artificial Intelligence for Detecting Media Piracy"
"Journal Article","2018","Journal Article Repository/2018/7261654/8395446","08395450.pdf","10.5594/JMI.2018.2832898","10.5594-JMI.2018.2832898","info-society","Report from the Membership Vice President: Calling All Champions"
"Journal Article","2018","Journal Article Repository/2018/7261654/8395446","08395465.pdf","10.5594/JMI.2018.2837358","10.5594-JMI.2018.2837358","obit","In Memoriam"
"Journal Article","2018","Journal Article Repository/2018/7261654/8395446","08395466.pdf","10.5594/JMI.2018.2846059","10.5594-JMI.2018.2846059","advert","Ad Page"
"Journal Article","2018","Journal Article Repository/2018/7261654/8395446","08395467.pdf","10.5594/JMI.2018.2795327","10.5594-JMI.2018.2795327","front-cover","SMPTE July 2018 Front Cover"
"Journal Article","2018","Journal Article Repository/2018/7261654/8395446","08395470.pdf","10.5594/JMI.2018.2843698","10.5594-JMI.2018.2843698","advert","Ad Page"
"Journal Article","2018","Journal Article Repository/2018/7261654/8395446","08395471.pdf","10.5594/JMI.2018.2841723","10.5594-JMI.2018.2841723","toc","SMPTE July 2018 Table of Contents"
"Journal Article","2018","Journal Article Repository/2018/7261654/8395446","08395472.pdf","10.5594/JMI.2018.2845310","10.5594-JMI.2018.2845310","advert","Ad Page"
"Journal Article","2018","Journal Article Repository/2018/7261654/8395446","08395473.pdf","10.5594/JMI.2018.2845739","10.5594-JMI.2018.2845739","advert","SMPTE July 2018 Cover 4"
"Journal Article","2018","Journal Article Repository/2018/7261654/8395446","08395474.pdf","10.5594/JMI.2018.2831078","10.5594-JMI.2018.2831078","orig-research","Technical Practices for a Multi-CDN Distribution Strategy"
"Journal Article","2018","Journal Article Repository/2018/7261654/8395446","08395475.pdf","10.5594/JMI.2018.2845278","10.5594-JMI.2018.2845278","advert","Ad Page"
"Journal Article","2018","Journal Article Repository/2018/7261654/8395446","08395476.pdf","10.5594/JMI.2018.2840639","10.5594-JMI.2018.2840639","advert","Ad Page"
"Journal Article","2018","Journal Article Repository/2018/7261654/8395446","08395477.pdf","10.5594/JMI.2018.2841721","10.5594-JMI.2018.2841721","info-society","Sustaining Members"
"Journal Article","2018","Journal Article Repository/2018/7261654/8395446","08395479.pdf","10.5594/JMI.2018.2840641","10.5594-JMI.2018.2840641","advert","Ad Page"
"Journal Article","2018","Journal Article Repository/2018/7261654/8395446","08395480.pdf","10.5594/JMI.2018.2846058","10.5594-JMI.2018.2846058","advert","Ad Page"
"Journal Article","2018","Journal Article Repository/2018/7261654/8395446","08395483.pdf","10.5594/JMI.2018.2837346","10.5594-JMI.2018.2837346","meeting-report","Section Meetings"
"Journal Article","2018","Journal Article Repository/2018/7261654/8395446","08395484.pdf","10.5594/JMI.2018.2843699","10.5594-JMI.2018.2843699","advert","Ad Page"
"Journal Article","2018","Journal Article Repository/2018/7261654/8395446","08395485.pdf","10.5594/JMI.2018.2826942","10.5594-JMI.2018.2826942","orig-research","NABA DPP: Specifications and Standards for Content Delivery"
"Journal Article","2018","Journal Article Repository/2018/7261654/8395446","08395486.pdf","10.5594/JMI.2018.2841719","10.5594-JMI.2018.2841719","list-staff","Officers"
"Journal Article","2018","Journal Article Repository/2018/7261654/8395446","08395487.pdf","10.5594/JMI.2018.2832002","10.5594-JMI.2018.2832002","opinion","Member Profile: Jonathan Erland"
"Journal Article","2018","Journal Article Repository/2018/7261654/8395446","08395488.pdf","10.5594/JMI.2018.2826941","10.5594-JMI.2018.2826941","orig-research","IMF End-to-End Workflows in Media Asset Management Systems"
"Journal Article","2018","Journal Article Repository/2018/7261654/8395446","08395489.pdf","10.5594/JMI.2018.2832003","10.5594-JMI.2018.2832003","orig-research","Cyber Defense: Deter, Detect, and Defend"
"Journal Article","2018","Journal Article Repository/2018/7261654/8395446","08395490.pdf","10.5594/JMI.2018.2832578","10.5594-JMI.2018.2832578","orig-research","Building a Cognitive Data Management Strategy (and Why Doing So Is Suddenly So Important)"
"Journal Article","2018","Journal Article Repository/2018/7261654/8395446","08395491.pdf","10.5594/JMI.2018.2836195","10.5594-JMI.2018.2836195","info-society","SMPTE Almanac"
"Journal Article","2018","Journal Article Repository/2018/7261654/8395464","08395469.pdf","10.5594/JMI.2018.2835681","10.5594-JMI.2018.2835681","summary-abstract","Exclusive Articles Online: Abstracts"
"Journal Article","2018","Journal Article Repository/2018/7261654/8424243","08424244.pdf","10.5594/JMI.2018.2848178","10.5594-JMI.2018.2848178","meeting-report","Section Meetings"
"Journal Article","2018","Journal Article Repository/2018/7261654/8424243","08424245.pdf","10.5594/JMI.2018.2855769","10.5594-JMI.2018.2855769","advert","Ad Page"
"Journal Article","2018","Journal Article Repository/2018/7261654/8424243","08424248.pdf","10.5594/JMI.2018.2838818","10.5594-JMI.2018.2838818","orig-research","360-Degree Video Streaming and Its Subjective Quality"
"Journal Article","2018","Journal Article Repository/2018/7261654/8424243","08424249.pdf","10.5594/JMI.2018.2844095","10.5594-JMI.2018.2844095","opinion","Report from the Secretary/Treasurer"
"Journal Article","2018","Journal Article Repository/2018/7261654/8424243","08424250.pdf","10.5594/JMI.2018.2847539","10.5594-JMI.2018.2847539","info-society","Message from the Executive Director: The World Is Changing, Are You Ready?"
"Journal Article","2018","Journal Article Repository/2018/7261654/8424243","08424251.pdf","10.5594/JMI.2018.2842598","10.5594-JMI.2018.2842598","orig-research","State-of-the-Art Virtual Reality Streaming: Solutions for Reducing Bandwidth and Improving Video Quality"
"Journal Article","2018","Journal Article Repository/2018/7261654/8424243","08424252.pdf","10.5594/JMI.2018.2838780","10.5594-JMI.2018.2838780","orig-research","Projector Contrast Performance in a Cinema Environment"
"Journal Article","2018","Journal Article Repository/2018/7261654/8424243","08424253.pdf","10.5594/JMI.2018.2838798","10.5594-JMI.2018.2838798","orig-research","Display Interfacing 2018: Getting Around the UHD Speed Bump"
"Journal Article","2018","Journal Article Repository/2018/7261654/8424243","08424254.pdf","10.5594/JMI.2018.2849638","10.5594-JMI.2018.2849638","summary-abstract","Exclusive Article Online: Abstract"
"Journal Article","2018","Journal Article Repository/2018/7261654/8424243","08424255.pdf","10.5594/JMI.2018.2840618","10.5594-JMI.2018.2840618","orig-research","TogetherVR: A Framework for Photorealistic Shared Media Experiences in 360-Degree VR"
"Journal Article","2018","Journal Article Repository/2018/7261654/8424243","08424256.pdf","10.5594/JMI.2018.2838779","10.5594-JMI.2018.2838779","orig-research","360-Degree Video Streaming with MPEG-DASH"
"Journal Article","2018","Journal Article Repository/2018/7261654/8424243","08424266.pdf","10.5594/JMI.2018.2844081","10.5594-JMI.2018.2844081","opinion","2018 NAB Show's Future of Cinema Conference, Produced in Partnership with SMPTE"
"Journal Article","2018","Journal Article Repository/2018/7261654/8424243","08424267.pdf","10.5594/JMI.2018.2847538","10.5594-JMI.2018.2847538","info-society","SMPTE Almanac"
"Journal Article","2018","Journal Article Repository/2018/7261654/8424243","08424284.pdf","10.5594/JMI.2018.2855360","10.5594-JMI.2018.2855360","info-society","Sustaining Members"
"Journal Article","2018","Journal Article Repository/2018/7261654/8424243","08424285.pdf","10.5594/JMI.2018.2855366","10.5594-JMI.2018.2855366","toc","SMPTE August 2018 Table of Contents"
"Journal Article","2018","Journal Article Repository/2018/7261654/8424243","08424286.pdf","10.5594/JMI.2018.2795329","10.5594-JMI.2018.2795329","front-cover","SMPTE August 2018 Front Cover"
"Journal Article","2018","Journal Article Repository/2018/7261654/8424243","08424287.pdf","10.5594/JMI.2018.2855765","10.5594-JMI.2018.2855765","advert","Ad Page"
"Journal Article","2018","Journal Article Repository/2018/7261654/8424243","08424289.pdf","10.5594/JMI.2018.2855763","10.5594-JMI.2018.2855763","advert","Ad Page"
"Journal Article","2018","Journal Article Repository/2018/7261654/8424243","08424291.pdf","10.5594/JMI.2018.2855767","10.5594-JMI.2018.2855767","advert","Ad Page"
"Journal Article","2018","Journal Article Repository/2018/7261654/8424243","08424292.pdf","10.5594/JMI.2018.2854091","10.5594-JMI.2018.2854091","advert","Ad Page"
"Journal Article","2018","Journal Article Repository/2018/7261654/8424243","08424294.pdf","10.5594/JMI.2018.2853778","10.5594-JMI.2018.2853778","advert","SMPTE August 2018 Cover 4"
"Journal Article","2018","Journal Article Repository/2018/7261654/8424243","08424295.pdf","10.5594/JMI.2018.2855761","10.5594-JMI.2018.2855761","advert","Ad Page"
"Journal Article","2018","Journal Article Repository/2018/7261654/8424243","08424297.pdf","10.5594/JMI.2018.2855362","10.5594-JMI.2018.2855362","list-staff","Officers"
"Journal Article","2018","Journal Article Repository/2018/7261654/8424243","08424298.pdf","10.5594/JMI.2018.2852158","10.5594-JMI.2018.2852158","advert","Ad Page"
"Journal Article","2018","Journal Article Repository/2018/7261654/8424243","08424299.pdf","10.5594/JMI.2018.2855759","10.5594-JMI.2018.2855759","advert","Ad Page"
"Journal Article","2018","Journal Article Repository/2018/7261654/8424243","08424535.pdf","10.5594/JMI.2018.2848179","10.5594-JMI.2018.2848179","opinion","Results of the 2018 Society Section Elections"
"Journal Article","2018","Journal Article Repository/2018/7261654/8444985","08444986.pdf","10.5594/JMI.2018.2858359","10.5594-JMI.2018.2858359","info-society","Message from the Executive Director: How Do We Navigate?"
"Journal Article","2018","Journal Article Repository/2018/7261654/8444985","08444987.pdf","10.5594/JMI.2018.2848038","10.5594-JMI.2018.2848038","orig-research","Report from the Academy of Motion Picture Arts and Sciences’ Science and Technology Council"
"Journal Article","2018","Journal Article Repository/2018/7261654/8444985","08444988.pdf","10.5594/JMI.2018.2862981","10.5594-JMI.2018.2862981","advert","Ad Page"
"Journal Article","2018","Journal Article Repository/2018/7261654/8444985","08444989.pdf","10.5594/JMI.2018.2847998","10.5594-JMI.2018.2847998","orig-research","American Society of Cinematographers Motion Imaging Technology Council Progress Report 2018"
"Journal Article","2018","Journal Article Repository/2018/7261654/8444985","08444990.pdf","10.5594/JMI.2018.2839920","10.5594-JMI.2018.2839920","orig-research","2018 Digital Video Broadcasting Update"
"Journal Article","2018","Journal Article Repository/2018/7261654/8444985","08444991.pdf","10.5594/JMI.2018.2862983","10.5594-JMI.2018.2862983","advert","Ad Page"
"Journal Article","2018","Journal Article Repository/2018/7261654/8444985","08444992.pdf","10.5594/JMI.2018.2795331","10.5594-JMI.2018.2795331","front-cover","SMPTE September 2018 Front Cover"
"Journal Article","2018","Journal Article Repository/2018/7261654/8444985","08444993.pdf","10.5594/JMI.2018.2839918","10.5594-JMI.2018.2839918","orig-research","Master Control in the Cloud: From Concept to Reality"
"Journal Article","2018","Journal Article Repository/2018/7261654/8444985","08444994.pdf","10.5594/JMI.2018.2850998","10.5594-JMI.2018.2850998","orig-research","State of Security for the Media and Entertainment Industry"
"Journal Article","2018","Journal Article Repository/2018/7261654/8444985","08444995.pdf","10.5594/JMI.2018.2863394","10.5594-JMI.2018.2863394","advert","SMPTE September 2018 Cover 4"
"Journal Article","2018","Journal Article Repository/2018/7261654/8444985","08444996.pdf","10.5594/JMI.2018.2862823","10.5594-JMI.2018.2862823","info-society","Sustaining Members"
"Journal Article","2018","Journal Article Repository/2018/7261654/8444985","08444997.pdf","10.5594/JMI.2018.2863392","10.5594-JMI.2018.2863392","advert","Ad Page"
"Journal Article","2018","Journal Article Repository/2018/7261654/8444985","08444998.pdf","10.5594/JMI.2018.2862985","10.5594-JMI.2018.2862985","advert","Ad Page"
"Journal Article","2018","Journal Article Repository/2018/7261654/8444985","08444999.pdf","10.5594/JMI.2018.2850378","10.5594-JMI.2018.2850378","opinion","Report from the World Wide Web Consortium"
"Journal Article","2018","Journal Article Repository/2018/7261654/8444985","08445000.pdf","10.5594/JMI.2018.2856639","10.5594-JMI.2018.2856639","obit","In Memoriam: John L. Goodell"
"Journal Article","2018","Journal Article Repository/2018/7261654/8444985","08445001.pdf","10.5594/JMI.2018.2862219","10.5594-JMI.2018.2862219","advert","Ad Page"
"Journal Article","2018","Journal Article Repository/2018/7261654/8444985","08445002.pdf","10.5594/JMI.2018.2850418","10.5594-JMI.2018.2850418","orig-research","Progress Report of the Advanced Television Systems Committee"
"Journal Article","2018","Journal Article Repository/2018/7261654/8444985","08445003.pdf","10.5594/JMI.2018.2856638","10.5594-JMI.2018.2856638","meeting-report","Section Meetings"
"Journal Article","2018","Journal Article Repository/2018/7261654/8444985","08445004.pdf","10.5594/JMI.2018.2862821","10.5594-JMI.2018.2862821","list-staff","Officers"
"Journal Article","2018","Journal Article Repository/2018/7261654/8444985","08445005.pdf","10.5594/JMI.2018.2862979","10.5594-JMI.2018.2862979","advert","Ad Page"
"Journal Article","2018","Journal Article Repository/2018/7261654/8444985","08445006.pdf","10.5594/JMI.2018.2855559","10.5594-JMI.2018.2855559","opinion","Introduction to the 2018 Progress Report"
"Journal Article","2018","Journal Article Repository/2018/7261654/8444985","08445007.pdf","10.5594/JMI.2018.2841218","10.5594-JMI.2018.2841218","orig-research","2018 Update from the Consumer Technology Association"
"Journal Article","2018","Journal Article Repository/2018/7261654/8444985","08445008.pdf","10.5594/JMI.2018.2862987","10.5594-JMI.2018.2862987","advert","Ad Page"
"Journal Article","2018","Journal Article Repository/2018/7261654/8444985","08445009.pdf","10.5594/JMI.2018.2858361","10.5594-JMI.2018.2858361","opinion","Introduction to the SMPTE Technology Committee Reports"
"Journal Article","2018","Journal Article Repository/2018/7261654/8444985","08445010.pdf","10.5594/JMI.2018.2846098","10.5594-JMI.2018.2846098","orig-research","Video Coding Standards Progress Report: Joint Video Experts Team Launches the Versatile Video Coding Project"
"Journal Article","2018","Journal Article Repository/2018/7261654/8444985","08445011.pdf","10.5594/JMI.2018.2851118","10.5594-JMI.2018.2851118","orig-research","A Personal History and the Future of Broadcasting in the Connected Age"
"Journal Article","2018","Journal Article Repository/2018/7261654/8444985","08445012.pdf","10.5594/JMI.2018.2849658","10.5594-JMI.2018.2849658","orig-research","2018 Update on Activities Related to JT-NM, AMWA, and VSF"
"Journal Article","2018","Journal Article Repository/2018/7261654/8444985","08445013.pdf","10.5594/JMI.2018.2841207","10.5594-JMI.2018.2841207","orig-research","Progress Report: IMF for Broadcast and Online"
"Journal Article","2018","Journal Article Repository/2018/7261654/8444985","08445014.pdf","10.5594/JMI.2018.2862819","10.5594-JMI.2018.2862819","toc","SMPTE September 2018 Table of Contents"
"Journal Article","2018","Journal Article Repository/2018/7261654/8444985","08445015.pdf","10.5594/JMI.2018.2845638","10.5594-JMI.2018.2845638","orig-research","Report from the Audio Engineering Society"
"Journal Article","2018","Journal Article Repository/2018/7261654/8444985","08445016.pdf","10.5594/JMI.2018.2850380","10.5594-JMI.2018.2850380","opinion","Reports from the SMPTE Technology Committees"
"Journal Article","2018","Journal Article Repository/2018/7261654/8444985","08445017.pdf","10.5594/JMI.2018.2855578","10.5594-JMI.2018.2855578","info-society","SMPTE Almanac"
"Journal Article","2018","Journal Article Repository/2018/7261654/8444985","08445018.pdf","10.5594/JMI.2018.2850398","10.5594-JMI.2018.2850398","orig-research","UHD Alliance Progress Report"
"Journal Article","2018","Journal Article Repository/2018/7261654/8444985","08445019.pdf","10.5594/JMI.2018.2865148","10.5594-JMI.2018.2865148","advert","Ad Page"
"Journal Article","2018","Journal Article Repository/2018/7261654/8444985","08445021.pdf","10.5594/JMI.2018.2847568","10.5594-JMI.2018.2847568","orig-research","Progress Report: ST 2110 Update"
"Journal Article","2018","Journal Article Repository/2018/7261654/8444985","08445022.pdf","10.5594/JMI.2018.2849659","10.5594-JMI.2018.2849659","orig-research","2018 Update on High Dynamic Range Television"
"Journal Article","2018","Journal Article Repository/2018/7261654/8470092","08470093.pdf","10.5594/JMI.2018.2869495","10.5594-JMI.2018.2869495","advert","Ad Page"
"Journal Article","2018","Journal Article Repository/2018/7261654/8470092","08470094.pdf","10.5594/JMI.2018.2868622","10.5594-JMI.2018.2868622","advert","Ad Page"
"Journal Article","2018","Journal Article Repository/2018/7261654/8470092","08470096.pdf","10.5594/JMI.2018.2867994","10.5594-JMI.2018.2867994","info-society","Sustaining Members"
"Journal Article","2018","Journal Article Repository/2018/7261654/8470092","08470097.pdf","10.5594/JMI.2018.2867992","10.5594-JMI.2018.2867992","list-staff","Officers"
"Journal Article","2018","Journal Article Repository/2018/7261654/8470092","08470098.pdf","10.5594/JMI.2018.2869489","10.5594-JMI.2018.2869489","advert","Ad Page"
"Journal Article","2018","Journal Article Repository/2018/7261654/8470092","08470099.pdf","10.5594/JMI.2018.2868626","10.5594-JMI.2018.2868626","advert","Ad Page"
"Journal Article","2018","Journal Article Repository/2018/7261654/8470092","08470182.pdf","10.5594/JMI.2018.2863078","10.5594-JMI.2018.2863078","opinion","2018 Honors and Awards Recipients"
"Journal Article","2018","Journal Article Repository/2018/7261654/8470092","08470185.pdf","10.5594/JMI.2018.2866134","10.5594-JMI.2018.2866134","summary-abstract","Exclusive Articles Online: Abstracts"
"Journal Article","2018","Journal Article Repository/2018/7261654/8470092","08470186.pdf","10.5594/JMI.2018.2810022","10.5594-JMI.2018.2810022","orig-research","Core Color Rendering Algorithms for High Dynamic Range Display"
"Journal Article","2018","Journal Article Repository/2018/7261654/8470092","08470187.pdf","10.5594/JMI.2018.2865331","10.5594-JMI.2018.2865331","info-society","Update From the Standards Vice President: Compression"
"Journal Article","2018","Journal Article Repository/2018/7261654/8470092","08470188.pdf","10.5594/JMI.2018.2862778","10.5594-JMI.2018.2862778","opinion","SMPTE 2018 Symposium"
"Journal Article","2018","Journal Article Repository/2018/7261654/8470092","08470189.pdf","10.5594/JMI.2018.2869497","10.5594-JMI.2018.2869497","advert","Ad Page"
"Journal Article","2018","Journal Article Repository/2018/7261654/8470092","08470191.pdf","10.5594/JMI.2018.2860499","10.5594-JMI.2018.2860499","orig-research","Why Diversity Programs Fail—And How to Fix Them"
"Journal Article","2018","Journal Article Repository/2018/7261654/8470092","08470193.pdf","10.5594/JMI.2018.2862647","10.5594-JMI.2018.2862647","orig-research","Noniterative Content-Adaptive Distributed Encoding Through ML Techniques"
"Journal Article","2018","Journal Article Repository/2018/7261654/8470092","08470194.pdf","10.5594/JMI.2018.2866135","10.5594-JMI.2018.2866135","obit","In Memoriam: Joseph A. Flaherty"
"Journal Article","2018","Journal Article Repository/2018/7261654/8470092","08470196.pdf","10.5594/JMI.2018.2869996","10.5594-JMI.2018.2869996","advert","SMPTE October 2018 Cover 4"
"Journal Article","2018","Journal Article Repository/2018/7261654/8470092","08470197.pdf","10.5594/JMI.2018.2866119","10.5594-JMI.2018.2866119","meeting-report","Section Meetings"
"Journal Article","2018","Journal Article Repository/2018/7261654/8470092","08470198.pdf","10.5594/JMI.2018.2862098","10.5594-JMI.2018.2862098","orig-research","JPEG-XS—A High-Quality Mezzanine Image Codec for Video Over IP"
"Journal Article","2018","Journal Article Repository/2018/7261654/8470092","08470200.pdf","10.5594/JMI.2018.2868620","10.5594-JMI.2018.2868620","advert","Ad Page"
"Journal Article","2018","Journal Article Repository/2018/7261654/8470092","08470201.pdf","10.5594/JMI.2018.2867990","10.5594-JMI.2018.2867990","toc","SMPTE October 2018 Table of Contents"
"Journal Article","2018","Journal Article Repository/2018/7261654/8470092","08470202.pdf","10.5594/JMI.2018.2795333","10.5594-JMI.2018.2795333","front-cover","SMPTE October 2018 Front Cover"
"Journal Article","2018","Journal Article Repository/2018/7261654/8470092","08470203.pdf","10.5594/JMI.2018.2868624","10.5594-JMI.2018.2868624","advert","Ad Page"
"Journal Article","2018","Journal Article Repository/2018/7261654/8470092","08470220.pdf","10.5594/JMI.2018.2861438","10.5594-JMI.2018.2861438","orig-research","Is Seeing Still Believing: Factors That Allow Humans and Machines to Discriminate Between Real and Generated Images"
"Journal Article","2018","Journal Article Repository/2018/7261654/8470092","08470221.pdf","10.5594/JMI.2018.2859138","10.5594-JMI.2018.2859138","orig-research","UHDTV-2 Mezzanine Compression Codec For Miniaturized and Simplified UHD Production System"
"Journal Article","2018","Journal Article Repository/2018/7261654/8470092","08470222.pdf","10.5594/JMI.2018.2866118","10.5594-JMI.2018.2866118","info-society","SMPTE Almanac"
"Journal Article","2018","Journal Article Repository/2018/7261654/8470092","08470231.pdf","10.5594/JMI.2018.2859120","10.5594-JMI.2018.2859120","orig-research","High Throughput JPEG 2000 (HTJ2K): New Algorithms and Opportunities"
"Journal Article","2018","Journal Article Repository/2018/7261654/8470092","08470233.pdf","10.5594/JMI.2018.2866136","10.5594-JMI.2018.2866136","obit","In Memoriam: Horst Schachlbauer"
"Journal Article","2018","Journal Article Repository/2018/7261654/8470092","08470239.pdf","10.5594/JMI.2018.2862238","10.5594-JMI.2018.2862238","opinion","2018 SMPTE Fellows"
"Journal Article","2018","Journal Article Repository/2018/7261654/8470092","08470240.pdf","10.5594/JMI.2018.2864916","10.5594-JMI.2018.2864916","info-society","Message From The Executive Director: Is Blockchain in Our Future?"
"Journal Article","2018","Journal Article Repository/2018/7261654/8532398","08532399.pdf","10.5594/JMI.2018.2877066","10.5594-JMI.2018.2877066","advert","Ad Page"
"Journal Article","2018","Journal Article Repository/2018/7261654/8532398","08532400.pdf","10.5594/JMI.2018.2877062","10.5594-JMI.2018.2877062","toc","SMPTE November/December 2018 Table of Contents"
"Journal Article","2018","Journal Article Repository/2018/7261654/8532398","08532401.pdf","10.5594/JMI.2018.2874575","10.5594-JMI.2018.2874575","advert","Ad Page"
"Journal Article","2018","Journal Article Repository/2018/7261654/8532398","08532402.pdf","10.5594/JMI.2018.2873091","10.5594-JMI.2018.2873091","list-staff","Officers"
"Journal Article","2018","Journal Article Repository/2018/7261654/8532398","08532403.pdf","10.5594/JMI.2018.2795335","10.5594-JMI.2018.2795335","front-cover","SMPTE November/December 2018 Front Cover"
"Journal Article","2018","Journal Article Repository/2018/7261654/8532398","08532404.pdf","10.5594/JMI.2018.2877068","10.5594-JMI.2018.2877068","advert","Ad Page"
"Journal Article","2018","Journal Article Repository/2018/7261654/8532398","08532405.pdf","10.5594/JMI.2018.2877096","10.5594-JMI.2018.2877096","advert","Ad Page"
"Journal Article","2018","Journal Article Repository/2018/7261654/8532398","08532406.pdf","10.5594/JMI.2018.2873069","10.5594-JMI.2018.2873069","content-announce","Statement of Ownership, Management, and Circulation"
"Journal Article","2018","Journal Article Repository/2018/7261654/8532398","08532407.pdf","10.5594/JMI.2018.2877070","10.5594-JMI.2018.2877070","advert","Ad Page"
"Journal Article","2018","Journal Article Repository/2018/7261654/8532398","08532408.pdf","10.5594/JMI.2018.2877074","10.5594-JMI.2018.2877074","advert","Ad Page"
"Journal Article","2018","Journal Article Repository/2018/7261654/8532398","08532409.pdf","10.5594/JMI.2018.2870019","10.5594-JMI.2018.2870019","orig-research","Media Orchestration Between Streams and Devices via New MPEG Timed Metadata"
"Journal Article","2018","Journal Article Repository/2018/7261654/8532398","08532410.pdf","10.5594/JMI.2018.2877274","10.5594-JMI.2018.2877274","advert","Ad Page"
"Journal Article","2018","Journal Article Repository/2018/7261654/8532398","08532411.pdf","10.5594/JMI.2018.2873862","10.5594-JMI.2018.2873862","info-society","Update from the Standards Vice President: New Technologies"
"Journal Article","2018","Journal Article Repository/2018/7261654/8532398","08532412.pdf","10.5594/JMI.2018.2844569","10.5594-JMI.2018.2844569","orig-research","Cost Increase Due to UHD Video Broadcasting Compared to HD"
"Journal Article","2018","Journal Article Repository/2018/7261654/8532398","08532413.pdf","10.5594/JMI.2018.2870475","10.5594-JMI.2018.2870475","orig-research","Single-Sensor Video Cameras and the TLCI-2012"
"Journal Article","2018","Journal Article Repository/2018/7261654/8532398","08532414.pdf","10.5594/JMI.2018.2873090","10.5594-JMI.2018.2873090","info-society","Sustaining Members"
"Journal Article","2018","Journal Article Repository/2018/7261654/8532398","08532415.pdf","10.5594/JMI.2018.2868437","10.5594-JMI.2018.2868437","orig-research","ARnold: A Mixed Reality Short Film Using Microsoft HoloLens"
"Journal Article","2018","Journal Article Repository/2018/7261654/8532398","08532416.pdf","10.5594/JMI.2018.2877072","10.5594-JMI.2018.2877072","advert","Ad Page"
"Journal Article","2018","Journal Article Repository/2018/7261654/8532398","08532417.pdf","10.5594/JMI.2018.2872376","10.5594-JMI.2018.2872376","info-society","Message from the President: Vision 2020: Looking to the Future"
"Journal Article","2018","Journal Article Repository/2018/7261654/8532398","08532420.pdf","10.5594/JMI.2018.2873861","10.5594-JMI.2018.2873861","info-society","SMPTE Almanac"
"Journal Article","2018","Journal Article Repository/2018/7261654/8532398","08532421.pdf","10.5594/JMI.2018.2868438","10.5594-JMI.2018.2868438","orig-research","The Immersive Experience Classification System: A New Strategic Decision-Making Tool for Content Creators"
"Journal Article","2018","Journal Article Repository/2018/7261654/8532398","08532422.pdf","10.5594/JMI.2018.2873863","10.5594-JMI.2018.2873863","errata","Errata"
"Journal Article","2018","Journal Article Repository/2018/7261654/8532398","08532423.pdf","10.5594/JMI.2018.2872445","10.5594-JMI.2018.2872445","info-society","Message from the Executive Director: Delivering a Strategic Plan"
"Journal Article","2018","Journal Article Repository/2018/7261654/8532398","08532424.pdf","10.5594/JMI.2018.2868436","10.5594-JMI.2018.2868436","orig-research","Programmable Data Plane for Professional Media Networking"
"Journal Article","2018","Journal Article Repository/2018/7261654/8532398","08532425.pdf","10.5594/JMI.2018.2873560","10.5594-JMI.2018.2873560","summary-abstract","Exclusive Articles Online: Abstracts"
"Journal Article","2018","Journal Article Repository/2018/7261654/8532398","08532426.pdf","10.5594/JMI.2018.2880058","10.5594-JMI.2018.2880058","advert","Ad Page"
"Journal Article","2018","Journal Article Repository/2018/7261654/8532398","08532427.pdf","10.5594/JMI.2018.2868435","10.5594-JMI.2018.2868435","orig-research","Realtime Measurement of Ultrahigh-Definition Camera Modulation Transfer Function"
"Journal Article","2018","Journal Article Repository/2018/7261654/8532398","08532428.pdf","10.5594/JMI.2018.2874595","10.5594-JMI.2018.2874595","advert","SMPTE November/December 2018 Cover 4"
"Journal Article","2018","Journal Article Repository/2018/7261654/8532398","08532429.pdf","10.5594/JMI.2018.2875505","10.5594-JMI.2018.2875505","meeting-report","Section Meetings"
"Journal Article","2019","Journal Article Repository/2019/7261654/8632984","08632985.pdf","10.5594/JMI.2019.2893749","10.5594-JMI.2019.2893749","advert","Ad Page"
"Journal Article","2019","Journal Article Repository/2019/7261654/8632984","08632986.pdf","10.5594/JMI.2018.2889445","10.5594-JMI.2018.2889445","advert","SMPTE January/February 2019 Cover 4"
"Journal Article","2019","Journal Article Repository/2019/7261654/8632984","08632987.pdf","10.5594/JMI.2018.2889447","10.5594-JMI.2018.2889447","advert","Ad Page"
"Journal Article","2019","Journal Article Repository/2019/7261654/8632984","08632988.pdf","10.5594/JMI.2018.2889365","10.5594-JMI.2018.2889365","advert","Ad Page"
"Journal Article","2019","Journal Article Repository/2019/7261654/8632984","08632989.pdf","10.5594/JMI.2019.2893747","10.5594-JMI.2019.2893747","advert","Ad Page"
"Journal Article","2019","Journal Article Repository/2019/7261654/8632984","08632990.pdf","10.5594/JMI.2018.2880366","10.5594-JMI.2018.2880366","orig-research","Defining Artificial Intelligence"
"Journal Article","2019","Journal Article Repository/2019/7261654/8632984","08632991.pdf","10.5594/JMI.2018.2886734","10.5594-JMI.2018.2886734","info-society","Update from the Standards Vice President: Why Has AI Suddenly Become Interesting?"
"Journal Article","2019","Journal Article Repository/2019/7261654/8632984","08632992.pdf","10.5594/JMI.2019.2892171","10.5594-JMI.2019.2892171","advert","Ad Page"
"Journal Article","2019","Journal Article Repository/2019/7261654/8632984","08632993.pdf","10.5594/JMI.2018.2879261","10.5594-JMI.2018.2879261","orig-research","Automatic Generation of Audio Descriptions for Sports Programs"
"Journal Article","2019","Journal Article Repository/2019/7261654/8632984","08632994.pdf","10.5594/JMI.2019.2892804","10.5594-JMI.2019.2892804","toc","SMPTE January/February 2019 Table of Contents"
"Journal Article","2019","Journal Article Repository/2019/7261654/8632984","08632995.pdf","10.5594/JMI.2018.2889449","10.5594-JMI.2018.2889449","advert","Ad Page"
"Journal Article","2019","Journal Article Repository/2019/7261654/8632984","08632996.pdf","10.5594/JMI.2018.2886142","10.5594-JMI.2018.2886142","opinion","SMPTE 2018 Annual Technical Conference and Exhibition at All-New Venue in Downtown Los Angeles"
"Journal Article","2019","Journal Article Repository/2019/7261654/8632984","08632997.pdf","10.5594/JMI.2018.2889236","10.5594-JMI.2018.2889236","info-society","Sustaining Members"
"Journal Article","2019","Journal Article Repository/2019/7261654/8632984","08632998.pdf","10.5594/JMI.2018.2876781","10.5594-JMI.2018.2876781","orig-research","How Artificial Intelligence and Machine Learning May Eventually Change Content Creation Methodologies"
"Journal Article","2019","Journal Article Repository/2019/7261654/8632984","08632999.pdf","10.5594/JMI.2018.2886911","10.5594-JMI.2018.2886911","info-society","Message from the Executive Director: What Is the World Coming To?"
"Journal Article","2019","Journal Article Repository/2019/7261654/8632984","08633000.pdf","10.5594/JMI.2018.2885695","10.5594-JMI.2018.2885695","front-cover","SMPTE January/February 2019 Front Cover"
"Journal Article","2019","Journal Article Repository/2019/7261654/8632984","08633001.pdf","10.5594/JMI.2019.2891157","10.5594-JMI.2019.2891157","list-staff","Officers"
"Journal Article","2019","Journal Article Repository/2019/7261654/8632984","08633002.pdf","10.5594/JMI.2018.2887330","10.5594-JMI.2018.2887330","info-society","SMPTE Almanac"
"Journal Article","2019","Journal Article Repository/2019/7261654/8632984","08633003.pdf","10.5594/JMI.2018.2885937","10.5594-JMI.2018.2885937","meeting-report","Section Meetings"
"Journal Article","2019","Journal Article Repository/2019/7261654/8632984","08633004.pdf","10.5594/JMI.2018.2876072","10.5594-JMI.2018.2876072","orig-research","Dynamic Field of View in a Tomographic Light Field Display"
"Journal Article","2019","Journal Article Repository/2019/7261654/8632984","08633005.pdf","10.5594/JMI.2018.2888759","10.5594-JMI.2018.2888759","summary-abstract","Exclusive Article Online: Abstract"
"Journal Article","2019","Journal Article Repository/2019/7261654/8632984","08633007.pdf","10.5594/JMI.2018.2880364","10.5594-JMI.2018.2880364","orig-research","Realtime Semantic Enrichment of Video Streams in the Age of Big Data"
"Journal Article","2019","Journal Article Repository/2019/7261654/8632984","08633008.pdf","10.5594/JMI.2018.2879260","10.5594-JMI.2018.2879260","orig-research","A Scalable Distribution System for Broadcasting Over IP Networks"
"Journal Article","2019","Journal Article Repository/2019/7261654/8651571","08651572.pdf","10.5594/JMI.2019.2896858","10.5594-JMI.2019.2896858","advert","Ad Page"
"Journal Article","2019","Journal Article Repository/2019/7261654/8651571","08651573.pdf","10.5594/JMI.2019.2898084","10.5594-JMI.2019.2898084","advert","Ad Page"
"Journal Article","2019","Journal Article Repository/2019/7261654/8651571","08651574.pdf","10.5594/JMI.2019.2898086","10.5594-JMI.2019.2898086","advert","Ad Page"
"Journal Article","2019","Journal Article Repository/2019/7261654/8651571","08651578.pdf","10.5594/JMI.2019.2897880","10.5594-JMI.2019.2897880","list-staff","Officers"
"Journal Article","2019","Journal Article Repository/2019/7261654/8651571","08651579.pdf","10.5594/JMI.2018.2885697","10.5594-JMI.2018.2885697","front-cover","SMPTE March 2019 Front Cover"
"Journal Article","2019","Journal Article Repository/2019/7261654/8651571","08651580.pdf","10.5594/JMI.2019.2898082","10.5594-JMI.2019.2898082","advert","Ad Page"
"Journal Article","2019","Journal Article Repository/2019/7261654/8651571","08651581.pdf","10.5594/JMI.2019.2896859","10.5594-JMI.2019.2896859","advert","Ad Page"
"Journal Article","2019","Journal Article Repository/2019/7261654/8651571","08651583.pdf","10.5594/JMI.2019.2896727","10.5594-JMI.2019.2896727","advert","Ad Page"
"Journal Article","2019","Journal Article Repository/2019/7261654/8651571","08651605.pdf","10.5594/JMI.2019.2898097","10.5594-JMI.2019.2898097","advert","Ad Page"
"Journal Article","2019","Journal Article Repository/2019/7261654/8651571","08651607.pdf","10.5594/JMI.2019.2898080","10.5594-JMI.2019.2898080","advert","Ad Page"
"Journal Article","2019","Journal Article Repository/2019/7261654/8651571","08651610.pdf","10.5594/JMI.2019.2896368","10.5594-JMI.2019.2896368","info-society","Sustaining Members"
"Journal Article","2019","Journal Article Repository/2019/7261654/8651571","08651611.pdf","10.5594/JMI.2019.2898078","10.5594-JMI.2019.2898078","advert","Ad Page"
"Journal Article","2019","Journal Article Repository/2019/7261654/8651571","08651612.pdf","10.5594/JMI.2019.2897878","10.5594-JMI.2019.2897878","toc","SMPTE March 2019 Table of Contents"
"Journal Article","2019","Journal Article Repository/2019/7261654/8651571","08651613.pdf","10.5594/JMI.2018.2887289","10.5594-JMI.2018.2887289","orig-research","Determining Visibility Thresholds for Spatial and Spatiotemporal Chromatic Noise"
"Journal Article","2019","Journal Article Repository/2019/7261654/8651571","08651614.pdf","10.5594/JMI.2018.2887160","10.5594-JMI.2018.2887160","orig-research","Proposed Measured Display Characterization File for HDR Consumer Displays"
"Journal Article","2019","Journal Article Repository/2019/7261654/8651571","08651615.pdf","10.5594/JMI.2018.2887287","10.5594-JMI.2018.2887287","orig-research","Engineering a Live UHD Program from the International Space Station"
"Journal Article","2019","Journal Article Repository/2019/7261654/8651571","08651616.pdf","10.5594/JMI.2019.2894557","10.5594-JMI.2019.2894557","info-society","SMPTE Almanac"
"Journal Article","2019","Journal Article Repository/2019/7261654/8651571","08651617.pdf","10.5594/JMI.2019.2893823","10.5594-JMI.2019.2893823","summary-abstract","Exclusive Article Online: Abstract"
"Journal Article","2019","Journal Article Repository/2019/7261654/8651571","08651618.pdf","10.5594/JMI.2018.2887288","10.5594-JMI.2018.2887288","orig-research","Begin with the End in Mind: A Unified End-to-End Quality-of-Experience Monitoring, Optimization, and Management Framework"
"Journal Article","2019","Journal Article Repository/2019/7261654/8651571","08651619.pdf","10.5594/JMI.2018.2887250","10.5594-JMI.2018.2887250","orig-research","Next-Generation Video Compression Techniques"
"Journal Article","2019","Journal Article Repository/2019/7261654/8651571","08651620.pdf","10.5594/JMI.2019.2894242","10.5594-JMI.2019.2894242","obit","In Memoriam: Robert M. Smith"
"Journal Article","2019","Journal Article Repository/2019/7261654/8651571","08651621.pdf","10.5594/JMI.2018.2887161","10.5594-JMI.2018.2887161","orig-research","Variable Frame Rate Display for Cinematic Presentations"
"Journal Article","2019","Journal Article Repository/2019/7261654/8651571","08651622.pdf","10.5594/JMI.2019.2894558","10.5594-JMI.2019.2894558","info-society","Message from the Executive Director: The “Is-Does-Means” of SMPTE"
"Journal Article","2019","Journal Article Repository/2019/7261654/8651571","08651623.pdf","10.5594/JMI.2019.2894241","10.5594-JMI.2019.2894241","info-society","Update from the Standards Vice President: Next-Generation Imaging"
"Journal Article","2019","Journal Article Repository/2019/7261654/8673662","08673663.pdf","10.5594/JMI.2019.2898804","10.5594-JMI.2019.2898804","list-staff","Officers"
"Journal Article","2019","Journal Article Repository/2019/7261654/8673662","08673664.pdf","10.5594/JMI.2019.2898802","10.5594-JMI.2019.2898802","info-society","Sustaining Members"
"Journal Article","2019","Journal Article Repository/2019/7261654/8673662","08673669.pdf","10.5594/JMI.2019.2898824","10.5594-JMI.2019.2898824","info-society","Update from the Standards Vice President: UHD/HDR"
"Journal Article","2019","Journal Article Repository/2019/7261654/8673662","08673670.pdf","10.5594/JMI.2019.2898795","10.5594-JMI.2019.2898795","front-cover","SMPTE April 2019 Front Cover"
"Journal Article","2019","Journal Article Repository/2019/7261654/8673662","08673671.pdf","10.5594/JMI.2019.2895582","10.5594-JMI.2019.2895582","orig-research","European Athletics Championship: Lessons from a Live, HDR, HFR, UHD, and Next-Generation Audio Sports Event"
"Journal Article","2019","Journal Article Repository/2019/7261654/8673662","08673672.pdf","10.5594/JMI.2019.2898393","10.5594-JMI.2019.2898393","info-society","Message from the Executive Director: Shaping the Future of SMPTE"
"Journal Article","2019","Journal Article Repository/2019/7261654/8673662","08673673.pdf","10.5594/JMI.2019.2903998","10.5594-JMI.2019.2903998","advert","Ad Page"
"Journal Article","2019","Journal Article Repository/2019/7261654/8673662","08673674.pdf","10.5594/JMI.2019.2901413","10.5594-JMI.2019.2901413","advert","Ad Page"
"Journal Article","2019","Journal Article Repository/2019/7261654/8673662","08673675.pdf","10.5594/JMI.2019.2898488","10.5594-JMI.2019.2898488","info-society","SMPTE Almanac"
"Journal Article","2019","Journal Article Repository/2019/7261654/8673662","08673677.pdf","10.5594/JMI.2019.2894227","10.5594-JMI.2019.2894227","orig-research","Development of Full-Featured 8K Recorder"
"Journal Article","2019","Journal Article Repository/2019/7261654/8673662","08673678.pdf","10.5594/JMI.2019.2896016","10.5594-JMI.2019.2896016","orig-research","What Are the “Killer Apps” for HDR? Analysis of SDR Assets to Predict the Potential of HDR"
"Journal Article","2019","Journal Article Repository/2019/7261654/8673662","08673679.pdf","10.5594/JMI.2019.2894226","10.5594-JMI.2019.2894226","orig-research","Video Luminance Levels for Human Skin Tones in Hybrid Log-Gamma Video"
"Journal Article","2019","Journal Article Repository/2019/7261654/8673662","08673680.pdf","10.5594/JMI.2019.2898492","10.5594-JMI.2019.2898492","meeting-report","Section Meetings"
"Journal Article","2019","Journal Article Repository/2019/7261654/8673662","08673681.pdf","10.5594/JMI.2019.2903976","10.5594-JMI.2019.2903976","advert","Ad Page"
"Journal Article","2019","Journal Article Repository/2019/7261654/8673662","08673682.pdf","10.5594/JMI.2019.2898825","10.5594-JMI.2019.2898825","summary-abstract","Exclusive Articles Online: Abstracts"
"Journal Article","2019","Journal Article Repository/2019/7261654/8673662","08673685.pdf","10.5594/JMI.2019.2904004","10.5594-JMI.2019.2904004","advert","Ad Page"
"Journal Article","2019","Journal Article Repository/2019/7261654/8673662","08673687.pdf","10.5594/JMI.2019.2895583","10.5594-JMI.2019.2895583","orig-research","8K 240-Hz Full-Resolution High-Speed Camera and Slow-Motion Replay Server Systems"
"Journal Article","2019","Journal Article Repository/2019/7261654/8673662","08673688.pdf","10.5594/JMI.2019.2898826","10.5594-JMI.2019.2898826","obit","In Memoriam: Raymond E. Fielding"
"Journal Article","2019","Journal Article Repository/2019/7261654/8673662","08673689.pdf","10.5594/JMI.2019.2895703","10.5594-JMI.2019.2895703","orig-research","Predicting HDR Cinema Requirements from HDR Home Master Statistics"
"Journal Article","2019","Journal Article Repository/2019/7261654/8673662","08673690.pdf","10.5594/JMI.2019.2895795","10.5594-JMI.2019.2895795","orig-research","An Assessment of Reference Levels in HDR Content"
"Journal Article","2019","Journal Article Repository/2019/7261654/8673662","08673692.pdf","10.5594/JMI.2019.2898806","10.5594-JMI.2019.2898806","toc","SMPTE April 2019 Table of Contents"
"Journal Article","2019","Journal Article Repository/2019/7261654/8673662","08673693.pdf","10.5594/JMI.2019.2904002","10.5594-JMI.2019.2904002","advert","Ad Page"
"Journal Article","2019","Journal Article Repository/2019/7261654/8673662","08673696.pdf","10.5594/JMI.2019.2904215","10.5594-JMI.2019.2904215","advert","Ad Page"
"Journal Article","2019","Journal Article Repository/2019/7261654/8673662","08673697.pdf","10.5594/JMI.2019.2904000","10.5594-JMI.2019.2904000","advert","Ad Page"
"Journal Article","2019","Journal Article Repository/2019/7261654/8673662","08673699.pdf","10.5594/JMI.2019.2903974","10.5594-JMI.2019.2903974","advert","Ad Page"
"Journal Article","2019","Journal Article Repository/2019/7261654/8673662","08673705.pdf","10.5594/JMI.2019.2903996","10.5594-JMI.2019.2903996","advert","Ad Page"
"Journal Article","2019","Journal Article Repository/2019/7261654/8673662","08673706.pdf","10.5594/JMI.2019.2901424","10.5594-JMI.2019.2901424","advert","Ad Page"
"Journal Article","2019","Journal Article Repository/2019/7261654/8700645","08700626.pdf","10.5594/JMI.2019.2906006","10.5594-JMI.2019.2906006","summary-abstract","Exclusive Articles Online: Abstracts"
"Journal Article","2019","Journal Article Repository/2019/7261654/8700645","08700627.pdf","10.5594/JMI.2019.2901209","10.5594-JMI.2019.2901209","orig-research","ABR Quality Monitoring: State of the Art"
"Journal Article","2019","Journal Article Repository/2019/7261654/8700645","08700628.pdf","10.5594/JMI.2019.2905401","10.5594-JMI.2019.2905401","info-society","Message from the Executive Director: OTT—The Digital Transformation Is in Full Swing"
"Journal Article","2019","Journal Article Repository/2019/7261654/8700645","08700629.pdf","10.5594/JMI.2019.2905111","10.5594-JMI.2019.2905111","obit","In Memoriam: Robert J. Gilmartin and Ross Lowell"
"Journal Article","2019","Journal Article Repository/2019/7261654/8700645","08700630.pdf","10.5594/JMI.2019.2904399","10.5594-JMI.2019.2904399","info-society","Update from the Standards Vice President: Over the Top"
"Journal Article","2019","Journal Article Repository/2019/7261654/8700645","08700631.pdf","10.5594/JMI.2019.2905110","10.5594-JMI.2019.2905110","meeting-report","Section Meetings"
"Journal Article","2019","Journal Article Repository/2019/7261654/8700645","08700632.pdf","10.5594/JMI.2019.2899712","10.5594-JMI.2019.2899712","orig-research","Analyzing SMPTE ST 2110 Streams Using EBU’s Open-Source Software"
"Journal Article","2019","Journal Article Repository/2019/7261654/8700645","08700633.pdf","10.5594/JMI.2019.2904377","10.5594-JMI.2019.2904377","opinion","Member Profile: Clyde Smith"
"Journal Article","2019","Journal Article Repository/2019/7261654/8700645","08700634.pdf","10.5594/JMI.2019.2901188","10.5594-JMI.2019.2901188","orig-research","Practical Performance Measurements of LTE Broadcast (eMBMS) for TV Applications"
"Journal Article","2019","Journal Article Repository/2019/7261654/8700645","08700635.pdf","10.5594/JMI.2019.2899713","10.5594-JMI.2019.2899713","orig-research","Nonblocking Multicast Networks for Transporting Stream Media"
"Journal Article","2019","Journal Article Repository/2019/7261654/8700645","08700636.pdf","10.5594/JMI.2019.2901208","10.5594-JMI.2019.2901208","orig-research","Black Level Visibility as a Function of Ambient Illumination"
"Journal Article","2019","Journal Article Repository/2019/7261654/8700645","08700637.pdf","10.5594/JMI.2019.2905613","10.5594-JMI.2019.2905613","info-society","SMPTE Almanac"
"Journal Article","2019","Journal Article Repository/2019/7261654/8700645","08700638.pdf","10.5594/JMI.2018.2887251","10.5594-JMI.2018.2887251","orig-research","What Does High Dynamic Range Mean: Creating a High Dynamic Range Workflow for Film Students"
"Journal Article","2019","Journal Article Repository/2019/7261654/8700645","08700639.pdf","10.5594/JMI.2019.2899230","10.5594-JMI.2019.2899230","orig-research","User-Centric Companion Screen Architecture for Improving Accessibility of Broadcast Services"
"Journal Article","2019","Journal Article Repository/2019/7261654/8700645","08700646.pdf","10.5594/JMI.2019.2910613","10.5594-JMI.2019.2910613","advert","Ad Page"
"Journal Article","2019","Journal Article Repository/2019/7261654/8700645","08700647.pdf","10.5594/JMI.2019.2905939","10.5594-JMI.2019.2905939","front-cover","SMPTE May 2019 Front Cover"
"Journal Article","2019","Journal Article Repository/2019/7261654/8700645","08700648.pdf","10.5594/JMI.2019.2910003","10.5594-JMI.2019.2910003","list-staff","Officers"
"Journal Article","2019","Journal Article Repository/2019/7261654/8700645","08700649.pdf","10.5594/JMI.2019.2911205","10.5594-JMI.2019.2911205","advert","Ad Page"
"Journal Article","2019","Journal Article Repository/2019/7261654/8700645","08700650.pdf","10.5594/JMI.2019.2910005","10.5594-JMI.2019.2910005","toc","SMPTE May 2019 Table of Contents"
"Journal Article","2019","Journal Article Repository/2019/7261654/8700645","08700651.pdf","10.5594/JMI.2019.2908303","10.5594-JMI.2019.2908303","advert","Ad Page"
"Journal Article","2019","Journal Article Repository/2019/7261654/8700645","08700652.pdf","10.5594/JMI.2019.2905109","10.5594-JMI.2019.2905109","info-society","Sustaining Members"
"Journal Article","2019","Journal Article Repository/2019/7261654/8700645","08700653.pdf","10.5594/JMI.2019.2908305","10.5594-JMI.2019.2908305","advert","Ad Page"
"Journal Article","2019","Journal Article Repository/2019/7261654/8700645","08700654.pdf","10.5594/JMI.2019.2910432","10.5594-JMI.2019.2910432","advert","Ad Page"
"Journal Article","2019","Journal Article Repository/2019/7261654/8700645","08700655.pdf","10.5594/JMI.2019.2908301","10.5594-JMI.2019.2908301","advert","Ad Page"
"Journal Article","2019","Journal Article Repository/2019/7261654/8700645","08700656.pdf","10.5594/JMI.2019.2910440","10.5594-JMI.2019.2910440","advert","Ad Page"
"Journal Article","2019","Journal Article Repository/2019/7261654/8725880","08725881.pdf","10.5594/JMI.2019.2912015","10.5594-JMI.2019.2912015","front-cover","SMPTE June 2019 Front Cover"
"Journal Article","2019","Journal Article Repository/2019/7261654/8725880","08725883.pdf","10.5594/JMI.2019.2911241","10.5594-JMI.2019.2911241","info-society","Sustaining Members"
"Journal Article","2019","Journal Article Repository/2019/7261654/8725880","08725949.pdf","10.5594/JMI.2019.2911817","10.5594-JMI.2019.2911817","info-society","Update from the Standards Vice President: Immersive Media"
"Journal Article","2019","Journal Article Repository/2019/7261654/8725880","08725950.pdf","10.5594/JMI.2019.2911239","10.5594-JMI.2019.2911239","errata","Erratum"
"Journal Article","2019","Journal Article Repository/2019/7261654/8725880","08725951.pdf","10.5594/JMI.2019.2906836","10.5594-JMI.2019.2906836","orig-research","Color Management for Cinematic Immersive Experiences"
"Journal Article","2019","Journal Article Repository/2019/7261654/8725880","08725952.pdf","10.5594/JMI.2019.2906813","10.5594-JMI.2019.2906813","orig-research","Light-Field Displays and Their Potential Impact on Immersive Storytelling"
"Journal Article","2019","Journal Article Repository/2019/7261654/8725880","08725953.pdf","10.5594/JMI.2019.2906835","10.5594-JMI.2019.2906835","orig-research","Advanced Volumetric Capture and Processing"
"Journal Article","2019","Journal Article Repository/2019/7261654/8725880","08725954.pdf","10.5594/JMI.2019.2910953","10.5594-JMI.2019.2910953","info-society","Message from the Executive Director: Immersing into Today’s Media Experience"
"Journal Article","2019","Journal Article Repository/2019/7261654/8725880","08725955.pdf","10.5594/JMI.2019.2904374","10.5594-JMI.2019.2904374","orig-research","Sound and Fury: Bringing Dolby Atmos to the NHRA"
"Journal Article","2019","Journal Article Repository/2019/7261654/8725880","08725957.pdf","10.5594/JMI.2019.2907350","10.5594-JMI.2019.2907350","orig-research","HDR in Consideration of the Abilities of the Human Visual System"
"Journal Article","2019","Journal Article Repository/2019/7261654/8725880","08725958.pdf","10.5594/JMI.2019.2907349","10.5594-JMI.2019.2907349","orig-research","Object-Audio Capture System for Sports Broadcasting"
"Journal Article","2019","Journal Article Repository/2019/7261654/8725880","08725959.pdf","10.5594/JMI.2019.2910954","10.5594-JMI.2019.2910954","info-society","SMPTE Almanac"
"Journal Article","2019","Journal Article Repository/2019/7261654/8725880","08725967.pdf","10.5594/JMI.2019.2915010","10.5594-JMI.2019.2915010","advert","Ad Page"
"Journal Article","2019","Journal Article Repository/2019/7261654/8725880","08725969.pdf","10.5594/JMI.2019.2915449","10.5594-JMI.2019.2915449","advert","Ad Page"
"Journal Article","2019","Journal Article Repository/2019/7261654/8725880","08725970.pdf","10.5594/JMI.2019.2915455","10.5594-JMI.2019.2915455","advert","Ad Page"
"Journal Article","2019","Journal Article Repository/2019/7261654/8725880","08725971.pdf","10.5594/JMI.2019.2915451","10.5594-JMI.2019.2915451","advert","Ad Page"
"Journal Article","2019","Journal Article Repository/2019/7261654/8725880","08725975.pdf","10.5594/JMI.2019.2915462","10.5594-JMI.2019.2915462","advert","Ad Page"
"Journal Article","2019","Journal Article Repository/2019/7261654/8725880","08725980.pdf","10.5594/JMI.2019.2913807","10.5594-JMI.2019.2913807","list-staff","Officers"
"Journal Article","2019","Journal Article Repository/2019/7261654/8725880","08725983.pdf","10.5594/JMI.2019.2913805","10.5594-JMI.2019.2913805","toc","SMPTE June 2019 Table of Contents"
"Journal Article","2019","Journal Article Repository/2019/7261654/8725880","08725984.pdf","10.5594/JMI.2019.2915458","10.5594-JMI.2019.2915458","advert","Ad Page"
"Journal Article","2019","Journal Article Repository/2019/7261654/8725880","08725985.pdf","10.5594/JMI.2019.2915453","10.5594-JMI.2019.2915453","advert","Ad Page"
"Journal Article","2019","Journal Article Repository/2019/7261654/8725880","08725987.pdf","10.5594/JMI.2019.2915468","10.5594-JMI.2019.2915468","advert","Ad Page"
"Journal Article","2019","Journal Article Repository/2019/7261654/8725880","08725988.pdf","10.5594/JMI.2019.2915464","10.5594-JMI.2019.2915464","advert","Ad Page"
"Journal Article","2019","Journal Article Repository/2019/7261654/8725880","08725989.pdf","10.5594/JMI.2019.2915460","10.5594-JMI.2019.2915460","advert","Ad Page"
"Journal Article","2019","Journal Article Repository/2019/7261654/8742706","08742707.pdf","10.5594/JMI.2019.2918034","10.5594-JMI.2019.2918034","info-society","Sustaining Members"
"Journal Article","2019","Journal Article Repository/2019/7261654/8742706","08742708.pdf","10.5594/JMI.2019.2920027","10.5594-JMI.2019.2920027","advert","Ad Page"
"Journal Article","2019","Journal Article Repository/2019/7261654/8742706","08742710.pdf","10.5594/JMI.2019.2920503","10.5594-JMI.2019.2920503","advert","Ad Page"
"Journal Article","2019","Journal Article Repository/2019/7261654/8742706","08742711.pdf","10.5594/JMI.2019.2914964","10.5594-JMI.2019.2914964","orig-research","Enhanced Redundancy of ST 2059-2 Time Transfer Over ST 2022-7 Redundant Networks"
"Journal Article","2019","Journal Article Repository/2019/7261654/8742706","08742712.pdf","10.5594/JMI.2019.2920028","10.5594-JMI.2019.2920028","advert","Ad Page"
"Journal Article","2019","Journal Article Repository/2019/7261654/8742706","08742713.pdf","10.5594/JMI.2019.2917737","10.5594-JMI.2019.2917737","info-society","SMPTE Almanac"
"Journal Article","2019","Journal Article Repository/2019/7261654/8742706","08742716.pdf","10.5594/JMI.2019.2920212","10.5594-JMI.2019.2920212","toc","SMPTE July 2019 Table of Contents"
"Journal Article","2019","Journal Article Repository/2019/7261654/8742706","08742717.pdf","10.5594/JMI.2019.2916235","10.5594-JMI.2019.2916235","meeting-report","Section Meetings"
"Journal Article","2019","Journal Article Repository/2019/7261654/8742706","08742718.pdf","10.5594/JMI.2019.2910983","10.5594-JMI.2019.2910983","orig-research","Architectural Considerations When Selecting a Neutral Form for Moving Images"
"Journal Article","2019","Journal Article Repository/2019/7261654/8742706","08742719.pdf","10.5594/JMI.2019.2920496","10.5594-JMI.2019.2920496","advert","Ad Page"
"Journal Article","2019","Journal Article Repository/2019/7261654/8742706","08742720.pdf","10.5594/JMI.2019.2910704","10.5594-JMI.2019.2910704","orig-research","A Subjective Comparison of Broadcast and Unicast Transmission Impairments"
"Journal Article","2019","Journal Article Repository/2019/7261654/8742706","08742721.pdf","10.5594/JMI.2019.2910706","10.5594-JMI.2019.2910706","orig-research","Scalability and Performance of the AMWA IS-04 and IS-05 NMOS Specifications for Networked Media"
"Journal Article","2019","Journal Article Repository/2019/7261654/8742706","08742723.pdf","10.5594/JMI.2019.2912482","10.5594-JMI.2019.2912482","orig-research","ATSC 3.0 Standards Usher in Next Gen TV Era"
"Journal Article","2019","Journal Article Repository/2019/7261654/8742706","08742724.pdf","10.5594/JMI.2019.2915761","10.5594-JMI.2019.2915761","info-society","Message from the Executive Director: SMPTE's Role in Evolving Distribution"
"Journal Article","2019","Journal Article Repository/2019/7261654/8742706","08742725.pdf","10.5594/JMI.2019.2910705","10.5594-JMI.2019.2910705","orig-research","Implementing 8K Vision Mixer for Cloud-Based Production System"
"Journal Article","2019","Journal Article Repository/2019/7261654/8742706","08742727.pdf","10.5594/JMI.2019.2916236","10.5594-JMI.2019.2916236","info-society","Update from the Standards Vice President: Evolving Distribution"
"Journal Article","2019","Journal Article Repository/2019/7261654/8742706","08742728.pdf","10.5594/JMI.2019.2916237","10.5594-JMI.2019.2916237","summary-abstract","Exclusive Article Online: Abstract"
"Journal Article","2019","Journal Article Repository/2019/7261654/8742706","08742729.pdf","10.5594/JMI.2019.2918033","10.5594-JMI.2019.2918033","list-staff","Officers"
"Journal Article","2019","Journal Article Repository/2019/7261654/8742706","08742730.pdf","10.5594/JMI.2019.2915131","10.5594-JMI.2019.2915131","front-cover","SMPTE July 2019 Front Cover"
"Journal Article","2019","Journal Article Repository/2019/7261654/8742706","08742731.pdf","10.5594/JMI.2019.2914981","10.5594-JMI.2019.2914981","advert","Ad Page"
"Journal Article","2019","Journal Article Repository/2019/7261654/8779765","08779766.pdf","10.5594/JMI.2019.2914980","10.5594-JMI.2019.2914980","advert","Ad Page"
"Journal Article","2019","Journal Article Repository/2019/7261654/8779765","08779767.pdf","10.5594/JMI.2019.2928085","10.5594-JMI.2019.2928085","advert","Ad Page"
"Journal Article","2019","Journal Article Repository/2019/7261654/8779765","08779768.pdf","10.5594/JMI.2019.2925695","10.5594-JMI.2019.2925695","list-staff","Officers"
"Journal Article","2019","Journal Article Repository/2019/7261654/8779765","08779769.pdf","10.5594/JMI.2019.2923470","10.5594-JMI.2019.2923470","summary-abstract","Exclusive Article Online: Abstract"
"Journal Article","2019","Journal Article Repository/2019/7261654/8779765","08779770.pdf","10.5594/JMI.2019.2923194","10.5594-JMI.2019.2923194","info-society","Message from the Executive Director: Media Workflows Changing All the Time"
"Journal Article","2019","Journal Article Repository/2019/7261654/8779765","08779771.pdf","10.5594/JMI.2019.2923469","10.5594-JMI.2019.2923469","meeting-report","Section Meetings"
"Journal Article","2019","Journal Article Repository/2019/7261654/8779765","08779772.pdf","10.5594/JMI.2019.2928077","10.5594-JMI.2019.2928077","advert","Ad Page"
"Journal Article","2019","Journal Article Repository/2019/7261654/8779765","08779773.pdf","10.5594/JMI.2019.2928083","10.5594-JMI.2019.2928083","advert","Ad Page"
"Journal Article","2019","Journal Article Repository/2019/7261654/8779765","08779774.pdf","10.5594/JMI.2019.2918036","10.5594-JMI.2019.2918036","orig-research","A Threat Analysis for Virtual Reality Media"
"Journal Article","2019","Journal Article Repository/2019/7261654/8779765","08779775.pdf","10.5594/JMI.2019.2920706","10.5594-JMI.2019.2920706","front-cover","SMPTE August 2019 Front Cover"
"Journal Article","2019","Journal Article Repository/2019/7261654/8779765","08779776.pdf","10.5594/JMI.2019.2925492","10.5594-JMI.2019.2925492","advert","Ad Page"
"Journal Article","2019","Journal Article Repository/2019/7261654/8779765","08779777.pdf","10.5594/JMI.2019.2917597","10.5594-JMI.2019.2917597","orig-research","Interoperable Workflows Through IMF Output Profile Lists"
"Journal Article","2019","Journal Article Repository/2019/7261654/8779765","08779778.pdf","10.5594/JMI.2019.2923351","10.5594-JMI.2019.2923351","info-society","Update from the Standards Vice President: Media Workflows"
"Journal Article","2019","Journal Article Repository/2019/7261654/8779765","08779779.pdf","10.5594/JMI.2019.2917595","10.5594-JMI.2019.2917595","orig-research","Bayesian Methods for Radiometric Calibration in Motion Picture Encoding Workflows"
"Journal Article","2019","Journal Article Repository/2019/7261654/8779765","08779780.pdf","10.5594/JMI.2019.2918035","10.5594-JMI.2019.2918035","orig-research","Nine Years of Media and Entertainment Digital Storage Surveys"
"Journal Article","2019","Journal Article Repository/2019/7261654/8779765","08779782.pdf","10.5594/JMI.2019.2928079","10.5594-JMI.2019.2928079","advert","Ad Page"
"Journal Article","2019","Journal Article Repository/2019/7261654/8779765","08779783.pdf","10.5594/JMI.2019.2923512","10.5594-JMI.2019.2923512","info-society","Sustaining Members"
"Journal Article","2019","Journal Article Repository/2019/7261654/8779765","08779784.pdf","10.5594/JMI.2019.2918037","10.5594-JMI.2019.2918037","orig-research","2-IMMERSE: A Platform for Production, Delivery, and Orchestration of Distributed Media Applications"
"Journal Article","2019","Journal Article Repository/2019/7261654/8779765","08779785.pdf","10.5594/JMI.2019.2928081","10.5594-JMI.2019.2928081","advert","Ad Page"
"Journal Article","2019","Journal Article Repository/2019/7261654/8779765","08779786.pdf","10.5594/JMI.2019.2923350","10.5594-JMI.2019.2923350","info-society","SMPTE Almanac"
"Journal Article","2019","Journal Article Repository/2019/7261654/8779765","08779787.pdf","10.5594/JMI.2019.2927905","10.5594-JMI.2019.2927905","advert","Ad Page"
"Journal Article","2019","Journal Article Repository/2019/7261654/8779765","08779788.pdf","10.5594/JMI.2019.2917596","10.5594-JMI.2019.2917596","orig-research","Good Things Come in Small Packages: Microservices for Media and the Need for Standardization"
"Journal Article","2019","Journal Article Repository/2019/7261654/8779765","08779789.pdf","10.5594/JMI.2019.2920704","10.5594-JMI.2019.2920704","toc","SMPTE August 2019 Table of Contents"
"Journal Article","2019","Journal Article Repository/2019/7261654/8779765","08781956.pdf","10.5594/JMI.2019.2923471","10.5594-JMI.2019.2923471","opinion","Results of the 2019 Society Section Elections"
"Journal Article","2019","Journal Article Repository/2019/7261654/8807387","08807388.pdf","10.5594/JMI.2019.2927137","10.5594-JMI.2019.2927137","meeting-report","Section Meetings"
"Journal Article","2019","Journal Article Repository/2019/7261654/8807387","08807390.pdf","10.5594/JMI.2019.2925232","10.5594-JMI.2019.2925232","orig-research","Update from the UHD Forum"
"Journal Article","2019","Journal Article Repository/2019/7261654/8807387","08807391.pdf","10.5594/JMI.2019.2926214","10.5594-JMI.2019.2926214","opinion","Introduction to the 2019 Progress Report: Building Communities"
"Journal Article","2019","Journal Article Repository/2019/7261654/8807387","08807392.pdf","10.5594/JMI.2019.2925205","10.5594-JMI.2019.2925205","orig-research","Blockchain in Media—A True Calling?"
"Journal Article","2019","Journal Article Repository/2019/7261654/8807387","08807393.pdf","10.5594/JMI.2019.2934611","10.5594-JMI.2019.2934611","advert","Ad Page"
"Journal Article","2019","Journal Article Repository/2019/7261654/8807387","08807394.pdf","10.5594/JMI.2019.2924298","10.5594-JMI.2019.2924298","orig-research","Streaming Video Alliance Progress Report"
"Journal Article","2019","Journal Article Repository/2019/7261654/8807387","08807395.pdf","10.5594/JMI.2019.2927851","10.5594-JMI.2019.2927851","info-society","Sustaining Members"
"Journal Article","2019","Journal Article Repository/2019/7261654/8807387","08807396.pdf","10.5594/JMI.2019.2924336","10.5594-JMI.2019.2924336","orig-research","Updates on the Joint Task Force on Networked Media, the Advanced Media Workflow Association, and the Video Services Forum"
"Journal Article","2019","Journal Article Repository/2019/7261654/8807387","08807397.pdf","10.5594/JMI.2019.2930419","10.5594-JMI.2019.2930419","advert","Hitachi Ad"
"Journal Article","2019","Journal Article Repository/2019/7261654/8807387","08807398.pdf","10.5594/JMI.2019.2918975","10.5594-JMI.2019.2918975","orig-research","Production, Contribution, and Distribution of TV and Radio Services Over 3GPP Systems"
"Journal Article","2019","Journal Article Repository/2019/7261654/8807387","08807399.pdf","10.5594/JMI.2019.2924813","10.5594-JMI.2019.2924813","orig-research","Digital Video Broadcasting in 2019"
"Journal Article","2019","Journal Article Repository/2019/7261654/8807387","08807400.pdf","10.5594/JMI.2019.2924712","10.5594-JMI.2019.2924712","opinion","Reports from the SMPTE Technology Committees"
"Journal Article","2019","Journal Article Repository/2019/7261654/8807387","08807401.pdf","10.5594/JMI.2019.2927138","10.5594-JMI.2019.2927138","opinion","SMPTE 2019 Annual Technical Conference Preliminary Program"
"Journal Article","2019","Journal Article Repository/2019/7261654/8807387","08807402.pdf","10.5594/JMI.2019.2918980","10.5594-JMI.2019.2918980","orig-research","ITU-R Study Group 6 Progress Report"
"Journal Article","2019","Journal Article Repository/2019/7261654/8807387","08807403.pdf","10.5594/JMI.2019.2924303","10.5594-JMI.2019.2924303","orig-research","Report from the Academy of Motion Picture Arts and Sciences' Science and Technology Council"
"Journal Article","2019","Journal Article Repository/2019/7261654/8807387","08807404.pdf","10.5594/JMI.2019.2932918","10.5594-JMI.2019.2932918","advert","Ad Page"
"Journal Article","2019","Journal Article Repository/2019/7261654/8807387","08807405.pdf","10.5594/JMI.2019.2932928","10.5594-JMI.2019.2932928","advert","Ad Page"
"Journal Article","2019","Journal Article Repository/2019/7261654/8807387","08807406.pdf","10.5594/JMI.2019.2924814","10.5594-JMI.2019.2924814","orig-research","American Society of Cinematographers Motion Imaging Technology Council Progress Report 2019"
"Journal Article","2019","Journal Article Repository/2019/7261654/8807387","08807407.pdf","10.5594/JMI.2019.2927900","10.5594-JMI.2019.2927900","info-society","SMPTE Almanac"
"Journal Article","2019","Journal Article Repository/2019/7261654/8807387","08807408.pdf","10.5594/JMI.2019.2925491","10.5594-JMI.2019.2925491","front-cover","SMPTE September 2019 Front Cover"
"Journal Article","2019","Journal Article Repository/2019/7261654/8807387","08807409.pdf","10.5594/JMI.2019.2922085","10.5594-JMI.2019.2922085","orig-research","Display Technology 2019: Never a Dull Moment"
"Journal Article","2019","Journal Article Repository/2019/7261654/8807387","08807410.pdf","10.5594/JMI.2019.2930334","10.5594-JMI.2019.2930334","advert","Blackmagic Ad"
"Journal Article","2019","Journal Article Repository/2019/7261654/8807387","08807411.pdf","10.5594/JMI.2019.2925261","10.5594-JMI.2019.2925261","orig-research","Promising Noises About Media Sound? A Progress Report on the NGA/AdvSS Developments in the ITU-R in 2018/2019"
"Journal Article","2019","Journal Article Repository/2019/7261654/8807387","08807412.pdf","10.5594/JMI.2019.2932633","10.5594-JMI.2019.2932633","toc","SMPTE September 2019 Table of Contents"
"Journal Article","2019","Journal Article Repository/2019/7261654/8807387","08807413.pdf","10.5594/JMI.2019.2926930","10.5594-JMI.2019.2926930","opinion","Introduction to the SMPTE Technology Committee Reports"
"Journal Article","2019","Journal Article Repository/2019/7261654/8807387","08807414.pdf","10.5594/JMI.2019.2921413","10.5594-JMI.2019.2921413","orig-research","Virtual Reality Industry Forum's View on State of the Immersive Media Industry"
"Journal Article","2019","Journal Article Repository/2019/7261654/8807387","08807415.pdf","10.5594/JMI.2019.2932655","10.5594-JMI.2019.2932655","list-staff","Officers"
"Journal Article","2019","Journal Article Repository/2019/7261654/8807387","08807416.pdf","10.5594/JMI.2019.2919088","10.5594-JMI.2019.2919088","orig-research","Progress Report of the Advanced Television Systems Committee"
"Journal Article","2019","Journal Article Repository/2019/7261654/8807387","08807417.pdf","10.5594/JMI.2019.2919208","10.5594-JMI.2019.2919208","orig-research","Report from the Digital Partnership Production"
"Journal Article","2019","Journal Article Repository/2019/7261654/8807387","08807418.pdf","10.5594/JMI.2019.2924299","10.5594-JMI.2019.2924299","orig-research","How Do Standards Organizations like SMPTE Survive in an Agile Software World?"
"Journal Article","2019","Journal Article Repository/2019/7261654/8807387","08807419.pdf","10.5594/JMI.2019.2932926","10.5594-JMI.2019.2932926","advert","Ad Page"
"Journal Article","2019","Journal Article Repository/2019/7261654/8807387","08807420.pdf","10.5594/JMI.2019.2920767","10.5594-JMI.2019.2920767","orig-research","2019 Update from the Consumer Technology Association"
"Journal Article","2019","Journal Article Repository/2019/7261654/8807387","08807421.pdf","10.5594/JMI.2019.2918976","10.5594-JMI.2019.2918976","orig-research","World Broadcasting Unions Committees—A 2019 Progress Report"
"Journal Article","2019","Journal Article Repository/2019/7261654/8807387","08807422.pdf","10.5594/JMI.2019.2928390","10.5594-JMI.2019.2928390","info-society","Message from the Executive Director: Annual Progress Report Shows Much in Development"
"Journal Article","2019","Journal Article Repository/2019/7261654/8846788","08846789.pdf","10.5594/JMI.2019.2941160","10.5594-JMI.2019.2941160","content-announce","Evertz"
"Journal Article","2019","Journal Article Repository/2019/7261654/8846788","08846790.pdf","10.5594/JMI.2019.2938118","10.5594-JMI.2019.2938118","content-announce","Blackmagic URSA"
"Journal Article","2019","Journal Article Repository/2019/7261654/8846788","08846809.pdf","10.5594/JMI.2019.2941159","10.5594-JMI.2019.2941159","advert","Ad Page"
"Journal Article","2019","Journal Article Repository/2019/7261654/8846788","08846810.pdf","10.5594/JMI.2019.2935880","10.5594-JMI.2019.2935880","info-society","Sustaining Members"
"Journal Article","2019","Journal Article Repository/2019/7261654/8846788","08846811.pdf","10.5594/JMI.2019.2932631","10.5594-JMI.2019.2932631","front-cover","SMPTE October 2019 Front Cover"
"Journal Article","2019","Journal Article Repository/2019/7261654/8846788","08846812.pdf","10.5594/JMI.2019.2937693","10.5594-JMI.2019.2937693","content-announce","Deluxe"
"Journal Article","2019","Journal Article Repository/2019/7261654/8846788","08846815.pdf","10.5594/JMI.2019.2937696","10.5594-JMI.2019.2937696","advert","Hitachi Ad"
"Journal Article","2019","Journal Article Repository/2019/7261654/8846788","08846817.pdf","10.5594/JMI.2019.2938119","10.5594-JMI.2019.2938119","content-announce","Blackmagic DaVinci"
"Journal Article","2019","Journal Article Repository/2019/7261654/8846788","08846818.pdf","10.5594/JMI.2019.2937533","10.5594-JMI.2019.2937533","content-announce","Bridge Technologies"
"Journal Article","2019","Journal Article Repository/2019/7261654/8846788","08846820.pdf","10.5594/JMI.2019.2937534","10.5594-JMI.2019.2937534","content-announce","Call for Papers"
"Journal Article","2019","Journal Article Repository/2019/7261654/8846788","08846821.pdf","10.5594/JMI.2019.2941097","10.5594-JMI.2019.2941097","advert","Ad Page"
"Journal Article","2019","Journal Article Repository/2019/7261654/8846788","08846824.pdf","10.5594/JMI.2019.2941095","10.5594-JMI.2019.2941095","list-staff","Officers"
"Journal Article","2019","Journal Article Repository/2019/7261654/8846788","08846826.pdf","10.5594/JMI.2019.2931859","10.5594-JMI.2019.2931859","orig-research","Broadcast Channel Origination As a Service: From Concept to Operational Implementation"
"Journal Article","2019","Journal Article Repository/2019/7261654/8846788","08846827.pdf","10.5594/JMI.2019.2935881","10.5594-JMI.2019.2935881","info-society","SMPTE Almanac"
"Journal Article","2019","Journal Article Repository/2019/7261654/8846788","08846828.pdf","10.5594/JMI.2019.2941164","10.5594-JMI.2019.2941164","toc","SMPTE October 2019 Table of Contents"
"Journal Article","2019","Journal Article Repository/2019/7261654/8846788","08846848.pdf","10.5594/JMI.2019.2935882","10.5594-JMI.2019.2935882","info-society","Update from the Standards Vice President: Cloud"
"Journal Article","2019","Journal Article Repository/2019/7261654/8846788","08846849.pdf","10.5594/JMI.2019.2931861","10.5594-JMI.2019.2931861","opinion","2019 SMPTE Fellows"
"Journal Article","2019","Journal Article Repository/2019/7261654/8846788","08846850.pdf","10.5594/JMI.2019.2932207","10.5594-JMI.2019.2932207","orig-research","Beyond Better Pixels: How HDR Perceptually and Emotionally Affects Storytelling"
"Journal Article","2019","Journal Article Repository/2019/7261654/8846788","08846851.pdf","10.5594/JMI.2019.2934696","10.5594-JMI.2019.2934696","opinion","SMPTE 2019 Annual Technical Conference Program"
"Journal Article","2019","Journal Article Repository/2019/7261654/8846788","08846852.pdf","10.5594/JMI.2019.2933942","10.5594-JMI.2019.2933942","info-society","Message from the Executive Director: Remembering SMPTE in Your Planning"
"Journal Article","2019","Journal Article Repository/2019/7261654/8846788","08846853.pdf","10.5594/JMI.2019.2931600","10.5594-JMI.2019.2931600","orig-research","The Infinite Capacity Media Machine"
"Journal Article","2019","Journal Article Repository/2019/7261654/8846788","08846854.pdf","10.5594/JMI.2019.2931860","10.5594-JMI.2019.2931860","opinion","2019 Honors and Awards Recipients"
"Journal Article","2019","Journal Article Repository/2019/7261654/8846788","08846855.pdf","10.5594/JMI.2019.2933757","10.5594-JMI.2019.2933757","orig-research","Media Cloud Fundamentals"
"Journal Article","2019","Journal Article Repository/2019/7261654/8846788","08846856.pdf","10.5594/JMI.2019.2932163","10.5594-JMI.2019.2932163","orig-research","Automating Metadata Logging Through Artificial Intelligence"
"Journal Article","2019","Journal Article Repository/2019/7261654/8846788","08846857.pdf","10.5594/JMI.2019.2932209","10.5594-JMI.2019.2932209","orig-research","UHD Introduction at the Canadian Broadcasting Corporation: A Case Study"
"Journal Article","2019","Journal Article Repository/2019/7261654/8846788","08846858.pdf","10.5594/JMI.2019.2935857","10.5594-JMI.2019.2935857","summary-abstract","Exclusive Article Online: Abstract"
"Journal Article","2019","Journal Article Repository/2019/7261654/8901104","08901105.pdf","10.5594/JMI.2019.2947970","10.5594-JMI.2019.2947970","content-announce","Evertz"
"Journal Article","2019","Journal Article Repository/2019/7261654/8901104","08901106.pdf","10.5594/JMI.2019.2944777","10.5594-JMI.2019.2944777","meeting-report","Section Meetings"
"Journal Article","2019","Journal Article Repository/2019/7261654/8901104","08901107.pdf","10.5594/JMI.2019.2942980","10.5594-JMI.2019.2942980","front-cover","SMPTE November/December 2019 Front Cover"
"Journal Article","2019","Journal Article Repository/2019/7261654/8901104","08901229.pdf","10.5594/JMI.2019.2941402","10.5594-JMI.2019.2941402","opinion","Introduction: BEYOND HEVC"
"Journal Article","2019","Journal Article Repository/2019/7261654/8901104","08901230.pdf","10.5594/JMI.2019.2944465","10.5594-JMI.2019.2944465","info-society","SMPTE Almanac"
"Journal Article","2019","Journal Article Repository/2019/7261654/8901104","08901231.pdf","10.5594/JMI.2019.2949941","10.5594-JMI.2019.2949941","content-announce","AJA"
"Journal Article","2019","Journal Article Repository/2019/7261654/8901104","08901232.pdf","10.5594/JMI.2019.2946039","10.5594-JMI.2019.2946039","info-society","Sustaining Members"
"Journal Article","2019","Journal Article Repository/2019/7261654/8901104","08901233.pdf","10.5594/JMI.2019.2947977","10.5594-JMI.2019.2947977","content-announce","Call for Papers"
"Journal Article","2019","Journal Article Repository/2019/7261654/8901104","08901234.pdf","10.5594/JMI.2019.2944772","10.5594-JMI.2019.2944772","opinion","Compression"
"Journal Article","2019","Journal Article Repository/2019/7261654/8901104","08901235.pdf","10.5594/JMI.2019.2950136","10.5594-JMI.2019.2950136","toc","SMPTE November/December 2019 Table of Contents"
"Journal Article","2019","Journal Article Repository/2019/7261654/8901104","08901236.pdf","10.5594/JMI.2019.2946011","10.5594-JMI.2019.2946011","list-staff","Officers"
"Journal Article","2019","Journal Article Repository/2019/7261654/8901104","08901237.pdf","10.5594/JMI.2019.2944446","10.5594-JMI.2019.2944446","content-announce","Statement of Ownership, Management, and Circulation"
"Journal Article","2019","Journal Article Repository/2019/7261654/8901104","08901238.pdf","10.5594/JMI.2019.2953416","10.5594-JMI.2019.2953416","content-announce","SMPTE Membership Journal Ad-VR-4"
"Journal Article","2019","Journal Article Repository/2019/7261654/8901104","08901239.pdf","10.5594/JMI.2019.2945131","10.5594-JMI.2019.2945131","info-society","A Message from the Executive Director: Progress in the SMPTE Three-Year Strategic Plan"
"Journal Article","2019","Journal Article Repository/2019/7261654/8901104","08901240.pdf","10.5594/JMI.2019.2946666","10.5594-JMI.2019.2946666","advert","Blackmagic ad"
"Journal Article","2019","Journal Article Repository/2019/7261654/8901104","08901241.pdf","10.5594/JMI.2019.2944773","10.5594-JMI.2019.2944773","summary-abstract","Exclusive Articles Online: Abstracts"
"Journal Article","2019","Journal Article Repository/2019/7261654/8901104","08901242.pdf","10.5594/JMI.2019.2947968","10.5594-JMI.2019.2947968","advert","Hitachi Ad"
"Journal Article","2019","Journal Article Repository/2019/7261654/8901104","08901354.pdf","10.5594/JMI.2019.2941361","10.5594-JMI.2019.2941361","orig-research","Visual Perception Entropy Measure"
"Journal Article","2019","Journal Article Repository/2019/7261654/8901104","08901355.pdf","10.5594/JMI.2019.2937737","10.5594-JMI.2019.2937737","orig-research","The XVC Video Code”A Revolutionary Software-Defined Video Compression Format"
"Journal Article","2019","Journal Article Repository/2019/7261654/8901104","08901356.pdf","10.5594/JMI.2019.2937736","10.5594-JMI.2019.2937736","orig-research","Analysis of Emerging Video Codecs: Coding Tools, Compression Efficiency"
"Journal Article","2019","Journal Article Repository/2019/7261654/8901104","08901357.pdf","10.5594/JMI.2019.2940860","10.5594-JMI.2019.2940860","orig-research","Quantitative Evaluation and Attribute of Overall Brightness in a High Dynamic Range World"
"Journal Article","2019","Journal Article Repository/2019/7261654/8901104","08901358.pdf","10.5594/JMI.2019.2941362","10.5594-JMI.2019.2941362","orig-research","Understanding MPEG-I Coding Standardization in Immersive VR/AR Applications"
"Journal Article","2019","Journal Article Repository/2019/7261654/8901104","08901359.pdf","10.5594/JMI.2019.2937723","10.5594-JMI.2019.2937723","orig-research","Understanding the Video Codec Jungle: A Comparison of TCO and Compression Efficiency"
"Journal Article","2020","Journal Article Repository/2020/7261654/8964599","08964600.pdf","10.5594/JMI.2019.2959155","10.5594-JMI.2019.2959155","list-staff","Officers"
"Journal Article","2020","Journal Article Repository/2020/7261654/8964599","08964603.pdf","10.5594/JMI.2020.2964462","10.5594-JMI.2020.2964462","content-announce","Call for Papers"
"Journal Article","2020","Journal Article Repository/2020/7261654/8964599","08964606.pdf","10.5594/JMI.2020.2964487","10.5594-JMI.2020.2964487","advert","Blackmagic ad"
"Journal Article","2020","Journal Article Repository/2020/7261654/8964599","08964607.pdf","10.5594/JMI.2019.2959153","10.5594-JMI.2019.2959153","info-society","Sustaining Members"
"Journal Article","2020","Journal Article Repository/2020/7261654/8964599","08964608.pdf","10.5594/JMI.2020.2965264","10.5594-JMI.2020.2965264","content-announce","Evertz"
"Journal Article","2020","Journal Article Repository/2020/7261654/8964599","08964609.pdf","10.5594/JMI.2020.2965675","10.5594-JMI.2020.2965675","content-announce","AJA"
"Journal Article","2020","Journal Article Repository/2020/7261654/8964599","08964611.pdf","10.5594/JMI.2020.2964464","10.5594-JMI.2020.2964464","advert","Magic and Miracles ad"
"Journal Article","2020","Journal Article Repository/2020/7261654/8964599","08964614.pdf","10.5594/JMI.2020.2964466","10.5594-JMI.2020.2964466","info-society","SMPTE Membership application"
"Journal Article","2020","Journal Article Repository/2020/7261654/8964599","08964620.pdf","10.5594/JMI.2019.2960680","10.5594-JMI.2019.2960680","advert","NAB ad"
"Journal Article","2020","Journal Article Repository/2020/7261654/8964599","08964621.pdf","10.5594/JMI.2019.2961015","10.5594-JMI.2019.2961015","front-cover","SMPTE January/February 2020 Front Cover"
"Journal Article","2020","Journal Article Repository/2020/7261654/8964599","08964623.pdf","10.5594/JMI.2020.2964437","10.5594-JMI.2020.2964437","toc","SMPTE January/February 2020 Table of Contents"
"Journal Article","2020","Journal Article Repository/2020/7261654/8964599","08964624.pdf","10.5594/JMI.2019.2956664","10.5594-JMI.2019.2956664","obit","In Memoriam: Frank L. Flemming"
"Journal Article","2020","Journal Article Repository/2020/7261654/8964599","08964625.pdf","10.5594/JMI.2019.2957685","10.5594-JMI.2019.2957685","meeting-report","Section Meetings"
"Journal Article","2020","Journal Article Repository/2020/7261654/8964599","08964626.pdf","10.5594/JMI.2019.2957632","10.5594-JMI.2019.2957632","opinion","SMPTE 2019 Annual Technical Conference: Discover, Engage, Excel—A Reimagined Program and Special Space Day"
"Journal Article","2020","Journal Article Repository/2020/7261654/8964599","08964627.pdf","10.5594/JMI.2019.2958636","10.5594-JMI.2019.2958636","info-society","Message from the Executive Director: A Ten-year Reflection, Backwards and Forwards"
"Journal Article","2020","Journal Article Repository/2020/7261654/8964599","08964628.pdf","10.5594/JMI.2019.2957686","10.5594-JMI.2019.2957686","info-society","Update from the Standards Vice President"
"Journal Article","2020","Journal Article Repository/2020/7261654/8964599","08964629.pdf","10.5594/JMI.2019.2956663","10.5594-JMI.2019.2956663","info-society","SMPTE Almanac"
"Journal Article","2020","Journal Article Repository/2020/7261654/8964599","08964631.pdf","10.5594/JMI.2019.2948002","10.5594-JMI.2019.2948002","opinion","Introduction: Blockchain in Media and Entertainment"
"Journal Article","2020","Journal Article Repository/2020/7261654/8964599","08965244.pdf","10.5594/JMI.2019.2952632","10.5594-JMI.2019.2952632","orig-research","Using Blockchain and Smart Contracts to Ensure Genuine Media Assets"
"Journal Article","2020","Journal Article Repository/2020/7261654/8964599","08965245.pdf","10.5594/JMI.2019.2951267","10.5594-JMI.2019.2951267","orig-research","The Effect of Synthetic Shutter on Judder Perception—an HFR &amp; HDR Data Set and User Study"
"Journal Article","2020","Journal Article Repository/2020/7261654/8964599","08965246.pdf","10.5594/JMI.2019.2951827","10.5594-JMI.2019.2951827","orig-research","AV1: Implementation, Performance, and Application"
"Journal Article","2020","Journal Article Repository/2020/7261654/8964599","08965247.pdf","10.5594/JMI.2019.2947989","10.5594-JMI.2019.2947989","orig-research","Metadata and Rights Management for Media Assets Using Blockchain Technology"
"Journal Article","2020","Journal Article Repository/2020/7261654/8964599","08965268.pdf","10.5594/JMI.2019.2951250","10.5594-JMI.2019.2951250","orig-research","Using Blockchain to Manage Production and Distribution"
"Journal Article","2020","Journal Article Repository/2020/7261654/9028729","09028730.pdf","10.5594/JMI.2020.2969794","10.5594-JMI.2020.2969794","info-society","Update from the Standards Vice President: AI and ML"
"Journal Article","2020","Journal Article Repository/2020/7261654/9028729","09028731.pdf","10.5594/JMI.2020.2970350","10.5594-JMI.2020.2970350","advert","Ad Page"
"Journal Article","2020","Journal Article Repository/2020/7261654/9028729","09028733.pdf","10.5594/JMI.2020.2970347","10.5594-JMI.2020.2970347","content-announce","AJA"
"Journal Article","2020","Journal Article Repository/2020/7261654/9028729","09028734.pdf","10.5594/JMI.2020.2972244","10.5594-JMI.2020.2972244","advert","Ad Page"
"Journal Article","2020","Journal Article Repository/2020/7261654/9028729","09028735.pdf","10.5594/JMI.2020.2975452","10.5594-JMI.2020.2975452","toc","SMPTE March 2020 Table of Contents"
"Journal Article","2020","Journal Article Repository/2020/7261654/9028729","09028736.pdf","10.5594/JMI.2020.2973827","10.5594-JMI.2020.2973827","content-announce","Evertz"
"Journal Article","2020","Journal Article Repository/2020/7261654/9028729","09028739.pdf","10.5594/JMI.2020.2972243","10.5594-JMI.2020.2972243","advert","Ad Page"
"Journal Article","2020","Journal Article Repository/2020/7261654/9028729","09028740.pdf","10.5594/JMI.2020.2971746","10.5594-JMI.2020.2971746","meeting-report","Section Meetings"
"Journal Article","2020","Journal Article Repository/2020/7261654/9028729","09028741.pdf","10.5594/JMI.2020.2970826","10.5594-JMI.2020.2970826","info-society","Message from the Executive Director"
"Journal Article","2020","Journal Article Repository/2020/7261654/9028729","09028742.pdf","10.5594/JMI.2020.2970588","10.5594-JMI.2020.2970588","info-society","SMPTE Almanac"
"Journal Article","2020","Journal Article Repository/2020/7261654/9028729","09028743.pdf","10.5594/JMI.2020.2967204","10.5594-JMI.2020.2967204","orig-research","AI IN PRODUCTION: VIDEO ANALYSIS AND MACHINE LEARNING FOR EXPANDED LIVE EVENTS COVERAGE"
"Journal Article","2020","Journal Article Repository/2020/7261654/9028729","09028744.pdf","10.5594/JMI.2019.2959967","10.5594-JMI.2019.2959967","orig-research","Rotoscope Automation with Deep Learning"
"Journal Article","2020","Journal Article Repository/2020/7261654/9028729","09028745.pdf","10.5594/JMI.2020.2965022","10.5594-JMI.2020.2965022","orig-research","A Review of 3D-LUT Performance in 10-bit and 12-bit HDR BT.2100 PQ"
"Journal Article","2020","Journal Article Repository/2020/7261654/9028729","09028746.pdf","10.5594/JMI.2019.2959173","10.5594-JMI.2019.2959173","orig-research","AI-Driven Smart Production"
"Journal Article","2020","Journal Article Repository/2020/7261654/9028729","09028747.pdf","10.5594/JMI.2020.2964182","10.5594-JMI.2020.2964182","opinion","Introduction: AL and Machine Learning"
"Journal Article","2020","Journal Article Repository/2020/7261654/9028729","09028748.pdf","10.5594/JMI.2020.2971129","10.5594-JMI.2020.2971129","list-staff","Officers"
"Journal Article","2020","Journal Article Repository/2020/7261654/9028729","09028749.pdf","10.5594/JMI.2020.2970348","10.5594-JMI.2020.2970348","advert","Blackmagic ad"
"Journal Article","2020","Journal Article Repository/2020/7261654/9028729","09028750.pdf","10.5594/JMI.2020.2971127","10.5594-JMI.2020.2971127","info-society","Sustaining Members"
"Journal Article","2020","Journal Article Repository/2020/7261654/9028729","09028751.pdf","10.5594/JMI.2020.2972415","10.5594-JMI.2020.2972415","front-cover","SMPTE March 2020 Front Cover"
"Journal Article","2020","Journal Article Repository/2020/7261654/9028729","09028768.pdf","10.5594/JMI.2020.2964181","10.5594-JMI.2020.2964181","orig-research","Editing in the Cloud"
"Journal Article","2020","Journal Article Repository/2020/7261654/9068328","09068329.pdf","10.5594/JMI.2020.2978999","10.5594-JMI.2020.2978999","advert","Blackmagic ad"
"Journal Article","2020","Journal Article Repository/2020/7261654/9068328","09068330.pdf","10.5594/JMI.2020.2981752","10.5594-JMI.2020.2981752","front-cover","SMPTE April 2020 Front Cover"
"Journal Article","2020","Journal Article Repository/2020/7261654/9068328","09068333.pdf","10.5594/JMI.2020.2983246","10.5594-JMI.2020.2983246","toc","SMPTE April 2020 Table of Contents"
"Journal Article","2020","Journal Article Repository/2020/7261654/9068328","09068336.pdf","10.5594/JMI.2020.2981781","10.5594-JMI.2020.2981781","advert","Ad Page"
"Journal Article","2020","Journal Article Repository/2020/7261654/9068328","09068337.pdf","10.5594/JMI.2020.2981783","10.5594-JMI.2020.2981783","content-announce","Evertz"
"Journal Article","2020","Journal Article Repository/2020/7261654/9068328","09068340.pdf","10.5594/JMI.2020.2979040","10.5594-JMI.2020.2979040","info-society","Sustaining Members"
"Journal Article","2020","Journal Article Repository/2020/7261654/9068328","09068346.pdf","10.5594/JMI.2020.2983379","10.5594-JMI.2020.2983379","content-announce","AJA"
"Journal Article","2020","Journal Article Repository/2020/7261654/9068328","09068349.pdf","10.5594/JMI.2020.2979042","10.5594-JMI.2020.2979042","list-staff","Officers"
"Journal Article","2020","Journal Article Repository/2020/7261654/9068328","09068381.pdf","10.5594/JMI.2020.2977801","10.5594-JMI.2020.2977801","info-society","Message from the Executive Director: What’s This Thing Called the Sharing Economy?"
"Journal Article","2020","Journal Article Repository/2020/7261654/9068328","09068382.pdf","10.5594/JMI.2020.2978954","10.5594-JMI.2020.2978954","meeting-report","Section Meetings"
"Journal Article","2020","Journal Article Repository/2020/7261654/9068328","09068383.pdf","10.5594/JMI.2020.2976229","10.5594-JMI.2020.2976229","info-society","Update from the Standards Vice President: Streaming"
"Journal Article","2020","Journal Article Repository/2020/7261654/9068328","09068384.pdf","10.5594/JMI.2020.2976228","10.5594-JMI.2020.2976228","info-society","SMPTE Almanac"
"Journal Article","2020","Journal Article Repository/2020/7261654/9068328","09069342.pdf","10.5594/JMI.2020.2969763","10.5594-JMI.2020.2969763","orig-research","How OTT Services Can Match the Quality of Broadcast"
"Journal Article","2020","Journal Article Repository/2020/7261654/9068328","09069343.pdf","10.5594/JMI.2020.2969762","10.5594-JMI.2020.2969762","orig-research","Applying Automation to High Quality/Low Cost Orchestra Live Streaming"
"Journal Article","2020","Journal Article Repository/2020/7261654/9068328","09069357.pdf","10.5594/JMI.2020.2971372","10.5594-JMI.2020.2971372","orig-research","Display Standards for French Cinemas"
"Journal Article","2020","Journal Article Repository/2020/7261654/9068328","09069358.pdf","10.5594/JMI.2020.2973561","10.5594-JMI.2020.2973561","orig-research","Optimizing Mass-Scale Multi-Screen Video Delivery"
"Journal Article","2020","Journal Article Repository/2020/7261654/9068328","09069360.pdf","10.5594/JMI.2019.2957687","10.5594-JMI.2019.2957687","orig-research","The Decentralized Rights Locker"
"Journal Article","2020","Journal Article Repository/2020/7261654/9068328","09069361.pdf","10.5594/JMI.2020.2976257","10.5594-JMI.2020.2976257","orig-research","Streaming Video Fundamentals"
"Journal Article","2020","Journal Article Repository/2020/7261654/9085456","09085457.pdf","10.5594/JMI.2020.2985554","10.5594-JMI.2020.2985554","front-cover","SMPTE May 2020 Front Cover"
"Journal Article","2020","Journal Article Repository/2020/7261654/9085456","09085458.pdf","10.5594/JMI.2020.2985898","10.5594-JMI.2020.2985898","advert","Ad Page"
"Journal Article","2020","Journal Article Repository/2020/7261654/9085456","09085459.pdf","10.5594/JMI.2020.2985901","10.5594-JMI.2020.2985901","advert","Ad Page"
"Journal Article","2020","Journal Article Repository/2020/7261654/9085456","09085460.pdf","10.5594/JMI.2020.2988624","10.5594-JMI.2020.2988624","content-announce","AJA"
"Journal Article","2020","Journal Article Repository/2020/7261654/9085456","09085461.pdf","10.5594/JMI.2020.2986568","10.5594-JMI.2020.2986568","advert","Blackmagic ad"
"Journal Article","2020","Journal Article Repository/2020/7261654/9085456","09085462.pdf","10.5594/JMI.2020.2991323","10.5594-JMI.2020.2991323","advert","Ad Page"
"Journal Article","2020","Journal Article Repository/2020/7261654/9085456","09085463.pdf","10.5594/JMI.2020.2984107","10.5594-JMI.2020.2984107","info-society","Sustaining Members"
"Journal Article","2020","Journal Article Repository/2020/7261654/9085456","09085464.pdf","10.5594/JMI.2020.2984105","10.5594-JMI.2020.2984105","list-staff","Officers"
"Journal Article","2020","Journal Article Repository/2020/7261654/9085456","09085465.pdf","10.5594/JMI.2020.2989876","10.5594-JMI.2020.2989876","toc","SMPTE May 2020 Table of Contents"
"Journal Article","2020","Journal Article Repository/2020/7261654/9085456","09085466.pdf","10.5594/JMI.2020.2985900","10.5594-JMI.2020.2985900","advert","Ad Page"
"Journal Article","2020","Journal Article Repository/2020/7261654/9085456","09085468.pdf","10.5594/JMI.2020.2985489","10.5594-JMI.2020.2985489","obit","In Memoriam"
"Journal Article","2020","Journal Article Repository/2020/7261654/9085456","09085469.pdf","10.5594/JMI.2020.2984963","10.5594-JMI.2020.2984963","info-society","SMPTE Almanac"
"Journal Article","2020","Journal Article Repository/2020/7261654/9085456","09085470.pdf","10.5594/JMI.2020.2984962","10.5594-JMI.2020.2984962","info-society","Update from the Standards Vice President"
"Journal Article","2020","Journal Article Repository/2020/7261654/9085456","09085471.pdf","10.5594/JMI.2020.2985633","10.5594-JMI.2020.2985633","meeting-report","Section Meetings"
"Journal Article","2020","Journal Article Repository/2020/7261654/9085456","09085472.pdf","10.5594/JMI.2020.2985632","10.5594-JMI.2020.2985632","opinion","Online-only Abstracts: Engineering Design Challenges in Realization of a Very Large IP-Based Television Facility"
"Journal Article","2020","Journal Article Repository/2020/7261654/9085456","09085473.pdf","10.5594/JMI.2020.2984047","10.5594-JMI.2020.2984047","info-society","Message from the Executive Director: In Times Like These, It’s Great to have a Global Community"
"Journal Article","2020","Journal Article Repository/2020/7261654/9085456","09085474.pdf","10.5594/JMI.2020.2984045","10.5594-JMI.2020.2984045","orig-research","Engineering Design Challenges in Realization of a Very Large IP-Based Television Facility"
"Journal Article","2020","Journal Article Repository/2020/7261654/9085456","09086638.pdf","10.5594/JMI.2020.2982525","10.5594-JMI.2020.2982525","orig-research","GPIO Over IP—AMWA IS-07 as a General-Purpose API that Easily Scales"
"Journal Article","2020","Journal Article Repository/2020/7261654/9085456","09086639.pdf","10.5594/JMI.2020.2980600","10.5594-JMI.2020.2980600","orig-research","How CBC/Radio-Canada Tested Media-over-IP Devices to Build its New Facility"
"Journal Article","2020","Journal Article Repository/2020/7261654/9085456","09086648.pdf","10.5594/JMI.2020.2984046","10.5594-JMI.2020.2984046","orig-research","Color Volume and Hue-preservation in HDR Tone Mapping"
"Journal Article","2020","Journal Article Repository/2020/7261654/9085456","09086711.pdf","10.5594/JMI.2020.2979621","10.5594-JMI.2020.2979621","orig-research","Regional Contents in a National DVB-T2 SFN: A Novel Approach Based on DVB-SIS"
"Journal Article","2020","Journal Article Repository/2020/7261654/9085456","09089056.pdf","10.5594/JMI.2020.2979652","10.5594-JMI.2020.2979652","orig-research","Strategies to Protect Time Transfer in ST 2059-2 PTP Networks"
"Journal Article","2020","Journal Article Repository/2020/7261654/9109586","09109540.pdf","10.5594/JMI.2020.2987667","10.5594-JMI.2020.2987667","opinion","The Creative Process of Designing Today’s Movie Soundtracks"
"Journal Article","2020","Journal Article Repository/2020/7261654/9109586","09109541.pdf","10.5594/JMI.2020.2990613","10.5594-JMI.2020.2990613","orig-research","Audio Fundamentals: Audio Magic in Movies and Our Daily Lives"
"Journal Article","2020","Journal Article Repository/2020/7261654/9109586","09109542.pdf","10.5594/JMI.2020.2992917","10.5594-JMI.2020.2992917","info-society","Update from the Standards Vice President: Audio"
"Journal Article","2020","Journal Article Repository/2020/7261654/9109586","09109543.pdf","10.5594/JMI.2020.2991491","10.5594-JMI.2020.2991491","info-society","SMPTE Almanac"
"Journal Article","2020","Journal Article Repository/2020/7261654/9109586","09109544.pdf","10.5594/JMI.2020.2990816","10.5594-JMI.2020.2990816","info-society","Message from the Executive Director: Don’t Worry, SMPTE Will Be OK"
"Journal Article","2020","Journal Article Repository/2020/7261654/9109586","09109546.pdf","10.5594/JMI.2020.2986622","10.5594-JMI.2020.2986622","orig-research","A New Signal for Measuring Loudspeaker Maximum Linear SPL"
"Journal Article","2020","Journal Article Repository/2020/7261654/9109586","09109547.pdf","10.5594/JMI.2020.2990612","10.5594-JMI.2020.2990612","orig-research","Requirements for the Hybrid Media Production Facility of the Future"
"Journal Article","2020","Journal Article Repository/2020/7261654/9109586","09109587.pdf","10.5594/JMI.2020.2992918","10.5594-JMI.2020.2992918","list-staff","Officers"
"Journal Article","2020","Journal Article Repository/2020/7261654/9109586","09109588.pdf","10.5594/JMI.2020.2993995","10.5594-JMI.2020.2993995","content-announce","AJA"
"Journal Article","2020","Journal Article Repository/2020/7261654/9109586","09109592.pdf","10.5594/JMI.2020.2992919","10.5594-JMI.2020.2992919","info-society","Sustaining Members"
"Journal Article","2020","Journal Article Repository/2020/7261654/9109586","09109593.pdf","10.5594/JMI.2020.2992920","10.5594-JMI.2020.2992920","front-cover","SMPTE June 2020 Front Cover"
"Journal Article","2020","Journal Article Repository/2020/7261654/9109586","09109594.pdf","10.5594/JMI.2020.2997505","10.5594-JMI.2020.2997505","advert","Ad Page"
"Journal Article","2020","Journal Article Repository/2020/7261654/9109586","09109597.pdf","10.5594/JMI.2020.2999799","10.5594-JMI.2020.2999799","advert","Ad Page"
"Journal Article","2020","Journal Article Repository/2020/7261654/9109586","09109598.pdf","10.5594/JMI.2020.2993978","10.5594-JMI.2020.2993978","advert","Ad Page"
"Journal Article","2020","Journal Article Repository/2020/7261654/9109586","09109599.pdf","10.5594/JMI.2020.2992921","10.5594-JMI.2020.2992921","toc","SMPTE June 2020 Table of Contents"
"Journal Article","2020","Journal Article Repository/2020/7261654/9109586","09109602.pdf","10.5594/JMI.2020.2997536","10.5594-JMI.2020.2997536","advert","Ad Page"
"Journal Article","2020","Journal Article Repository/2020/7261654/9109586","09109605.pdf","10.5594/JMI.2020.2993349","10.5594-JMI.2020.2993349","advert","Ad Page"
"Journal Article","2020","Journal Article Repository/2020/7261654/9109586","09109608.pdf","10.5594/JMI.2020.2990255","10.5594-JMI.2020.2990255","orig-research","Taking Object-Based Media from the Research Environment Into Mainstream Production"
"Journal Article","2020","Journal Article Repository/2020/7261654/9136808","09136809.pdf","10.5594/JMI.2020.2999978","10.5594-JMI.2020.2999978","front-cover","SMPTE July 2020 Front Cover"
"Journal Article","2020","Journal Article Repository/2020/7261654/9136808","09136810.pdf","10.5594/JMI.2020.2995253","10.5594-JMI.2020.2995253","orig-research","Whats All the Buzz About 8K Video?"
"Journal Article","2020","Journal Article Repository/2020/7261654/9136808","09136811.pdf","10.5594/JMI.2020.2999996","10.5594-JMI.2020.2999996","toc","SMPTE July 2020 Table of Contents"
"Journal Article","2020","Journal Article Repository/2020/7261654/9136808","09136812.pdf","10.5594/JMI.2020.3002412","10.5594-JMI.2020.3002412","advert","Ad Page"
"Journal Article","2020","Journal Article Repository/2020/7261654/9136808","09136813.pdf","10.5594/JMI.2020.3005266","10.5594-JMI.2020.3005266","advert","Ad Page"
"Journal Article","2020","Journal Article Repository/2020/7261654/9136808","09136814.pdf","10.5594/JMI.2020.3005319","10.5594-JMI.2020.3005319","advert","Ad Page"
"Journal Article","2020","Journal Article Repository/2020/7261654/9136808","09136815.pdf","10.5594/JMI.2020.2991911","10.5594-JMI.2020.2991911","orig-research","4K/8K (UHD-1)/UHD-2) Production Studios for UHDTV Broadcasting"
"Journal Article","2020","Journal Article Repository/2020/7261654/9136808","09136816.pdf","10.5594/JMI.2020.3000370","10.5594-JMI.2020.3000370","advert","Ad Page"
"Journal Article","2020","Journal Article Repository/2020/7261654/9136808","09136817.pdf","10.5594/JMI.2020.3000366","10.5594-JMI.2020.3000366","advert","Ad page"
"Journal Article","2020","Journal Article Repository/2020/7261654/9136808","09136818.pdf","10.5594/JMI.2020.3000077","10.5594-JMI.2020.3000077","info-society","SMPTE Almanac"
"Journal Article","2020","Journal Article Repository/2020/7261654/9136808","09136819.pdf","10.5594/JMI.2020.3000368","10.5594-JMI.2020.3000368","advert","Ad page"
"Journal Article","2020","Journal Article Repository/2020/7261654/9136808","09136820.pdf","10.5594/JMI.2020.2999979","10.5594-JMI.2020.2999979","list-staff","Officers"
"Journal Article","2020","Journal Article Repository/2020/7261654/9136808","09136821.pdf","10.5594/JMI.2020.3005320","10.5594-JMI.2020.3005320","advert","Ad Page"
"Journal Article","2020","Journal Article Repository/2020/7261654/9136808","09136822.pdf","10.5594/JMI.2020.2999980","10.5594-JMI.2020.2999980","info-society","Sustaining Members"
"Journal Article","2020","Journal Article Repository/2020/7261654/9136808","09136823.pdf","10.5594/JMI.2020.2993188","10.5594-JMI.2020.2993188","orig-research","Development of New UHD-1 (4K)/UHD-2 (8K) UHDTV Satellite Broadcasting System in Japan"
"Journal Article","2020","Journal Article Repository/2020/7261654/9136808","09136824.pdf","10.5594/JMI.2020.2995252","10.5594-JMI.2020.2995252","orig-research","UHD-2/8K Camera Recorder Using Organic CMOS Image Sensor"
"Journal Article","2020","Journal Article Repository/2020/7261654/9136808","09136825.pdf","10.5594/JMI.2020.2991917","10.5594-JMI.2020.2991917","orig-research","1.25-inch 3-CMOS Multi-Functional High-Speed 8K Camera System"
"Journal Article","2020","Journal Article Repository/2020/7261654/9136808","09136826.pdf","10.5594/JMI.2020.2993185","10.5594-JMI.2020.2993185","orig-research","Transmission System Design of UHD-1/4K and UHD-2/8K Terrestrial Television Broadcasting and its Performance Proof by Large-Scaled Field Experiments"
"Journal Article","2020","Journal Article Repository/2020/7261654/9136808","09136827.pdf","10.5594/JMI.2020.2996034","10.5594-JMI.2020.2996034","orig-research","5G Media Data System Architecture"
"Journal Article","2020","Journal Article Repository/2020/7261654/9136808","09136828.pdf","10.5594/JMI.2020.2999167","10.5594-JMI.2020.2999167","info-society","Message from the Executive Director: What I’ve Learned from Working Remotely"
"Journal Article","2020","Journal Article Repository/2020/7261654/9136808","09136829.pdf","10.5594/JMI.2020.2999946","10.5594-JMI.2020.2999946","orig-research","Tested Perceptual Difference Between UHD-1/4K and UHD-2/8K"
"Journal Article","2020","Journal Article Repository/2020/7261654/9136808","09136830.pdf","10.5594/JMI.2020.3000353","10.5594-JMI.2020.3000353","info-society","Update from the Standards Vice President: UHD-2/8K"
"Journal Article","2020","Journal Article Repository/2020/7261654/9136808","09136831.pdf","10.5594/JMI.2020.3000078","10.5594-JMI.2020.3000078","meeting-report","Section Meetings"
"Journal Article","2020","Journal Article Repository/2020/7261654/9146749","09146750.pdf","10.5594/JMI.2020.3010147","10.5594-JMI.2020.3010147","advert","Ad Page"
"Journal Article","2020","Journal Article Repository/2020/7261654/9146749","09146751.pdf","10.5594/JMI.2020.3008238","10.5594-JMI.2020.3008238","toc","SMPTE August 2020 Table of Contents"
"Journal Article","2020","Journal Article Repository/2020/7261654/9146749","09146752.pdf","10.5594/JMI.2020.3010036","10.5594-JMI.2020.3010036","advert","Ad Page"
"Journal Article","2020","Journal Article Repository/2020/7261654/9146749","09146753.pdf","10.5594/JMI.2020.3008802","10.5594-JMI.2020.3008802","advert","Ad page"
"Journal Article","2020","Journal Article Repository/2020/7261654/9146749","09146754.pdf","10.5594/JMI.2020.3007287","10.5594-JMI.2020.3007287","advert","Ad page"
"Journal Article","2020","Journal Article Repository/2020/7261654/9146749","09146755.pdf","10.5594/JMI.2020.3010174","10.5594-JMI.2020.3010174","advert","Ad Page"
"Journal Article","2020","Journal Article Repository/2020/7261654/9146749","09146756.pdf","10.5594/JMI.2020.3008273","10.5594-JMI.2020.3008273","front-cover","SMPTE August 2020 Front Cover"
"Journal Article","2020","Journal Article Repository/2020/7261654/9146749","09146757.pdf","10.5594/JMI.2020.3007285","10.5594-JMI.2020.3007285","advert","Cover 4"
"Journal Article","2020","Journal Article Repository/2020/7261654/9146749","09146758.pdf","10.5594/JMI.2020.3006676","10.5594-JMI.2020.3006676","info-society","Sustaining Members"
"Journal Article","2020","Journal Article Repository/2020/7261654/9146749","09146761.pdf","10.5594/JMI.2020.3006656","10.5594-JMI.2020.3006656","list-staff","Officers"
"Journal Article","2020","Journal Article Repository/2020/7261654/9146749","09146763.pdf","10.5594/JMI.2020.3006402","10.5594-JMI.2020.3006402","info-society","SMPTE Almanac"
"Journal Article","2020","Journal Article Repository/2020/7261654/9146749","09146764.pdf","10.5594/JMI.2020.3008590","10.5594-JMI.2020.3008590","info-society","Update from the Standards Vice President: Compression"
"Journal Article","2020","Journal Article Repository/2020/7261654/9146749","09146767.pdf","10.5594/JMI.2020.3001797","10.5594-JMI.2020.3001797","orig-research","Forward-looking content aware encoding for next generation UHD, HDR, WCG, and HFR"
"Journal Article","2020","Journal Article Repository/2020/7261654/9146749","09146788.pdf","10.5594/JMI.2020.3001465","10.5594-JMI.2020.3001465","orig-research","Creating Bandwidth-Efficient Workflows with JPEG XS and SMPTE ST 2110"
"Journal Article","2020","Journal Article Repository/2020/7261654/9146749","09146790.pdf","10.5594/JMI.2020.3007359","10.5594-JMI.2020.3007359","meeting-report","Section Meetings"
"Journal Article","2020","Journal Article Repository/2020/7261654/9146749","09146791.pdf","10.5594/JMI.2020.3005844","10.5594-JMI.2020.3005844","info-society","Message from the Executive Director: SMPTE2020: Another Turn in Our Evolution"
"Journal Article","2020","Journal Article Repository/2020/7261654/9146749","09146793.pdf","10.5594/JMI.2020.3001463","10.5594-JMI.2020.3001463","orig-research","Speed-Distortion Optimization: Tradeoffs in Open-Source HEVC Encoding"
"Journal Article","2020","Journal Article Repository/2020/7261654/9146749","09146794.pdf","10.5594/JMI.2020.3001795","10.5594-JMI.2020.3001795","orig-research","MPEG-5 Part 1: Essential Video Coding"
"Journal Article","2020","Journal Article Repository/2020/7261654/9146749","09146795.pdf","10.5594/JMI.2020.3000934","10.5594-JMI.2020.3000934","orig-research","UHD-2/8K 120-Hz Realtime Video Codec"
"Journal Article","2020","Journal Article Repository/2020/7261654/9184288","09184289.pdf","10.5594/JMI.2020.3002673","10.5594-JMI.2020.3002673","orig-research","Display Technology 2020: The Winds Are Shifting"
"Journal Article","2020","Journal Article Repository/2020/7261654/9184288","09184292.pdf","10.5594/JMI.2020.3013450","10.5594-JMI.2020.3013450","info-society","SMPTE Almanac"
"Journal Article","2020","Journal Article Repository/2020/7261654/9184288","09184293.pdf","10.5594/JMI.2020.3015635","10.5594-JMI.2020.3015635","advert","Ad page"
"Journal Article","2020","Journal Article Repository/2020/7261654/9184288","09184296.pdf","10.5594/JMI.2020.3012590","10.5594-JMI.2020.3012590","list-staff","Officers"
"Journal Article","2020","Journal Article Repository/2020/7261654/9184288","09184297.pdf","10.5594/JMI.2020.3011530","10.5594-JMI.2020.3011530","orig-research","2020 Update from DPP"
"Journal Article","2020","Journal Article Repository/2020/7261654/9184288","09184298.pdf","10.5594/JMI.2020.3012801","10.5594-JMI.2020.3012801","info-society","Message from the Executive Director: Progress in 2020"
"Journal Article","2020","Journal Article Repository/2020/7261654/9184288","09184301.pdf","10.5594/JMI.2020.3012591","10.5594-JMI.2020.3012591","info-society","Sustaining Members"
"Journal Article","2020","Journal Article Repository/2020/7261654/9184288","09184303.pdf","10.5594/JMI.2020.3008352","10.5594-JMI.2020.3008352","orig-research","American Society of Cinematographers Motion Imaging Technology Council Progress Report 2020"
"Journal Article","2020","Journal Article Repository/2020/7261654/9184288","09184304.pdf","10.5594/JMI.2020.3013127","10.5594-JMI.2020.3013127","advert","Ad page"
"Journal Article","2020","Journal Article Repository/2020/7261654/9184288","09184306.pdf","10.5594/JMI.2020.3008549","10.5594-JMI.2020.3008549","orig-research","Report from the Academy of Motion Picture Arts and Sciences’ Science and Technology Council"
"Journal Article","2020","Journal Article Repository/2020/7261654/9184288","09184307.pdf","10.5594/JMI.2020.3013132","10.5594-JMI.2020.3013132","meeting-report","Section Meetings"
"Journal Article","2020","Journal Article Repository/2020/7261654/9184288","09184308.pdf","10.5594/JMI.2020.3017040","10.5594-JMI.2020.3017040","advert","Ad page"
"Journal Article","2020","Journal Article Repository/2020/7261654/9184288","09184310.pdf","10.5594/JMI.2020.3013042","10.5594-JMI.2020.3013042","advert","Ad page"
"Journal Article","2020","Journal Article Repository/2020/7261654/9184288","09184311.pdf","10.5594/JMI.2020.3004899","10.5594-JMI.2020.3004899","orig-research","VRIF Guidelines on Live VR Services"
"Journal Article","2020","Journal Article Repository/2020/7261654/9184288","09184312.pdf","10.5594/JMI.2020.3013058","10.5594-JMI.2020.3013058","advert","Ad page"
"Journal Article","2020","Journal Article Repository/2020/7261654/9184288","09184313.pdf","10.5594/JMI.2020.3003202","10.5594-JMI.2020.3003202","orig-research","Streaming Video Alliance Progress Report"
"Journal Article","2020","Journal Article Repository/2020/7261654/9184288","09184314.pdf","10.5594/JMI.2020.3011488","10.5594-JMI.2020.3011488","front-cover","SMPTE September 2020 Front Cover"
"Journal Article","2020","Journal Article Repository/2020/7261654/9184288","09184315.pdf","10.5594/JMI.2020.3001776","10.5594-JMI.2020.3001776","orig-research","Update from the World Wide Web Consortium (WC3)"
"Journal Article","2020","Journal Article Repository/2020/7261654/9184288","09184317.pdf","10.5594/JMI.2020.3010175","10.5594-JMI.2020.3010175","opinion","Reports from the SMPTE Technology Committees"
"Journal Article","2020","Journal Article Repository/2020/7261654/9184288","09184319.pdf","10.5594/JMI.2020.3001775","10.5594-JMI.2020.3001775","orig-research","Expanding DVB’s Repertoire as The Market Evolves"
"Journal Article","2020","Journal Article Repository/2020/7261654/9184288","09184324.pdf","10.5594/JMI.2020.3003201","10.5594-JMI.2020.3003201","orig-research","Worldwide 5G Broadcast/Multicast Trials Come Online"
"Journal Article","2020","Journal Article Repository/2020/7261654/9184288","09184325.pdf","10.5594/JMI.2020.3001777","10.5594-JMI.2020.3001777","orig-research","Progress in Lens and Cameras: 2010–2020"
"Journal Article","2020","Journal Article Repository/2020/7261654/9184288","09184327.pdf","10.5594/JMI.2020.3013131","10.5594-JMI.2020.3013131","opinion","Introduction to the 2020 Progress Report: The New Normal"
"Journal Article","2020","Journal Article Repository/2020/7261654/9184288","09184330.pdf","10.5594/JMI.2020.3009549","10.5594-JMI.2020.3009549","orig-research","Report from Advanced Media Workflow Association (AMWA), Video Services Forum (VSF) and Joint Taskforce on Networked Media (JT-NM)"
"Journal Article","2020","Journal Article Repository/2020/7261654/9184288","09184331.pdf","10.5594/JMI.2020.3011487","10.5594-JMI.2020.3011487","toc","SMPTE September 2020 Table of Contents"
"Journal Article","2020","Journal Article Repository/2020/7261654/9184288","09184332.pdf","10.5594/JMI.2020.3001771","10.5594-JMI.2020.3001771","orig-research","Completing the Accessibility Jigsaw Puzzle"
"Journal Article","2020","Journal Article Repository/2020/7261654/9184288","09184333.pdf","10.5594/JMI.2020.3009548","10.5594-JMI.2020.3009548","orig-research","HPA “Lost Lederhosen” Short Movie: From Camera to Cloud — From Production Through Post-Production and Finishing in 1 Day"
"Journal Article","2020","Journal Article Repository/2020/7261654/9184288","09184334.pdf","10.5594/JMI.2020.3002306","10.5594-JMI.2020.3002306","orig-research","Recent Progress in the European Broadcasting Union Technical Committee"
"Journal Article","2020","Journal Article Repository/2020/7261654/9184288","09184335.pdf","10.5594/JMI.2020.3015637","10.5594-JMI.2020.3015637","advert","Ad page"
"Journal Article","2020","Journal Article Repository/2020/7261654/9184288","09184336.pdf","10.5594/JMI.2020.3004919","10.5594-JMI.2020.3004919","orig-research","Toward the Practical Realisation of Next Generation Audio"
"Journal Article","2020","Journal Article Repository/2020/7261654/9184288","09184337.pdf","10.5594/JMI.2020.3001774","10.5594-JMI.2020.3001774","orig-research","ITU-R Study Group 6 Progress Report 2019–2020"
"Journal Article","2020","Journal Article Repository/2020/7261654/9184288","09184338.pdf","10.5594/JMI.2020.3002305","10.5594-JMI.2020.3002305","orig-research","Media Coding Industry Forum Progress Report"
"Journal Article","2020","Journal Article Repository/2020/7261654/9184288","09184340.pdf","10.5594/JMI.2020.3001858","10.5594-JMI.2020.3001858","orig-research","Targeted Advertising for the Broadcasting Industry in DVB Markets"
"Journal Article","2020","Journal Article Repository/2020/7261654/9184288","09184341.pdf","10.5594/JMI.2020.3002297","10.5594-JMI.2020.3002297","orig-research","New MPEG Codecs and Immersive Applications Standards for 2020"
"Journal Article","2020","Journal Article Repository/2020/7261654/9184288","09184342.pdf","10.5594/JMI.2020.3001773","10.5594-JMI.2020.3001773","orig-research","2020 Update from the Consumer Technology Association"
"Journal Article","2020","Journal Article Repository/2020/7261654/9184288","09184343.pdf","10.5594/JMI.2020.3002304","10.5594-JMI.2020.3002304","orig-research","UHDA Alliance Progress Report"
"Journal Article","2020","Journal Article Repository/2020/7261654/9184288","09184344.pdf","10.5594/JMI.2020.3002676","10.5594-JMI.2020.3002676","orig-research","Report from the Entertainment Technology Center"
"Journal Article","2020","Journal Article Repository/2020/7261654/9184288","09184345.pdf","10.5594/JMI.2020.3002675","10.5594-JMI.2020.3002675","orig-research","Progress Report of the Advanced Television Systems Committee"
"Journal Article","2020","Journal Article Repository/2020/7261654/9184288","09194088.pdf","10.5594/JMI.2020.3004954","10.5594-JMI.2020.3004954","orig-research","JPEG Status and Progress Report"
"Journal Article","2020","Journal Article Repository/2020/7261654/9204870","09204871.pdf","10.5594/JMI.2020.3022449","10.5594-JMI.2020.3022449","advert","Ad page"
"Journal Article","2020","Journal Article Repository/2020/7261654/9204870","09204875.pdf","10.5594/JMI.2020.3020244","10.5594-JMI.2020.3020244","info-society","Sustaining Members"
"Journal Article","2020","Journal Article Repository/2020/7261654/9204870","09204876.pdf","10.5594/JMI.2020.3020414","10.5594-JMI.2020.3020414","toc","SMPTE October 2020 Table of Contents"
"Journal Article","2020","Journal Article Repository/2020/7261654/9204870","09204877.pdf","10.5594/JMI.2020.3021616","10.5594-JMI.2020.3021616","advert","Ad page"
"Journal Article","2020","Journal Article Repository/2020/7261654/9204870","09204881.pdf","10.5594/JMI.2020.3025399","10.5594-JMI.2020.3025399","advert","Ad Page"
"Journal Article","2020","Journal Article Repository/2020/7261654/9204870","09204883.pdf","10.5594/JMI.2020.3021620","10.5594-JMI.2020.3021620","advert","Ad page"
"Journal Article","2020","Journal Article Repository/2020/7261654/9204870","09204884.pdf","10.5594/JMI.2020.3020413","10.5594-JMI.2020.3020413","front-cover","SMPTE October 2020 Front Cover"
"Journal Article","2020","Journal Article Repository/2020/7261654/9204870","09204886.pdf","10.5594/JMI.2020.3022452","10.5594-JMI.2020.3022452","advert","Ad page"
"Journal Article","2020","Journal Article Repository/2020/7261654/9204870","09204888.pdf","10.5594/JMI.2020.3020243","10.5594-JMI.2020.3020243","list-staff","Officers"
"Journal Article","2020","Journal Article Repository/2020/7261654/9204870","09204889.pdf","10.5594/JMI.2020.3021554","10.5594-JMI.2020.3021554","advert","Cover 2"
"Journal Article","2020","Journal Article Repository/2020/7261654/9204870","09204890.pdf","10.5594/JMI.2020.3021618","10.5594-JMI.2020.3021618","advert","Ad page"
"Journal Article","2020","Journal Article Repository/2020/7261654/9204870","09204893.pdf","10.5594/JMI.2020.3010400","10.5594-JMI.2020.3010400","orig-research","OMAF4Cloud: Standards-Enabled 360° Video Creation as a Service"
"Journal Article","2020","Journal Article Repository/2020/7261654/9204870","09204894.pdf","10.5594/JMI.2020.3010399","10.5594-JMI.2020.3010399","orig-research","Lessons Learned During One year of Commercial Volumetric Video Production"
"Journal Article","2020","Journal Article Repository/2020/7261654/9204870","09204895.pdf","10.5594/JMI.2020.3010390","10.5594-JMI.2020.3010390","orig-research","HDR and WCG Image Quality Assessment Using Color Difference Metrics"
"Journal Article","2020","Journal Article Repository/2020/7261654/9204870","09204896.pdf","10.5594/JMI.2020.3010391","10.5594-JMI.2020.3010391","orig-research","3D Video Technology Based on Spatial Imaging for Advanced Broadcasting"
"Journal Article","2020","Journal Article Repository/2020/7261654/9204870","09204897.pdf","10.5594/JMI.2020.3010401","10.5594-JMI.2020.3010401","orig-research","An Investigation of the Value of Wide Color Gamut in Motion Pictures"
"Journal Article","2020","Journal Article Repository/2020/7261654/9204870","09204898.pdf","10.5594/JMI.2020.3020483","10.5594-JMI.2020.3020483","info-society","SMPTE Almanac"
"Journal Article","2020","Journal Article Repository/2020/7261654/9204870","09204899.pdf","10.5594/JMI.2020.3021883","10.5594-JMI.2020.3021883","info-society","Update from the Standards Vice President: Immersive Media"
"Journal Article","2020","Journal Article Repository/2020/7261654/9204870","09204900.pdf","10.5594/JMI.2020.3017997","10.5594-JMI.2020.3017997","opinion","2020 HONORS AND AWARDS RECIPIENTS"
"Journal Article","2020","Journal Article Repository/2020/7261654/9204870","09204901.pdf","10.5594/JMI.2020.3019629","10.5594-JMI.2020.3019629","info-society","A Message from the Executive Director: SMPTE Reimagined!"
"Journal Article","2020","Journal Article Repository/2020/7261654/9204870","09204902.pdf","10.5594/JMI.2020.3017996","10.5594-JMI.2020.3017996","opinion","SMPTE 2020 FELLOWS"
"Journal Article","2020","Journal Article Repository/2020/7261654/9256368","09256369.pdf","10.5594/JMI.2020.3029687","10.5594-JMI.2020.3029687","advert","Ad page"
"Journal Article","2020","Journal Article Repository/2020/7261654/9256368","09256370.pdf","10.5594/JMI.2020.3032313","10.5594-JMI.2020.3032313","advert","Ad page"
"Journal Article","2020","Journal Article Repository/2020/7261654/9256368","09256371.pdf","10.5594/JMI.2020.3031123","10.5594-JMI.2020.3031123","advert","Ad Page"
"Journal Article","2020","Journal Article Repository/2020/7261654/9256368","09256372.pdf","10.5594/JMI.2020.3029407","10.5594-JMI.2020.3029407","toc","SMPTE November/December 2020 Table of Contents"
"Journal Article","2020","Journal Article Repository/2020/7261654/9256368","09256374.pdf","10.5594/JMI.2020.3029366","10.5594-JMI.2020.3029366","front-cover","SMPTE November/December 2020 Front Cover"
"Journal Article","2020","Journal Article Repository/2020/7261654/9256368","09256375.pdf","10.5594/JMI.2020.3029409","10.5594-JMI.2020.3029409","info-society","Sustaining Members"
"Journal Article","2020","Journal Article Repository/2020/7261654/9256368","09256376.pdf","10.5594/JMI.2020.3031122","10.5594-JMI.2020.3031122","advert","Cover 2"
"Journal Article","2020","Journal Article Repository/2020/7261654/9256368","09256377.pdf","10.5594/JMI.2020.3035855","10.5594-JMI.2020.3035855","advert","Sustaining Membership Application Ad page"
"Journal Article","2020","Journal Article Repository/2020/7261654/9256368","09256378.pdf","10.5594/JMI.2020.3024516","10.5594-JMI.2020.3024516","orig-research","Serving Diverse Audiences More Effective with Auxiliary Image Sequences in IMF"
"Journal Article","2020","Journal Article Repository/2020/7261654/9256368","09256379.pdf","10.5594/JMI.2020.3032311","10.5594-JMI.2020.3032311","advert","Ad page"
"Journal Article","2020","Journal Article Repository/2020/7261654/9256368","09256380.pdf","10.5594/JMI.2020.3024028","10.5594-JMI.2020.3024028","orig-research","Broadcast Media Creation as a Service: Using Infrastructure-As-Code and the Public Cloud to Power On-Air Media Creation Platforms"
"Journal Article","2020","Journal Article Repository/2020/7261654/9256368","09256381.pdf","10.5594/JMI.2020.3033238","10.5594-JMI.2020.3033238","meeting-report","Section Meetings"
"Journal Article","2020","Journal Article Repository/2020/7261654/9256368","09256383.pdf","10.5594/JMI.2020.3021566","10.5594-JMI.2020.3021566","orig-research","Intelligence for Harmonizing Cloud-Based and On-Premises Workflows in Standards Conversion"
"Journal Article","2020","Journal Article Repository/2020/7261654/9256368","09256384.pdf","10.5594/JMI.2020.3032329","10.5594-JMI.2020.3032329","info-society","Update from the Standards Vice President: Cloud"
"Journal Article","2020","Journal Article Repository/2020/7261654/9256368","09256385.pdf","10.5594/JMI.2020.3032309","10.5594-JMI.2020.3032309","advert","Ad page"
"Journal Article","2020","Journal Article Repository/2020/7261654/9256368","09256388.pdf","10.5594/JMI.2020.3024080","10.5594-JMI.2020.3024080","orig-research","Cloud Technology Drives Superior Video Encoding"
"Journal Article","2020","Journal Article Repository/2020/7261654/9256368","09256389.pdf","10.5594/JMI.2020.3035914","10.5594-JMI.2020.3035914","advert","Sustaining Members Info Ad page"
"Journal Article","2020","Journal Article Repository/2020/7261654/9256368","09256391.pdf","10.5594/JMI.2020.3031421","10.5594-JMI.2020.3031421","info-society","A Message from the Executive Director: Coronavirus, the Cloud, and SMPTE"
"Journal Article","2020","Journal Article Repository/2020/7261654/9256368","09256392.pdf","10.5594/JMI.2020.3023371","10.5594-JMI.2020.3023371","orig-research","ΔEITP is Now Ratified as ITU-R BT.2124—Is the Industry Ready to Move on from ΔE2000?"
"Journal Article","2020","Journal Article Repository/2020/7261654/9256368","09256395.pdf","10.5594/JMI.2020.3030603","10.5594-JMI.2020.3030603","info-society","SMPTE Almanac"
"Journal Article","2020","Journal Article Repository/2020/7261654/9256368","09256396.pdf","10.5594/JMI.2020.3029408","10.5594-JMI.2020.3029408","list-staff","Officers"
"Journal Article","2020","Journal Article Repository/2020/7261654/9256368","09256397.pdf","10.5594/JMI.2020.3034506","10.5594-JMI.2020.3034506","errata","Erratum"
"Journal Article","2020","Journal Article Repository/2020/7261654/9256368","09258429.pdf","10.5594/JMI.2020.3024519","10.5594-JMI.2020.3024519","orig-research","Live Cloud Ingest Using Open Alternatives RIST &amp; SRT"
"Journal Article","2021","Journal Article Repository/2021/7261654/9335677","09335678.pdf","10.5594/JMI.2021.3050900","10.5594-JMI.2021.3050900","advert","Ad page"
"Journal Article","2021","Journal Article Repository/2021/7261654/9335677","09335679.pdf","10.5594/JMI.2021.3050898","10.5594-JMI.2021.3050898","advert","Ad page"
"Journal Article","2021","Journal Article Repository/2021/7261654/9335677","09335680.pdf","10.5594/JMI.2020.3045861","10.5594-JMI.2020.3045861","list-staff","Officers"
"Journal Article","2021","Journal Article Repository/2021/7261654/9335677","09335681.pdf","10.5594/JMI.2020.3030175","10.5594-JMI.2020.3030175","orig-research","A New Method for the Simultaneous Creation of Live HDR and SDR Video"
"Journal Article","2021","Journal Article Repository/2021/7261654/9335677","09335682.pdf","10.5594/JMI.2021.3050904","10.5594-JMI.2021.3050904","advert","Sustaining Members Info Ad page"
"Journal Article","2021","Journal Article Repository/2021/7261654/9335677","09335683.pdf","10.5594/JMI.2020.3046907","10.5594-JMI.2020.3046907","info-society","Update from the Standards Vice President"
"Journal Article","2021","Journal Article Repository/2021/7261654/9335677","09335684.pdf","10.5594/JMI.2020.3030171","10.5594-JMI.2020.3030171","orig-research","Bridging the Divide: Uniting Broadcast, Social and Digital Team Workflows in the Newsroom"
"Journal Article","2021","Journal Article Repository/2021/7261654/9335677","09335685.pdf","10.5594/JMI.2021.3050896","10.5594-JMI.2021.3050896","advert","Ad page"
"Journal Article","2021","Journal Article Repository/2021/7261654/9335677","09335686.pdf","10.5594/JMI.2020.3045126","10.5594-JMI.2020.3045126","info-society","SMPTE Almanac"
"Journal Article","2021","Journal Article Repository/2021/7261654/9335677","09335687.pdf","10.5594/JMI.2020.3044493","10.5594-JMI.2020.3044493","opinion","Game On- Promised and Delivered"
"Journal Article","2021","Journal Article Repository/2021/7261654/9335677","09335708.pdf","10.5594/JMI.2020.3036711","10.5594-JMI.2020.3036711","orig-research","8K/16K Video and 3D Audio Coding and Playback for Large-Screen Immersive Spaces"
"Journal Article","2021","Journal Article Repository/2021/7261654/9335677","09335709.pdf","10.5594/JMI.2021.3051750","10.5594-JMI.2021.3051750","advert","Ad page"
"Journal Article","2021","Journal Article Repository/2021/7261654/9335677","09335710.pdf","10.5594/JMI.2020.3038573","10.5594-JMI.2020.3038573","front-cover","SMPTE January/February 2021 Front Cover"
"Journal Article","2021","Journal Article Repository/2021/7261654/9335677","09335711.pdf","10.5594/JMI.2020.3045807","10.5594-JMI.2020.3045807","meeting-report","Section Meetings"
"Journal Article","2021","Journal Article Repository/2021/7261654/9335677","09335712.pdf","10.5594/JMI.2021.3050894","10.5594-JMI.2021.3050894","advert","Cover 2"
"Journal Article","2021","Journal Article Repository/2021/7261654/9335677","09335713.pdf","10.5594/JMI.2020.3045839","10.5594-JMI.2020.3045839","orig-research","How to Successfully Commission a SMPTE ST 2059/PTP System"
"Journal Article","2021","Journal Article Repository/2021/7261654/9335677","09335714.pdf","10.5594/JMI.2021.3050902","10.5594-JMI.2021.3050902","advert","Ad page"
"Journal Article","2021","Journal Article Repository/2021/7261654/9335677","09335715.pdf","10.5594/JMI.2020.3046996","10.5594-JMI.2020.3046996","info-society","A Message From the Executive Director"
"Journal Article","2021","Journal Article Repository/2021/7261654/9335677","09335716.pdf","10.5594/JMI.2020.3044486","10.5594-JMI.2020.3044486","opinion","SMPTE 2020: Game On - A Win All Around"
"Journal Article","2021","Journal Article Repository/2021/7261654/9335677","09335717.pdf","10.5594/JMI.2020.3044488","10.5594-JMI.2020.3044488","info-society","Newly Elected Officers and Governors"
"Journal Article","2021","Journal Article Repository/2021/7261654/9335677","09335718.pdf","10.5594/JMI.2020.3038572","10.5594-JMI.2020.3038572","toc","SMPTE January/February 2021 Table of Contents"
"Journal Article","2021","Journal Article Repository/2021/7261654/9335677","09335719.pdf","10.5594/JMI.2020.3046134","10.5594-JMI.2020.3046134","info-society","Sustaining Members"
"Journal Article","2021","Journal Article Repository/2021/7261654/9335677","09335720.pdf","10.5594/JMI.2020.3036733","10.5594-JMI.2020.3036733","orig-research","Wide Area Networks for Both High- and Low-End SMPTE ST 2110 Workflows"
"Journal Article","2021","Journal Article Repository/2021/7261654/9363030","09363031.pdf","10.5594/JMI.2021.3059135","10.5594-JMI.2021.3059135","advert","Ad page"
"Journal Article","2021","Journal Article Repository/2021/7261654/9363030","09363034.pdf","10.5594/JMI.2021.3059502","10.5594-JMI.2021.3059502","advert","Ad page"
"Journal Article","2021","Journal Article Repository/2021/7261654/9363030","09363039.pdf","10.5594/JMI.2021.3059381","10.5594-JMI.2021.3059381","advert","Ad page"
"Journal Article","2021","Journal Article Repository/2021/7261654/9363030","09363041.pdf","10.5594/JMI.2021.3050660","10.5594-JMI.2021.3050660","orig-research","Personalized and Immersive Sound Experiences Based on an Interoperable End-to-End Next Generation Audio (NGA) Chain Using the Audio Definition Model (ADM)"
"Journal Article","2021","Journal Article Repository/2021/7261654/9363030","09363043.pdf","10.5594/JMI.2021.3050646","10.5594-JMI.2021.3050646","orig-research","Viewers’ Tolerance to Brightness Transitions in Cinema"
"Journal Article","2021","Journal Article Repository/2021/7261654/9363030","09363045.pdf","10.5594/JMI.2021.3057296","10.5594-JMI.2021.3057296","opinion","Update from the Standards VP: NextGen TV"
"Journal Article","2021","Journal Article Repository/2021/7261654/9363030","09363047.pdf","10.5594/JMI.2021.3056826","10.5594-JMI.2021.3056826","list-staff","Officers"
"Journal Article","2021","Journal Article Repository/2021/7261654/9363030","09363070.pdf","10.5594/JMI.2021.3059398","10.5594-JMI.2021.3059398","advert","Ad page"
"Journal Article","2021","Journal Article Repository/2021/7261654/9363030","09363071.pdf","10.5594/JMI.2021.3056229","10.5594-JMI.2021.3056229","front-cover","SMPTE March 2021 Front Cover"
"Journal Article","2021","Journal Article Repository/2021/7261654/9363030","09363088.pdf","10.5594/JMI.2021.3057266","10.5594-JMI.2021.3057266","info-society","A Message From the Executive Director"
"Journal Article","2021","Journal Article Repository/2021/7261654/9363030","09363089.pdf","10.5594/JMI.2021.3056827","10.5594-JMI.2021.3056827","info-society","Sustaining Members"
"Journal Article","2021","Journal Article Repository/2021/7261654/9363030","09363090.pdf","10.5594/JMI.2021.3050671","10.5594-JMI.2021.3050671","orig-research","Demonstration on Next-Generation Immersive Audio in a Live Broadcast Workflow"
"Journal Article","2021","Journal Article Repository/2021/7261654/9363030","09363091.pdf","10.5594/JMI.2021.3057480","10.5594-JMI.2021.3057480","advert","Cover 2"
"Journal Article","2021","Journal Article Repository/2021/7261654/9363030","09363093.pdf","10.5594/JMI.2021.3057273","10.5594-JMI.2021.3057273","toc","SMPTE March 2021 Table of Contents"
"Journal Article","2021","Journal Article Repository/2021/7261654/9363030","09363094.pdf","10.5594/JMI.2021.3059403","10.5594-JMI.2021.3059403","advert","Ad page"
"Journal Article","2021","Journal Article Repository/2021/7261654/9363030","09363095.pdf","10.5594/JMI.2021.3052544","10.5594-JMI.2021.3052544","orig-research","ATSC 3.0 Personalized Targeted Advertisement"
"Journal Article","2021","Journal Article Repository/2021/7261654/9363030","09363096.pdf","10.5594/JMI.2021.3050661","10.5594-JMI.2021.3050661","orig-research","ATSC: Beyond Standards and a Look at the Future"
"Journal Article","2021","Journal Article Repository/2021/7261654/9363030","09363099.pdf","10.5594/JMI.2021.3056700","10.5594-JMI.2021.3056700","info-society","SMPTE Almanac"
"Journal Article","2021","Journal Article Repository/2021/7261654/9395650","09395651.pdf","10.5594/JMI.2021.3060553","10.5594-JMI.2021.3060553","toc","SMPTE April 2021 Table of Contents"
"Journal Article","2021","Journal Article Repository/2021/7261654/9395650","09395652.pdf","10.5594/JMI.2021.3060615","10.5594-JMI.2021.3060615","info-society","Sustaining Members"
"Journal Article","2021","Journal Article Repository/2021/7261654/9395650","09395654.pdf","10.5594/JMI.2021.3068016","10.5594-JMI.2021.3068016","advert","Ad page"
"Journal Article","2021","Journal Article Repository/2021/7261654/9395650","09395655.pdf","10.5594/JMI.2021.3067095","10.5594-JMI.2021.3067095","advert","Ad page"
"Journal Article","2021","Journal Article Repository/2021/7261654/9395650","09395656.pdf","10.5594/JMI.2021.3067111","10.5594-JMI.2021.3067111","advert","Cover 2"
"Journal Article","2021","Journal Article Repository/2021/7261654/9395650","09395657.pdf","10.5594/JMI.2021.3067073","10.5594-JMI.2021.3067073","advert","Ad page"
"Journal Article","2021","Journal Article Repository/2021/7261654/9395650","09395658.pdf","10.5594/JMI.2021.3071076","10.5594-JMI.2021.3071076","advert","Ad page"
"Journal Article","2021","Journal Article Repository/2021/7261654/9395650","09395659.pdf","10.5594/JMI.2021.3068017","10.5594-JMI.2021.3068017","advert","Ad page"
"Journal Article","2021","Journal Article Repository/2021/7261654/9395650","09395661.pdf","10.5594/JMI.2021.3060601","10.5594-JMI.2021.3060601","front-cover","SMPTE April 2021 Front Cover"
"Journal Article","2021","Journal Article Repository/2021/7261654/9395650","09395662.pdf","10.5594/JMI.2021.3060554","10.5594-JMI.2021.3060554","list-staff","Officers"
"Journal Article","2021","Journal Article Repository/2021/7261654/9395650","09395665.pdf","10.5594/JMI.2021.3067076","10.5594-JMI.2021.3067076","advert","Ad page"
"Journal Article","2021","Journal Article Repository/2021/7261654/9395650","09395668.pdf","10.5594/JMI.2021.3064076","10.5594-JMI.2021.3064076","info-society","SMPTE Almanac"
"Journal Article","2021","Journal Article Repository/2021/7261654/9395650","09395669.pdf","10.5594/JMI.2021.3059344","10.5594-JMI.2021.3059344","orig-research","Toward a Subjective Assessment System for Closed Captioning Quality"
"Journal Article","2021","Journal Article Repository/2021/7261654/9395650","09395670.pdf","10.5594/JMI.2021.3060823","10.5594-JMI.2021.3060823","orig-research","Artificial Intelligence: Transforming the Live Sports Landscape"
"Journal Article","2021","Journal Article Repository/2021/7261654/9395650","09395671.pdf","10.5594/JMI.2021.3057688","10.5594-JMI.2021.3057688","opinion","AI and Machine Learning"
"Journal Article","2021","Journal Article Repository/2021/7261654/9395650","09395672.pdf","10.5594/JMI.2021.3058397","10.5594-JMI.2021.3058397","orig-research","Automated Brand Color Accuracy for Realtime Video"
"Journal Article","2021","Journal Article Repository/2021/7261654/9395650","09395673.pdf","10.5594/JMI.2021.3062889","10.5594-JMI.2021.3062889","opinion","Artificial Intelligence and SMPTE"
"Journal Article","2021","Journal Article Repository/2021/7261654/9395650","09395674.pdf","10.5594/JMI.2021.3064082","10.5594-JMI.2021.3064082","opinion","AI and ML"
"Journal Article","2021","Journal Article Repository/2021/7261654/9395650","09395675.pdf","10.5594/JMI.2021.3065420","10.5594-JMI.2021.3065420","opinion","Toronto February 2021"
"Journal Article","2021","Journal Article Repository/2021/7261654/9395650","09395676.pdf","10.5594/JMI.2021.3061787","10.5594-JMI.2021.3061787","orig-research","A Practical Guide to Securing SMPTE ST 2110 Systems and What Standards Organizations Are Doing to Help"
"Journal Article","2021","Journal Article Repository/2021/7261654/9395650","09395677.pdf","10.5594/JMI.2021.3057695","10.5594-JMI.2021.3057695","orig-research","Exploring Automated Voice Casting for Content Localization Using Deep Learning"
"Journal Article","2021","Journal Article Repository/2021/7261654/9395650","09395678.pdf","10.5594/JMI.2021.3057703","10.5594-JMI.2021.3057703","orig-research","“AI News Anchor” With Deep Learning-Based Speech Synthesis"
"Journal Article","2021","Journal Article Repository/2021/7261654/9424050","09424051.pdf","10.5594/JMI.2021.3071337","10.5594-JMI.2021.3071337","info-society","SMPTE Almanac"
"Journal Article","2021","Journal Article Repository/2021/7261654/9424050","09424052.pdf","10.5594/JMI.2021.3066183","10.5594-JMI.2021.3066183","orig-research","High Throughput JPEG 2000 for Broadcast and IP-Based Applications"
"Journal Article","2021","Journal Article Repository/2021/7261654/9424050","09424053.pdf","10.5594/JMI.2021.3067960","10.5594-JMI.2021.3067960","orig-research","Moving Image Frame Interpolation: Neural Networks and Classical Toolsets Compared"
"Journal Article","2021","Journal Article Repository/2021/7261654/9424050","09424054.pdf","10.5594/JMI.2021.3070794","10.5594-JMI.2021.3070794","info-society","Sustaining Members"
"Journal Article","2021","Journal Article Repository/2021/7261654/9424050","09424055.pdf","10.5594/JMI.2021.3073280","10.5594-JMI.2021.3073280","advert","Ad page"
"Journal Article","2021","Journal Article Repository/2021/7261654/9424050","09424059.pdf","10.5594/JMI.2021.3067742","10.5594-JMI.2021.3067742","front-cover","SMPTE May 2021 Front Cover"
"Journal Article","2021","Journal Article Repository/2021/7261654/9424050","09424061.pdf","10.5594/JMI.2021.3070795","10.5594-JMI.2021.3070795","list-staff","Officers"
"Journal Article","2021","Journal Article Repository/2021/7261654/9424050","09424062.pdf","10.5594/JMI.2021.3074692","10.5594-JMI.2021.3074692","advert","Cover 2"
"Journal Article","2021","Journal Article Repository/2021/7261654/9424050","09424063.pdf","10.5594/JMI.2021.3065442","10.5594-JMI.2021.3065442","orig-research","Performance Comparison of Emerging EVC and VVC Video Coding Standards with HEVC and AV1"
"Journal Article","2021","Journal Article Repository/2021/7261654/9424050","09424064.pdf","10.5594/JMI.2021.3067941","10.5594-JMI.2021.3067941","orig-research","Ultrahigh-Definition Production Codecs - The Agony of Choice"
"Journal Article","2021","Journal Article Repository/2021/7261654/9424050","09424065.pdf","10.5594/JMI.2021.3071258","10.5594-JMI.2021.3071258","advert","Ad page"
"Journal Article","2021","Journal Article Repository/2021/7261654/9424050","09424066.pdf","10.5594/JMI.2021.3072506","10.5594-JMI.2021.3072506","advert","Ad page"
"Journal Article","2021","Journal Article Repository/2021/7261654/9424050","09424067.pdf","10.5594/JMI.2021.3076377","10.5594-JMI.2021.3076377","summary-abstract","Exclusive Articles Online: Abstracts"
"Journal Article","2021","Journal Article Repository/2021/7261654/9424050","09424068.pdf","10.5594/JMI.2021.3065415","10.5594-JMI.2021.3065415","orig-research","A Study of Objective Quality Metrics for HLG-Based HDR/WCG Image Coding"
"Journal Article","2021","Journal Article Repository/2021/7261654/9424050","09424069.pdf","10.5594/JMI.2021.3073231","10.5594-JMI.2021.3073231","advert","Ad page"
"Journal Article","2021","Journal Article Repository/2021/7261654/9424050","09424070.pdf","10.5594/JMI.2021.3075260","10.5594-JMI.2021.3075260","advert","Ad page"
"Journal Article","2021","Journal Article Repository/2021/7261654/9424050","09424071.pdf","10.5594/JMI.2021.3075613","10.5594-JMI.2021.3075613","advert","Ad page"
"Journal Article","2021","Journal Article Repository/2021/7261654/9424050","09424072.pdf","10.5594/JMI.2021.3067741","10.5594-JMI.2021.3067741","toc","SMPTE May 2021 Table of Contents"
"Journal Article","2021","Journal Article Repository/2021/7261654/9424050","09424088.pdf","10.5594/JMI.2021.3069703","10.5594-JMI.2021.3069703","info-society","A Message From the Executive Director"
"Journal Article","2021","Journal Article Repository/2021/7261654/9424050","09424089.pdf","10.5594/JMI.2021.3071303","10.5594-JMI.2021.3071303","info-society","Update from the Standards Vice President"
"Journal Article","2021","Journal Article Repository/2021/7261654/9424050","09424091.pdf","10.5594/JMI.2021.3067962","10.5594-JMI.2021.3067962","orig-research","V-PCC Performance Evaluation of the First MPEG Point Codec"
"Journal Article","2021","Journal Article Repository/2021/7261654/9424050","09424108.pdf","10.5594/JMI.2021.3072384","10.5594-JMI.2021.3072384","meeting-report","Section Meetings"
"Journal Article","2021","Journal Article Repository/2021/7261654/9446091","09446092.pdf","10.5594/JMI.2021.3078649","10.5594-JMI.2021.3078649","toc","SMPTE June 2021 Table of Contents"
"Journal Article","2021","Journal Article Repository/2021/7261654/9446091","09446093.pdf","10.5594/JMI.2021.3083451","10.5594-JMI.2021.3083451","advert","Ad page"
"Journal Article","2021","Journal Article Repository/2021/7261654/9446091","09446094.pdf","10.5594/JMI.2021.3083449","10.5594-JMI.2021.3083449","advert","Ad page"
"Journal Article","2021","Journal Article Repository/2021/7261654/9446091","09446095.pdf","10.5594/JMI.2021.3078650","10.5594-JMI.2021.3078650","list-staff","Officers"
"Journal Article","2021","Journal Article Repository/2021/7261654/9446091","09446097.pdf","10.5594/JMI.2021.3078057","10.5594-JMI.2021.3078057","front-cover","SMPTE June 2021 Front Cover"
"Journal Article","2021","Journal Article Repository/2021/7261654/9446091","09446098.pdf","10.5594/JMI.2021.3080047","10.5594-JMI.2021.3080047","advert","Cover 2"
"Journal Article","2021","Journal Article Repository/2021/7261654/9446091","09446100.pdf","10.5594/JMI.2021.3080091","10.5594-JMI.2021.3080091","advert","SMPTE June 2021 Cover 4"
"Journal Article","2021","Journal Article Repository/2021/7261654/9446091","09446101.pdf","10.5594/JMI.2021.3078651","10.5594-JMI.2021.3078651","info-society","Sustaining Members"
"Journal Article","2021","Journal Article Repository/2021/7261654/9446091","09446164.pdf","10.5594/JMI.2021.3078763","10.5594-JMI.2021.3078763","obit","Tribute to Richard (Dick) Barton"
"Journal Article","2021","Journal Article Repository/2021/7261654/9446091","09446165.pdf","10.5594/JMI.2021.3072678","10.5594-JMI.2021.3072678","orig-research","Can UHD OTT Be Complementary to Terrestrial UHD Broadcast?"
"Journal Article","2021","Journal Article Repository/2021/7261654/9446091","09446166.pdf","10.5594/JMI.2021.3077661","10.5594-JMI.2021.3077661","opinion","What It Means to Increase Women in STEM?"
"Journal Article","2021","Journal Article Repository/2021/7261654/9446091","09446167.pdf","10.5594/JMI.2021.3080089","10.5594-JMI.2021.3080089","opinion","UHD"
"Journal Article","2021","Journal Article Repository/2021/7261654/9446091","09446170.pdf","10.5594/JMI.2021.3076568","10.5594-JMI.2021.3076568","orig-research","Latency Perception in Cloud-Based Workspaces and Environments"
"Journal Article","2021","Journal Article Repository/2021/7261654/9446091","09446171.pdf","10.5594/JMI.2021.3072377","10.5594-JMI.2021.3072377","orig-research","A 2/3-in. 9.5-Mpixel CMOS Imager With High Frame Rate and HDR Capabilities"
"Journal Article","2021","Journal Article Repository/2021/7261654/9446091","09446172.pdf","10.5594/JMI.2021.3077674","10.5594-JMI.2021.3077674","info-society","Smpte Almanac"
"Journal Article","2021","Journal Article Repository/2021/7261654/9446091","09446173.pdf","10.5594/JMI.2021.3072560","10.5594-JMI.2021.3072560","orig-research","Development of an 8K UHDTV Wireless Camera Using Millimeter-Wave Bands"
"Journal Article","2021","Journal Article Repository/2021/7261654/9446091","09446174.pdf","10.5594/JMI.2021.3072684","10.5594-JMI.2021.3072684","orig-research","Integrating Machine-Learning-Based Operators in Visual Effects Toolsets"
"Journal Article","2021","Journal Article Repository/2021/7261654/9469928","09469929.pdf","10.5594/JMI.2021.3088732","10.5594-JMI.2021.3088732","advert","SMPTE July 2021 Cover 4"
"Journal Article","2021","Journal Article Repository/2021/7261654/9469928","09469930.pdf","10.5594/JMI.2021.3085047","10.5594-JMI.2021.3085047","toc","SMPTE July 2021 Table of Contents"
"Journal Article","2021","Journal Article Repository/2021/7261654/9469928","09469931.pdf","10.5594/JMI.2021.3085046","10.5594-JMI.2021.3085046","front-cover","SMPTE July 2021 Front Cover"
"Journal Article","2021","Journal Article Repository/2021/7261654/9469928","09469932.pdf","10.5594/JMI.2021.3085048","10.5594-JMI.2021.3085048","list-staff","Officers"
"Journal Article","2021","Journal Article Repository/2021/7261654/9469928","09469933.pdf","10.5594/JMI.2021.3091192","10.5594-JMI.2021.3091192","advert","Ad page"
"Journal Article","2021","Journal Article Repository/2021/7261654/9469928","09469934.pdf","10.5594/JMI.2021.3091783","10.5594-JMI.2021.3091783","advert","Ad page"
"Journal Article","2021","Journal Article Repository/2021/7261654/9469928","09469935.pdf","10.5594/JMI.2021.3085049","10.5594-JMI.2021.3085049","info-society","Sustaining Members"
"Journal Article","2021","Journal Article Repository/2021/7261654/9469928","09469936.pdf","10.5594/JMI.2021.3088730","10.5594-JMI.2021.3088730","advert","Cover 2"
"Journal Article","2021","Journal Article Repository/2021/7261654/9469928","09470354.pdf","10.5594/JMI.2021.3085091","10.5594-JMI.2021.3085091","info-society","SMPTE Almanac"
"Journal Article","2021","Journal Article Repository/2021/7261654/9469928","09470355.pdf","10.5594/JMI.2021.3082992","10.5594-JMI.2021.3082992","orig-research","Monitoring and Analysis of SMPTE ST 2059-2 PTP Networks and Media Devices"
"Journal Article","2021","Journal Article Repository/2021/7261654/9469928","09470356.pdf","10.5594/JMI.2021.3087801","10.5594-JMI.2021.3087801","meeting-report","Section Meetings"
"Journal Article","2021","Journal Article Repository/2021/7261654/9469928","09470357.pdf","10.5594/JMI.2021.3085220","10.5594-JMI.2021.3085220","info-society","Update from the Standards Vice President"
"Journal Article","2021","Journal Article Repository/2021/7261654/9469928","09470358.pdf","10.5594/JMI.2021.3085101","10.5594-JMI.2021.3085101","opinion","What a Difference a Year Makes"
"Journal Article","2021","Journal Article Repository/2021/7261654/9469928","09470359.pdf","10.5594/JMI.2021.3083077","10.5594-JMI.2021.3083077","orig-research","A Multipronged Approach to Effectively Secure SMPTE ST 2059 Time Transfer"
"Journal Article","2021","Journal Article Repository/2021/7261654/9469928","09470360.pdf","10.5594/JMI.2021.3083557","10.5594-JMI.2021.3083557","orig-research","Automated Deployment of CBC/Radio-Canada’s Media-Over-IP Data Center"
"Journal Article","2021","Journal Article Repository/2021/7261654/9469928","09470361.pdf","10.5594/JMI.2021.3082993","10.5594-JMI.2021.3082993","orig-research","History and Future of Connecting Broadcast Television Cameras: From Multicore to Native IP"
"Journal Article","2021","Journal Article Repository/2021/7261654/9469928","09470362.pdf","10.5594/JMI.2021.3088469","10.5594-JMI.2021.3088469","opinion","Results of the 2021 Society Section Elections"
"Journal Article","2021","Journal Article Repository/2021/7261654/9469928","09470363.pdf","10.5594/JMI.2021.3081165","10.5594-JMI.2021.3081165","orig-research","NMOS—The Interoperable Control System for an IP World"
"Journal Article","2021","Journal Article Repository/2021/7261654/9508108","09507585.pdf","10.5594/JMI.2021.3090723","10.5594-JMI.2021.3090723","front-cover","SMPTE August 2021 Front Cover"
"Journal Article","2021","Journal Article Repository/2021/7261654/9508108","09507586.pdf","10.5594/JMI.2021.3090823","10.5594-JMI.2021.3090823","list-staff","Officers"
"Journal Article","2021","Journal Article Repository/2021/7261654/9508108","09507587.pdf","10.5594/JMI.2021.3090822","10.5594-JMI.2021.3090822","info-society","Sustaining Members"
"Journal Article","2021","Journal Article Repository/2021/7261654/9508108","09508109.pdf","10.5594/JMI.2021.3094841","10.5594-JMI.2021.3094841","opinion","Baylor University Introduces 6P Multiprimary Color System"
"Journal Article","2021","Journal Article Repository/2021/7261654/9508108","09508110.pdf","10.5594/JMI.2021.3094827","10.5594-JMI.2021.3094827","opinion","Toronto May 2020"
"Journal Article","2021","Journal Article Repository/2021/7261654/9508108","09508111.pdf","10.5594/JMI.2021.3094618","10.5594-JMI.2021.3094618","info-society","SMPTE Almanac"
"Journal Article","2021","Journal Article Repository/2021/7261654/9508108","09508112.pdf","10.5594/JMI.2021.3087806","10.5594-JMI.2021.3087806","orig-research","The Color Compass: A Color Navigation System in a Dynamic Deliverable World"
"Journal Article","2021","Journal Article Repository/2021/7261654/9508108","09508113.pdf","10.5594/JMI.2021.3094680","10.5594-JMI.2021.3094680","opinion","HDR"
"Journal Article","2021","Journal Article Repository/2021/7261654/9508108","09508114.pdf","10.5594/JMI.2021.3087824","10.5594-JMI.2021.3087824","orig-research","Perceptually Dithered HDR for 8-Bit Interfaces"
"Journal Article","2021","Journal Article Repository/2021/7261654/9508108","09508128.pdf","10.5594/JMI.2021.3100238","10.5594-JMI.2021.3100238","advert","Ad page"
"Journal Article","2021","Journal Article Repository/2021/7261654/9508108","09508129.pdf","10.5594/JMI.2021.3095696","10.5594-JMI.2021.3095696","advert","Cover 2"
"Journal Article","2021","Journal Article Repository/2021/7261654/9508108","09508130.pdf","10.5594/JMI.2021.3090824","10.5594-JMI.2021.3090824","toc","SMPTE August 2021 Table of Contents"
"Journal Article","2021","Journal Article Repository/2021/7261654/9508108","09508131.pdf","10.5594/JMI.2021.3100236","10.5594-JMI.2021.3100236","advert","Ad page"
"Journal Article","2021","Journal Article Repository/2021/7261654/9508108","09508132.pdf","10.5594/JMI.2021.3094856","10.5594-JMI.2021.3094856","advert","SMPTE August 2021 Cover 4"
"Journal Article","2021","Journal Article Repository/2021/7261654/9508108","09508133.pdf","10.5594/JMI.2021.3083560","10.5594-JMI.2021.3083560","orig-research","A Color Volume Mapping System for Perception- Accurate Reproduction of HDR Imagery in SDR Production Workflows"
"Journal Article","2021","Journal Article Repository/2021/7261654/9508108","09508134.pdf","10.5594/JMI.2021.3094621","10.5594-JMI.2021.3094621","opinion","The Next Big Thing Is Here"
"Journal Article","2021","Journal Article Repository/2021/7261654/9508108","09508135.pdf","10.5594/JMI.2021.3083571","10.5594-JMI.2021.3083571","orig-research","A Visual Model for Very Wide-Gamut HDR Displays That Accounts for the Helmholtz–Kohlrausch Effect"
"Journal Article","2021","Journal Article Repository/2021/7261654/9508108","09508136.pdf","10.5594/JMI.2021.3090176","10.5594-JMI.2021.3090176","orig-research","On the Calculation and Usage of HDR Static Content Metadata"
"Journal Article","2021","Journal Article Repository/2021/7261654/9508108","09508137.pdf","10.5594/JMI.2021.3083901","10.5594-JMI.2021.3083901","orig-research","Achieving Cinematic Motion With High-Dynamic Range"
"Journal Article","2021","Journal Article Repository/2021/7261654/9540011","09540012.pdf","10.5594/JMI.2021.3106084","10.5594-JMI.2021.3106084","advert","Cover 2"
"Journal Article","2021","Journal Article Repository/2021/7261654/9540011","09540013.pdf","10.5594/JMI.2021.3102732","10.5594-JMI.2021.3102732","list-staff","Officers"
"Journal Article","2021","Journal Article Repository/2021/7261654/9540011","09540014.pdf","10.5594/JMI.2021.3102730","10.5594-JMI.2021.3102730","front-cover","SMPTE September 2021 Front Cover"
"Journal Article","2021","Journal Article Repository/2021/7261654/9540011","09540015.pdf","10.5594/JMI.2021.3107122","10.5594-JMI.2021.3107122","advert","Ad page"
"Journal Article","2021","Journal Article Repository/2021/7261654/9540011","09540016.pdf","10.5594/JMI.2021.3108616","10.5594-JMI.2021.3108616","advert","Ad page"
"Journal Article","2021","Journal Article Repository/2021/7261654/9540011","09540017.pdf","10.5594/JMI.2021.3106086","10.5594-JMI.2021.3106086","advert","Ad page"
"Journal Article","2021","Journal Article Repository/2021/7261654/9540011","09540018.pdf","10.5594/JMI.2021.3102734","10.5594-JMI.2021.3102734","info-society","Sustaining Members"
"Journal Article","2021","Journal Article Repository/2021/7261654/9540011","09540019.pdf","10.5594/JMI.2021.3108379","10.5594-JMI.2021.3108379","advert","SMPTE September 2021 Cover 4"
"Journal Article","2021","Journal Article Repository/2021/7261654/9540011","09540020.pdf","10.5594/JMI.2021.3108381","10.5594-JMI.2021.3108381","advert","Ad page"
"Journal Article","2021","Journal Article Repository/2021/7261654/9540011","09540021.pdf","10.5594/JMI.2021.3106085","10.5594-JMI.2021.3106085","advert","Ad page"
"Journal Article","2021","Journal Article Repository/2021/7261654/9540011","09540022.pdf","10.5594/JMI.2021.3091199","10.5594-JMI.2021.3091199","orig-research","Progress Report of the Advanced Television Systems Committee"
"Journal Article","2021","Journal Article Repository/2021/7261654/9540011","09540023.pdf","10.5594/JMI.2021.3090162","10.5594-JMI.2021.3090162","orig-research","European Broadcasting Union (EBU) Update 2021"
"Journal Article","2021","Journal Article Repository/2021/7261654/9540011","09540024.pdf","10.5594/JMI.2021.3091211","10.5594-JMI.2021.3091211","orig-research","Recent Activities of the Ultra HD Forum"
"Journal Article","2021","Journal Article Repository/2021/7261654/9540011","09540025.pdf","10.5594/JMI.2021.3106133","10.5594-JMI.2021.3106133","opinion","Introduction to the 2021 Progress Report"
"Journal Article","2021","Journal Article Repository/2021/7261654/9540011","09540026.pdf","10.5594/JMI.2021.3092782","10.5594-JMI.2021.3092782","orig-research","SMPTE Global Inclusion Committee Update"
"Journal Article","2021","Journal Article Repository/2021/7261654/9540011","09540027.pdf","10.5594/JMI.2021.3095058","10.5594-JMI.2021.3095058","orig-research","Remote Innovations on the Cloud"
"Journal Article","2021","Journal Article Repository/2021/7261654/9540011","09540044.pdf","10.5594/JMI.2021.3102731","10.5594-JMI.2021.3102731","toc","SMPTE September 2021 Table of Contents"
"Journal Article","2021","Journal Article Repository/2021/7261654/9540011","09540048.pdf","10.5594/JMI.2021.3096791","10.5594-JMI.2021.3096791","orig-research","Report from IDEA—The Immersive Digital Experiences Alliance"
"Journal Article","2021","Journal Article Repository/2021/7261654/9540011","09540049.pdf","10.5594/JMI.2021.3096866","10.5594-JMI.2021.3096866","orig-research","American Society of Cinematographers Motion Imaging Technology Council Progress Report 2021"
"Journal Article","2021","Journal Article Repository/2021/7261654/9540011","09540050.pdf","10.5594/JMI.2021.3101587","10.5594-JMI.2021.3101587","opinion","Progress Measured by Games"
"Journal Article","2021","Journal Article Repository/2021/7261654/9540011","09540051.pdf","10.5594/JMI.2021.3100880","10.5594-JMI.2021.3100880","orig-research","Report From the Academy of Motion Picture Arts and Sciences’ Science and Technology Council"
"Journal Article","2021","Journal Article Repository/2021/7261654/9540011","09540052.pdf","10.5594/JMI.2021.3091217","10.5594-JMI.2021.3091217","orig-research","Consumer Technology Association Update"
"Journal Article","2021","Journal Article Repository/2021/7261654/9540011","09540053.pdf","10.5594/JMI.2021.3097397","10.5594-JMI.2021.3097397","opinion","Reports from the SMPTE Technology and Task Force Committees"
"Journal Article","2021","Journal Article Repository/2021/7261654/9540011","09540054.pdf","10.5594/JMI.2021.3092776","10.5594-JMI.2021.3092776","orig-research","Progress Report on the Internet Protocol Media Experience (IPMX)"
"Journal Article","2021","Journal Article Repository/2021/7261654/9540011","09540055.pdf","10.5594/JMI.2021.3103561","10.5594-JMI.2021.3103561","meeting-report","Section Meetings"
"Journal Article","2021","Journal Article Repository/2021/7261654/9540011","09540056.pdf","10.5594/JMI.2021.3101580","10.5594-JMI.2021.3101580","orig-research","Utilizing Machine Learning for Video Processing"
"Journal Article","2021","Journal Article Repository/2021/7261654/9540011","09540057.pdf","10.5594/JMI.2021.3098382","10.5594-JMI.2021.3098382","orig-research","Update on the World Wide Web Consortium (W3C)"
"Journal Article","2021","Journal Article Repository/2021/7261654/9540011","09540058.pdf","10.5594/JMI.2021.3090160","10.5594-JMI.2021.3090160","orig-research","5G Media Action Group (5G-MAG): Bridging Media and 5G"
"Journal Article","2021","Journal Article Repository/2021/7261654/9540011","09540059.pdf","10.5594/JMI.2021.3089771","10.5594-JMI.2021.3089771","orig-research","ITU-R Study Group 6 Progress Report 2020–2021"
"Journal Article","2021","Journal Article Repository/2021/7261654/9540011","09540060.pdf","10.5594/JMI.2021.3090169","10.5594-JMI.2021.3090169","orig-research","Internet Engineering Task Force (IETF) Media Ops Industry Comments to SMPTE"
"Journal Article","2021","Journal Article Repository/2021/7261654/9540011","09540061.pdf","10.5594/JMI.2021.3102682","10.5594-JMI.2021.3102682","info-society","SMPTE Almanac"
"Journal Article","2021","Journal Article Repository/2021/7261654/9540011","09540062.pdf","10.5594/JMI.2021.3090926","10.5594-JMI.2021.3090926","orig-research","World Broadcasting Unions Committees—A 2021 Status Report"
"Journal Article","2021","Journal Article Repository/2021/7261654/9540011","09540232.pdf","10.5594/JMI.2021.3089772","10.5594-JMI.2021.3089772","orig-research","DVB’s Internet-Centric Vision Comes Into Sharper Focus"
"Journal Article","2021","Journal Article Repository/2021/7261654/9540011","09540233.pdf","10.5594/JMI.2021.3095091","10.5594-JMI.2021.3095091","orig-research","2021 High-Dynamic Range (HDR) Progress Report"
"Journal Article","2021","Journal Article Repository/2021/7261654/9540011","09540234.pdf","10.5594/JMI.2021.3095079","10.5594-JMI.2021.3095079","orig-research","Streaming Video Alliance Progress Report"
"Journal Article","2021","Journal Article Repository/2021/7261654/9540011","09540235.pdf","10.5594/JMI.2021.3089760","10.5594-JMI.2021.3089760","orig-research","An Update from the Entertainment Technology Center"
"Journal Article","2021","Journal Article Repository/2021/7261654/9540011","09540236.pdf","10.5594/JMI.2021.3101566","10.5594-JMI.2021.3101566","orig-research","Update from the Advanced Media Workflow Association, Video Services Forum, and Joint Task Force on Networked Media"
"Journal Article","2021","Journal Article Repository/2021/7261654/9563084","09563085.pdf","10.5594/JMI.2021.3115548","10.5594-JMI.2021.3115548","content-announce","[Front inside cover]"
"Journal Article","2021","Journal Article Repository/2021/7261654/9563084","09563086.pdf","10.5594/JMI.2021.3109778","10.5594-JMI.2021.3109778","info-society","Sustaining Members"
"Journal Article","2021","Journal Article Repository/2021/7261654/9563084","09563109.pdf","10.5594/JMI.2021.3109775","10.5594-JMI.2021.3109775","toc","SMPTE October 2021 Table of Contents"
"Journal Article","2021","Journal Article Repository/2021/7261654/9563084","09563111.pdf","10.5594/JMI.2021.3109776","10.5594-JMI.2021.3109776","front-cover","SMPTE October 2021 Front Cover"
"Journal Article","2021","Journal Article Repository/2021/7261654/9563084","09563115.pdf","10.5594/JMI.2021.3116988","10.5594-JMI.2021.3116988","advert","Ad page"
"Journal Article","2021","Journal Article Repository/2021/7261654/9563084","09563116.pdf","10.5594/JMI.2021.3109777","10.5594-JMI.2021.3109777","list-staff","Officers"
"Journal Article","2021","Journal Article Repository/2021/7261654/9563084","09563117.pdf","10.5594/JMI.2021.3116990","10.5594-JMI.2021.3116990","advert","Ad page"
"Journal Article","2021","Journal Article Repository/2021/7261654/9563084","09563120.pdf","10.5594/JMI.2021.3115364","10.5594-JMI.2021.3115364","advert","SMPTE October 2021 Cover 4"
"Journal Article","2021","Journal Article Repository/2021/7261654/9563084","09563121.pdf","10.5594/JMI.2021.3115550","10.5594-JMI.2021.3115550","advert","Ad page"
"Journal Article","2021","Journal Article Repository/2021/7261654/9563084","09563185.pdf","10.5594/JMI.2021.3109992","10.5594-JMI.2021.3109992","info-society","SMPTE Almanac"
"Journal Article","2021","Journal Article Repository/2021/7261654/9563084","09563186.pdf","10.5594/JMI.2021.3090913","10.5594-JMI.2021.3090913","orig-research","How to Ensure a Good Depth Perception on a Light Field Display"
"Journal Article","2021","Journal Article Repository/2021/7261654/9563084","09563187.pdf","10.5594/JMI.2021.3109985","10.5594-JMI.2021.3109985","opinion","Is It Cloudy Out There?"
"Journal Article","2021","Journal Article Repository/2021/7261654/9563084","09563188.pdf","10.5594/JMI.2021.3106125","10.5594-JMI.2021.3106125","orig-research","Field Trials of UHDTV Broadcasting over DTMB-A System"
"Journal Article","2021","Journal Article Repository/2021/7261654/9563084","09563189.pdf","10.5594/JMI.2021.3106162","10.5594-JMI.2021.3106162","orig-research","Transitioning Broadcast to Cloud"
"Journal Article","2021","Journal Article Repository/2021/7261654/9563084","09563190.pdf","10.5594/JMI.2021.3104396","10.5594-JMI.2021.3104396","orig-research","Is Live Standards Conversion in the Cloud Ready to Be Used?"
"Journal Article","2021","Journal Article Repository/2021/7261654/9563084","09563191.pdf","10.5594/JMI.2021.3110290","10.5594-JMI.2021.3110290","opinion","2021 Honors and Awards Recipients"
"Journal Article","2021","Journal Article Repository/2021/7261654/9563084","09563192.pdf","10.5594/JMI.2021.3109715","10.5594-JMI.2021.3109715","opinion","Cloud"
"Journal Article","2021","Journal Article Repository/2021/7261654/9563084","09563193.pdf","10.5594/JMI.2021.3110339","10.5594-JMI.2021.3110339","opinion","2021 SMPTE Fellows"
"Journal Article","2021","Journal Article Repository/2021/7261654/9563084","09563195.pdf","10.5594/JMI.2021.3104381","10.5594-JMI.2021.3104381","orig-research","Cloud Production Pipeline Using IMF, C4ID, and Open TimeLine IO"
"Journal Article","2021","Journal Article Repository/2021/7261654/9631114","09629229.pdf","10.5594/JMI.2021.3122506","10.5594-JMI.2021.3122506","opinion","The Changing State of Work(Flow) in 2021"
"Journal Article","2021","Journal Article Repository/2021/7261654/9631114","09629231.pdf","10.5594/JMI.2021.3114847","10.5594-JMI.2021.3114847","orig-research","Humans, Automation, and Workflow: Seeking Balance in Service of Art"
"Journal Article","2021","Journal Article Repository/2021/7261654/9631114","09629232.pdf","10.5594/JMI.2021.3123214","10.5594-JMI.2021.3123214","opinion","Workflow"
"Journal Article","2021","Journal Article Repository/2021/7261654/9631114","09629233.pdf","10.5594/JMI.2021.3123420","10.5594-JMI.2021.3123420","opinion","Time to Move On"
"Journal Article","2021","Journal Article Repository/2021/7261654/9631114","09629234.pdf","10.5594/JMI.2021.3117125","10.5594-JMI.2021.3117125","orig-research","Server-Side Segment Selection for Low-Latency Streaming—S4S"
"Journal Article","2021","Journal Article Repository/2021/7261654/9631114","09629235.pdf","10.5594/JMI.2021.3114778","10.5594-JMI.2021.3114778","orig-research","Something We Can All Agree On: Recommendations and Best Practices for Dailies QC"
"Journal Article","2021","Journal Article Repository/2021/7261654/9631114","09629236.pdf","10.5594/JMI.2021.3123749","10.5594-JMI.2021.3123749","opinion","Growing Through Value-Driven Leadership"
"Journal Article","2021","Journal Article Repository/2021/7261654/9631114","09629237.pdf","10.5594/JMI.2021.3117095","10.5594-JMI.2021.3117095","orig-research","A Case for Archival Episodic Content as Technical Evaluative Material"
"Journal Article","2021","Journal Article Repository/2021/7261654/9631114","09629239.pdf","10.5594/JMI.2021.3121487","10.5594-JMI.2021.3121487","obit","Hank Mahler"
"Journal Article","2021","Journal Article Repository/2021/7261654/9631114","09629240.pdf","10.5594/JMI.2021.3122192","10.5594-JMI.2021.3122192","info-society","SMPTE Almanac"
"Journal Article","2021","Journal Article Repository/2021/7261654/9631114","09631115.pdf","10.5594/JMI.2021.3117468","10.5594-JMI.2021.3117468","list-staff","Officers"
"Journal Article","2021","Journal Article Repository/2021/7261654/9631114","09631118.pdf","10.5594/JMI.2021.3125850","10.5594-JMI.2021.3125850","advert","SMPTE November/December 2021 Cover 4"
"Journal Article","2021","Journal Article Repository/2021/7261654/9631114","09631119.pdf","10.5594/JMI.2021.3117466","10.5594-JMI.2021.3117466","front-cover","SMPTE November/December 2021 Front Cover"
"Journal Article","2021","Journal Article Repository/2021/7261654/9631114","09631121.pdf","10.5594/JMI.2021.3122484","10.5594-JMI.2021.3122484","advert","Ad page"
"Journal Article","2021","Journal Article Repository/2021/7261654/9631114","09631123.pdf","10.5594/JMI.2021.3123011","10.5594-JMI.2021.3123011","advert","Ad page"
"Journal Article","2021","Journal Article Repository/2021/7261654/9631114","09631124.pdf","10.5594/JMI.2021.3117467","10.5594-JMI.2021.3117467","toc","SMPTE November/December 2021 Table of Contents"
"Journal Article","2021","Journal Article Repository/2021/7261654/9631114","09631125.pdf","10.5594/JMI.2021.3125848","10.5594-JMI.2021.3125848","advert","Cover 2"
"Journal Article","2021","Journal Article Repository/2021/7261654/9631114","09631126.pdf","10.5594/JMI.2021.3128783","10.5594-JMI.2021.3128783","advert","Ad page"
"Journal Article","2021","Journal Article Repository/2021/7261654/9631114","09631127.pdf","10.5594/JMI.2021.3117469","10.5594-JMI.2021.3117469","info-society","Sustaining Members"
"Journal Article","2021","Journal Article Repository/2021/7261654/9631114","09631128.pdf","10.5594/JMI.2021.3126134","10.5594-JMI.2021.3126134","advert","Ad page"
"Journal Article","2021","Journal Article Repository/2021/7261654/9631114","09631148.pdf","10.5594/JMI.2021.3120810","10.5594-JMI.2021.3120810","opinion","Migrating Media &amp; Entertainment Into the Cloud: A Real-World Perspective"
"Journal Article","2021","Journal Article Repository/2021/7261654/9631114","09631150.pdf","10.5594/JMI.2021.3117065","10.5594-JMI.2021.3117065","orig-research","Creating from Anywhere with an Artist-Driven Approach to Workstation Deployment"
"Journal Article","2021","Journal Article Repository/2021/7261654/9631114","09631151.pdf","10.5594/JMI.2021.3122188","10.5594-JMI.2021.3122188","opinion","IP Facilities—The Big Picture"
"Journal Article","2022","Journal Article Repository/2022/7261654/9691399","09691400.pdf","10.5594/JMI.2021.3129884","10.5594-JMI.2021.3129884","orig-research","The First Broadcast TV Drama"
"Journal Article","2022","Journal Article Repository/2022/7261654/9691399","09691401.pdf","10.5594/JMI.2021.3134006","10.5594-JMI.2021.3134006","info-society","Sustaining Members"
"Journal Article","2022","Journal Article Repository/2022/7261654/9691399","09691402.pdf","10.5594/JMI.2021.3134005","10.5594-JMI.2021.3134005","list-staff","Officers"
"Journal Article","2022","Journal Article Repository/2022/7261654/9691399","09691403.pdf","10.5594/JMI.2021.3130943","10.5594-JMI.2021.3130943","orig-research","UHD (2160/HDR) and HD (1080/BT.709) Simultaneous Workflows at the CBC"
"Journal Article","2022","Journal Article Repository/2022/7261654/9691399","09691404.pdf","10.5594/JMI.2022.3141275","10.5594-JMI.2022.3141275","advert","Ad page"
"Journal Article","2022","Journal Article Repository/2022/7261654/9691399","09691405.pdf","10.5594/JMI.2022.3141534","10.5594-JMI.2022.3141534","advert","Cover 2"
"Journal Article","2022","Journal Article Repository/2022/7261654/9691399","09691406.pdf","10.5594/JMI.2021.3134997","10.5594-JMI.2021.3134997","orig-research","Consortium Shared Identity Over an Enterprise Blockchain"
"Journal Article","2022","Journal Article Repository/2022/7261654/9691399","09691407.pdf","10.5594/JMI.2021.3133994","10.5594-JMI.2021.3133994","front-cover","Front Cover"
"Journal Article","2022","Journal Article Repository/2022/7261654/9691399","09691408.pdf","10.5594/JMI.2022.3140971","10.5594-JMI.2022.3140971","advert","Ad page"
"Journal Article","2022","Journal Article Repository/2022/7261654/9691399","09691409.pdf","10.5594/JMI.2021.3114757","10.5594-JMI.2021.3114757","orig-research","Next-Generation OTT Distribution Architecture Supporting Multicast-Assisted ABR (mABR) and HTTP/3 Over QUIC"
"Journal Article","2022","Journal Article Repository/2022/7261654/9691399","09691410.pdf","10.5594/JMI.2021.3134756","10.5594-JMI.2021.3134756","orig-research","Immersive Audio: Futureproof Workflows for the Real World"
"Journal Article","2022","Journal Article Repository/2022/7261654/9691399","09691411.pdf","10.5594/JMI.2022.3141538","10.5594-JMI.2022.3141538","advert","Cover 4"
"Journal Article","2022","Journal Article Repository/2022/7261654/9691399","09691412.pdf","10.5594/JMI.2021.3137847","10.5594-JMI.2021.3137847","meeting-report","Section Meetings"
"Journal Article","2022","Journal Article Repository/2022/7261654/9691399","09691493.pdf","10.5594/JMI.2021.3138262","10.5594-JMI.2021.3138262","opinion","2022–2023 Officers and Governors"
"Journal Article","2022","Journal Article Repository/2022/7261654/9691399","09691494.pdf","10.5594/JMI.2021.3130941","10.5594-JMI.2021.3130941","orig-research","Toward the Standardization of High-Quality Computer-Generated Holography Media Production Workflow"
"Journal Article","2022","Journal Article Repository/2022/7261654/9691399","09691495.pdf","10.5594/JMI.2021.3136936","10.5594-JMI.2021.3136936","opinion","Greetings from the Incoming Standards VP"
"Journal Article","2022","Journal Article Repository/2022/7261654/9691399","09691496.pdf","10.5594/JMI.2021.3133995","10.5594-JMI.2021.3133995","toc","Table of Contents"
"Journal Article","2022","Journal Article Repository/2022/7261654/9691399","09691497.pdf","10.5594/JMI.2021.3139088","10.5594-JMI.2021.3139088","info-society","SMPTE Almanac"
"Journal Article","2022","Journal Article Repository/2022/7261654/9691399","09691499.pdf","10.5594/JMI.2021.3134723","10.5594-JMI.2021.3134723","opinion","Top-Notch Content Takes Center Stage at SMPTE 2021 ATC"
"Journal Article","2022","Journal Article Repository/2022/7261654/9732494","09732495.pdf","10.5594/JMI.2022.3150966","10.5594-JMI.2022.3150966","advert","Ad page"
"Journal Article","2022","Journal Article Repository/2022/7261654/9732494","09732496.pdf","10.5594/JMI.2022.3146466","10.5594-JMI.2022.3146466","orig-research","Exposure Invariance Test"
"Journal Article","2022","Journal Article Repository/2022/7261654/9732494","09732497.pdf","10.5594/JMI.2022.3154209","10.5594-JMI.2022.3154209","advert","Ad page"
"Journal Article","2022","Journal Article Repository/2022/7261654/9732494","09732498.pdf","10.5594/JMI.2022.3148348","10.5594-JMI.2022.3148348","toc","Table of Contents"
"Journal Article","2022","Journal Article Repository/2022/7261654/9732494","09732499.pdf","10.5594/JMI.2022.3148345","10.5594-JMI.2022.3148345","list-staff","Officers"
"Journal Article","2022","Journal Article Repository/2022/7261654/9732494","09732500.pdf","10.5594/JMI.2022.3154207","10.5594-JMI.2022.3154207","advert","Ad page"
"Journal Article","2022","Journal Article Repository/2022/7261654/9732494","09732501.pdf","10.5594/JMI.2022.3149108","10.5594-JMI.2022.3149108","meeting-report","Section Meetings"
"Journal Article","2022","Journal Article Repository/2022/7261654/9732494","09732502.pdf","10.5594/JMI.2022.3154361","10.5594-JMI.2022.3154361","advert","Ad page"
"Journal Article","2022","Journal Article Repository/2022/7261654/9732494","09732503.pdf","10.5594/JMI.2022.3146520","10.5594-JMI.2022.3146520","orig-research","Biometric Signals Reveal How Audiences Engage With Stories"
"Journal Article","2022","Journal Article Repository/2022/7261654/9732494","09732504.pdf","10.5594/JMI.2022.3143607","10.5594-JMI.2022.3143607","orig-research","Virtual Tour of Flanders"
"Journal Article","2022","Journal Article Repository/2022/7261654/9732494","09732505.pdf","10.5594/JMI.2022.3148347","10.5594-JMI.2022.3148347","front-cover","Front Cover"
"Journal Article","2022","Journal Article Repository/2022/7261654/9732494","09732506.pdf","10.5594/JMI.2022.3152835","10.5594-JMI.2022.3152835","advert","Ad page"
"Journal Article","2022","Journal Article Repository/2022/7261654/9732494","09732507.pdf","10.5594/JMI.2022.3143608","10.5594-JMI.2022.3143608","orig-research","Physiologically Personalized Color Management for Motion Picture Workflows"
"Journal Article","2022","Journal Article Repository/2022/7261654/9732494","09732508.pdf","10.5594/JMI.2022.3148346","10.5594-JMI.2022.3148346","info-society","Sustaining Members"
"Journal Article","2022","Journal Article Repository/2022/7261654/9732494","09732509.pdf","10.5594/JMI.2022.3148488","10.5594-JMI.2022.3148488","info-society","SMPTE Almanac"
"Journal Article","2022","Journal Article Repository/2022/7261654/9732494","09732525.pdf","10.5594/JMI.2022.3144011","10.5594-JMI.2022.3144011","orig-research","How Will We Preserve the Movies of Tomorrow? Technical and Ethical Considerations"
"Journal Article","2022","Journal Article Repository/2022/7261654/9749797","09749798.pdf","10.5594/JMI.2022.3164107","10.5594-JMI.2022.3164107","advert","Ad Page"
"Journal Article","2022","Journal Article Repository/2022/7261654/9749797","09749799.pdf","10.5594/JMI.2022.3159107","10.5594-JMI.2022.3159107","advert","Ad Page"
"Journal Article","2022","Journal Article Repository/2022/7261654/9749797","09749800.pdf","10.5594/JMI.2022.3158857","10.5594-JMI.2022.3158857","toc","Table of Contents"
"Journal Article","2022","Journal Article Repository/2022/7261654/9749797","09749801.pdf","10.5594/JMI.2022.3151144","10.5594-JMI.2022.3151144","orig-research","Customized Facial Expression Analysis in Video"
"Journal Article","2022","Journal Article Repository/2022/7261654/9749797","09749802.pdf","10.5594/JMI.2022.3160259","10.5594-JMI.2022.3160259","opinion","The Ever-Growing Importance of AI and Machine Learning in Media and Entertainment"
"Journal Article","2022","Journal Article Repository/2022/7261654/9749797","09749803.pdf","10.5594/JMI.2022.3153646","10.5594-JMI.2022.3153646","orig-research","Exploring Realtime Conversational Virtual Characters"
"Journal Article","2022","Journal Article Repository/2022/7261654/9749797","09749804.pdf","10.5594/JMI.2022.3158845","10.5594-JMI.2022.3158845","front-cover","Front Cover"
"Journal Article","2022","Journal Article Repository/2022/7261654/9749797","09749805.pdf","10.5594/JMI.2022.3158823","10.5594-JMI.2022.3158823","list-staff","Officers"
"Journal Article","2022","Journal Article Repository/2022/7261654/9749797","09749806.pdf","10.5594/JMI.2022.3158824","10.5594-JMI.2022.3158824","info-society","Sustaining Members"
"Journal Article","2022","Journal Article Repository/2022/7261654/9749797","09749807.pdf","10.5594/JMI.2022.3159106","10.5594-JMI.2022.3159106","advert","Ad Page"
"Journal Article","2022","Journal Article Repository/2022/7261654/9749797","09749808.pdf","10.5594/JMI.2022.3153664","10.5594-JMI.2022.3153664","orig-research","Live Production System to Handle Video Signals With Various Aspect Ratios"
"Journal Article","2022","Journal Article Repository/2022/7261654/9749797","09749809.pdf","10.5594/JMI.2022.3158685","10.5594-JMI.2022.3158685","info-society","SMPTE Almanac"
"Journal Article","2022","Journal Article Repository/2022/7261654/9749797","09749810.pdf","10.5594/JMI.2022.3155781","10.5594-JMI.2022.3155781","obit","In Memoriam: Irwin Young"
"Journal Article","2022","Journal Article Repository/2022/7261654/9749797","09749811.pdf","10.5594/JMI.2022.3154836","10.5594-JMI.2022.3154836","orig-research","Machine Learning for Per-Title Encoding"
"Journal Article","2022","Journal Article Repository/2022/7261654/9749797","09749812.pdf","10.5594/JMI.2022.3157408","10.5594-JMI.2022.3157408","advert","Ad Page"
"Journal Article","2022","Journal Article Repository/2022/7261654/9749797","09749813.pdf","10.5594/JMI.2022.3155759","10.5594-JMI.2022.3155759","orig-research","Understanding Banding—Perceptual Modeling and Machine Learning Approaches for Banding Detection"
"Journal Article","2022","Journal Article Repository/2022/7261654/9749797","09749814.pdf","10.5594/JMI.2022.3162766","10.5594-JMI.2022.3162766","advert","Ad Page"
"Journal Article","2022","Journal Article Repository/2022/7261654/9749797","09749815.pdf","10.5594/JMI.2022.3153662","10.5594-JMI.2022.3153662","orig-research","Realizing Additional Value From Linear Content Using Metadata and Automation"
"Journal Article","2022","Journal Article Repository/2022/7261654/9749797","09749816.pdf","10.5594/JMI.2022.3162765","10.5594-JMI.2022.3162765","advert","Ad Page"
"Journal Article","2022","Journal Article Repository/2022/7261654/9749797","09749817.pdf","10.5594/JMI.2022.3158159","10.5594-JMI.2022.3158159","advert","Ad Page"
"Journal Article","2022","Journal Article Repository/2022/7261654/9749797","09749818.pdf","10.5594/JMI.2022.3163949","10.5594-JMI.2022.3163949","advert","Ad Page"
"Journal Article","2022","Journal Article Repository/2022/7261654/9772088","09772089.pdf","10.5594/JMI.2022.3160804","10.5594-JMI.2022.3160804","orig-research","TV-Watching Robot: Toward Enriching Media Experience and Activating Human Communication"
"Journal Article","2022","Journal Article Repository/2022/7261654/9772088","09772090.pdf","10.5594/JMI.2022.3160541","10.5594-JMI.2022.3160541","orig-research","AI-Based Saliency-Aware Video Coding"
"Journal Article","2022","Journal Article Repository/2022/7261654/9772088","09772091.pdf","10.5594/JMI.2022.3160560","10.5594-JMI.2022.3160560","orig-research","Adaptive Streaming of Content-Aware-Encoded Videos in dash.js"
"Journal Article","2022","Journal Article Repository/2022/7261654/9772088","09772092.pdf","10.5594/JMI.2022.3163601","10.5594-JMI.2022.3163601","front-cover","Front Cover"
"Journal Article","2022","Journal Article Repository/2022/7261654/9772088","09772093.pdf","10.5594/JMI.2022.3164415","10.5594-JMI.2022.3164415","obit","John Carlson (1951–2021)"
"Journal Article","2022","Journal Article Repository/2022/7261654/9772088","09772094.pdf","10.5594/JMI.2022.3160801","10.5594-JMI.2022.3160801","orig-research","Toward Generalized Psychovisual Preprocessing For Video Encoding"
"Journal Article","2022","Journal Article Repository/2022/7261654/9772088","09772095.pdf","10.5594/JMI.2022.3160793","10.5594-JMI.2022.3160793","orig-research","AI-Based Media Coding Standards"
"Journal Article","2022","Journal Article Repository/2022/7261654/9772088","09772096.pdf","10.5594/JMI.2022.3164428","10.5594-JMI.2022.3164428","meeting-report","Section Meetings"
"Journal Article","2022","Journal Article Repository/2022/7261654/9772088","09772097.pdf","10.5594/JMI.2022.3170739","10.5594-JMI.2022.3170739","advert","Ad Page"
"Journal Article","2022","Journal Article Repository/2022/7261654/9772088","09772098.pdf","10.5594/JMI.2022.3160832","10.5594-JMI.2022.3160832","orig-research","Dynamic Seamless Resource Allocation for Live Video Compression on a Kubernetes Cluster"
"Journal Article","2022","Journal Article Repository/2022/7261654/9772088","09772099.pdf","10.5594/JMI.2022.3165983","10.5594-JMI.2022.3165983","advert","Ad Page"
"Journal Article","2022","Journal Article Repository/2022/7261654/9772088","09772100.pdf","10.5594/JMI.2022.3164345","10.5594-JMI.2022.3164345","list-staff","Officers"
"Journal Article","2022","Journal Article Repository/2022/7261654/9772088","09772101.pdf","10.5594/JMI.2022.3163602","10.5594-JMI.2022.3163602","toc","Table of Contents"
"Journal Article","2022","Journal Article Repository/2022/7261654/9772088","09772102.pdf","10.5594/JMI.2022.3165984","10.5594-JMI.2022.3165984","advert","Ad Page"
"Journal Article","2022","Journal Article Repository/2022/7261654/9772088","09772103.pdf","10.5594/JMI.2022.3166165","10.5594-JMI.2022.3166165","info-society","Smpte Almanac"
"Journal Article","2022","Journal Article Repository/2022/7261654/9772088","09772104.pdf","10.5594/JMI.2022.3164346","10.5594-JMI.2022.3164346","info-society","Sustaining Members"
"Journal Article","2022","Journal Article Repository/2022/7261654/9772088","09772105.pdf","10.5594/JMI.2022.3165981","10.5594-JMI.2022.3165981","advert","Cover 2"
"Journal Article","2022","Journal Article Repository/2022/7261654/9789510","09789465.pdf","10.5594/JMI.2022.3167767","10.5594-JMI.2022.3167767","opinion","Forward: IP Systems Implementations"
"Journal Article","2022","Journal Article Repository/2022/7261654/9789510","09789467.pdf","10.5594/JMI.2022.3167782","10.5594-JMI.2022.3167782","orig-research","Mastering Quantization is Key for Video Compression"
"Journal Article","2022","Journal Article Repository/2022/7261654/9789510","09789474.pdf","10.5594/JMI.2022.3169748","10.5594-JMI.2022.3169748","orig-research","Single Source of the Truth in Media Data Centers"
"Journal Article","2022","Journal Article Repository/2022/7261654/9789510","09789475.pdf","10.5594/JMI.2022.3173109","10.5594-JMI.2022.3173109","list-staff","Officers"
"Journal Article","2022","Journal Article Repository/2022/7261654/9789510","09789511.pdf","10.5594/JMI.2022.3166200","10.5594-JMI.2022.3166200","orig-research","Transitioning an Existing SDI Facility to IP"
"Journal Article","2022","Journal Article Repository/2022/7261654/9789510","09789514.pdf","10.5594/JMI.2022.3175053","10.5594-JMI.2022.3175053","info-society","SMPTE Almanac"
"Journal Article","2022","Journal Article Repository/2022/7261654/9789510","09789517.pdf","10.5594/JMI.2022.3167776","10.5594-JMI.2022.3167776","orig-research","Standards and Specifications for Carriage of JPEG XS in RTP for IP Networks"
"Journal Article","2022","Journal Article Repository/2022/7261654/9789510","09789518.pdf","10.5594/JMI.2022.3169754","10.5594-JMI.2022.3169754","orig-research","A Report from a SMPTE ST 2110 Early Adopter: WTTG/WDCA Fox Television Builds an IP-Based Local Television Station"
"Journal Article","2022","Journal Article Repository/2022/7261654/9789510","09789520.pdf","10.5594/JMI.2022.3171484","10.5594-JMI.2022.3171484","front-cover","Front Cover"
"Journal Article","2022","Journal Article Repository/2022/7261654/9789510","09789521.pdf","10.5594/JMI.2022.3176789","10.5594-JMI.2022.3176789","advert","Ad Page"
"Journal Article","2022","Journal Article Repository/2022/7261654/9789510","09789522.pdf","10.5594/JMI.2022.3174647","10.5594-JMI.2022.3174647","advert","Cover 2"
"Journal Article","2022","Journal Article Repository/2022/7261654/9789510","09789523.pdf","10.5594/JMI.2022.3173110","10.5594-JMI.2022.3173110","info-society","Sustaining Members"
"Journal Article","2022","Journal Article Repository/2022/7261654/9789510","09789525.pdf","10.5594/JMI.2022.3176923","10.5594-JMI.2022.3176923","advert","Ad Page"
"Journal Article","2022","Journal Article Repository/2022/7261654/9789510","09789528.pdf","10.5594/JMI.2022.3176166","10.5594-JMI.2022.3176166","advert","Ad Page"
"Journal Article","2022","Journal Article Repository/2022/7261654/9789510","09789532.pdf","10.5594/JMI.2022.3171483","10.5594-JMI.2022.3171483","toc","Table of Contents"
"Journal Article","2022","Journal Article Repository/2022/7261654/9789510","09789535.pdf","10.5594/JMI.2022.3166161","10.5594-JMI.2022.3166161","orig-research","Software-Based Studios"
"Journal Article","2022","Journal Article Repository/2022/7261654/9789510","09789537.pdf","10.5594/JMI.2022.3167779","10.5594-JMI.2022.3167779","orig-research","Infrastructure as Code at CBC/Radio-Canada’s Media-Over-IP Data Center"
"Journal Article","2022","Journal Article Repository/2022/7261654/9789510","09789541.pdf","10.5594/JMI.2022.3174290","10.5594-JMI.2022.3174290","meeting-report","Section Meetings"
"Journal Article","2022","Journal Article Repository/2022/7261654/9804818","09804819.pdf","10.5594/JMI.2022.3173650","10.5594-JMI.2022.3173650","orig-research","Server-Side Versus Client-Side Synchronization for Watch Together Applications Using CMAF Low Latency"
"Journal Article","2022","Journal Article Repository/2022/7261654/9804818","09804820.pdf","10.5594/JMI.2022.3178562","10.5594-JMI.2022.3178562","info-society","Sustaining Members"
"Journal Article","2022","Journal Article Repository/2022/7261654/9804818","09804821.pdf","10.5594/JMI.2022.3178560","10.5594-JMI.2022.3178560","toc","Table of Contents"
"Journal Article","2022","Journal Article Repository/2022/7261654/9804818","09804822.pdf","10.5594/JMI.2022.3173621","10.5594-JMI.2022.3173621","orig-research","Digital Print Stock Design: A Framework for the Post-Film Era"
"Journal Article","2022","Journal Article Repository/2022/7261654/9804818","09804823.pdf","10.5594/JMI.2022.3173625","10.5594-JMI.2022.3173625","orig-research","Analysis of Generation Loss for Wavelet-Based Compression"
"Journal Article","2022","Journal Article Repository/2022/7261654/9804818","09804824.pdf","10.5594/JMI.2022.3182455","10.5594-JMI.2022.3182455","advert","Ad Page"
"Journal Article","2022","Journal Article Repository/2022/7261654/9804818","09804825.pdf","10.5594/JMI.2022.3179503","10.5594-JMI.2022.3179503","info-society","SMPTE Almanac"
"Journal Article","2022","Journal Article Repository/2022/7261654/9804818","09804826.pdf","10.5594/JMI.2022.3184125","10.5594-JMI.2022.3184125","advert","Ad Page"
"Journal Article","2022","Journal Article Repository/2022/7261654/9804818","09804887.pdf","10.5594/JMI.2022.3178561","10.5594-JMI.2022.3178561","list-staff","Officers"
"Journal Article","2022","Journal Article Repository/2022/7261654/9804818","09804888.pdf","10.5594/JMI.2022.3182453","10.5594-JMI.2022.3182453","advert","Ad Page"
"Journal Article","2022","Journal Article Repository/2022/7261654/9804818","09804889.pdf","10.5594/JMI.2022.3175990","10.5594-JMI.2022.3175990","orig-research","Network Operator-Provided 5G Streaming Media and Future Broadcast Services"
"Journal Article","2022","Journal Article Repository/2022/7261654/9804818","09804890.pdf","10.5594/JMI.2022.3178559","10.5594-JMI.2022.3178559","front-cover","Front Cover"
"Journal Article","2022","Journal Article Repository/2022/7261654/9804818","09804891.pdf","10.5594/JMI.2022.3175955","10.5594-JMI.2022.3175955","orig-research","Universal CMAF Container for Efficient Cross-Format Low-Latency Delivery"
"Journal Article","2022","Journal Article Repository/2022/7261654/9804818","09804892.pdf","10.5594/JMI.2022.3181766","10.5594-JMI.2022.3181766","advert","Ad Page"
"Journal Article","2022","Journal Article Repository/2022/7261654/9804818","09804893.pdf","10.5594/JMI.2022.3181768","10.5594-JMI.2022.3181768","advert","Cover 2"
"Journal Article","2022","Journal Article Repository/2022/7261654/9804818","09804894.pdf","10.5594/JMI.2022.3179480","10.5594-JMI.2022.3179480","meeting-report","Section Meetings"
"Journal Article","2022","Journal Article Repository/2022/7261654/9851537","09851538.pdf","10.5594/JMI.2022.3190543","10.5594-JMI.2022.3190543","info-society","SMPTE ALMANAC"
"Journal Article","2022","Journal Article Repository/2022/7261654/9851537","09851539.pdf","10.5594/JMI.2022.3184732","10.5594-JMI.2022.3184732","orig-research","Optimizing Linear Media Processes for Cloud"
"Journal Article","2022","Journal Article Repository/2022/7261654/9851537","09851541.pdf","10.5594/JMI.2022.3185872","10.5594-JMI.2022.3185872","toc","Table of Contents"
"Journal Article","2022","Journal Article Repository/2022/7261654/9851537","09851543.pdf","10.5594/JMI.2022.3192594","10.5594-JMI.2022.3192594","content-announce","Keep Up with Emerging Tech"
"Journal Article","2022","Journal Article Repository/2022/7261654/9851537","09851545.pdf","10.5594/JMI.2022.3185873","10.5594-JMI.2022.3185873","info-society","Sustaining Members"
"Journal Article","2022","Journal Article Repository/2022/7261654/9851537","09851546.pdf","10.5594/JMI.2022.3184849","10.5594-JMI.2022.3184849","orig-research","Cloud-Based AI for Automatic Audio Production for Personalized Immersive XR Experiences"
"Journal Article","2022","Journal Article Repository/2022/7261654/9851537","09851548.pdf","10.5594/JMI.2022.3185871","10.5594-JMI.2022.3185871","front-cover","Front Cover"
"Journal Article","2022","Journal Article Repository/2022/7261654/9851537","09851549.pdf","10.5594/JMI.2022.3180798","10.5594-JMI.2022.3180798","orig-research","Selective Storage: Store and Deliver Only What Matters"
"Journal Article","2022","Journal Article Repository/2022/7261654/9851537","09851550.pdf","10.5594/JMI.2022.3185874","10.5594-JMI.2022.3185874","list-staff","Officers"
"Journal Article","2022","Journal Article Repository/2022/7261654/9851537","09851552.pdf","10.5594/JMI.2022.3192593","10.5594-JMI.2022.3192593","content-announce","SMPTE Media Technology Summit 2022"
"Journal Article","2022","Journal Article Repository/2022/7261654/9851537","09851555.pdf","10.5594/JMI.2022.3180777","10.5594-JMI.2022.3180777","orig-research","Performance of Low-Latency DASH and HLS Streaming in Mobile Networks"
"Journal Article","2022","Journal Article Repository/2022/7261654/9851537","09851578.pdf","10.5594/JMI.2022.3191835","10.5594-JMI.2022.3191835","content-announce","SMPTE Media Technology Summit 2022"
"Journal Article","2022","Journal Article Repository/2022/7261654/9851537","09851579.pdf","10.5594/JMI.2022.3180825","10.5594-JMI.2022.3180825","orig-research","Advancements in Information Technology Applied to Professional Media"
"Journal Article","2022","Journal Article Repository/2022/7261654/9851537","09851580.pdf","10.5594/JMI.2022.3192659","10.5594-JMI.2022.3192659","content-announce","Join the SMPTE Board of Editors"
"Journal Article","2022","Journal Article Repository/2022/7261654/9851537","09851582.pdf","10.5594/JMI.2022.3194996","10.5594-JMI.2022.3194996","content-announce","Connect today with SMPTE on social media!"
"Journal Article","2022","Journal Article Repository/2022/7261654/9851537","09851585.pdf","10.5594/JMI.2022.3183668","10.5594-JMI.2022.3183668","orig-research","Preservation of Perceived Colorfulness of Down-Mapped, Hybrid Log-Gamma (HLG) to Standard Dynamic Range Content Using a Color Appearance Model (CAM)"
"Journal Article","2022","Journal Article Repository/2022/7261654/9851537","09851589.pdf","10.5594/JMI.2022.3192595","10.5594-JMI.2022.3192595","content-announce","Take the Lead: SMPTE Corporate Memberships"
"Journal Article","2022","Journal Article Repository/2022/7261654/9851537","09851592.pdf","10.5594/JMI.2022.3187436","10.5594-JMI.2022.3187436","obit","Robert J. Ross"
"Journal Article","2022","Journal Article Repository/2022/7261654/9868266","09868267.pdf","10.5594/JMI.2022.3192059","10.5594-JMI.2022.3192059","orig-research","SMPTE ST 2110—The Growing Ecosystem"
"Journal Article","2022","Journal Article Repository/2022/7261654/9868266","09868268.pdf","10.5594/JMI.2022.3199532","10.5594-JMI.2022.3199532","content-announce","SMPTE is Social"
"Journal Article","2022","Journal Article Repository/2022/7261654/9868266","09868269.pdf","10.5594/JMI.2022.3199528","10.5594-JMI.2022.3199528","content-announce","SMPTE Media Technology Summit 2022"
"Journal Article","2022","Journal Article Repository/2022/7261654/9868266","09868270.pdf","10.5594/JMI.2022.3196747","10.5594-JMI.2022.3196747","info-society","Smpte Almanac"
"Journal Article","2022","Journal Article Repository/2022/7261654/9868266","09868271.pdf","10.5594/JMI.2022.3190532","10.5594-JMI.2022.3190532","orig-research","Alliance for Open Media (AOMedia) Progress Report"
"Journal Article","2022","Journal Article Repository/2022/7261654/9868266","09868272.pdf","10.5594/JMI.2022.3199535","10.5594-JMI.2022.3199535","content-announce","SMPTE Webcasts: Keep Up with Emerging Tech"
"Journal Article","2022","Journal Article Repository/2022/7261654/9868266","09868273.pdf","10.5594/JMI.2022.3190906","10.5594-JMI.2022.3190906","opinion","Introduction from the Standards Vice President"
"Journal Article","2022","Journal Article Repository/2022/7261654/9868266","09868274.pdf","10.5594/JMI.2022.3189040","10.5594-JMI.2022.3189040","orig-research","American Society of Cinematographers Motion Imaging Technology Council Progress Report 2022"
"Journal Article","2022","Journal Article Repository/2022/7261654/9868266","09868275.pdf","10.5594/JMI.2022.3197361","10.5594-JMI.2022.3197361","info-society","Sustaining Members"
"Journal Article","2022","Journal Article Repository/2022/7261654/9868266","09868276.pdf","10.5594/JMI.2022.3198471","10.5594-JMI.2022.3198471","opinion","Introduction to the 2022 SMPTE Progress Report"
"Journal Article","2022","Journal Article Repository/2022/7261654/9868266","09868277.pdf","10.5594/JMI.2022.3192045","10.5594-JMI.2022.3192045","orig-research","Progress Report of the Advanced Television Systems Committee"
"Journal Article","2022","Journal Article Repository/2022/7261654/9868266","09868278.pdf","10.5594/JMI.2022.3199529","10.5594-JMI.2022.3199529","content-announce","Join SMPTE"
"Journal Article","2022","Journal Article Repository/2022/7261654/9868266","09868280.pdf","10.5594/JMI.2022.3186689","10.5594-JMI.2022.3186689","orig-research","An Update from the Entertainment Technology Center at USC"
"Journal Article","2022","Journal Article Repository/2022/7261654/9868266","09868281.pdf","10.5594/JMI.2022.3199530","10.5594-JMI.2022.3199530","content-announce","Submit your technical paper to the SPMTE Motion Imaging Journal"
"Journal Article","2022","Journal Article Repository/2022/7261654/9868266","09868282.pdf","10.5594/JMI.2022.3199531","10.5594-JMI.2022.3199531","content-announce","SMPTE Webcasts: Keep Up with Emerging Tech"
"Journal Article","2022","Journal Article Repository/2022/7261654/9868266","09868283.pdf","10.5594/JMI.2022.3196438","10.5594-JMI.2022.3196438","orig-research","Joint Task Force on Networked Media Review for 2022"
"Journal Article","2022","Journal Article Repository/2022/7261654/9868266","09868284.pdf","10.5594/JMI.2022.3199533","10.5594-JMI.2022.3199533","content-announce","SMPTE Corporate Memberships lift your organization to the next level"
"Journal Article","2022","Journal Article Repository/2022/7261654/9868266","09868285.pdf","10.5594/JMI.2022.3186059","10.5594-JMI.2022.3186059","orig-research","European Broadcasting Union (EBU) Update 2022"
"Journal Article","2022","Journal Article Repository/2022/7261654/9868266","09868287.pdf","10.5594/JMI.2022.3192057","10.5594-JMI.2022.3192057","orig-research","An Update From the North American Broadcasters Association and the World Broadcasting Unions’ Committees"
"Journal Article","2022","Journal Article Repository/2022/7261654/9868266","09868288.pdf","10.5594/JMI.2022.3196734","10.5594-JMI.2022.3196734","opinion","Why Did You Apply for this Job?"
"Journal Article","2022","Journal Article Repository/2022/7261654/9868266","09868289.pdf","10.5594/JMI.2022.3197093","10.5594-JMI.2022.3197093","meeting-report","Section Meetings"
"Journal Article","2022","Journal Article Repository/2022/7261654/9868266","09868291.pdf","10.5594/JMI.2022.3195166","10.5594-JMI.2022.3195166","front-cover","Front Cover"
"Journal Article","2022","Journal Article Repository/2022/7261654/9868266","09868292.pdf","10.5594/JMI.2022.3197336","10.5594-JMI.2022.3197336","list-staff","Officers"
"Journal Article","2022","Journal Article Repository/2022/7261654/9868266","09868293.pdf","10.5594/JMI.2022.3199534","10.5594-JMI.2022.3199534","content-announce","Join the SMPTE Board of Editors"
"Journal Article","2022","Journal Article Repository/2022/7261654/9868266","09868295.pdf","10.5594/JMI.2022.3195167","10.5594-JMI.2022.3195167","toc","Table of Contents"
"Journal Article","2022","Journal Article Repository/2022/7261654/9868266","09868296.pdf","10.5594/JMI.2022.3192841","10.5594-JMI.2022.3192841","orig-research","Report from the Academy of Motion Picture Arts and Sciences’ Science and Technology Council"
"Journal Article","2022","Journal Article Repository/2022/7261654/9868266","09868297.pdf","10.5594/JMI.2022.3187691","10.5594-JMI.2022.3187691","orig-research","An Update From the 5G Media Action Group (5G-MAG)"
"Journal Article","2022","Journal Article Repository/2022/7261654/9868266","09868300.pdf","10.5594/JMI.2022.3192061","10.5594-JMI.2022.3192061","orig-research","Update on the World Wide Web Consortium (W3C)"
"Journal Article","2022","Journal Article Repository/2022/7261654/9868266","09868841.pdf","10.5594/JMI.2022.3190520","10.5594-JMI.2022.3190520","orig-research","Update on SMPTE’s Rapid Industry Solutions (RIS) On-Set Virtual Production (OSVP) Initiative"
"Journal Article","2022","Journal Article Repository/2022/7261654/9868266","09868959.pdf","10.5594/JMI.2022.3184708","10.5594-JMI.2022.3184708","orig-research","Greening Our Story: Transforming CBC/Radio- Canada into a World-Class, Sustainable Public Service Media Company"
"Journal Article","2022","Journal Article Repository/2022/7261654/9868266","09868960.pdf","10.5594/JMI.2022.3190917","10.5594-JMI.2022.3190917","orig-research","JPEG Status and Progress Report 2022"
"Journal Article","2022","Journal Article Repository/2022/7261654/9868266","09868961.pdf","10.5594/JMI.2022.3184715","10.5594-JMI.2022.3184715","orig-research","Student Outreach Efforts by the SMPTE Membership Committee"
"Journal Article","2022","Journal Article Repository/2022/7261654/9868266","09868962.pdf","10.5594/JMI.2022.3188049","10.5594-JMI.2022.3188049","orig-research","Standards-Based Solutions for a Media World in Transition"
"Journal Article","2022","Journal Article Repository/2022/7261654/9868266","09868963.pdf","10.5594/JMI.2022.3190918","10.5594-JMI.2022.3190918","orig-research","Update From Digital Production Partnership (DPP)"
"Journal Article","2022","Journal Article Repository/2022/7261654/9868266","09868964.pdf","10.5594/JMI.2022.3184717","10.5594-JMI.2022.3184717","orig-research","Displays—Progress Report 2022"
"Journal Article","2022","Journal Article Repository/2022/7261654/9868266","09868965.pdf","10.5594/JMI.2022.3192073","10.5594-JMI.2022.3192073","orig-research","Recent Activities of the Ultra HD Forum"
"Journal Article","2022","Journal Article Repository/2022/7261654/9868266","09868966.pdf","10.5594/JMI.2022.3186050","10.5594-JMI.2022.3186050","orig-research","ITU-R Study Group 6 Progress Report 2021–2022"
"Journal Article","2022","Journal Article Repository/2022/7261654/9868266","09868967.pdf","10.5594/JMI.2022.3184702","10.5594-JMI.2022.3184702","orig-research","Consumer Technology Association Update"
"Journal Article","2022","Journal Article Repository/2022/7261654/9868266","09868968.pdf","10.5594/JMI.2022.3188047","10.5594-JMI.2022.3188047","orig-research","Streaming Video Alliance Progress Report About the Streaming Video Alliance"
"Journal Article","2022","Journal Article Repository/2022/7261654/9868266","09868969.pdf","10.5594/JMI.2022.3193428","10.5594-JMI.2022.3193428","orig-research","ISO/TC 36 Cinematography"
"Journal Article","2022","Journal Article Repository/2022/7261654/9906016","09906017.pdf","10.5594/JMI.2022.3202725","10.5594-JMI.2022.3202725","list-staff","Officers"
"Journal Article","2022","Journal Article Repository/2022/7261654/9906016","09906018.pdf","10.5594/JMI.2022.3207079","10.5594-JMI.2022.3207079","content-announce","SMPTE Media Technology Summit 2022"
"Journal Article","2022","Journal Article Repository/2022/7261654/9906016","09906020.pdf","10.5594/JMI.2022.3195276","10.5594-JMI.2022.3195276","orig-research","Achieving Interoperability in NMOS-Based IP Control Systems"
"Journal Article","2022","Journal Article Repository/2022/7261654/9906016","09906022.pdf","10.5594/JMI.2022.3198485","10.5594-JMI.2022.3198485","orig-research","Workflow as a Service Delivered by the Dynamic Media Services Architecture"
"Journal Article","2022","Journal Article Repository/2022/7261654/9906016","09906023.pdf","10.5594/JMI.2022.3195253","10.5594-JMI.2022.3195253","orig-research","IP Media Infrastructure—Opportunities, Observations, and Challenges"
"Journal Article","2022","Journal Article Repository/2022/7261654/9906016","09906025.pdf","10.5594/JMI.2022.3196726","10.5594-JMI.2022.3196726","orig-research","Foundations for New Media Nodes"
"Journal Article","2022","Journal Article Repository/2022/7261654/9906016","09906026.pdf","10.5594/JMI.2022.3202666","10.5594-JMI.2022.3202666","opinion","2022 Smpte Fellows"
"Journal Article","2022","Journal Article Repository/2022/7261654/9906016","09906027.pdf","10.5594/JMI.2022.3204102","10.5594-JMI.2022.3204102","opinion","Your Ideas are Important"
"Journal Article","2022","Journal Article Repository/2022/7261654/9906016","09906028.pdf","10.5594/JMI.2022.3204073","10.5594-JMI.2022.3204073","info-society","Smpte Almanac"
"Journal Article","2022","Journal Article Repository/2022/7261654/9906016","09906029.pdf","10.5594/JMI.2022.3204304","10.5594-JMI.2022.3204304","toc","Table of Contents"
"Journal Article","2022","Journal Article Repository/2022/7261654/9906016","09906030.pdf","10.5594/JMI.2022.3202726","10.5594-JMI.2022.3202726","info-society","Sustaining Members"
"Journal Article","2022","Journal Article Repository/2022/7261654/9906016","09906031.pdf","10.5594/JMI.2022.3196731","10.5594-JMI.2022.3196731","opinion","IP Systems Requirements"
"Journal Article","2022","Journal Article Repository/2022/7261654/9906016","09906032.pdf","10.5594/JMI.2022.3207078","10.5594-JMI.2022.3207078","content-announce","Join the SMPTE Board of Editors"
"Journal Article","2022","Journal Article Repository/2022/7261654/9906016","09906034.pdf","10.5594/JMI.2022.3201926","10.5594-JMI.2022.3201926","orig-research","Systemizing ST 2110 and Simplifying IP-Based Production"
"Journal Article","2022","Journal Article Repository/2022/7261654/9906016","09906035.pdf","10.5594/JMI.2022.3202712","10.5594-JMI.2022.3202712","opinion","2022 Honors And Awards Recipients"
"Journal Article","2022","Journal Article Repository/2022/7261654/9906016","09906037.pdf","10.5594/JMI.2022.3202611","10.5594-JMI.2022.3202611","front-cover","Front Cover"
"Journal Article","2022","Journal Article Repository/2022/7261654/9962270","09962271.pdf","10.5594/JMI.2022.3216512","10.5594-JMI.2022.3216512","content-announce","Statement of Ownership"
"Journal Article","2022","Journal Article Repository/2022/7261654/9962270","09962272.pdf","10.5594/JMI.2022.3207811","10.5594-JMI.2022.3207811","orig-research","Proxy Workflows for a Secure Remote Editing Future"
"Journal Article","2022","Journal Article Repository/2022/7261654/9962270","09962273.pdf","10.5594/JMI.2022.3216070","10.5594-JMI.2022.3216070","meeting-report","Section Meetings"
"Journal Article","2022","Journal Article Repository/2022/7261654/9962270","09962274.pdf","10.5594/JMI.2022.3220107","10.5594-JMI.2022.3220107","content-announce","SMPTE is Social"
"Journal Article","2022","Journal Article Repository/2022/7261654/9962270","09962277.pdf","10.5594/JMI.2022.3211106","10.5594-JMI.2022.3211106","toc","Table of Contents"
"Journal Article","2022","Journal Article Repository/2022/7261654/9962270","09962278.pdf","10.5594/JMI.2022.3216806","10.5594-JMI.2022.3216806","info-society","Smpte Almanac"
"Journal Article","2022","Journal Article Repository/2022/7261654/9962270","09962279.pdf","10.5594/JMI.2022.3207816","10.5594-JMI.2022.3207816","orig-research","Optimizing UHD Production with Super Resolution Techniques"
"Journal Article","2022","Journal Article Repository/2022/7261654/9962270","09962280.pdf","10.5594/JMI.2022.3207814","10.5594-JMI.2022.3207814","orig-research","First Live Production and Transmission of Immersive Audio on Commercial OTA Digital Television in Latin America"
"Journal Article","2022","Journal Article Repository/2022/7261654/9962270","09962281.pdf","10.5594/JMI.2022.3197091","10.5594-JMI.2022.3197091","obit","In Memoriam"
"Journal Article","2022","Journal Article Repository/2022/7261654/9962270","09962284.pdf","10.5594/JMI.2022.3208274","10.5594-JMI.2022.3208274","orig-research","Hue-Preserving Color Transforms for LED Wall Virtual Production Workflows"
"Journal Article","2022","Journal Article Repository/2022/7261654/9962270","09962287.pdf","10.5594/JMI.2022.3211107","10.5594-JMI.2022.3211107","list-staff","Society of Motion Picture and Television Engineers Information"
"Journal Article","2022","Journal Article Repository/2022/7261654/9962270","09962288.pdf","10.5594/JMI.2022.3216398","10.5594-JMI.2022.3216398","opinion","The Future of Media Consumption"
"Journal Article","2022","Journal Article Repository/2022/7261654/9962270","09962291.pdf","10.5594/JMI.2022.3211104","10.5594-JMI.2022.3211104","info-society","Sustaining Members"
"Journal Article","2022","Journal Article Repository/2022/7261654/9962270","09962292.pdf","10.5594/JMI.2022.3220106","10.5594-JMI.2022.3220106","content-announce","Join the SMPTE Board of Editors"
"Journal Article","2022","Journal Article Repository/2022/7261654/9962270","09962294.pdf","10.5594/JMI.2022.3211105","10.5594-JMI.2022.3211105","front-cover","Front Cover"
"Journal Article","2022","Journal Article Repository/2022/7261654/9962270","09962769.pdf","10.5594/JMI.2022.3196729","10.5594-JMI.2022.3196729","orig-research","Stronger Together: Cross Service Media Recommendations"
"Journal Article","2022","Journal Article Repository/2022/7261654/9962270","09962770.pdf","10.5594/JMI.2022.3207817","10.5594-JMI.2022.3207817","orig-research","Creating Transformational Media Solutions Using 5G Edge Computing"
"Journal Article","2023","Journal Article Repository/2023/7261654/10026146","10026167.pdf","10.5594/JMI.2022.3230470","10.5594-JMI.2022.3230470","info-society","Smpte Almanac"
"Journal Article","2023","Journal Article Repository/2023/7261654/10026146","10026168.pdf","10.5594/JMI.2022.3230471","10.5594-JMI.2022.3230471","obit","In Memoriam"
"Journal Article","2023","Journal Article Repository/2023/7261654/10026146","10026169.pdf","10.5594/JMI.2023.3235179","10.5594-JMI.2023.3235179","content-announce","SMPTE Corporate Memberships Lift Your Organization to the Next Level"
"Journal Article","2023","Journal Article Repository/2023/7261654/10026146","10026172.pdf","10.5594/JMI.2023.3235182","10.5594-JMI.2023.3235182","content-announce","Join SMPTE"
"Journal Article","2023","Journal Article Repository/2023/7261654/10026146","10026173.pdf","10.5594/JMI.2023.3235157","10.5594-JMI.2023.3235157","content-announce","Submit Your Technical Paper to the SPMTE Motion Imaging Journal"
"Journal Article","2023","Journal Article Repository/2023/7261654/10026146","10026174.pdf","10.5594/JMI.2022.3230936","10.5594-JMI.2022.3230936","info-society","Newly Elected Officers and Governors"
"Journal Article","2023","Journal Article Repository/2023/7261654/10026146","10026175.pdf","10.5594/JMI.2022.3221288","10.5594-JMI.2022.3221288","orig-research","An ST 2110 Network-Attached Display Adapter for Virtualizing Production"
"Journal Article","2023","Journal Article Repository/2023/7261654/10026146","10026176.pdf","10.5594/JMI.2022.3221122","10.5594-JMI.2022.3221122","orig-research","Optimized Camera Integration in IP-Based Workflows and Infrastructures"
"Journal Article","2023","Journal Article Repository/2023/7261654/10026146","10026177.pdf","10.5594/JMI.2022.3223820","10.5594-JMI.2022.3223820","front-cover","Front Cover"
"Journal Article","2023","Journal Article Repository/2023/7261654/10026146","10026178.pdf","10.5594/JMI.2022.3223826","10.5594-JMI.2022.3223826","info-society","Sustaining Members"
"Journal Article","2023","Journal Article Repository/2023/7261654/10026146","10026179.pdf","10.5594/JMI.2022.3220738","10.5594-JMI.2022.3220738","orig-research","Supporting Live Production Using Precision Time Protocol Over 5G Systems With Dedicated Time Synchronization Support"
"Journal Article","2023","Journal Article Repository/2023/7261654/10026146","10026180.pdf","10.5594/JMI.2022.3220730","10.5594-JMI.2022.3220730","orig-research","Synchronized Multistream Transport Using RIST"
"Journal Article","2023","Journal Article Repository/2023/7261654/10026146","10026181.pdf","10.5594/JMI.2023.3238430","10.5594-JMI.2023.3238430","content-announce","Open Access Publishing"
"Journal Article","2023","Journal Article Repository/2023/7261654/10026146","10026182.pdf","10.5594/JMI.2022.3228706","10.5594-JMI.2022.3228706","opinion","2022 SMPTE Summit Offers Fresh Diversity of Programming in Dynamic Return to In-Person Format"
"Journal Article","2023","Journal Article Repository/2023/7261654/10026146","10026183.pdf","10.5594/JMI.2023.3235187","10.5594-JMI.2023.3235187","content-announce","SMPTE Virtual Courses"
"Journal Article","2023","Journal Article Repository/2023/7261654/10026146","10026184.pdf","10.5594/JMI.2023.3235185","10.5594-JMI.2023.3235185","content-announce","SMPTE is Social"
"Journal Article","2023","Journal Article Repository/2023/7261654/10026146","10026186.pdf","10.5594/JMI.2022.3220794","10.5594-JMI.2022.3220794","orig-research","5G-MAG (Media Action Group) Reference Tools: Putting 5G in Action for Media"
"Journal Article","2023","Journal Article Repository/2023/7261654/10026146","10026187.pdf","10.5594/JMI.2022.3196732","10.5594-JMI.2022.3196732","orig-research","Tighter NIC/GPU Integration Yields Next-Level Media Processing Performance"
"Journal Article","2023","Journal Article Repository/2023/7261654/10026146","10026189.pdf","10.5594/JMI.2022.3223822","10.5594-JMI.2022.3223822","toc","Table of Contents"
"Journal Article","2023","Journal Article Repository/2023/7261654/10026146","10026191.pdf","10.5594/JMI.2022.3223824","10.5594-JMI.2022.3223824","list-staff","Officers"
"Journal Article","2023","Journal Article Repository/2023/7261654/10026146","10026192.pdf","10.5594/JMI.2022.3228554","10.5594-JMI.2022.3228554","opinion","Renard T. Jenkins: Advancing Innovation and Building Inclusivity Across Media Technology and the Allied Arts and Sciences"
"Journal Article","2023","Journal Article Repository/2023/7261654/10026146","10026193.pdf","10.5594/JMI.2023.3235183","10.5594-JMI.2023.3235183","content-announce","SMPTE Education Webcasts"
"Journal Article","2023","Journal Article Repository/2023/7261654/10026146","10026194.pdf","10.5594/JMI.2022.3230476","10.5594-JMI.2022.3230476","opinion","Happy New Year!"
"Journal Article","2023","Journal Article Repository/2023/7261654/10026146","10026195.pdf","10.5594/JMI.2023.3235181","10.5594-JMI.2023.3235181","content-announce","SMPTE Webcasts: Keep Up with Emerging Tech"
"Journal Article","2023","Journal Article Repository/2023/7261654/10058710","10058711.pdf","10.5594/JMI.2023.3239762","10.5594-JMI.2023.3239762","list-staff","Officers"
"Journal Article","2023","Journal Article Repository/2023/7261654/10058710","10058712.pdf","10.5594/JMI.2023.3240706","10.5594-JMI.2023.3240706","meeting-report","Section Meetings"
"Journal Article","2023","Journal Article Repository/2023/7261654/10058710","10058713.pdf","10.5594/JMI.2023.3238860","10.5594-JMI.2023.3238860","front-cover","Front Cover"
"Journal Article","2023","Journal Article Repository/2023/7261654/10058710","10058714.pdf","10.5594/JMI.2023.3236022","10.5594-JMI.2023.3236022","orig-research","Distributing and Synchronizing Signals Between the Worlds of SDI and IP"
"Journal Article","2023","Journal Article Repository/2023/7261654/10058710","10058717.pdf","10.5594/JMI.2023.3246144","10.5594-JMI.2023.3246144","content-announce","Learn"
"Journal Article","2023","Journal Article Repository/2023/7261654/10058710","10058718.pdf","10.5594/JMI.2023.3246145","10.5594-JMI.2023.3246145","content-announce","Board of Editors"
"Journal Article","2023","Journal Article Repository/2023/7261654/10058710","10058719.pdf","10.5594/JMI.2023.3241985","10.5594-JMI.2023.3241985","opinion","What Do You Want From Your Journal?"
"Journal Article","2023","Journal Article Repository/2023/7261654/10058710","10058720.pdf","10.5594/JMI.2023.3236033","10.5594-JMI.2023.3236033","orig-research","Open Caching: An Innovative Way for Content Providers to Serve Customers"
"Journal Article","2023","Journal Article Repository/2023/7261654/10058710","10058722.pdf","10.5594/JMI.2023.3246138","10.5594-JMI.2023.3246138","content-announce","Nominations"
"Journal Article","2023","Journal Article Repository/2023/7261654/10058710","10058723.pdf","10.5594/JMI.2023.3236015","10.5594-JMI.2023.3236015","orig-research","ATSC 3.0, DVB-I, and TV 3.0 Services via 5G Broadcast—System Design and Reference Tools"
"Journal Article","2023","Journal Article Repository/2023/7261654/10058710","10058724.pdf","10.5594/JMI.2023.3246143","10.5594-JMI.2023.3246143","content-announce","Participate"
"Journal Article","2023","Journal Article Repository/2023/7261654/10058710","10058725.pdf","10.5594/JMI.2023.3241305","10.5594-JMI.2023.3241305","info-society","SMPTE Almanac"
"Journal Article","2023","Journal Article Repository/2023/7261654/10058710","10058726.pdf","10.5594/JMI.2023.3239646","10.5594-JMI.2023.3239646","orig-research","Can I Really Protect My Broadcast Plant From a Cybersecurity Attack?"
"Journal Article","2023","Journal Article Repository/2023/7261654/10058710","10058728.pdf","10.5594/JMI.2023.3236021","10.5594-JMI.2023.3236021","orig-research","A UHDTV Camera System With Multiplane Phase-Detection Autofocus"
"Journal Article","2023","Journal Article Repository/2023/7261654/10058710","10058729.pdf","10.5594/JMI.2023.3238862","10.5594-JMI.2023.3238862","toc","Table of Contents"
"Journal Article","2023","Journal Article Repository/2023/7261654/10058710","10058730.pdf","10.5594/JMI.2023.3246146","10.5594-JMI.2023.3246146","content-announce","Grow"
"Journal Article","2023","Journal Article Repository/2023/7261654/10058710","10058732.pdf","10.5594/JMI.2023.3239764","10.5594-JMI.2023.3239764","info-society","Sustaining Members"
"Journal Article","2023","Journal Article Repository/2023/7261654/10058710","10058733.pdf","10.5594/JMI.2023.3240708","10.5594-JMI.2023.3240708","obit","In Memoriam"
"Journal Article","2023","Journal Article Repository/2023/7261654/10058710","10058734.pdf","10.5594/JMI.2023.3246141","10.5594-JMI.2023.3246141","content-announce","Media Tech Summit"
"Journal Article","2023","Journal Article Repository/2023/7261654/10058710","10058735.pdf","10.5594/JMI.2023.3236001","10.5594-JMI.2023.3236001","orig-research","Uncompressed Video in the Public Cloud: Are We There Yet?"
"Journal Article","2023","Journal Article Repository/2023/7261654/10058710","10058737.pdf","10.5594/JMI.2023.3246142","10.5594-JMI.2023.3246142","content-announce","Join"
"Journal Article","2023","Journal Article Repository/2023/7261654/10058710","10058738.pdf","10.5594/JMI.2023.3241298","10.5594-JMI.2023.3241298","orig-research","COTS (Commercial-off-the-Shelf) Platform for Media Production Everywhere"
"Journal Article","2023","Journal Article Repository/2023/7261654/10089985","10089986.pdf","10.5594/JMI.2023.3249359","10.5594-JMI.2023.3249359","orig-research","Haptic Presentation System Synchronized With Live Sports Broadcasts at Public Viewing Events"
"Journal Article","2023","Journal Article Repository/2023/7261654/10089985","10090227.pdf","10.5594/JMI.2023.3245685","10.5594-JMI.2023.3245685","orig-research","Machine Learning Applied to Media Libraries for Insights, Search, and Segmentation"
"Journal Article","2023","Journal Article Repository/2023/7261654/10089985","10090228.pdf","10.5594/JMI.2023.3246764","10.5594-JMI.2023.3246764","orig-research","Semantic Regions of Interest Applied to Adaptive Image Compression, Color Enhancement, and Automated Pan-and-Scan"
"Journal Article","2023","Journal Article Repository/2023/7261654/10089985","10090229.pdf","10.5594/JMI.2023.3245675","10.5594-JMI.2023.3245675","orig-research","Optimizing Video Compression With CNN-Based Autoencoders With Chroma Subsampling"
"Journal Article","2023","Journal Article Repository/2023/7261654/10089985","10090230.pdf","10.5594/JMI.2023.3253874","10.5594-JMI.2023.3253874","opinion","Our Relevance in Storytelling"
"Journal Article","2023","Journal Article Repository/2023/7261654/10089985","10090231.pdf","10.5594/JMI.2023.3246105","10.5594-JMI.2023.3246105","opinion","Open-Source AI and ML Tools for Semantic Analysis Applications"
"Journal Article","2023","Journal Article Repository/2023/7261654/10089985","10090232.pdf","10.5594/JMI.2023.3252025","10.5594-JMI.2023.3252025","opinion","Section Activities"
"Journal Article","2023","Journal Article Repository/2023/7261654/10089985","10090233.pdf","10.5594/JMI.2023.3246097","10.5594-JMI.2023.3246097","opinion","Michele Wright: Leading SMPTE’s New Campaign and Era of Change Full STEAM Ahead in DEI, Innovation, and STEM"
"Journal Article","2023","Journal Article Repository/2023/7261654/10089985","10090234.pdf","10.5594/JMI.2023.3246103","10.5594-JMI.2023.3246103","obit","In Memoriam"
"Journal Article","2023","Journal Article Repository/2023/7261654/10089985","10090235.pdf","10.5594/JMI.2023.3252010","10.5594-JMI.2023.3252010","info-society","SMPTE Almanac"
"Journal Article","2023","Journal Article Repository/2023/7261654/10089985","10090236.pdf","10.5594/JMI.2023.3248614","10.5594-JMI.2023.3248614","orig-research","Integration of 5G Wireless into Hybrid Media Production Including SMPTE ST 2110"
"Journal Article","2023","Journal Article Repository/2023/7261654/10089985","10091455.pdf","10.5594/JMI.2023.3260545","10.5594-JMI.2023.3260545","content-announce","Connect with SMPTE"
"Journal Article","2023","Journal Article Repository/2023/7261654/10089985","10091457.pdf","10.5594/JMI.2023.3260508","10.5594-JMI.2023.3260508","content-announce","Participate with SMPTE"
"Journal Article","2023","Journal Article Repository/2023/7261654/10089985","10091459.pdf","10.5594/JMI.2023.3260547","10.5594-JMI.2023.3260547","content-announce","SMPTE on Socials"
"Journal Article","2023","Journal Article Repository/2023/7261654/10089985","10091460.pdf","10.5594/JMI.2023.3260546","10.5594-JMI.2023.3260546","content-announce","SMPTE Webcast"
"Journal Article","2023","Journal Article Repository/2023/7261654/10089985","10091461.pdf","10.5594/JMI.2023.3260506","10.5594-JMI.2023.3260506","content-announce","Join SMPTE"
"Journal Article","2023","Journal Article Repository/2023/7261654/10089985","10091463.pdf","10.5594/JMI.2023.3260512","10.5594-JMI.2023.3260512","content-announce","Join the Board of Editors"
"Journal Article","2023","Journal Article Repository/2023/7261654/10089985","10091464.pdf","10.5594/JMI.2023.3260510","10.5594-JMI.2023.3260510","content-announce","Learn with SMPTE"
"Journal Article","2023","Journal Article Repository/2023/7261654/10089985","10091465.pdf","10.5594/JMI.2023.3254802","10.5594-JMI.2023.3254802","toc","Table of Contents"
"Journal Article","2023","Journal Article Repository/2023/7261654/10089985","10091466.pdf","10.5594/JMI.2023.3260542","10.5594-JMI.2023.3260542","content-announce","Nominations"
"Journal Article","2023","Journal Article Repository/2023/7261654/10089985","10091467.pdf","10.5594/JMI.2023.3254800","10.5594-JMI.2023.3254800","front-cover","Front Cover"
"Journal Article","2023","Journal Article Repository/2023/7261654/10089985","10091468.pdf","10.5594/JMI.2023.3260548","10.5594-JMI.2023.3260548","content-announce","Education Promo--Webcast"
"Journal Article","2023","Journal Article Repository/2023/7261654/10089985","10091469.pdf","10.5594/JMI.2023.3260502","10.5594-JMI.2023.3260502","content-announce","SMPTE Media Tech Summit"
"Journal Article","2023","Journal Article Repository/2023/7261654/10089985","10091471.pdf","10.5594/JMI.2023.3254806","10.5594-JMI.2023.3254806","info-society","Sustaining Members"
"Journal Article","2023","Journal Article Repository/2023/7261654/10089985","10091753.pdf","10.5594/JMI.2023.3255661","10.5594-JMI.2023.3255661","list-staff","The Society of Motion Pictures and Television Engineers Officers"
"Journal Article","2023","Journal Article Repository/2023/7261654/10122900","10122901.pdf","10.5594/JMI.2023.3263499","10.5594-JMI.2023.3263499","orig-research","Toward Efficient Multicodec Streaming"
"Journal Article","2023","Journal Article Repository/2023/7261654/10122900","10122903.pdf","10.5594/JMI.2023.3265096","10.5594-JMI.2023.3265096","opinion","Siegfried Foessel: Leading Media Technology Innovation and Standardization"
"Journal Article","2023","Journal Article Repository/2023/7261654/10122900","10122904.pdf","10.5594/JMI.2023.3273117","10.5594-JMI.2023.3273117","content-announce","Participate With SMPTE for a Change"
"Journal Article","2023","Journal Article Repository/2023/7261654/10122900","10122905.pdf","10.5594/JMI.2023.3265087","10.5594-JMI.2023.3265087","opinion","Linear Versus Nonlinear Perception"
"Journal Article","2023","Journal Article Repository/2023/7261654/10122900","10122906.pdf","10.5594/JMI.2023.3270000","10.5594-JMI.2023.3270000","content-announce","Join Board of Editors"
"Journal Article","2023","Journal Article Repository/2023/7261654/10122900","10122928.pdf","10.5594/JMI.2023.3263505","10.5594-JMI.2023.3263505","orig-research","Real-World Use of AI for Better Video Compression"
"Journal Article","2023","Journal Article Repository/2023/7261654/10122900","10122929.pdf","10.5594/JMI.2023.3261399","10.5594-JMI.2023.3261399","orig-research","Proposed Extensions to the Third Edition of JPEG XS (ISO/IEC 21122) Standard"
"Journal Article","2023","Journal Article Repository/2023/7261654/10122900","10122930.pdf","10.5594/JMI.2023.3263888","10.5594-JMI.2023.3263888","orig-research","Camille—Virtual Production Case Studies Considerations for Working With LED Walls for Independent Filmmakers"
"Journal Article","2023","Journal Article Repository/2023/7261654/10122900","10122931.pdf","10.5594/JMI.2023.3262373","10.5594-JMI.2023.3262373","info-society","Sustaining Members"
"Journal Article","2023","Journal Article Repository/2023/7261654/10122900","10122932.pdf","10.5594/JMI.2023.3262371","10.5594-JMI.2023.3262371","toc","Table of Contents"
"Journal Article","2023","Journal Article Repository/2023/7261654/10122900","10122933.pdf","10.5594/JMI.2023.3262369","10.5594-JMI.2023.3262369","front-cover","Front Cover"
"Journal Article","2023","Journal Article Repository/2023/7261654/10122900","10122934.pdf","10.5594/JMI.2023.3262375","10.5594-JMI.2023.3262375","list-staff","The Society of Motion Pictures and Television Engineers Officers"
"Journal Article","2023","Journal Article Repository/2023/7261654/10122900","10122935.pdf","10.5594/JMI.2023.3265094","10.5594-JMI.2023.3265094","info-society","SMPTE Almanac"
"Journal Article","2023","Journal Article Repository/2023/7261654/10122900","10122936.pdf","10.5594/JMI.2023.3272166","10.5594-JMI.2023.3272166","content-announce","SMPTE Media Tech Summit"
"Journal Article","2023","Journal Article Repository/2023/7261654/10145494","10145496.pdf","10.5594/JMI.2023.3281138","10.5594-JMI.2023.3281138","content-announce","SMPTE Media Tech Summit"
"Journal Article","2023","Journal Article Repository/2023/7261654/10145494","10145497.pdf","10.5594/JMI.2023.3272054","10.5594-JMI.2023.3272054","orig-research","360 8K Viewport-Independent VR"
"Journal Article","2023","Journal Article Repository/2023/7261654/10145494","10145498.pdf","10.5594/JMI.2023.3265122","10.5594-JMI.2023.3265122","orig-research","Possible Solutions for the Vendor Lock-In Control Protocol in IP-Based Production Systems"
"Journal Article","2023","Journal Article Repository/2023/7261654/10145494","10145499.pdf","10.5594/JMI.2023.3273404","10.5594-JMI.2023.3273404","front-cover","Front Cover"
"Journal Article","2023","Journal Article Repository/2023/7261654/10145494","10145500.pdf","10.5594/JMI.2023.3276526","10.5594-JMI.2023.3276526","opinion","Thank You for Sharing Your Voices"
"Journal Article","2023","Journal Article Repository/2023/7261654/10145494","10145501.pdf","10.5594/JMI.2023.3273468","10.5594-JMI.2023.3273468","info-society","Sustaining Members"
"Journal Article","2023","Journal Article Repository/2023/7261654/10145494","10145502.pdf","10.5594/JMI.2023.3282414","10.5594-JMI.2023.3282414","content-announce","SMPTE Join the Board of Editors"
"Journal Article","2023","Journal Article Repository/2023/7261654/10145494","10145503.pdf","10.5594/JMI.2023.3281066","10.5594-JMI.2023.3281066","content-announce","Submit Your Paper"
"Journal Article","2023","Journal Article Repository/2023/7261654/10145494","10145504.pdf","10.5594/JMI.2023.3269752","10.5594-JMI.2023.3269752","orig-research","Immersive Experiences and XR: A Game Engine or Multimedia Streaming Problem?"
"Journal Article","2023","Journal Article Repository/2023/7261654/10145494","10145506.pdf","10.5594/JMI.2023.3278889","10.5594-JMI.2023.3278889","content-announce","Education Promo- Webcast"
"Journal Article","2023","Journal Article Repository/2023/7261654/10145494","10145507.pdf","10.5594/JMI.2023.3269750","10.5594-JMI.2023.3269750","orig-research","Solving the Challenge of Volumetric Video Production and Streaming: An End-to-End Perspective of Technologies and Device Ecosystem Capabilities and Performance"
"Journal Article","2023","Journal Article Repository/2023/7261654/10145494","10145508.pdf","10.5594/JMI.2023.3278895","10.5594-JMI.2023.3278895","content-announce","SMPTE on Socials"
"Journal Article","2023","Journal Article Repository/2023/7261654/10145494","10145510.pdf","10.5594/JMI.2023.3273470","10.5594-JMI.2023.3273470","list-staff","The Society of Motion Pictures and Television Engineers Officers"
"Journal Article","2023","Journal Article Repository/2023/7261654/10145494","10145511.pdf","10.5594/JMI.2023.3273406","10.5594-JMI.2023.3273406","toc","Table of Contents"
"Journal Article","2023","Journal Article Repository/2023/7261654/10145494","10145513.pdf","10.5594/JMI.2023.3274184","10.5594-JMI.2023.3274184","info-society","SMPTE Almanac"
"Journal Article","2023","Journal Article Repository/2023/7261654/10171596","10171597.pdf","10.5594/JMI.2023.3277943","10.5594-JMI.2023.3277943","orig-research","Method of Evaluating Luminance Reproduction Accuracy of Displays for Complex Imagery"
"Journal Article","2023","Journal Article Repository/2023/7261654/10171596","10171599.pdf","10.5594/JMI.2023.3282422","10.5594-JMI.2023.3282422","list-staff","The Society of Motion Pictures and Television Engineers Officers"
"Journal Article","2023","Journal Article Repository/2023/7261654/10171596","10171600.pdf","10.5594/JMI.2023.3285237","10.5594-JMI.2023.3285237","info-society","SMPTE Almanac"
"Journal Article","2023","Journal Article Repository/2023/7261654/10171596","10171602.pdf","10.5594/JMI.2023.3287001","10.5594-JMI.2023.3287001","content-announce","SMPTE Media Technology Summitt"
"Journal Article","2023","Journal Article Repository/2023/7261654/10171596","10171603.pdf","10.5594/JMI.2023.3289731","10.5594-JMI.2023.3289731","content-announce","Learn With SMPTE for a Change"
"Journal Article","2023","Journal Article Repository/2023/7261654/10171596","10171604.pdf","10.5594/JMI.2023.3289748","10.5594-JMI.2023.3289748","content-announce","SMPTE on Socials"
"Journal Article","2023","Journal Article Repository/2023/7261654/10171596","10171605.pdf","10.5594/JMI.2023.3287007","10.5594-JMI.2023.3287007","content-announce","Participate"
"Journal Article","2023","Journal Article Repository/2023/7261654/10171596","10171816.pdf","10.5594/JMI.2023.3279467","10.5594-JMI.2023.3279467","orig-research","Use of Common Media Client and Server Data to Improve Streaming Playback Performance"
"Journal Article","2023","Journal Article Repository/2023/7261654/10171596","10171818.pdf","10.5594/JMI.2023.3277107","10.5594-JMI.2023.3277107","orig-research","Understanding Color Memory: A Study of Skin Tone Perception in Hue, Intensity, and Chroma"
"Journal Article","2023","Journal Article Repository/2023/7261654/10171596","10171819.pdf","10.5594/JMI.2023.3282416","10.5594-JMI.2023.3282416","info-society","Sustaining Members"
"Journal Article","2023","Journal Article Repository/2023/7261654/10171596","10171821.pdf","10.5594/JMI.2023.3277092","10.5594-JMI.2023.3277092","orig-research","HDR Production—Tone Mapping Techniques and Roundtrip Conversion Performance for Mastering With SDR and HDR Sources"
"Journal Article","2023","Journal Article Repository/2023/7261654/10171596","10171823.pdf","10.5594/JMI.2023.3290710","10.5594-JMI.2023.3290710","content-announce","Open Access Publishing"
"Journal Article","2023","Journal Article Repository/2023/7261654/10171596","10171824.pdf","10.5594/JMI.2023.3279421","10.5594-JMI.2023.3279421","orig-research","Investigations With Prototype Workflows and Specialist Cameras for Wider Target Platform Coverage Reduced Complexity and Universal Distribution"
"Journal Article","2023","Journal Article Repository/2023/7261654/10171596","10171825.pdf","10.5594/JMI.2023.3284945","10.5594-JMI.2023.3284945","opinion","Exploring the Image Science Landscape"
"Journal Article","2023","Journal Article Repository/2023/7261654/10171596","10171826.pdf","10.5594/JMI.2023.3282673","10.5594-JMI.2023.3282673","opinion","Enhancing the SMPTE Member Experience"
"Journal Article","2023","Journal Article Repository/2023/7261654/10171596","10171827.pdf","10.5594/JMI.2023.3282420","10.5594-JMI.2023.3282420","front-cover","Front Cover"
"Journal Article","2023","Journal Article Repository/2023/7261654/10171596","10171828.pdf","10.5594/JMI.2023.3282418","10.5594-JMI.2023.3282418","toc","Table of Contents"
"Journal Article","2023","Journal Article Repository/2023/7261654/10171596","10171847.pdf","10.5594/JMI.2023.3289749","10.5594-JMI.2023.3289749","content-announce","Join SMPTE Board of Editors"
"Journal Article","2023","Journal Article Repository/2023/7261654/10196059","10196060.pdf","10.5594/JMI.2023.3295662","10.5594-JMI.2023.3295662","content-announce","Submit"
"Journal Article","2023","Journal Article Repository/2023/7261654/10196059","10196062.pdf","10.5594/JMI.2023.3288685","10.5594-JMI.2023.3288685","list-staff","The Society of Motion Pictures and Television Engineers Officers"
"Journal Article","2023","Journal Article Repository/2023/7261654/10196059","10196063.pdf","10.5594/JMI.2023.3288683","10.5594-JMI.2023.3288683","front-cover","Front Cover"
"Journal Article","2023","Journal Article Repository/2023/7261654/10196059","10196064.pdf","10.5594/JMI.2023.3295336","10.5594-JMI.2023.3295336","toc","Table of Contents"
"Journal Article","2023","Journal Article Repository/2023/7261654/10196059","10196065.pdf","10.5594/JMI.2023.3295663","10.5594-JMI.2023.3295663","content-announce","Participate"
"Journal Article","2023","Journal Article Repository/2023/7261654/10196059","10196068.pdf","10.5594/JMI.2023.3297749","10.5594-JMI.2023.3297749","content-announce","Open Access Publishing"
"Journal Article","2023","Journal Article Repository/2023/7261654/10196059","10196069.pdf","10.5594/JMI.2023.3295661","10.5594-JMI.2023.3295661","content-announce","Learn"
"Journal Article","2023","Journal Article Repository/2023/7261654/10196059","10196070.pdf","10.5594/JMI.2023.3285270","10.5594-JMI.2023.3285270","opinion","Sustainability in Media"
"Journal Article","2023","Journal Article Repository/2023/7261654/10196059","10196072.pdf","10.5594/JMI.2023.3288681","10.5594-JMI.2023.3288681","info-society","Sustaining Members"
"Journal Article","2023","Journal Article Repository/2023/7261654/10196059","10196073.pdf","10.5594/JMI.2023.3295644","10.5594-JMI.2023.3295644","content-announce","IBC"
"Journal Article","2023","Journal Article Repository/2023/7261654/10196059","10196074.pdf","10.5594/JMI.2023.3295664","10.5594-JMI.2023.3295664","content-announce","Join"
"Journal Article","2023","Journal Article Repository/2023/7261654/10196059","10196076.pdf","10.5594/JMI.2023.3297752","10.5594-JMI.2023.3297752","content-announce","Media Technology Summit"
"Journal Article","2023","Journal Article Repository/2023/7261654/10196059","10196082.pdf","10.5594/JMI.2023.3286874","10.5594-JMI.2023.3286874","orig-research","5G-Broadcast: Laboratory Tests and Field Trials for the Mobile TV of Tomorrow"
"Journal Article","2023","Journal Article Repository/2023/7261654/10196059","10196087.pdf","10.5594/JMI.2023.3295665","10.5594-JMI.2023.3295665","content-announce","Connect"
"Journal Article","2023","Journal Article Repository/2023/7261654/10196059","10196088.pdf","10.5594/JMI.2023.3285284","10.5594-JMI.2023.3285284","orig-research","Encoding and Storing Only Once: The Road to CMAF Adoption"
"Journal Article","2023","Journal Article Repository/2023/7261654/10196059","10196089.pdf","10.5594/JMI.2023.3285245","10.5594-JMI.2023.3285245","orig-research","Pixel Value Adjustment to Reduce the Energy Requirements of Display Devices"
"Journal Article","2023","Journal Article Repository/2023/7261654/10196059","10196092.pdf","10.5594/JMI.2023.3292954","10.5594-JMI.2023.3292954","info-society","SMPTE Almanac"
"Journal Article","2023","Journal Article Repository/2023/7261654/10196059","10196107.pdf","10.5594/JMI.2023.3285235","10.5594-JMI.2023.3285235","orig-research","Considerations in Designing for Reduced Environmental Impact of Digital Media Production and Distribution Systems"
"Journal Article","2023","Journal Article Repository/2023/7261654/10196059","10196294.pdf","10.5594/JMI.2023.3292962","10.5594-JMI.2023.3292962","opinion","What a Difference a Year Makes"
"Journal Article","2023","Journal Article Repository/2023/7261654/10196059","10196296.pdf","10.5594/JMI.2023.3286845","10.5594-JMI.2023.3286845","orig-research","Media and Entertainment Sustainability on the Cloud"
"Journal Article","2023","Journal Article Repository/2023/7261654/10196059","10196299.pdf","10.5594/JMI.2023.3285282","10.5594-JMI.2023.3285282","orig-research","Improving Information Technology Sustainability With Modern Tape Storage"
"Journal Article","2023","Journal Article Repository/2023/7261654/10243412","10243413.pdf","10.5594/JMI.2023.3300117","10.5594-JMI.2023.3300117","list-staff","The Society of Motion Pictures and Television Engineers Officers"
"Journal Article","2023","Journal Article Repository/2023/7261654/10243412","10243414.pdf","10.5594/JMI.2023.3292951","10.5594-JMI.2023.3292951","orig-research","Progress Report of the Advanced Television Systems Committee"
"Journal Article","2023","Journal Article Repository/2023/7261654/10243412","10243416.pdf","10.5594/JMI.2023.3295481","10.5594-JMI.2023.3295481","orig-research","Sustainability in Media Tech"
"Journal Article","2023","Journal Article Repository/2023/7261654/10243412","10243417.pdf","10.5594/JMI.2023.3308274","10.5594-JMI.2023.3308274","content-announce","Connect"
"Journal Article","2023","Journal Article Repository/2023/7261654/10243412","10243418.pdf","10.5594/JMI.2023.3296834","10.5594-JMI.2023.3296834","orig-research","Recent Activities of the Ultra HD Forum"
"Journal Article","2023","Journal Article Repository/2023/7261654/10243412","10243419.pdf","10.5594/JMI.2023.3302900","10.5594-JMI.2023.3302900","opinion","What Defines an Active Section in SMPTE?"
"Journal Article","2023","Journal Article Repository/2023/7261654/10243412","10243421.pdf","10.5594/JMI.2023.3300113","10.5594-JMI.2023.3300113","front-cover","Front Cover"
"Journal Article","2023","Journal Article Repository/2023/7261654/10243412","10243422.pdf","10.5594/JMI.2023.3295469","10.5594-JMI.2023.3295469","orig-research","American Society of Cinematographers Motion Imaging Technology Council Progress Report 2023"
"Journal Article","2023","Journal Article Repository/2023/7261654/10243412","10243423.pdf","10.5594/JMI.2023.3295458","10.5594-JMI.2023.3295458","orig-research","Video Service Forum (VSF) Review"
"Journal Article","2023","Journal Article Repository/2023/7261654/10243412","10243424.pdf","10.5594/JMI.2023.3308273","10.5594-JMI.2023.3308273","content-announce","SMPTE Media Tech Summit"
"Journal Article","2023","Journal Article Repository/2023/7261654/10243412","10243425.pdf","10.5594/JMI.2023.3288905","10.5594-JMI.2023.3288905","orig-research","Consumer Technology Association (CTA) Update"
"Journal Article","2023","Journal Article Repository/2023/7261654/10243412","10243426.pdf","10.5594/JMI.2023.3303548","10.5594-JMI.2023.3303548","opinion","Introduction to the 2023 Progress Report"
"Journal Article","2023","Journal Article Repository/2023/7261654/10243412","10243428.pdf","10.5594/JMI.2023.3295466","10.5594-JMI.2023.3295466","orig-research","Live Cloud Production"
"Journal Article","2023","Journal Article Repository/2023/7261654/10243412","10243429.pdf","10.5594/JMI.2023.3297240","10.5594-JMI.2023.3297240","orig-research","Introduction From the Standards Vice President"
"Journal Article","2023","Journal Article Repository/2023/7261654/10243412","10243430.pdf","10.5594/JMI.2023.3308270","10.5594-JMI.2023.3308270","content-announce","IBC 2023"
"Journal Article","2023","Journal Article Repository/2023/7261654/10243412","10243431.pdf","10.5594/JMI.2023.3288913","10.5594-JMI.2023.3288913","orig-research","European Broadcasting Union (EBU) Progress Report"
"Journal Article","2023","Journal Article Repository/2023/7261654/10243412","10243432.pdf","10.5594/JMI.2023.3302922","10.5594-JMI.2023.3302922","info-society","SMPTE Almanac"
"Journal Article","2023","Journal Article Repository/2023/7261654/10243412","10243433.pdf","10.5594/JMI.2023.3300016","10.5594-JMI.2023.3300016","orig-research","Report From the Academy of Motion Picture Arts and Sciences’ Science and Technology Council"
"Journal Article","2023","Journal Article Repository/2023/7261654/10243412","10243434.pdf","10.5594/JMI.2023.3296119","10.5594-JMI.2023.3296119","orig-research","Rapid Industry Solutions (RiS) Initiative, On-Set Virtual Production (OSVP), and Open Services Alliance (OSA) at SMPTE"
"Journal Article","2023","Journal Article Repository/2023/7261654/10243412","10243435.pdf","10.5594/JMI.2023.3300119","10.5594-JMI.2023.3300119","info-society","Sustaining Members"
"Journal Article","2023","Journal Article Repository/2023/7261654/10243412","10243436.pdf","10.5594/JMI.2023.3297238","10.5594-JMI.2023.3297238","orig-research","Applications of Generative AI to Media"
"Journal Article","2023","Journal Article Repository/2023/7261654/10243412","10243438.pdf","10.5594/JMI.2023.3288908","10.5594-JMI.2023.3288908","orig-research","ITU-R Study Group 6 Progress Report 2023"
"Journal Article","2023","Journal Article Repository/2023/7261654/10243412","10243439.pdf","10.5594/JMI.2023.3290304","10.5594-JMI.2023.3290304","orig-research","Another Busy Year for the DVB Project"
"Journal Article","2023","Journal Article Repository/2023/7261654/10243412","10243440.pdf","10.5594/JMI.2023.3288906","10.5594-JMI.2023.3288906","orig-research","5G Media Action Group (5G-MAG): Global Internet and 5G Technologies for Multimedia Applications"
"Journal Article","2023","Journal Article Repository/2023/7261654/10243412","10243441.pdf","10.5594/JMI.2023.3295459","10.5594-JMI.2023.3295459","orig-research","World Wide Web Consortium (W3C) Progress Report"
"Journal Article","2023","Journal Article Repository/2023/7261654/10243412","10243443.pdf","10.5594/JMI.2023.3293141","10.5594-JMI.2023.3293141","orig-research","Streaming Video Technology Alliance Progress Report"
"Journal Article","2023","Journal Article Repository/2023/7261654/10243412","10243444.pdf","10.5594/JMI.2023.3300115","10.5594-JMI.2023.3300115","toc","Table of Contents"
"Journal Article","2023","Journal Article Repository/2023/7261654/10243412","10243445.pdf","10.5594/JMI.2023.3297239","10.5594-JMI.2023.3297239","orig-research","Update From the Entertainment Technology Center"
"Journal Article","2023","Journal Article Repository/2023/7261654/10243412","10243446.pdf","10.5594/JMI.2023.3295479","10.5594-JMI.2023.3295479","orig-research","Progress Report on VVC Applications"
"Journal Article","2023","Journal Article Repository/2023/7261654/10243412","10243447.pdf","10.5594/JMI.2023.3296121","10.5594-JMI.2023.3296121","orig-research","DPP Update"
"Journal Article","2023","Journal Article Repository/2023/7261654/10243412","10243448.pdf","10.5594/JMI.2023.3297228","10.5594-JMI.2023.3297228","orig-research","Alliance for Open Media Progress Report"
"Journal Article","2023","Journal Article Repository/2023/7261654/10243412","10243449.pdf","10.5594/JMI.2023.3308276","10.5594-JMI.2023.3308276","content-announce","Learn"
"Journal Article","2023","Journal Article Repository/2023/7261654/10271706","10271749.pdf","10.5594/JMI.2023.3306579","10.5594-JMI.2023.3306579","orig-research","Can ST 2059-2 Benefit From PTP Version 2.1?"
"Journal Article","2023","Journal Article Repository/2023/7261654/10271706","10271751.pdf","10.5594/JMI.2023.3318456","10.5594-JMI.2023.3318456","content-announce","Join SMTPE Board of Editors"
"Journal Article","2023","Journal Article Repository/2023/7261654/10271706","10271754.pdf","10.5594/JMI.2023.3308252","10.5594-JMI.2023.3308252","opinion","SMPTE 2023 Fellows"
"Journal Article","2023","Journal Article Repository/2023/7261654/10271706","10271755.pdf","10.5594/JMI.2023.3303499","10.5594-JMI.2023.3303499","orig-research","Encoding Optimizations for Video Game Live Streaming"
"Journal Article","2023","Journal Article Repository/2023/7261654/10271706","10271757.pdf","10.5594/JMI.2023.3310849","10.5594-JMI.2023.3310849","info-society","Sustaining Members"
"Journal Article","2023","Journal Article Repository/2023/7261654/10271706","10271759.pdf","10.5594/JMI.2023.3310855","10.5594-JMI.2023.3310855","front-cover","Front Cover"
"Journal Article","2023","Journal Article Repository/2023/7261654/10271706","10271760.pdf","10.5594/JMI.2023.3318457","10.5594-JMI.2023.3318457","content-announce","Join SMPTE for a Change"
"Journal Article","2023","Journal Article Repository/2023/7261654/10271706","10271761.pdf","10.5594/JMI.2023.3310851","10.5594-JMI.2023.3310851","list-staff","The Society of Motion Pictures and Television Engineers Officers"
"Journal Article","2023","Journal Article Repository/2023/7261654/10271706","10271762.pdf","10.5594/JMI.2023.3306516","10.5594-JMI.2023.3306516","orig-research","Modeling the Value of JITEX: Just-In-Time Transcoding at the Edge"
"Journal Article","2023","Journal Article Repository/2023/7261654/10271706","10271765.pdf","10.5594/JMI.2023.3317987","10.5594-JMI.2023.3317987","content-announce","Power of Color"
"Journal Article","2023","Journal Article Repository/2023/7261654/10271706","10271766.pdf","10.5594/JMI.2023.3305004","10.5594-JMI.2023.3305004","orig-research","New Era of ST 2110 Compliance Testing With PICS and RP 2110-25"
"Journal Article","2023","Journal Article Repository/2023/7261654/10271706","10271767.pdf","10.5594/JMI.2023.3318458","10.5594-JMI.2023.3318458","content-announce","SMPTE Media Technology Summit"
"Journal Article","2023","Journal Article Repository/2023/7261654/10271706","10271768.pdf","10.5594/JMI.2023.3313597","10.5594-JMI.2023.3313597","info-society","SMPTE Almanac"
"Journal Article","2023","Journal Article Repository/2023/7261654/10271706","10271770.pdf","10.5594/JMI.2023.3303530","10.5594-JMI.2023.3303530","orig-research","Program-Production System Consisting of Multiple NMOS-Compliant Systems"
"Journal Article","2023","Journal Article Repository/2023/7261654/10271706","10271773.pdf","10.5594/JMI.2023.3310853","10.5594-JMI.2023.3310853","toc","Table of Contents"
"Journal Article","2023","Journal Article Repository/2023/7261654/10271706","10271774.pdf","10.5594/JMI.2023.3308236","10.5594-JMI.2023.3308236","opinion","2023 Honors and Awards Recipients"
"Journal Article","2023","Journal Article Repository/2023/7261654/10271706","10271777.pdf","10.5594/JMI.2023.3313609","10.5594-JMI.2023.3313609","opinion","SMPTE’s Media Technology Summit Promotes Innovation, Learning, Collaboration, and Networking"
"Journal Article","2023","Journal Article Repository/2023/7261654/10319887","10319890.pdf","10.5594/JMI.2023.3329092","10.5594-JMI.2023.3329092","opinion","Enhancing Member Benefits and Fostering Industry Growth"
"Journal Article","2023","Journal Article Repository/2023/7261654/10319887","10319897.pdf","10.5594/JMI.2023.3320470","10.5594-JMI.2023.3320470","list-staff","The Society of Motion Pictures and Television Engineers Officers"
"Journal Article","2023","Journal Article Repository/2023/7261654/10319887","10319904.pdf","10.5594/JMI.2023.3329311","10.5594-JMI.2023.3329311","toc","Table of Contents"
"Journal Article","2023","Journal Article Repository/2023/7261654/10319887","10319905.pdf","10.5594/JMI.2023.3325513","10.5594-JMI.2023.3325513","orig-research","HDR Challenges and Solutions"
"Journal Article","2023","Journal Article Repository/2023/7261654/10319887","10319906.pdf","10.5594/JMI.2023.3326827","10.5594-JMI.2023.3326827","info-society","SMPTE Almanac"
"Journal Article","2023","Journal Article Repository/2023/7261654/10319887","10319916.pdf","10.5594/JMI.2023.3321102","10.5594-JMI.2023.3321102","orig-research","Sports Production Through AI-Powered Sports Action Tracking and PTZ Cameras"
"Journal Article","2023","Journal Article Repository/2023/7261654/10319887","10319922.pdf","10.5594/JMI.2023.3320472","10.5594-JMI.2023.3320472","front-cover","Front Cover"
"Journal Article","2023","Journal Article Repository/2023/7261654/10319887","10319923.pdf","10.5594/JMI.2023.3278792","10.5594-JMI.2023.3278792","orig-research","Why Holographic 3D Light Field Displays are Impossible, and How to Build One Anyway"
"Journal Article","2023","Journal Article Repository/2023/7261654/10319887","10319926.pdf","10.5594/JMI.2023.3325858","10.5594-JMI.2023.3325858","orig-research","Hyperconverged Design: Reducing the Environmental Impact of Production Technologies Throughout the Product Lifecycle"
"Journal Article","2023","Journal Article Repository/2023/7261654/10319887","10319935.pdf","10.5594/JMI.2023.3331204","10.5594-JMI.2023.3331204","content-announce","Statement of Ownership"
"Journal Article","2023","Journal Article Repository/2023/7261654/10319887","10319936.pdf","10.5594/JMI.2023.3331173","10.5594-JMI.2023.3331173","content-announce","SMPTE Power of Color"
"Journal Article","2023","Journal Article Repository/2023/7261654/10319887","10319937.pdf","10.5594/JMI.2023.3320468","10.5594-JMI.2023.3320468","info-society","Sustaining Members"
"Conference Paper","2015","Conference Repository/Conference Papers/2015/7398355/7398356","07398357.pdf","10.5594/M001596","10.5594-M001596","orig-research","An Analysis of the Impact of HEVC on Existing Media Businesses"
"Conference Paper","2015","Conference Repository/Conference Papers/2015/7398355/7398356","07398358.pdf","10.5594/M001597","10.5594-M001597","orig-research","Changing the Game: A Guide to Cost-Efficient Software-Based HEVC Video Processing Deployment"
"Conference Paper","2015","Conference Repository/Conference Papers/2015/7398355/7398356","07398359.pdf","10.5594/M001598","10.5594-M001598","orig-research","DASH 2015: Where are We at and what Next"
"Conference Paper","2015","Conference Repository/Conference Papers/2015/7398355/7398356","07398360.pdf","10.5594/M001599","10.5594-M001599","orig-research","Moving High to Cloud"
"Conference Paper","2015","Conference Repository/Conference Papers/2015/7398355/7398356","07398361.pdf","10.5594/M001600","10.5594-M001600","orig-research","Broadcast in the Age of Disruption"
"Conference Paper","2015","Conference Repository/Conference Papers/2015/7398355/7398356","07398362.pdf","10.5594/M001601","10.5594-M001601","orig-research","What can We Learn from the Last 100 SMPTE Years? What will Tell Us about the Next 10?"
"Conference Paper","2015","Conference Repository/Conference Papers/2015/7398355/7398356","07398363.pdf","10.5594/M001602","10.5594-M001602","orig-research","Into Thin Air: The Cloud Conflict"
"Conference Paper","2015","Conference Repository/Conference Papers/2015/7398355/7398356","07398364.pdf","10.5594/M001603","10.5594-M001603","orig-research","SCAsat Audio Distribution “Best of Satellite, Best of WAN”"
"Conference Paper","2015","Conference Repository/Conference Papers/2015/7398355/7398356","07398365.pdf","10.5594/M001604","10.5594-M001604","orig-research","4K/UHD Viewing: The Whole Truth and Nothing but the Truth"
"Conference Paper","2015","Conference Repository/Conference Papers/2015/7398355/7398356","07398366.pdf","10.5594/M001605","10.5594-M001605","orig-research","Why is High Dynamic Range Critical to Live Ultra HD and How Might it be Implemented?"
"Conference Paper","2015","Conference Repository/Conference Papers/2015/7398355/7398356","07398367.pdf","10.5594/M001606","10.5594-M001606","orig-research","Effect of UHD High Frame Rates (HFR) on DVB-S2 Bit Error Rate (BER)"
"Conference Paper","2015","Conference Repository/Conference Papers/2015/7398355/7398356","07398368.pdf","10.5594/M001607","10.5594-M001607","orig-research","Layered Division Multiplexing: Basics Concepts, Application Scenarios and Performance"
"Conference Paper","2015","Conference Repository/Conference Papers/2015/7398355/7398356","07398369.pdf","10.5594/M001608","10.5594-M001608","orig-research","Looking to the Cloud for Multiscreen Video Contribution Management"
"Conference Paper","2015","Conference Repository/Conference Papers/2015/7398355/7398356","07398370.pdf","10.5594/M001609","10.5594-M001609","orig-research","Better Color Conversions for HDR and UHD TV Productions"
"Conference Paper","2015","Conference Repository/Conference Papers/2015/7398355/7398356","07398371.pdf","10.5594/M001610","10.5594-M001610","orig-research","Colour Grading with Colour Management"
"Conference Paper","2015","Conference Repository/Conference Papers/2015/7398355/7398356","07398372.pdf","10.5594/M001611","10.5594-M001611","orig-research","“Ensuring a Persistence of Vision – Preserving Archival Footage for Future Generations”"
"Conference Paper","2015","Conference Repository/Conference Papers/2015/7398355/7398356","07398453.pdf","10.5594/M001612","10.5594-M001612","orig-research","Maximizing the Potential of Legacy Content in New Media Asset Management Deployments"
"Conference Paper","2015","Conference Repository/Conference Papers/2015/7398355/7398356","07398454.pdf","10.5594/M001613","10.5594-M001613","orig-research","Workflow Optimised Storage Key Differentiator in High Resolution Workflows"
"Conference Paper","2015","Conference Repository/Conference Papers/2015/7398355/7398356","07398455.pdf","10.5594/M001614","10.5594-M001614","orig-research","Using IMF for International Distribution? What Does that Mean?"
"Conference Paper","2015","Conference Repository/Conference Papers/2015/7398355/7398356","07398456.pdf","10.5594/M001615","10.5594-M001615","orig-research","The Connected Media Ecosystem"
"Conference Paper","2015","Conference Repository/Conference Papers/2015/7398355/7398356","07398457.pdf","10.5594/M001616","10.5594-M001616","orig-research","Subtitles on OTT Platforms - Ensuring Consistency across Broadcast and IP Platforms"
"Conference Paper","2015","Conference Repository/Conference Papers/2015/7398355/7398356","07398458.pdf","10.5594/M001617","10.5594-M001617","orig-research","The Safe and Legal Operation of Commercial Drones in Australia"
"Conference Paper","2015","Conference Repository/Conference Papers/2015/7398355/7398356","07398459.pdf","10.5594/M001618","10.5594-M001618","orig-research","Camera Raw for High Dynamic Range Workflows"
"Conference Paper","2015","Conference Repository/Conference Papers/2015/7398355/7398356","07398460.pdf","10.5594/M001619","10.5594-M001619","orig-research","Ungluing Audio and Video - How Audio over IP Enables the Future"
"Conference Paper","2015","Conference Repository/Conference Papers/2015/7398355/7398356","07398461.pdf","10.5594/M001620","10.5594-M001620","orig-research","How AES-67, the New Audio-over-IP Standard, Will Bring the Convergence of Telecommunications, Intercom, Radio and Television Broadcast Studio Audio"
"Conference Paper","2015","Conference Repository/Conference Papers/2015/7399587/7399588","07399589.pdf","10.5594/M001621","10.5594-M001621","orig-research","Content-Dependent Metadata for Color Volume Transformation of High Luminance and Wide Color Gamut Images"
"Conference Paper","2015","Conference Repository/Conference Papers/2015/7399587/7399588","07399590.pdf","10.5594/M001622","10.5594-M001622","orig-research","Color Fidelity for High Dynamic Range Signals"
"Conference Paper","2015","Conference Repository/Conference Papers/2015/7399587/7399588","07399591.pdf","10.5594/M001623","10.5594-M001623","orig-research","Reference-Based Color Volume Remapping"
"Conference Paper","2015","Conference Repository/Conference Papers/2015/7399587/7399588","07399592.pdf","10.5594/M001624","10.5594-M001624","orig-research","UHD in a Hybrid SDI/IP World"
"Conference Paper","2015","Conference Repository/Conference Papers/2015/7399587/7399588","07399613.pdf","10.5594/M001625","10.5594-M001625","orig-research","High Frame Rate Capture and Production"
"Conference Paper","2015","Conference Repository/Conference Papers/2015/7399587/7399588","07399614.pdf","10.5594/M001626","10.5594-M001626","orig-research","4K, HDR and Further Image Enhancements for Live Image Acquisition"
"Conference Paper","2015","Conference Repository/Conference Papers/2015/7399587/7399588","07399615.pdf","10.5594/M001627","10.5594-M001627","orig-research","Color Rendering Index Value Requirement for Wide-Gamut UHDTV Production"
"Conference Paper","2015","Conference Repository/Conference Papers/2015/7399587/7399588","07399616.pdf","10.5594/M001628","10.5594-M001628","orig-research","4K Video over SMPTE 2022-5/6 Workflows"
"Conference Paper","2015","Conference Repository/Conference Papers/2015/7399587/7399588","07399617.pdf","10.5594/M001629","10.5594-M001629","orig-research","Scaling UHD Live Production Workflow with Mezzanine Compression"
"Conference Paper","2015","Conference Repository/Conference Papers/2015/7399587/7399588","07399618.pdf","10.5594/M001630","10.5594-M001630","orig-research","How Independent are HDR, WCG, and HFR in Human Visual Perception and the Creative Process?"
"Conference Paper","2015","Conference Repository/Conference Papers/2015/7399587/7399588","07399619.pdf","10.5594/M001631","10.5594-M001631","orig-research","Best in Show"
"Conference Paper","2015","Conference Repository/Conference Papers/2015/7399587/7399588","07399620.pdf","10.5594/M001632","10.5594-M001632","orig-research","Perceptual Uniformity for High Dynamic Range Television Systems"
"Conference Paper","2015","Conference Repository/Conference Papers/2015/7399587/7399588","07399621.pdf","10.5594/M001633","10.5594-M001633","orig-research","Prospects for Software Defined Networking and Network Function Virtualization in Media and Broadcast"
"Conference Paper","2015","Conference Repository/Conference Papers/2015/7399587/7399588","07399622.pdf","10.5594/M001634","10.5594-M001634","orig-research","Journey of 9's — High Availbility for IP Based Production Systems"
"Conference Paper","2015","Conference Repository/Conference Papers/2015/7399587/7399588","07399623.pdf","10.5594/M001635","10.5594-M001635","orig-research","Elementary Flows for Live IP Production"
"Conference Paper","2015","Conference Repository/Conference Papers/2015/7399587/7399588","07399624.pdf","10.5594/M001636","10.5594-M001636","orig-research","Optimizing Large Media Networks for Highly Accurate Time Transfer via PTP"
"Conference Paper","2015","Conference Repository/Conference Papers/2015/7399587/7399588","07399625.pdf","10.5594/M001637","10.5594-M001637","orig-research","Sample Variants: A Standardized Framework for Forensic Marking of ISOBMFF Files"
"Conference Paper","2015","Conference Repository/Conference Papers/2015/7399587/7399588","07399626.pdf","10.5594/M001638","10.5594-M001638","orig-research","Enabling Watermarking in a Diverse Content Distribution Infrastructure"
"Conference Paper","2015","Conference Repository/Conference Papers/2015/7399587/7399588","07399627.pdf","10.5594/M001639","10.5594-M001639","orig-research","High Dynamic Range: Compression Challenges"
"Conference Paper","2015","Conference Repository/Conference Papers/2015/7399587/7399588","07399628.pdf","10.5594/M001640","10.5594-M001640","orig-research","The Interaction between Transfer Function and Compression in High Dynamic Range Video"
"Conference Paper","2015","Conference Repository/Conference Papers/2015/7399587/7399588","07399629.pdf","10.5594/M001641","10.5594-M001641","orig-research","Ultra HD Blu-ray™ Format Video Characteristics"
"Conference Paper","2015","Conference Repository/Conference Papers/2015/7399587/7399588","07399630.pdf","10.5594/M001642","10.5594-M001642","orig-research","High Frame Rate Compression Efficiency and Backwards Compatibility using HEVC"
"Conference Paper","2015","Conference Repository/Conference Papers/2015/7399587/7399588","07399631.pdf","10.5594/M001643","10.5594-M001643","orig-research","Better, Faster and More Pixel Handling with SMPTE VC-3 Codec Updates"
"Conference Paper","2015","Conference Repository/Conference Papers/2015/7399587/7399588","07399632.pdf","10.5594/M001644","10.5594-M001644","orig-research","Building a New Digital Archive Management Infrastructure for the RIT School of Film and Animation"
"Conference Paper","2015","Conference Repository/Conference Papers/2015/7399587/7399588","07399633.pdf","10.5594/M001645","10.5594-M001645","orig-research","Preservation and Archive: The next 100 Years"
"Conference Paper","2015","Conference Repository/Conference Papers/2015/7399587/7399588","07399634.pdf","10.5594/M001646","10.5594-M001646","orig-research","Storyteller — Marrying Real-time Metadata with Live Events to Automate Production for Multi-screen"
"Conference Paper","2015","Conference Repository/Conference Papers/2015/7399587/7399588","07399635.pdf","10.5594/M001647","10.5594-M001647","orig-research","Extending Cable Workflows to OTT: Decoupling Content Generation from Delivery Technologies"
"Conference Paper","2015","Conference Repository/Conference Papers/2015/7399587/7399588","07399636.pdf","10.5594/M001648","10.5594-M001648","orig-research","Big Data Analysis for Effective Monetization of over the Top TV Content"
"Conference Paper","2015","Conference Repository/Conference Papers/2015/7399587/7399588","07399637.pdf","10.5594/M001649","10.5594-M001649","orig-research","Building the HDR Economy Nit by Nit"
"Conference Paper","2015","Conference Repository/Conference Papers/2015/7399587/7399588","07399638.pdf","10.5594/M001650","10.5594-M001650","orig-research","Object-Based Audio for Live TV Production"
"Conference Paper","2015","Conference Repository/Conference Papers/2015/7399587/7399588","07399639.pdf","10.5594/M001651","10.5594-M001651","orig-research","Scene-Based Audio Implemented with Higher Order Ambisonics (HOA)"
"Conference Paper","2015","Conference Repository/Conference Papers/2015/7399587/7399588","07399640.pdf","10.5594/M001652","10.5594-M001652","orig-research","The Future of Audio Post-Production using Virtual 3D Scenes"
"Conference Paper","2015","Conference Repository/Conference Papers/2015/7399587/7399588","07399641.pdf","10.5594/M001653","10.5594-M001653","orig-research","Listening Test Methodology for Object Based Audio Rendering Interoperability using Artificial Reference Signals and Artistic Content"
"Conference Paper","2015","Conference Repository/Conference Papers/2015/7399587/7399588","07399642.pdf","10.5594/M001654","10.5594-M001654","orig-research","Monitoring and Authoring of 3D Immersive Next Generation Audio Formats"
"Conference Paper","2015","Conference Repository/Conference Papers/2015/7399587/7399588","07399643.pdf","10.5594/M001655","10.5594-M001655","orig-research","Recipes for Creating and Delivering Next-Generation Broadcast Audio"
"Conference Paper","2015","Conference Repository/Conference Papers/2015/7399587/7399588","07399644.pdf","10.5594/M001656","10.5594-M001656","orig-research","Display Technology: The Next Chapter"
"Conference Paper","2015","Conference Repository/Conference Papers/2015/7399587/7399588","07399645.pdf","10.5594/M001657","10.5594-M001657","orig-research","Black and White = Chroma!"
"Conference Paper","2015","Conference Repository/Conference Papers/2015/7399587/7399588","07399646.pdf","10.5594/M001658","10.5594-M001658","orig-research","The Calibration Conundrum: Towards Standardizing a Reference White Chromaticity for HDTV"
"Conference Paper","2015","Conference Repository/Conference Papers/2015/7399587/7399588","07399647.pdf","10.5594/M001659","10.5594-M001659","orig-research","Achieving BT. 2020 Color with LCDs: A Tale of Two Applications"
"Conference Paper","2015","Conference Repository/Conference Papers/2015/7399587/7399588","07399648.pdf","10.5594/M001660","10.5594-M001660","orig-research","What does “Broadcast Quality” Mean Now?"
"Conference Paper","2015","Conference Repository/Conference Papers/2015/7399587/7399588","07399649.pdf","10.5594/M001661","10.5594-M001661","orig-research","Utilising Massive Compute Resource in Public Cloud for Complex Image Processing Applications"
"Conference Paper","2015","Conference Repository/Conference Papers/2015/7399587/7399588","07399650.pdf","10.5594/M001662","10.5594-M001662","orig-research","My Boss Wants to Transcode in the Cloud"
"Conference Paper","2015","Conference Repository/Conference Papers/2015/7399587/7399588","07399651.pdf","10.5594/M001663","10.5594-M001663","orig-research","Zero Infrastructure Broadcasting"
"Conference Paper","2015","Conference Repository/Conference Papers/2015/7399587/7399588","07399652.pdf","10.5594/M001664","10.5594-M001664","orig-research","The Academy Color Encoding System: Standards for Digital Image Interchange, Color Management and Long-Term Archiving"
"Conference Paper","2015","Conference Repository/Conference Papers/2015/7399587/7399588","07399653.pdf","10.5594/M001665","10.5594-M001665","orig-research","Is There a Standard Observer in the House?"
"Conference Paper","2015","Conference Repository/Conference Papers/2015/7399587/7399588","07399654.pdf","10.5594/M001666","10.5594-M001666","orig-research","Technical Analysis, Standard Interpretation, Inspection and Assessment Study for Digital Cinema Stereoscopic Projection"
"Conference Paper","2015","Conference Repository/Conference Papers/2015/7399587/7399588","07399655.pdf","10.5594/M001667","10.5594-M001667","orig-research","An Analysis of System Contrast in Digital Cinema Auditoriums"
"Conference Paper","2015","Conference Repository/Conference Papers/2015/7399587/7399588","07399656.pdf","10.5594/M001668","10.5594-M001668","orig-research","Modelling of Achievable Contrast and its Impact on HDR Projection in Commercial Cinema Environments"
"Conference Paper","2015","Conference Repository/Conference Papers/2015/7399587/7399588","07399657.pdf","10.5594/M001669","10.5594-M001669","orig-research","Thought-Provoking Ideas for Increasing Diversity in Entertainment Engineering"
"Conference Paper","2015","Conference Repository/Conference Papers/2015/7399587/7399588","07399658.pdf","10.5594/M001670","10.5594-M001670","orig-research","Introduction of a File-System with Integrated Scaling Capability"
"Conference Paper","2015","Conference Repository/Conference Papers/2015/7399587/7399588","07399659.pdf","10.5594/M001671","10.5594-M001671","orig-research","Using BPMN to Simplify IMF Caption & Subtitle Creation"
"Conference Paper","2015","Conference Repository/Conference Papers/2015/7399587/7399588","07399660.pdf","10.5594/M001672","10.5594-M001672","orig-research","Exploring New Technologies for Non-Destructive Adjustment of Running Times of File Based Content"
"Conference Paper","2015","Conference Repository/Conference Papers/2015/7399587/7399588","07399661.pdf","10.5594/M001673","10.5594-M001673","orig-research","Native Resolution Detection of Video Sequences"
"Conference Paper","2015","Conference Repository/Conference Papers/2015/7399587/7399588","07399662.pdf","10.5594/M001674","10.5594-M001674","orig-research","Content Monitoring for SDI, Files and IP using Algorithmic-based Media Signatures"
"Conference Paper","2015","Conference Repository/Conference Papers/2015/7399587/7399588","07399663.pdf","10.5594/M001675","10.5594-M001675","orig-research","File-Based Closed Captioning System without Captioning Delay"
"Conference Paper","2015","Conference Repository/Conference Papers/2015/8046174/8046175","08046176.pdf","10.5594/M001735","10.5594-M001735","orig-research","Arts and Science – Building the Educational Bridge"
"Conference Paper","2015","Conference Repository/Conference Papers/2015/8046174/8046175","08046177.pdf","10.5594/M001736","10.5594-M001736","orig-research","Calibrated Color and Software for LED Luminaires"
"Conference Paper","2015","Conference Repository/Conference Papers/2015/8046174/8046175","08046178.pdf","10.5594/M001737","10.5594-M001737","orig-research","IT-Based Switching Brings Francis Ford Coppola's New “Live Cinema” Project to Life"
"Conference Paper","2015","Conference Repository/Conference Papers/2015/8046174/8046175","08046179.pdf","10.5594/M001738","10.5594-M001738","orig-research","How Automation Can Help Broadcasters and Production Companies Reach Video Production Nirvana"
"Conference Paper","2015","Conference Repository/Conference Papers/2015/8046174/8046175","08046180.pdf","10.5594/M001739","10.5594-M001739","orig-research","Lost in the Clouds? Cloud Storage Fits Into Media Workflows—Just Not Everywhere"
"Conference Paper","2015","Conference Repository/Conference Papers/2015/8046174/8046175","08046181.pdf","10.5594/M001740","10.5594-M001740","orig-research","Linear Sales Automation and Data Insight As a Step Towards Programmatic TV"
"Conference Paper","2015","Conference Repository/Conference Papers/2015/8046174/8046175","08046182.pdf","10.5594/M001741","10.5594-M001741","orig-research","Quality Control & Monitoring in OTT Workflows"
"Conference Paper","2015","Conference Repository/Conference Papers/2015/8046174/8046175","08046183.pdf","10.5594/M001742","10.5594-M001742","orig-research","How to Coordinate the Streamlined Operations for Commercial Purposes Successfully?"
"Conference Paper","2015","Conference Repository/Conference Papers/2015/8046174/8046175","08046184.pdf","10.5594/M001743","10.5594-M001743","orig-research","IP Workflow and Scalable Video Performance"
"Conference Paper","2015","Conference Repository/Conference Papers/2015/8046174/8046175","08046185.pdf","10.5594/M001744","10.5594-M001744","orig-research","Media Storage in the Cloud"
"Conference Paper","2015","Conference Repository/Conference Papers/2015/8046174/8046175","08046186.pdf","10.5594/M001745","10.5594-M001745","orig-research","Delivering Drama for Extreme Screen"
"Conference Paper","2015","Conference Repository/Conference Papers/2015/8046174/8046175","08046187.pdf","10.5594/M001746","10.5594-M001746","orig-research","Why Does Cinema Sound Quality Mostly Fail to Realise Its Potential? Some Interesting Results from The SMPTE's 2014 Report on Cinema Sound Systems"
"Conference Paper","2015","Conference Repository/Conference Papers/2015/8046174/8046175","08046188.pdf","10.5594/M001747","10.5594-M001747","orig-research","LTE Managed Media Contribution"
"Conference Paper","2015","Conference Repository/Conference Papers/2015/8046174/8046175","08046189.pdf","10.5594/M001748","10.5594-M001748","orig-research","Capturing Sound for VR & AR"
"Conference Paper","2015","Conference Repository/Conference Papers/2015/8046174/8046175","08046190.pdf","10.5594/M001749","10.5594-M001749","orig-research","Designing Spatial Sound: Adapting Contemporary Screen Sound Design Practices for Virtual Reality"
"Conference Paper","2015","Conference Repository/Conference Papers/2015/8046174/8046175","08046191.pdf","10.5594/M001750","10.5594-M001750","orig-research","Cost Increase due to UHD Video Broadcasting as Compared to HD"
"Conference Paper","2015","Conference Repository/Conference Papers/2015/8046174/8046175","08046192.pdf","10.5594/M001751","10.5594-M001751","orig-research","HDR from the Perspective of a Camera Manufacturer"
"Conference Paper","2016","Conference Repository/Conference Papers/2016/7819436/7819437","07819438.pdf","10.5594/M001676","10.5594-M001676","orig-research","8K-UHDTV Production Equipment and Workflow which Realize an Unprecedented Video Experience"
"Conference Paper","2016","Conference Repository/Conference Papers/2016/7819436/7819437","07819439.pdf","10.5594/M001677","10.5594-M001677","orig-research","12G SDI over RF Coaxial Structures"
"Conference Paper","2016","Conference Repository/Conference Papers/2016/7819436/7819437","07819440.pdf","10.5594/M001678","10.5594-M001678","orig-research","A 100Gbps Interface for 4k/8k UHDTV Signals"
"Conference Paper","2016","Conference Repository/Conference Papers/2016/7819436/7819437","07819441.pdf","10.5594/M001679","10.5594-M001679","orig-research","A Biologically-Inspired Approach to Making HDR Video Quality Assessment Easier"
"Conference Paper","2016","Conference Repository/Conference Papers/2016/7819436/7819437","07819442.pdf","10.5594/M001680","10.5594-M001680","orig-research","A Cinematographic Spectral Similarity Index"
"Conference Paper","2016","Conference Repository/Conference Papers/2016/7819436/7819437","07819443.pdf","10.5594/M001681","10.5594-M001681","orig-research","A Comparison of Intra-Frame Codecs Considered for IMF"
"Conference Paper","2016","Conference Repository/Conference Papers/2016/7819436/7819437","07819444.pdf","10.5594/M001682","10.5594-M001682","orig-research","A Modern Approach to HDR Color Timing"
"Conference Paper","2016","Conference Repository/Conference Papers/2016/7819436/7819437","07819445.pdf","10.5594/M001683","10.5594-M001683","orig-research","A UHD 2/3-Inch CMOS Imager with Dynamic Pixel Management -an Enabler for New Format Flexibility"
"Conference Paper","2016","Conference Repository/Conference Papers/2016/7819436/7819437","07819446.pdf","10.5594/M001684","10.5594-M001684","orig-research","Adapting Content to Different Display Capabilities and Viewing Environments"
"Conference Paper","2016","Conference Repository/Conference Papers/2016/7819436/7819437","07819447.pdf","10.5594/M001685","10.5594-M001685","orig-research","Advances in Coaxial Cable Design"
"Conference Paper","2016","Conference Repository/Conference Papers/2016/7819436/7819437","07819448.pdf","10.5594/M001686","10.5594-M001686","orig-research","An Extension of the Output Profile List for Semi-Automated Quality Control using IMF"
"Conference Paper","2016","Conference Repository/Conference Papers/2016/7819436/7819437","07819449.pdf","10.5594/M001687","10.5594-M001687","orig-research","Automatic, Viewing-Condition Dependent Contrast Grading based on Perceptual Models"
"Conference Paper","2016","Conference Repository/Conference Papers/2016/7819436/7819437","07819450.pdf","10.5594/M001688","10.5594-M001688","orig-research","Automating The Exchange of Video Files"
"Conference Paper","2016","Conference Repository/Conference Papers/2016/7819436/7819437","07819451.pdf","10.5594/M001689","10.5594-M001689","orig-research","Beyond the Limits of Visual Acuity: The Real Reason for 4K and 8K Image Resolution"
"Conference Paper","2016","Conference Repository/Conference Papers/2016/7819436/7819437","07819452.pdf","10.5594/M001690","10.5594-M001690","orig-research","Breaking out of the 100-Nit Box - A Colorist's View of HDR Grading"
"Conference Paper","2016","Conference Repository/Conference Papers/2016/7819436/7819437","07819593.pdf","10.5594/M001691","10.5594-M001691","orig-research","Broadcast and Network Integration using the Network Control (SDN) API"
"Conference Paper","2016","Conference Repository/Conference Papers/2016/7819436/7819437","07819594.pdf","10.5594/M001692","10.5594-M001692","orig-research","Building The World's Most Complex TV Network (A Test Bed for Broadcasting Immersive and Interactive Audio1)"
"Conference Paper","2016","Conference Repository/Conference Papers/2016/7819436/7819437","07819595.pdf","10.5594/M001693","10.5594-M001693","orig-research","Challenges of Delivering Superb Viewing Experience while Streaming UHD 4K and HDR Content in the Adaptive Bitrate (ABR) Era"
"Conference Paper","2016","Conference Repository/Conference Papers/2016/7819436/7819437","07819596.pdf","10.5594/M001694","10.5594-M001694","orig-research","Common Mezzanine Distribution Format (CMZF): For ABR TV Distribution"
"Conference Paper","2016","Conference Repository/Conference Papers/2016/7819436/7819437","07819597.pdf","10.5594/M001695","10.5594-M001695","orig-research","Cutting The Cord @ 60 GHz"
"Conference Paper","2016","Conference Repository/Conference Papers/2016/7819436/7819437","07819598.pdf","10.5594/M001696","10.5594-M001696","orig-research","Development of an 8K Production System with 120 Hz Frame Frequency"
"Conference Paper","2016","Conference Repository/Conference Papers/2016/7819436/7819437","07819599.pdf","10.5594/M001697","10.5594-M001697","orig-research","Efficient Monitoring of ST2059-2 based Time Transfer Performance"
"Conference Paper","2016","Conference Repository/Conference Papers/2016/7819436/7819437","07819600.pdf","10.5594/M001698","10.5594-M001698","orig-research","Flexible SDI - The Universal Transport for Streamed Media"
"Conference Paper","2016","Conference Repository/Conference Papers/2016/7819436/7819437","07819601.pdf","10.5594/M001699","10.5594-M001699","orig-research","GPU-Based Real-Time System for Cinematic Virtual Reality Production"
"Conference Paper","2016","Conference Repository/Conference Papers/2016/7819436/7819437","07819602.pdf","10.5594/M001700","10.5594-M001700","orig-research","HDR Perception Challenges and Measures in Cinematographic Environment"
"Conference Paper","2016","Conference Repository/Conference Papers/2016/7819436/7819437","07819603.pdf","10.5594/M001701","10.5594-M001701","orig-research","HEVC Mezzanine Compression for UHD Transport over SDI and IP infrastructures"
"Conference Paper","2016","Conference Repository/Conference Papers/2016/7819436/7819437","07819604.pdf","10.5594/M001702","10.5594-M001702","orig-research","How's your Hooper Rating?"
"Conference Paper","2016","Conference Repository/Conference Papers/2016/7819436/7819437","07819605.pdf","10.5594/M001703","10.5594-M001703","orig-research","Is There an Uncanny Valley in Frame Rate Perception?"
"Conference Paper","2016","Conference Repository/Conference Papers/2016/7819436/7819437","07819606.pdf","10.5594/M001704","10.5594-M001704","orig-research","It's all Backwards: Rethinking Frame Rate and Temporal Fidelity in a Cinema Workflow"
"Conference Paper","2016","Conference Repository/Conference Papers/2016/7819436/7819437","07819607.pdf","10.5594/M001705","10.5594-M001705","orig-research","Large scale PTP: How big can it get?"
"Conference Paper","2016","Conference Repository/Conference Papers/2016/7819436/7819437","07819608.pdf","10.5594/M001706","10.5594-M001706","orig-research","Looking Deep into the Future Infrastructure Prospects for the Media Enterprise in 2036"
"Conference Paper","2016","Conference Repository/Conference Papers/2016/7819436/7819437","07819609.pdf","10.5594/M001707","10.5594-M001707","orig-research","Loudspeaker Requirements in Object-Based Cinema"
"Conference Paper","2016","Conference Repository/Conference Papers/2016/7819436/7819437","07819610.pdf","10.5594/M001708","10.5594-M001708","orig-research","Luminance-Preserving Colour Conversion"
"Conference Paper","2016","Conference Repository/Conference Papers/2016/7819436/7819437","07819611.pdf","10.5594/M001709","10.5594-M001709","orig-research","NABA DPP Files Specifications for North America"
"Conference Paper","2016","Conference Repository/Conference Papers/2016/7819436/7819437","07819612.pdf","10.5594/M001710","10.5594-M001710","orig-research","NDR - A Machine-Readable Model for News Content Distribution Control"
"Conference Paper","2016","Conference Repository/Conference Papers/2016/7819436/7819437","07819613.pdf","10.5594/M001711","10.5594-M001711","orig-research","Objectively Evaluating High-Dynamic-Range and Wide-Color-Gamut Color Accuracy"
"Conference Paper","2016","Conference Repository/Conference Papers/2016/7819436/7819437","07819614.pdf","10.5594/M001712","10.5594-M001712","orig-research","Open-Source Spatial Audio Compression for VR Content"
"Conference Paper","2016","Conference Repository/Conference Papers/2016/7819436/7819437","07819615.pdf","10.5594/M001713","10.5594-M001713","orig-research","Perceptually-based Gamut Extension Algorithm for Emerging Wide Color Gamut Display and Projection Technologies"
"Conference Paper","2016","Conference Repository/Conference Papers/2016/7819436/7819437","07819616.pdf","10.5594/M001714","10.5594-M001714","orig-research","Practical Transition Strategies of SDI Facilities Utilizing Newer IP Baseband A/V Signals"
"Conference Paper","2016","Conference Repository/Conference Papers/2016/7819436/7819437","07819617.pdf","10.5594/M001715","10.5594-M001715","orig-research","“The Suitcase”: Using C4, Semantics and NoSQL for Managing Motion Picture Data"
"Conference Paper","2016","Conference Repository/Conference Papers/2016/7819436/7819437","07819618.pdf","10.5594/M001716","10.5594-M001716","orig-research","Re-Energize Entertainment Engineering: How to Blend the Experience of Yesterday with Millennials' Vision of Tomorrow"
"Conference Paper","2016","Conference Repository/Conference Papers/2016/7819436/7819437","07819619.pdf","10.5594/M001717","10.5594-M001717","orig-research","Reinventing Content Storage to Solve Today's and Tomorrow's Media Workflow Challenges : Making the Case for Intelligent and Agile Storage Platforms"
"Conference Paper","2016","Conference Repository/Conference Papers/2016/7819436/7819437","07819620.pdf","10.5594/M001718","10.5594-M001718","orig-research","Research on the Movie Theater Requirements for Multiple-Screen Projection"
"Conference Paper","2016","Conference Repository/Conference Papers/2016/7819436/7819437","07819621.pdf","10.5594/M001719","10.5594-M001719","orig-research","Return Loss: What, Why, How, and Where"
"Conference Paper","2016","Conference Repository/Conference Papers/2016/7819436/7819437","07819622.pdf","10.5594/M001720","10.5594-M001720","orig-research","Scaling IMF: How to Manage 10,000 IMF Packages"
"Conference Paper","2016","Conference Repository/Conference Papers/2016/7819436/7819437","07819623.pdf","10.5594/M001721","10.5594-M001721","orig-research","Screen Brightness Uniformity: Analysis and Comparisons"
"Conference Paper","2016","Conference Repository/Conference Papers/2016/7819436/7819437","07819624.pdf","10.5594/M001722","10.5594-M001722","orig-research","Securing IMF"
"Conference Paper","2016","Conference Repository/Conference Papers/2016/7819436/7819437","07819625.pdf","10.5594/M001723","10.5594-M001723","orig-research","Security in the Cloud with IMF"
"Conference Paper","2016","Conference Repository/Conference Papers/2016/7819436/7819437","07819626.pdf","10.5594/M001724","10.5594-M001724","orig-research","Techniques to Detect Modified Video"
"Conference Paper","2016","Conference Repository/Conference Papers/2016/7819436/7819437","07819627.pdf","10.5594/M001725","10.5594-M001725","orig-research","The Challenges of Forensic Watermarking UHD/HDR Content"
"Conference Paper","2016","Conference Repository/Conference Papers/2016/7819436/7819437","07819628.pdf","10.5594/M001726","10.5594-M001726","orig-research","The Future's So Bright, I Gotta Wear Shades: Test Patterns for HDR"
"Conference Paper","2016","Conference Repository/Conference Papers/2016/7819436/7819437","07819629.pdf","10.5594/M001727","10.5594-M001727","orig-research","The Perceived Intra-Frame Dynamic Range in a Cinema Environment"
"Conference Paper","2016","Conference Repository/Conference Papers/2016/7819436/7819437","07819630.pdf","10.5594/M001728","10.5594-M001728","orig-research","The Resolution Revolution: How Many Bits Do We Really Need?"
"Conference Paper","2016","Conference Repository/Conference Papers/2016/7819436/7819437","07819631.pdf","10.5594/M001729","10.5594-M001729","orig-research","The Special Challenges of Offering High Quality Experience for VR Video"
"Conference Paper","2016","Conference Repository/Conference Papers/2016/7819436/7819437","07819632.pdf","10.5594/M001730","10.5594-M001730","orig-research","Through The Smoke: A Look At Industry Trends"
"Conference Paper","2016","Conference Repository/Conference Papers/2016/7819436/7819437","07819633.pdf","10.5594/M001731","10.5594-M001731","orig-research","Titling for Live Streaming and File-Based Broadcast Workflows"
"Conference Paper","2016","Conference Repository/Conference Papers/2016/7819436/7819437","07819634.pdf","10.5594/M001732","10.5594-M001732","orig-research","Virtualization: Changing the Face and the Pace of Master Control Projects"
"Conference Paper","2016","Conference Repository/Conference Papers/2016/7819436/7819437","07819635.pdf","10.5594/M001733","10.5594-M001733","orig-research","Virtually Perfect: Factors Affecting the Quality of a VR Experience and the need for a VR Content Quality Standard"
"Conference Paper","2016","Conference Repository/Conference Papers/2016/7819436/7819437","07819636.pdf","10.5594/M001734","10.5594-M001734","orig-research","VP9 Encoder and Decoders for Next Generation Online Video Platforms and Services"
"Conference Paper","2017","Conference Repository/Conference Papers/2017/8281382/8281383","08281384.pdf","10.5594/M001752","10.5594-M001752","orig-research","Display Interfacing 2017: Getting Around the UHD ‘Speed Bump’"
"Conference Paper","2017","Conference Repository/Conference Papers/2017/8281382/8281383","08281385.pdf","10.5594/M001753","10.5594-M001753","orig-research","Engineering a live UHD program from the International Space Station"
"Conference Paper","2017","Conference Repository/Conference Papers/2017/8281382/8281383","08281386.pdf","10.5594/M001754","10.5594-M001754","orig-research","Proposed Measured Display Characterization File for HDR Consumer Displays"
"Conference Paper","2017","Conference Repository/Conference Papers/2017/8281382/8281383","08281387.pdf","10.5594/M001755","10.5594-M001755","orig-research","A User Study of Story Presence in an Immersive Narrative Experience tested with Variant Levels of Immersion"
"Conference Paper","2017","Conference Repository/Conference Papers/2017/8281382/8281383","08281388.pdf","10.5594/M001756","10.5594-M001756","orig-research","ARnold: A Mixed Reality Short Film using Microsoft HoloLens"
"Conference Paper","2017","Conference Repository/Conference Papers/2017/8281382/8281383","08281389.pdf","10.5594/M001757","10.5594-M001757","orig-research","The Immersive Experience Classification System: A New, Strategic Decision-Making Tool For Content Creators"
"Conference Paper","2017","Conference Repository/Conference Papers/2017/8281382/8281383","08281390.pdf","10.5594/M001758","10.5594-M001758","orig-research","360-Degree Video Streaming and its Subjective Quality"
"Conference Paper","2017","Conference Repository/Conference Papers/2017/8281382/8281383","08281391.pdf","10.5594/M001759","10.5594-M001759","orig-research","Case Study: Bridging Gaming and Broadcast Technology for High Productivity Production"
"Conference Paper","2017","Conference Repository/Conference Papers/2017/8281382/8281383","08281392.pdf","10.5594/M001760","10.5594-M001760","orig-research","State of the Art Virtual Reality Streaming: Solutions for Reducing Bandwidth and Improving Video Quality"
"Conference Paper","2017","Conference Repository/Conference Papers/2017/8281382/8281383","08281393.pdf","10.5594/M001761","10.5594-M001761","orig-research","Blockchain & the Hollywood Supply Chain"
"Conference Paper","2017","Conference Repository/Conference Papers/2017/8281382/8281383","08281394.pdf","10.5594/M001762","10.5594-M001762","orig-research","Notice of Removal: Shoring up Your Dam in the Cloud"
"Conference Paper","2017","Conference Repository/Conference Papers/2017/8281382/8281383","08281395.pdf","10.5594/M001763","10.5594-M001763","orig-research","Notice of Removal: Stream Privacy for ABR TV and OTT Services"
"Conference Paper","2017","Conference Repository/Conference Papers/2017/8281382/8281383","08281396.pdf","10.5594/M001764","10.5594-M001764","orig-research","Parameters Affecting the Performance of 12G Digital Patching Systems"
"Conference Paper","2017","Conference Repository/Conference Papers/2017/8281382/8281383","08281397.pdf","10.5594/M001765","10.5594-M001765","orig-research","Programmable Data Plane for Professional Media Networking"
"Conference Paper","2017","Conference Repository/Conference Papers/2017/8281382/8281383","08281398.pdf","10.5594/M001766","10.5594-M001766","orig-research","Notice of Removal: Applying an agile approach to next generation Media Management"
"Conference Paper","2017","Conference Repository/Conference Papers/2017/8281382/8281383","08281399.pdf","10.5594/M001767","10.5594-M001767","orig-research","IMF End-to-End Workflows in Media Asset Management Systems"
"Conference Paper","2017","Conference Repository/Conference Papers/2017/8281382/8281383","08281400.pdf","10.5594/M001768","10.5594-M001768","orig-research","Leveraging Hybrid Cloud Workflows in Media and Entertainment"
"Conference Paper","2017","Conference Repository/Conference Papers/2017/8281382/8281383","08281401.pdf","10.5594/M001769","10.5594-M001769","orig-research","An Internet of Things Architecture for Cloud-fit Professional Media Workflow"
"Conference Paper","2017","Conference Repository/Conference Papers/2017/8281382/8281383","08281402.pdf","10.5594/M001770","10.5594-M001770","orig-research","Cloud Transition Patterns for Media Enterprises"
"Conference Paper","2017","Conference Repository/Conference Papers/2017/8281382/8281383","08281403.pdf","10.5594/M001771","10.5594-M001771","orig-research","Moving to the Cloud: Current Risks & Rewards: An analysis of the state of the art for cloud-based production pipelines"
"Conference Paper","2017","Conference Repository/Conference Papers/2017/8281382/8281383","08281404.pdf","10.5594/M001772","10.5594-M001772","orig-research","A Formal Approach to Change Management (CM) for Dynamic Technology-driven Media Organizations"
"Conference Paper","2017","Conference Repository/Conference Papers/2017/8281382/8281383","08281405.pdf","10.5594/M001773","10.5594-M001773","orig-research","Why Diversity Programs Fail – And How to Fix Them"
"Conference Paper","2017","Conference Repository/Conference Papers/2017/8281382/8281383","08281406.pdf","10.5594/M001774","10.5594-M001774","orig-research","Begin with the End in Mind: A Unified End-to-End Quality-of-Experience Monitoring, Optimization and Management Framework"
"Conference Paper","2017","Conference Repository/Conference Papers/2017/8281382/8281383","08281407.pdf","10.5594/M001775","10.5594-M001775","orig-research","Notice of Removal: Towards Scalable Automated Analysis of Digital Video Assets for Content Quality Control Applications"
"Conference Paper","2017","Conference Repository/Conference Papers/2017/8281382/8281383","08281408.pdf","10.5594/M001776","10.5594-M001776","orig-research","Notice of Removal: Zen and the Art of Media in Motion: The many aspects of quality in the media supply chain"
"Conference Paper","2017","Conference Repository/Conference Papers/2017/8281382/8281383","08281409.pdf","10.5594/M001777","10.5594-M001777","orig-research","Access Services for UHDTV: an Initial Investigation of W3C TTML2 Subtitles (Closed-Captions)"
"Conference Paper","2017","Conference Repository/Conference Papers/2017/8281382/8281383","08281410.pdf","10.5594/M001778","10.5594-M001778","orig-research","Beyond 4K: Can We Actually Tell Stories In Motion Pictures And Television In 8K?"
"Conference Paper","2017","Conference Repository/Conference Papers/2017/8281382/8281383","08281411.pdf","10.5594/M001779","10.5594-M001779","orig-research","Implementation of Closed Captioning System for Terrestrial UHD based on ATSC 3.0"
"Conference Paper","2017","Conference Repository/Conference Papers/2017/8281382/8281383","08281412.pdf","10.5594/M001780","10.5594-M001780","orig-research","An 8K full-resolution 60-Hz/120-Hz multi-format portable camera system"
"Conference Paper","2017","Conference Repository/Conference Papers/2017/8281382/8281383","08281413.pdf","10.5594/M001781","10.5594-M001781","orig-research","Choosing Encoding Parameters for High-Dynamic Range Streaming"
"Conference Paper","2017","Conference Repository/Conference Papers/2017/8281382/8281383","08281414.pdf","10.5594/M001782","10.5594-M001782","orig-research","Content Production Technology on Hybrid Log-Gamma"
"Conference Paper","2017","Conference Repository/Conference Papers/2017/8281382/8281383","08281415.pdf","10.5594/M001783","10.5594-M001783","orig-research","Non-iterative Content-Adaptive Distributed Encoding Through ML Techniques"
"Conference Paper","2017","Conference Repository/Conference Papers/2017/8281382/8281383","08281416.pdf","10.5594/M001784","10.5594-M001784","orig-research","QBR Metadata To Improve Streaming Efficiency and Quality"
"Conference Paper","2017","Conference Repository/Conference Papers/2017/8281382/8281383","08281417.pdf","10.5594/M001785","10.5594-M001785","orig-research","8K-TICO Codec for Miniaturized and Simplified UHDTV Production Systems"
"Conference Paper","2017","Conference Repository/Conference Papers/2017/8281382/8281383","08281418.pdf","10.5594/M001786","10.5594-M001786","orig-research","Notice of Removal: JPEG-XS - A high quality mezzanine image codec for video over IP"
"Conference Paper","2017","Conference Repository/Conference Papers/2017/8281382/8281383","08281419.pdf","10.5594/M001787","10.5594-M001787","orig-research","Next-Generation Video Compression Techniques"
"Conference Paper","2017","Conference Repository/Conference Papers/2017/8281382/8281383","08281420.pdf","10.5594/M001788","10.5594-M001788","orig-research","Projector Contrast Performance in a Cinema Environment"
"Conference Paper","2017","Conference Repository/Conference Papers/2017/8281382/8281383","08281421.pdf","10.5594/M001789","10.5594-M001789","orig-research","Variable Frame Rate Display for Cinematic Presentations"
"Conference Paper","2017","Conference Repository/Conference Papers/2017/8281382/8281383","08281422.pdf","10.5594/M001790","10.5594-M001790","orig-research","VR Theater, a Virtual Reality based Multi-Screen Movie Theater Simulator for Verifying Multi-Screen Content and Environment"
"Conference Paper","2017","Conference Repository/Conference Papers/2017/8281382/8281383","08281423.pdf","10.5594/M001791","10.5594-M001791","orig-research","Automating Digital Asset Production with SCTE Messages"
"Conference Paper","2017","Conference Repository/Conference Papers/2017/8281382/8281383","08281424.pdf","10.5594/M001792","10.5594-M001792","orig-research","Notice of Removal: IMPlementation: IMF in Practice"
"Conference Paper","2017","Conference Repository/Conference Papers/2017/8281382/8281383","08281425.pdf","10.5594/M001793","10.5594-M001793","orig-research","Microservices: Building blocks to new workflows and virtualization"
"Conference Paper","2017","Conference Repository/Conference Papers/2017/8281382/8281383","08281426.pdf","10.5594/M001794","10.5594-M001794","orig-research","How Artificial Intelligence and Machine Learning Will Change Content Creation Methodologies"
"Conference Paper","2017","Conference Repository/Conference Papers/2017/8281382/8281383","08281427.pdf","10.5594/M001795","10.5594-M001795","orig-research","Real-Time Measurement of Ultra-High Definition Camera Modulation Transfer Function"
"Conference Paper","2017","Conference Repository/Conference Papers/2017/8281382/8281383","08281428.pdf","10.5594/M001796","10.5594-M001796","orig-research","Building a Cognitive Data Management Strategy (And Why Doing So is Suddenly So Important)"
"Conference Paper","2017","Conference Repository/Conference Papers/2017/8281382/8281383","08281429.pdf","10.5594/M001797","10.5594-M001797","orig-research","Exploring Image Corruption in the Workflow, and how to Stop this from Happening"
"Conference Paper","2017","Conference Repository/Conference Papers/2017/8281382/8281383","08281430.pdf","10.5594/M001798","10.5594-M001798","orig-research","NABA DPP: Specifications, Standards, and Content Delivery"
"Conference Paper","2017","Conference Repository/Conference Papers/2017/8281382/8281383","08281431.pdf","10.5594/M001799","10.5594-M001799","orig-research","An Open, Standards Based Framework for Audio Metadata Transport in Live Content Workflows"
"Conference Paper","2017","Conference Repository/Conference Papers/2017/8281382/8281383","08281432.pdf","10.5594/M001800","10.5594-M001800","orig-research","Metadata based audio production for Next Generation Audio formats"
"Conference Paper","2017","Conference Repository/Conference Papers/2017/8281382/8281383","08281433.pdf","10.5594/M001801","10.5594-M001801","orig-research","Assessing Psychophysics Functions for Frame Rate Perception"
"Conference Paper","2017","Conference Repository/Conference Papers/2017/8281382/8281383","08281434.pdf","10.5594/M001802","10.5594-M001802","orig-research","Hitting the Mark - A New Color Difference Metric for HDR and WCG Imagery"
"Conference Paper","2017","Conference Repository/Conference Papers/2017/8281382/8281383","08281435.pdf","10.5594/M001803","10.5594-M001803","orig-research","Is seeing still believing: a critical review of the factors that allow humans and machines to discriminate between real and generated images in the context of News & Factual content"
"Conference Paper","2017","Conference Repository/Conference Papers/2017/8281382/8281383","08281436.pdf","10.5594/M001804","10.5594-M001804","orig-research","Closed Captioning and Subtitling for Social Media"
"Conference Paper","2017","Conference Repository/Conference Papers/2017/8281382/8281383","08281437.pdf","10.5594/M001805","10.5594-M001805","orig-research","Out of Band SCTE 35"
"Conference Paper","2017","Conference Repository/Conference Papers/2017/8281382/8281383","08281438.pdf","10.5594/M001806","10.5594-M001806","orig-research","Automatic, Fast and Perceptually Accurate Gamut Mapping Based on Vision Science Models"
"Conference Paper","2017","Conference Repository/Conference Papers/2017/8281382/8281383","08281439.pdf","10.5594/M001807","10.5594-M001807","orig-research","Color-matching Shots from Different Cameras Having Unknown Gamma or Logarithmic Encoding Curves"
"Conference Paper","2017","Conference Repository/Conference Papers/2017/8281382/8281383","08281440.pdf","10.5594/M001808","10.5594-M001808","orig-research","Core Color Rendering Algorithms For High Dynamic Range Display"
"Conference Paper","2018","Conference Repository/Conference Papers/2018/8609866/8609867","08609868.pdf","10.5594/M001809","10.5594-M001809","orig-research","Black Level Visibility as a Function of Ambient Illumination"
"Conference Paper","2018","Conference Repository/Conference Papers/2018/8609866/8609867","08609869.pdf","10.5594/M001810","10.5594-M001810","orig-research","Influence of Ambient Chromaticity on Portable Display Color Appearance"
"Conference Paper","2018","Conference Repository/Conference Papers/2018/8609866/8609867","08609870.pdf","10.5594/M001811","10.5594-M001811","orig-research","New Standards for Immersive Storytelling through Light Field Displays"
"Conference Paper","2018","Conference Repository/Conference Papers/2018/8609866/8609867","08609871.pdf","10.5594/M001812","10.5594-M001812","orig-research","The Automated AI Workflow is here… If you know where to look"
"Conference Paper","2018","Conference Repository/Conference Papers/2018/8609866/8609867","08609872.pdf","10.5594/M001813","10.5594-M001813","orig-research","Artificial Intelligence For Media Operations Why AI algorithms will become a must for every network management system"
"Conference Paper","2018","Conference Repository/Conference Papers/2018/8609866/8609867","08609873.pdf","10.5594/M001814","10.5594-M001814","orig-research","Automating Metadata Logging through Artificial Intelligence"
"Conference Paper","2018","Conference Repository/Conference Papers/2018/8609866/8609867","08609874.pdf","10.5594/M001815","10.5594-M001815","orig-research","Maximizing content with cloud, virtualization and AI"
"Conference Paper","2018","Conference Repository/Conference Papers/2018/8609866/8609867","08609875.pdf","10.5594/M001816","10.5594-M001816","orig-research","Artificial Intelligence for the automation of robotic cameras in live sports"
"Conference Paper","2018","Conference Repository/Conference Papers/2018/8609866/8609867","08609876.pdf","10.5594/M001817","10.5594-M001817","orig-research","Exploring Creative Frontiers of AI for M&E Production and Distribution"
"Conference Paper","2018","Conference Repository/Conference Papers/2018/8609866/8609867","08609877.pdf","10.5594/M001818","10.5594-M001818","orig-research","Beyond Better Pixels: How HDR Perceptually and Emotionally Effects Storytelling"
"Conference Paper","2018","Conference Repository/Conference Papers/2018/8609866/8609867","08610018.pdf","10.5594/M001819","10.5594-M001819","orig-research","Using High Dynamic Range Home Master Statistics to Predict Dynamic Range Requirement for Cinema"
"Conference Paper","2018","Conference Repository/Conference Papers/2018/8609866/8609867","08610019.pdf","10.5594/M001820","10.5594-M001820","orig-research","What are the “killer apps” for HDR? Analysis of SDR assets to predict the potential of HDR"
"Conference Paper","2018","Conference Repository/Conference Papers/2018/8609866/8609867","08610020.pdf","10.5594/M001821","10.5594-M001821","orig-research","A survey on 3D-LUT performance in 10-bit and 12-bit HDR BT.2100 PQ"
"Conference Paper","2018","Conference Repository/Conference Papers/2018/8609866/8609867","08610021.pdf","10.5594/M001822","10.5594-M001822","orig-research","Scene-light conversions: the key to enabling live HDR production"
"Conference Paper","2018","Conference Repository/Conference Papers/2018/8609866/8609867","08610022.pdf","10.5594/M001823","10.5594-M001823","orig-research","Variable Frame Rate Technology — Change Is Good!"
"Conference Paper","2018","Conference Repository/Conference Papers/2018/8609866/8609867","08610023.pdf","10.5594/M001824","10.5594-M001824","orig-research","An Assessment of Reference Levels in HDR Content"
"Conference Paper","2018","Conference Repository/Conference Papers/2018/8609866/8609867","08610024.pdf","10.5594/M001825","10.5594-M001825","orig-research","Development of Full-featured 8K Recorder"
"Conference Paper","2018","Conference Repository/Conference Papers/2018/8609866/8609867","08610025.pdf","10.5594/M001826","10.5594-M001826","orig-research","Editing in the Cloud"
"Conference Paper","2018","Conference Repository/Conference Papers/2018/8609866/8609867","08610026.pdf","10.5594/M001827","10.5594-M001827","orig-research","The Broadcast Transition to IP: Virtualization, The Cloud, The Edge and Application Programming Interfaces (APIs)"
"Conference Paper","2018","Conference Repository/Conference Papers/2018/8609866/8609867","08610027.pdf","10.5594/M001828","10.5594-M001828","orig-research","A Location-free Commentary Adding System for Live Streaming Using a Cloud Infrastructure"
"Conference Paper","2018","Conference Repository/Conference Papers/2018/8609866/8609867","08610028.pdf","10.5594/M001829","10.5594-M001829","orig-research","Massively Parallel Open Source Encoding for Adaptive Streaming"
"Conference Paper","2018","Conference Repository/Conference Papers/2018/8609866/8609867","08610029.pdf","10.5594/M001830","10.5594-M001830","orig-research","MPEG-I Future Directions"
"Conference Paper","2018","Conference Repository/Conference Papers/2018/8609866/8609867","08610030.pdf","10.5594/M001831","10.5594-M001831","orig-research","A Threat Analysis of Virtual Reality for the Media Industry"
"Conference Paper","2018","Conference Repository/Conference Papers/2018/8609866/8609867","08610031.pdf","10.5594/M001832","10.5594-M001832","orig-research","Automated Distribution Workflows Based on IMF Metadata"
"Conference Paper","2018","Conference Repository/Conference Papers/2018/8609866/8609867","08610032.pdf","10.5594/M001833","10.5594-M001833","orig-research","Good Things Come In Small Packages Microservices For Media"
"Conference Paper","2018","Conference Repository/Conference Papers/2018/8609866/8609867","08610033.pdf","10.5594/M001834","10.5594-M001834","orig-research","Robust, Repeatable and Interoperable Workflows through IMF Output Profile Lists"
"Conference Paper","2018","Conference Repository/Conference Papers/2018/8609866/8609867","08610034.pdf","10.5594/M001835","10.5594-M001835","orig-research","In-camera, Photorealistic Style Transfer for On-set Automatic Grading"
"Conference Paper","2018","Conference Repository/Conference Papers/2018/8609866/8609867","08610035.pdf","10.5594/M001836","10.5594-M001836","orig-research","Creative Grading - Or why a new way of broadcast camera control is needed"
"Conference Paper","2018","Conference Repository/Conference Papers/2018/8609866/8609867","08610036.pdf","10.5594/M001837","10.5594-M001837","orig-research","Visual perceptual entropy measure"
"Conference Paper","2018","Conference Repository/Conference Papers/2018/8609866/8609867","08610037.pdf","10.5594/M001838","10.5594-M001838","orig-research","Quantitative Evaluation and Attribute of Overall Brightness in a High Dynamic Range World"
"Conference Paper","2018","Conference Repository/Conference Papers/2018/8609866/8609867","08610038.pdf","10.5594/M001839","10.5594-M001839","orig-research","The Corporate Integrity Implosion: Strategies for Technology, Media & Entertainment Organizations"
"Conference Paper","2018","Conference Repository/Conference Papers/2018/8609866/8609867","08610039.pdf","10.5594/M001840","10.5594-M001840","orig-research","Where are the Women? The importance of visibility in achieving inclusivity"
"Conference Paper","2018","Conference Repository/Conference Papers/2018/8609866/8609867","08610040.pdf","10.5594/M001841","10.5594-M001841","orig-research","Bridging the Gap Between Software and SMPTE ST 2110"
"Conference Paper","2018","Conference Repository/Conference Papers/2018/8609866/8609867","08610041.pdf","10.5594/M001842","10.5594-M001842","orig-research","Scalability and Performance of the AMWA IS-04 and IS-05 NMOS Specifications for Networked Media"
"Conference Paper","2018","Conference Repository/Conference Papers/2018/8609866/8609867","08610042.pdf","10.5594/M001843","10.5594-M001843","orig-research","Implementation of 8K vision mixer that transports 8K image as multiple 2K SMPTE ST 2110-20 flows"
"Conference Paper","2018","Conference Repository/Conference Papers/2018/8609866/8609867","08610043.pdf","10.5594/M001844","10.5594-M001844","orig-research","Non-blocking Multicast Networks for Transporting Stream Media"
"Conference Paper","2018","Conference Repository/Conference Papers/2018/8609866/8609867","08610044.pdf","10.5594/M001845","10.5594-M001845","orig-research","Analysis of User Exploration Patterns during Scene Cuts in Omnidirectional Videos"
"Conference Paper","2018","Conference Repository/Conference Papers/2018/8609866/8609867","08610045.pdf","10.5594/M001846","10.5594-M001846","orig-research","Immersive media experiences - what do we need to move forward?"
"Conference Paper","2018","Conference Repository/Conference Papers/2018/8609866/8609867","08610046.pdf","10.5594/M001847","10.5594-M001847","orig-research","A Subjective Comparison of Broadcast and Unicast Transmission Impairments"
"Conference Paper","2018","Conference Repository/Conference Papers/2018/8609866/8609867","08610047.pdf","10.5594/M001848","10.5594-M001848","orig-research","Stopping Geolocation Fraud Via “Rented” Residential IPs at the CDN Level to Protect Territorial Content Rights"
"Conference Paper","2018","Conference Repository/Conference Papers/2018/8609866/8609867","08610048.pdf","10.5594/M001849","10.5594-M001849","orig-research","European Athletics Championships: Lessons from a Live, HDR, HFR, UHD and Next-Generation Audio sports event"
"Conference Paper","2018","Conference Repository/Conference Papers/2018/8609866/8609867","08610049.pdf","10.5594/M001850","10.5594-M001850","orig-research","CASE STUDY - UHD introduction at the Canadian Broadcasting Corporation"
"Conference Paper","2018","Conference Repository/Conference Papers/2018/8609866/8609867","08610050.pdf","10.5594/M001851","10.5594-M001851","orig-research","9 Years of Media and Entertainment Digital Storage Surveys"
"Conference Paper","2018","Conference Repository/Conference Papers/2018/8609866/8609867","08610051.pdf","10.5594/M001852","10.5594-M001852","orig-research","Implementing Hyperscale and HPC Techniques and Technologies Necessary to Modern Media and Broadcast Workflows"
"Conference Paper","2018","Conference Repository/Conference Papers/2018/8609866/8609867","08610052.pdf","10.5594/M001853","10.5594-M001853","orig-research","Direct View LED in the Cinema: Architectural and Engineering Considerations"
"Conference Paper","2018","Conference Repository/Conference Papers/2018/8609866/8609867","08610053.pdf","10.5594/M001854","10.5594-M001854","orig-research","SOUND AND FURY: BRINGING DOLBY ATMOS TO THE NHRA"
"Conference Paper","2018","Conference Repository/Conference Papers/2018/8609866/8609867","08610054.pdf","10.5594/M001855","10.5594-M001855","orig-research","Beyond SMPTE Time Code — the TLX Project"
"Conference Paper","2018","Conference Repository/Conference Papers/2018/8609866/8609867","08610055.pdf","10.5594/M001856","10.5594-M001856","orig-research","Broadcast Channel Origination as a Service: from Concept to Operational Implementation"
"Conference Paper","2018","Conference Repository/Conference Papers/2018/8609866/8609867","08610056.pdf","10.5594/M001857","10.5594-M001857","orig-research","Blockchain application in Media and Entertainment"
"Conference Paper","2018","Conference Repository/Conference Papers/2018/8609866/8609867","08610057.pdf","10.5594/M001858","10.5594-M001858","orig-research","The De-centralized Rights Locker"
"Conference Paper","2018","Conference Repository/Conference Papers/2018/8609866/8609867","08610058.pdf","10.5594/M001859","10.5594-M001859","orig-research","Is Blockchain and Distributed Compute and Store Right for Post Production?"
"Conference Paper","2019","Conference Repository/Conference Papers/2019/8977456/8977457","08977458.pdf","10.5594/M001863","10.5594-M001863","orig-research","8K Camera Recorder using Organic CMOS Image Sensor"
"Conference Paper","2019","Conference Repository/Conference Papers/2019/8977456/8977457","08977459.pdf","10.5594/M001864","10.5594-M001864","orig-research","1.25-inch 3-CMOS Multi-Functional High-Speed 8K Camera System"
"Conference Paper","2019","Conference Repository/Conference Papers/2019/8977456/8977457","08977460.pdf","10.5594/M001865","10.5594-M001865","orig-research","Development of new 4K/8K UHDTV satellite broadcasting system in Japan"
"Conference Paper","2019","Conference Repository/Conference Papers/2019/8977456/8977457","08977461.pdf","10.5594/M001866","10.5594-M001866","orig-research","Integrating Machine Learning Based Operators in Visual Effects Toolsets"
"Conference Paper","2019","Conference Repository/Conference Papers/2019/8977456/8977457","08977462.pdf","10.5594/M001867","10.5594-M001867","orig-research","Rotoscope Automation with Deep Learning"
"Conference Paper","2019","Conference Repository/Conference Papers/2019/8977456/8977457","08977463.pdf","10.5594/M001868","10.5594-M001868","orig-research","How AI Technology is Dramatically Improving Video Compression for Broadcast and OTT Content Delivery"
"Conference Paper","2019","Conference Repository/Conference Papers/2019/8977456/8977457","08977464.pdf","10.5594/M001869","10.5594-M001869","orig-research","How Will We Archive And Preserve The Movies Of Tomorrow?"
"Conference Paper","2019","Conference Repository/Conference Papers/2019/8977456/8977457","08977465.pdf","10.5594/M001870","10.5594-M001870","orig-research","Brightness in Cinema: When is it too bright?"
"Conference Paper","2019","Conference Repository/Conference Papers/2019/8977456/8977457","08977466.pdf","10.5594/M001871","10.5594-M001871","orig-research","Uniformity Measurement for French Cinema"
"Conference Paper","2019","Conference Repository/Conference Papers/2019/8977456/8977457","08977467.pdf","10.5594/M001872","10.5594-M001872","orig-research","Using Infrastructure-As-Code and the Public Cloud to Power On-air Media Creation Platforms"
"Conference Paper","2019","Conference Repository/Conference Papers/2019/8977456/8977457","08977588.pdf","10.5594/M001873","10.5594-M001873","orig-research","Cloud Technology Drives Superior Video Encoding"
"Conference Paper","2019","Conference Repository/Conference Papers/2019/8977456/8977457","08977589.pdf","10.5594/M001874","10.5594-M001874","orig-research","Live Cloud Ingest Using Open Alternatives RIST & SRT"
"Conference Paper","2019","Conference Repository/Conference Papers/2019/8977456/8977457","08977590.pdf","10.5594/M001875","10.5594-M001875","orig-research","Creating Bandwidth-Efficient Workflows with JPEG XS and ST 2110"
"Conference Paper","2019","Conference Repository/Conference Papers/2019/8977456/8977457","08977591.pdf","10.5594/M001876","10.5594-M001876","orig-research","Speed-Distortion Optimization: Tradeoffs in Open-Source HEVC Encoding"
"Conference Paper","2019","Conference Repository/Conference Papers/2019/8977456/8977457","08977592.pdf","10.5594/M001877","10.5594-M001877","orig-research","MPEG-5 EVC"
"Conference Paper","2019","Conference Repository/Conference Papers/2019/8977456/8977457","08977593.pdf","10.5594/M001878","10.5594-M001878","orig-research","Color Errors, Metamerism and Color Ellipses"
"Conference Paper","2019","Conference Repository/Conference Papers/2019/8977456/8977457","08977594.pdf","10.5594/M001879","10.5594-M001879","orig-research","ΔEITP is now ITU-R BT.2124-is the industry ready to move on from ΔE2000?"
"Conference Paper","2019","Conference Repository/Conference Papers/2019/8977456/8977457","08977595.pdf","10.5594/M001880","10.5594-M001880","orig-research","Auxiliary Image Sequences in IMF"
"Conference Paper","2019","Conference Repository/Conference Papers/2019/8977456/8977457","08977596.pdf","10.5594/M001881","10.5594-M001881","orig-research","Engagement with the Next-Gen: SMPTE's Role in K-12, Higher Education, and Other Institutions"
"Conference Paper","2019","Conference Repository/Conference Papers/2019/8977456/8977457","08977597.pdf","10.5594/M001882","10.5594-M001882","orig-research","HDR and WCG Image Quality Assessment Using Color Difference Metrics"
"Conference Paper","2019","Conference Repository/Conference Papers/2019/8977456/8977457","08977598.pdf","10.5594/M001883","10.5594-M001883","orig-research","An Investigation of Creative Power and the Value Wide Color Gamut Brings to Motion Picture Mastering"
"Conference Paper","2019","Conference Repository/Conference Papers/2019/8977456/8977457","08977599.pdf","10.5594/M001884","10.5594-M001884","orig-research","Film Grain and Film Scanner Noise in HDR Video"
"Conference Paper","2019","Conference Repository/Conference Papers/2019/8977456/8977457","08977600.pdf","10.5594/M001885","10.5594-M001885","orig-research","Strategies for Securing ST 2059-2 PTP Networks"
"Conference Paper","2019","Conference Repository/Conference Papers/2019/8977456/8977457","08977601.pdf","10.5594/M001886","10.5594-M001886","orig-research","Large Scale Deployment of SMPTE 2110: The IP Live Production Facility"
"Conference Paper","2020","Conference Repository/Conference Papers/2020/9490948/9490949","09490950.pdf","10.5594/M001901","10.5594-M001901","orig-research","UHD (2160 / HDR) and HD (1080 / BT.709) Simultaneous Workflows at the CBC"
"Conference Paper","2020","Conference Repository/Conference Papers/2020/9490948/9490949","09490951.pdf","10.5594/M001902","10.5594-M001902","orig-research","UHD Production Codecs - the agony of choice"
"Conference Paper","2020","Conference Repository/Conference Papers/2020/9490948/9490949","09490952.pdf","10.5594/M001903","10.5594-M001903","orig-research","The Color Compass: A Color Navigation System in a Dynamic Deliverable World"
"Conference Paper","2020","Conference Repository/Conference Papers/2020/9490948/9490949","09490953.pdf","10.5594/M001904","10.5594-M001904","orig-research","JPEG-XS Codec Adapted to 8K and ST 2110"
"Conference Paper","2020","Conference Repository/Conference Papers/2020/9490948/9490949","09490954.pdf","10.5594/M001905","10.5594-M001905","orig-research","A 2/3″ 9.5 Mpixel CMOS Imager with High Frame Rate and HDR Capabilities"
"Conference Paper","2020","Conference Repository/Conference Papers/2020/9490948/9490949","09490955.pdf","10.5594/M001906","10.5594-M001906","orig-research","High Throughput JPEG 2000 for Broadcast and IP-based Applications"
"Conference Paper","2020","Conference Repository/Conference Papers/2020/9490948/9490949","09490956.pdf","10.5594/M001907","10.5594-M001907","orig-research","New Technologies that Further Empower Digital Cinematography"
"Conference Paper","2020","Conference Repository/Conference Papers/2020/9490948/9490949","09490957.pdf","10.5594/M001908","10.5594-M001908","orig-research","High Density Encoding for ARRIRAW Image files"
"Conference Paper","2020","Conference Repository/Conference Papers/2020/9490948/9490949","09490958.pdf","10.5594/M001909","10.5594-M001909","orig-research","Achieving Cinematic Motion with High Dynamic Range"
"Conference Paper","2020","Conference Repository/Conference Papers/2020/9490948/9490949","09490959.pdf","10.5594/M001910","10.5594-M001910","orig-research","Live VR end-to-end workflows: real-life deployments and advances in VR and network technology"
"Conference Paper","2020","Conference Repository/Conference Papers/2020/9490948/9490949","09490960.pdf","10.5594/M001911","10.5594-M001911","orig-research","Virtual Tour of Flanders"
"Conference Paper","2020","Conference Repository/Conference Papers/2020/9490948/9490949","09490961.pdf","10.5594/M001912","10.5594-M001912","orig-research","How to ensure a good depth perception on a light field display"
"Conference Paper","2020","Conference Repository/Conference Papers/2020/9490948/9490949","09490962.pdf","10.5594/M001913","10.5594-M001913","orig-research","V-PCC: performance evaluation of the first MPEG Point Cloud Codec"
"Conference Paper","2020","Conference Repository/Conference Papers/2020/9490948/9490949","09490963.pdf","10.5594/M001914","10.5594-M001914","orig-research","Deep Learning Approach to Predicting the Success of Content"
"Conference Paper","2020","Conference Repository/Conference Papers/2020/9490948/9490949","09490964.pdf","10.5594/M001915","10.5594-M001915","orig-research","“AI News Anchor” with Deep Learning-based Speech Synthesis"
"Conference Paper","2020","Conference Repository/Conference Papers/2020/9490948/9490949","09490965.pdf","10.5594/M001916","10.5594-M001916","orig-research","Performance Comparison of Emerging EVC and VVC Video Coding Standards with HEVC and AV1"
"Conference Paper","2020","Conference Repository/Conference Papers/2020/9490948/9490949","09490966.pdf","10.5594/M001917","10.5594-M001917","orig-research","Monitoring and Analysis of SMPTE ST 2059-2 PTP Networks & Media Devices"
"Conference Paper","2020","Conference Repository/Conference Papers/2020/9490948/9490949","09490967.pdf","10.5594/M001918","10.5594-M001918","orig-research","Automated Deployment of CBC/Radio-Canada's Media-over-IP Data Center"
"Conference Paper","2020","Conference Repository/Conference Papers/2020/9490948/9490949","09490968.pdf","10.5594/M001919","10.5594-M001919","orig-research","Identify, analyze and report networking issues in streaming services"
"Conference Paper","2020","Conference Repository/Conference Papers/2020/9490948/9490949","09490969.pdf","10.5594/M001920","10.5594-M001920","orig-research","NMOS - The Interoperable Control System for an IP world"
"Conference Paper","2020","Conference Repository/Conference Papers/2020/9490948/9490949","09490970.pdf","10.5594/M001921","10.5594-M001921","orig-research","A Color-Volume Mapping System for Perception-Accurate Reproduction of HDR Imagery in SDR production workflows"
"Conference Paper","2020","Conference Repository/Conference Papers/2020/9490948/9490949","09490971.pdf","10.5594/M001922","10.5594-M001922","orig-research","A Model for Very Wide Gamut HDR Displays that Accounts for the H-K Effect"
"Conference Paper","2020","Conference Repository/Conference Papers/2020/9490948/9490949","09490972.pdf","10.5594/M001923","10.5594-M001923","orig-research","Physiologically Personalized Color Management for Motion Picture Workflows"
"Conference Paper","2020","Conference Repository/Conference Papers/2020/9490948/9490949","09490973.pdf","10.5594/M001924","10.5594-M001924","orig-research","Perceptually Dithered HDR for 8bit Interfaces"
"Conference Paper","2020","Conference Repository/Conference Papers/2020/9490948/9490949","09490974.pdf","10.5594/M001925","10.5594-M001925","orig-research","A Benchmark of Objective Quality Metrics for HLG-Based HDR/WCG Image Coding"
"Conference Paper","2020","Conference Repository/Conference Papers/2020/9490948/9490949","09490975.pdf","10.5594/M001926","10.5594-M001926","orig-research","Server-side Segment Selection For Low-latency Streaming - S4S"
"Conference Paper","2020","Conference Repository/Conference Papers/2020/9490948/9490949","09490976.pdf","10.5594/M001927","10.5594-M001927","orig-research","Twenty years of Frame Interpolation for Retiming in the Movies"
"Conference Paper","2020","Conference Repository/Conference Papers/2020/9490948/9490949","09490977.pdf","10.5594/M001928","10.5594-M001928","orig-research","Next Generation OTT Distribution Architecture Supporting Multicast-Assisted ABR (mABR) and HTTP/3 over QUIC"
"Conference Paper","2020","Conference Repository/Conference Papers/2020/9490948/9490949","09490978.pdf","10.5594/M001929","10.5594-M001929","orig-research","Immersive Audio: Future-Proof Workflows For The Real World"
"Conference Paper","2020","Conference Repository/Conference Papers/2020/9490948/9490949","09490979.pdf","10.5594/M001930","10.5594-M001930","orig-research","The Challenges of Adapting News Production to the New Reality"
"Conference Paper","2021","Conference Repository/Conference Papers/2021/9779667/9779668","09779669.pdf","10.5594/M001931","10.5594-M001931","orig-research","Proxy Workflows for a Secure Remote Production Future"
"Conference Paper","2021","Conference Repository/Conference Papers/2021/9779667/9779668","09779670.pdf","10.5594/M001932","10.5594-M001932","orig-research","Multicam Live Production in a Virtual Environment"
"Conference Paper","2021","Conference Repository/Conference Papers/2021/9779667/9779668","09779671.pdf","10.5594/M001933","10.5594-M001933","orig-research","Toward Generalized Psychovisual Preprocessing for Video Encoding"
"Conference Paper","2021","Conference Repository/Conference Papers/2021/9779667/9779668","09779672.pdf","10.5594/M001934","10.5594-M001934","orig-research","ATSC 3.0 as a Use Case for Public Safety Communications"
"Conference Paper","2021","Conference Repository/Conference Papers/2021/9779667/9779668","09779673.pdf","10.5594/M001935","10.5594-M001935","orig-research","Calibrating LED Fixtures and Video Walls to the Camera's Chroma Signal"
"Conference Paper","2021","Conference Repository/Conference Papers/2021/9779667/9779668","09779674.pdf","10.5594/M001936","10.5594-M001936","orig-research","360 8K Viewport-Independent VR"
"Conference Paper","2021","Conference Repository/Conference Papers/2021/9779667/9779668","09780289.pdf","10.5594/M001937","10.5594-M001937","orig-research","Infrastructure as Code at CBC/Radio-Canada's Media-over-IP Data Center"
"Conference Paper","2021","Conference Repository/Conference Papers/2021/9779667/9779668","09780290.pdf","10.5594/M001938","10.5594-M001938","orig-research","5G Media Streaming and 5G Broadcast for Delivery of DASH/HLS Services"
"Conference Paper","2021","Conference Repository/Conference Papers/2021/9779667/9779668","09780291.pdf","10.5594/M001939","10.5594-M001939","orig-research","8K Camera System with Multi-plane Phase-detection Autofocus"
"Conference Paper","2021","Conference Repository/Conference Papers/2021/9779667/9779668","09780292.pdf","10.5594/M001940","10.5594-M001940","orig-research","The Problem with Timecode"
"Conference Paper","2021","Conference Repository/Conference Papers/2021/9779667/9779668","09780293.pdf","10.5594/M001941","10.5594-M001941","orig-research","Live Production System to Handle Video Signals with Various Aspect Ratios"
"Conference Paper","2021","Conference Repository/Conference Papers/2021/9779667/9779668","09780294.pdf","10.5594/M001942","10.5594-M001942","orig-research","Software Defined Ultra-low Latency Video-Over-IP System with Compression"
"Conference Paper","2021","Conference Repository/Conference Papers/2021/9779667/9779668","09780295.pdf","10.5594/M001943","10.5594-M001943","orig-research","Performance of Low-Latency DASH/CMAF and Low-Latency HLS Streaming Systems"
"Conference Paper","2021","Conference Repository/Conference Papers/2021/9779667/9779668","09780316.pdf","10.5594/M001944","10.5594-M001944","orig-research","Exploring Realtime Conversational Virtual Characters"
"Conference Paper","2021","Conference Repository/Conference Papers/2021/9779667/9779668","09780317.pdf","10.5594/M001945","10.5594-M001945","orig-research","Biometric Signals Reveal How Audiences Engage with Stories"
"Conference Paper","2021","Conference Repository/Conference Papers/2021/9779667/9779668","09780318.pdf","10.5594/M001946","10.5594-M001946","orig-research","New Generation 2/3“, 9.5 Mpix CMOS Imager Combines Charge-domain Global Shutter Operation with Exceptional High-speed Capability"
"Conference Paper","2021","Conference Repository/Conference Papers/2021/9779667/9779668","09780319.pdf","10.5594/M001947","10.5594-M001947","orig-research","Digital Print Stock Design: A Framework for the Post-Film Era"
"Conference Paper","2021","Conference Repository/Conference Papers/2021/9779667/9779668","09780320.pdf","10.5594/M001948","10.5594-M001948","orig-research","Tighter NIC/GPU Integration Yields Next Level Media Processing Performance"
"Conference Paper","2021","Conference Repository/Conference Papers/2021/9779667/9779668","09780321.pdf","10.5594/M001949","10.5594-M001949","orig-research","Model-based Predictive Control for Continuous Success Planning in Movie Production"
"Conference Paper","2021","Conference Repository/Conference Papers/2021/9779667/9779668","09780322.pdf","10.5594/M001950","10.5594-M001950","orig-research","Standards & Specifications for Carriage of JPEG XS in RTP for IP Networks"
"Conference Paper","2021","Conference Repository/Conference Papers/2021/9779667/9779668","09780323.pdf","10.5594/M001951","10.5594-M001951","orig-research","Dynamic Seamless Resource Allocation for Live Video Compression on a Kubernetes Cluster"
"Conference Paper","2021","Conference Repository/Conference Papers/2021/9779667/9779668","09780324.pdf","10.5594/M001952","10.5594-M001952","orig-research","Understanding Banding - Perceptual Modelling and Machine Learning Approaches for Banding Detection"
"Conference Paper","2021","Conference Repository/Conference Papers/2021/9779667/9779668","09780325.pdf","10.5594/M001953","10.5594-M001953","orig-research","Hue-Preserving Color Transforms for LED Wall Virtual Production Workflows"
"Conference Paper","2022","Conference Repository/Conference Papers/2022/10012556/10012557","10012558.pdf","10.5594/M001954","10.5594-M001954","orig-research","A Proposal for a Standard to Improve Soundtrack Dynamic Range and Dialog Clarity for Better Enjoyment of Digital Cinema"
"Conference Paper","2022","Conference Repository/Conference Papers/2022/10012556/10012557","10012559.pdf","10.5594/M001955","10.5594-M001955","orig-research","JPEG XS Standard (ISO/IEC 21122) for Lightweight, Low-Latency Image Coding"
"Conference Paper","2022","Conference Repository/Conference Papers/2022/10012556/10012557","10012560.pdf","10.5594/M001956","10.5594-M001956","orig-research","ST2110 & ST2022-6 SDN Orchestration Across a Hybrid Cisco and Arista Media Network: based on a Future-Proof Industry-Standard Digital Transformation Architecture and Agile Operational Concepts"
"Conference Paper","2022","Conference Repository/Conference Papers/2022/10012556/10012557","10012561.pdf","10.5594/M001957","10.5594-M001957","orig-research","Video Compression Using Convolutional Neural Networks of Video with Chroma Subsampling"
"Conference Paper","2022","Conference Repository/Conference Papers/2022/10012556/10012557","10012562.pdf","10.5594/M001958","10.5594-M001958","orig-research","Low-Complexity Quality Measurement for Real-Time Video Compression"
"Conference Paper","2022","Conference Repository/Conference Papers/2022/10012556/10012557","10012563.pdf","10.5594/M001959","10.5594-M001959","orig-research","Case Study: Enabling Open Caching for Last-Mile Delivery"
"Conference Paper","2022","Conference Repository/Conference Papers/2022/10012556/10012557","10012564.pdf","10.5594/M001960","10.5594-M001960","orig-research","Upgrading Performance of Your Streaming Services Using Server Hints"
"Conference Paper","2022","Conference Repository/Conference Papers/2022/10012556/10012557","10012565.pdf","10.5594/M001961","10.5594-M001961","orig-research","Streamlining WebRTC and DASH for Near-Real-Time Media Delivery"
"Conference Paper","2022","Conference Repository/Conference Papers/2022/10012556/10012557","10012566.pdf","10.5594/M001962","10.5594-M001962","orig-research","Media and Entertainment Sustainability on the Cloud"
"Conference Paper","2022","Conference Repository/Conference Papers/2022/10012556/10012557","10012587.pdf","10.5594/M001963","10.5594-M001963","orig-research","Towards Efficient Multi-Codec Streaming"
"Conference Paper","2022","Conference Repository/Conference Papers/2022/10012556/10012557","10012588.pdf","10.5594/M001964","10.5594-M001964","orig-research","The Future of Documentation: Unified System Design"
"Conference Paper","2022","Conference Repository/Conference Papers/2022/10012556/10012557","10012589.pdf","10.5594/M001965","10.5594-M001965","orig-research","Workflow as a Service Delivered by the Dynamic Media Services Architecture"
"Conference Paper","2022","Conference Repository/Conference Papers/2022/10012556/10012557","10012590.pdf","10.5594/M001966","10.5594-M001966","orig-research","Practicalities and Analysis of Using PTP over 5G Systems with Dedicated Time Synchronization Support for Media Production"
"Conference Paper","2022","Conference Repository/Conference Papers/2022/10012556/10012557","10012591.pdf","10.5594/M001967","10.5594-M001967","orig-research","Uncompressed Video in the Public Cloud: Are We There Yet?"
"Conference Paper","2022","Conference Repository/Conference Papers/2022/10012556/10012557","10012592.pdf","10.5594/M001968","10.5594-M001968","orig-research","Amplifying Human Content Expertise with Real-World Machine-Learning Workflows"
"Conference Paper","2022","Conference Repository/Conference Papers/2022/10012556/10012557","10012593.pdf","10.5594/M001969","10.5594-M001969","orig-research","Can ST 2059-2 Benefit from PTP Version 2.1?"
"Conference Paper","2022","Conference Repository/Conference Papers/2022/10012556/10012557","10012594.pdf","10.5594/M001970","10.5594-M001970","orig-research","New Era of ST 2110 Compliance Testing with PICS and RP 2110-25"
"Conference Paper","2022","Conference Repository/Conference Papers/2022/10012556/10012557","10012595.pdf","10.5594/M001971","10.5594-M001971","orig-research","Using ML to Find the Semantic Region of Interest"
"Conference Paper","2022","Conference Repository/Conference Papers/2022/10012556/10012557","10012596.pdf","10.5594/M001972","10.5594-M001972","orig-research","PTP Driven Frame Sync for Multi-GPU Workflows"
"Conference Paper","2022","Conference Repository/Conference Papers/2022/10012556/10012557","10012597.pdf","10.5594/M001973","10.5594-M001973","orig-research","ML-Based Indexing of Media Libraries for Insights and Search"
"Conference Paper","2022","Conference Repository/Conference Papers/2022/10012556/10012557","10012598.pdf","10.5594/M001974","10.5594-M001974","orig-research","HDR Production - Tone Mapping Techniques and Round-Trip Conversion Performance for Mastering with SDR and HDR Sources"
"Conference Paper","2022","Conference Repository/Conference Papers/2022/10012556/10012557","10012599.pdf","10.5594/M001975","10.5594-M001975","orig-research","Final Sample: Mitigating Acoustical Reflection & Unwanted Noise, Guarding On-Set Virtual Production Dialog"
"Conference Paper","2022","Conference Repository/Conference Papers/2022/10012556/10012557","10012600.pdf","10.5594/M001976","10.5594-M001976","orig-research","Measurement of Luminance Reproduction Accuracy of Displays for Complex Imagery"
"Conference Paper","2022","Conference Repository/Conference Papers/2022/10012556/10012557","10012601.pdf","10.5594/M001977","10.5594-M001977","orig-research","Understanding Color Memory: A Study of Skin Tone Perception in Hue, Intensity, and Chroma"
"Conference Paper","2022","Conference Repository/Conference Papers/2022/10012556/10012557","10012602.pdf","10.5594/M001978","10.5594-M001978","orig-research","Content Personalization; a Future Vision"
"Conference Paper","2022","Conference Repository/Conference Papers/2022/10012556/10012557","10012603.pdf","10.5594/M001979","10.5594-M001979","orig-research","Program-Production System Consisting of Multiple NMOS-Compliant Systems"
"Conference Paper","2022","Conference Repository/Conference Papers/2022/10012556/10012557","10012604.pdf","10.5594/M001980","10.5594-M001980","orig-research","Solving the Challenge of Volumetric Video Production and Streaming: An End-to-end Perspective of Technologies and Device Ecosystem Capabilities and Performance"
"Conference Paper","2022","Conference Repository/Conference Papers/2022/10012556/10012557","10012605.pdf","10.5594/M001981","10.5594-M001981","orig-research","Media Gateways in Hybrid Wired and Wireless Media Production"
"Conference Paper","2022","Conference Repository/Conference Papers/2022/10012556/10012557","10012606.pdf","10.5594/M001982","10.5594-M001982","orig-research","CMG 8K UHD IP Signal Routing and Transmission at the 2022 Beijing Winter Olympics"
"Conference Paper","2022","Conference Repository/Conference Papers/2022/10012556/10012557","10012607.pdf","10.5594/M001983","10.5594-M001983","orig-research","Possible Solutions for the Vendor Lock-in Control Protocol in IP-based Production Systems"
"Conference Paper","2022","Conference Repository/Conference Papers/2022/10012556/10012557","10012608.pdf","10.5594/M001984","10.5594-M001984","orig-research","An Edge Processing Platform for Media Production"
"Conference Paper","2022","Conference Repository/Conference Papers/2022/10012556/10012557","10012609.pdf","10.5594/M001985","10.5594-M001985","orig-research","How Do We Make Media in the Cloud as Easy as on Prem?"
"Conference Paper","2022","Conference Repository/Conference Papers/2022/10012556/10012557","10012610.pdf","10.5594/M001986","10.5594-M001986","orig-research","Secure Collaboration in a Low-Trust Environment: Immutable Chain of Custody"
"Conference Paper","2022","Conference Repository/Conference Papers/2022/10012556/10012557","10012611.pdf","10.5594/M001987","10.5594-M001987","orig-research","Why Holographic 3D Light field Displays are Impossible, and How to Build One Anyway"
"Conference Paper","2022","Conference Repository/Conference Papers/2022/10012556/10012557","10012612.pdf","10.5594/M001988","10.5594-M001988","orig-research","Travails with My Camera: Investigations with Prototype Workflows and Specialist Cameras for Wider Target Platform Coverage, Reduced Complexity, and Universal Distribution"
"Conference Paper","2022","Conference Repository/Conference Papers/2022/10012556/10012557","10012613.pdf","10.5594/M001989","10.5594-M001989","orig-research","Unreal Savings: Budget Previs/Techvis for Student Films"
"Conference Paper","2022","Conference Repository/Conference Papers/2022/10012556/10012557","10012614.pdf","10.5594/M001990","10.5594-M001990","orig-research","Modelling the Value of JITEX: Just-In-Time Transcoding at the Edge"
"Conference Paper","2022","Conference Repository/Conference Papers/2022/10012556/10012557","10012615.pdf","10.5594/M001991","10.5594-M001991","orig-research","The Proliferation of NDI in Live Production and Broadcast Workflows"
"Conference Paper","2022","Conference Repository/Conference Papers/2022/10012556/10012557","10012616.pdf","10.5594/M001992","10.5594-M001992","orig-research","Image Based Lighting - Current Capabilities and Limitations"
"Conference Paper","2023","Conference Repository/Conference Papers/2023/10372504/10372505","10372506.pdf","10.5594/M001993","10.5594-M001993","orig-research","Exploring Workflows for Real-Time HDR-SDR Conversion"
"Conference Paper","2023","Conference Repository/Conference Papers/2023/10372504/10372505","10372547.pdf","10.5594/M001994","10.5594-M001994","orig-research","Breaking the Fourth Wall through Extended Reality"
"Conference Paper","2023","Conference Repository/Conference Papers/2023/10372504/10372505","10372548.pdf","10.5594/M001995","10.5594-M001995","orig-research","Hyperconverged Design: Reducing the Environmental Impact of Production Technologies Throughout the Product Lifecycle"
"Conference Paper","2023","Conference Repository/Conference Papers/2023/10372504/10372505","10372549.pdf","10.5594/M001996","10.5594-M001996","orig-research","Enhancements to Media Transport in ICVFX using SMPTE 2110"
"Conference Paper","2023","Conference Repository/Conference Papers/2023/10372504/10372505","10372550.pdf","10.5594/M001997","10.5594-M001997","orig-research","Long-term Preservation of Cinematographic Content"
"Conference Paper","2023","Conference Repository/Conference Papers/2023/10372504/10372505","10372551.pdf","10.5594/M001998","10.5594-M001998","orig-research","Atheneum: The Blockchain That Manages Theatrical Releases"
"Conference Paper","2023","Conference Repository/Conference Papers/2023/10372504/10372505","10372552.pdf","10.5594/M001999","10.5594-M001999","orig-research","Unlocking the Value of Media Libraries With AI and ML"
"Conference Paper","2023","Conference Repository/Conference Papers/2023/10372504/10372505","10372553.pdf","10.5594/M002000","10.5594-M002000","orig-research","Real-time Personalized Ranking and Recommendation System for Linear TV: A Dual Dynamic Queue Approach"
"Conference Paper","2023","Conference Repository/Conference Papers/2023/10372504/10372505","10372554.pdf","10.5594/M002001","10.5594-M002001","orig-research","Testing 4K HDR-WCG professional video content for subjective quality using a remote testing approach"
"Conference Paper","2023","Conference Repository/Conference Papers/2023/10372504/10372505","10372555.pdf","10.5594/M002002","10.5594-M002002","orig-research","Green Video Compression for Metaverse: Lessons Learned from VP9 and HEVC"
"Conference Paper","2023","Conference Repository/Conference Papers/2023/10372504/10372505","10372556.pdf","10.5594/M002003","10.5594-M002003","orig-research","Cloud-based Internet Linear Video Delivery System Using Edge Computing on CDN"
"Conference Paper","2023","Conference Repository/Conference Papers/2023/10372504/10372505","10372557.pdf","10.5594/M002004","10.5594-M002004","orig-research","Advanced application of NMOS specifications for resource sharing in IP production systems and studio design"
"Conference Paper","2023","Conference Repository/Conference Papers/2023/10372504/10372505","10372558.pdf","10.5594/M002005","10.5594-M002005","orig-research","Development of Cloud-Based Media Production Systems"
"Conference Paper","2023","Conference Repository/Conference Papers/2023/10372504/10372505","10372559.pdf","10.5594/M002006","10.5594-M002006","orig-research","Cameras and LED walls - A challenging relationship"
"Conference Paper","2023","Conference Repository/Conference Papers/2023/10372504/10372505","10372560.pdf","10.5594/M002007","10.5594-M002007","orig-research","The evolution of delivering immersive media over 5G/Cloud"
"Conference Paper","2023","Conference Repository/Conference Papers/2023/10372504/10372505","10372561.pdf","10.5594/M002008","10.5594-M002008","orig-research","The Impact of Background Luminance on the Perception of Chromatic Lightness"
"Conference Paper","2023","Conference Repository/Conference Papers/2023/10372504/10372505","10372562.pdf","10.5594/M002009","10.5594-M002009","orig-research","Efficient Media Production and Management with AI Assistants: A Multi-Domain Exploration"
"Conference Paper","2023","Conference Repository/Conference Papers/2023/10372504/10372505","10372563.pdf","10.5594/M002010","10.5594-M002010","orig-research","Using Knowledge Graphs to Enhance Queries over Heterogeneous Asset Stores"
"Conference Paper","2023","Conference Repository/Conference Papers/2023/10372504/10372505","10372564.pdf","10.5594/M002011","10.5594-M002011","orig-research","Advanced Volumetric Video Format for Enhancing Photo-realistic Lighting Reproduction"
"Conference Paper","2023","Conference Repository/Conference Papers/2023/10372504/10372505","10372565.pdf","10.5594/M002012","10.5594-M002012","orig-research","Free the voice! Systems, Devices and Methods for Multi-Dimensional Spatial Recording and Playback"
"Conference Paper","2023","Conference Repository/Conference Papers/2023/10372504/10372505","10372566.pdf","10.5594/M002013","10.5594-M002013","orig-research","Creative Intent on the Windward Slopes"
"Conference Paper","2023","Conference Repository/Conference Papers/2023/10372504/10372505","10372567.pdf","10.5594/M002014","10.5594-M002014","orig-research","Hybrid Images for Personalized Media Streaming Optimization"
"Conference Paper","2023","Conference Repository/Conference Papers/2023/10372504/10372505","10372568.pdf","10.5594/M002015","10.5594-M002015","orig-research","Improving Context-Aware Encoding by Adaptation to “True Resolution” of the Content"
"Conference Paper","2023","Conference Repository/Conference Papers/2023/10372504/10372505","10372569.pdf","10.5594/M002016","10.5594-M002016","orig-research","HDR Production Workflows: A Dynamic Solution That Provides Stable Graphics Management And Compatibility With Static Solutions"
"Conference Paper","2023","Conference Repository/Conference Papers/2023/10372504/10372505","10372570.pdf","10.5594/M002017","10.5594-M002017","orig-research","What Electronic Image Noise Signatures Can Tell Us About Image Linearity and Camera Encoding"
"Conference Paper","2023","Conference Repository/Conference Papers/2023/10372504/10372505","10372571.pdf","10.5594/M002018","10.5594-M002018","orig-research","Simplifying Multi-CDN Delivery with HLS / DASH Content Steering"
"Conference Paper","2023","Conference Repository/Conference Papers/2023/10372504/10372505","10372572.pdf","10.5594/M002019","10.5594-M002019","orig-research","Using Categorical Observers to Minimize Metameric Failures on Wide Color Gamut Displays"
"Conference Paper","2023","Conference Repository/Conference Papers/2023/10372504/10372505","10372573.pdf","10.5594/M002020","10.5594-M002020","orig-research","Avid DNx GX - A High-Quality, Flexible RGB(A) Codec at Commodity Bitrates, Combining SMPTE ST 2019-1 (VC-3) and SMPTE RDD 50 (DNxUncompressed)"
"Conference Paper","2023","Conference Repository/Conference Papers/2023/10372504/10372505","10372574.pdf","10.5594/M002021","10.5594-M002021","orig-research","Making Film Grain Great Again: Introducing AV1-Compatible Film Grain Modeling for Existing HEVC-Based Video Codecs"
"Conference Paper","2023","Conference Repository/Conference Papers/2023/10372504/10372505","10372575.pdf","10.5594/M002022","10.5594-M002022","orig-research","New Storage Techniques and Technologies to Accelerate Camera to Cloud Workflows"
"Conference Paper","2023","Conference Repository/Conference Papers/2023/10372504/10372505","10372576.pdf","10.5594/M002023","10.5594-M002023","orig-research","Optimized pixel streaming for ultra-low latency cloud gaming and VR/XR applications."
"Conference Paper","2023","Conference Repository/Conference Papers/2023/10372504/10372505","10372577.pdf","10.5594/M002024","10.5594-M002024","orig-research","Getting comfortable with CIE charts for color grading"
"Conference Paper","2023","Conference Repository/Conference Papers/2023/10372504/10372505","10372578.pdf","10.5594/M002025","10.5594-M002025","orig-research","Reducing Cinema Projectors Power Consumption using Global Dimming and Image Statistics"
"Conference Paper","2023","Conference Repository/Conference Papers/2023/10372504/10372505","10372579.pdf","10.5594/M002026","10.5594-M002026","orig-research","The future of video compression - Moving beyond hybrid codecs with machine learning"
"Conference Paper","2023","Conference Repository/Conference Papers/2023/10372504/10372505","10372580.pdf","10.5594/M002027","10.5594-M002027","orig-research","Enhancing Content Creation Workflows through Automatic Speech Recognition Techniques"
"Conference Paper","2023","Conference Repository/Conference Papers/2023/10372504/10372505","10372581.pdf","10.5594/M002028","10.5594-M002028","orig-research","Ambient Light Compensation Through Adaptive Visual Modeling"
"Conference Paper","2023","Conference Repository/Conference Papers/2023/10372504/10372505","10372582.pdf","10.5594/M002029","10.5594-M002029","orig-research","How to Effectively Enhance PTP Redundancy Using Dual Ports"
"Conference Paper","2023","Conference Repository/Conference Papers/2023/10372504/10372505","10372583.pdf","10.5594/M002030","10.5594-M002030","orig-research","Profiling the ST 2110 Network Traffic for Load Testing with Open-Source Tools"
"Conference Paper","2023","Conference Repository/Conference Papers/2023/10372504/10372505","10372584.pdf","10.5594/M002031","10.5594-M002031","orig-research","Real-time Streaming Reliability and Performance Optimization Using Content Steering"
"Conference Paper","2023","Conference Repository/Conference Papers/2023/10372504/10372505","10372585.pdf","10.5594/M002032","10.5594-M002032","orig-research","Ultra-low Latency Video Delivery using WebRTC Data Channels"
