"docType","year","doi","docId","contentType","title","issue_folder","expected_ref_file","has_refs_in_registry"
"Journal Article","2015","10.5594/j18528","10.5594-j18528","orig-research","Color Management for Wide-Color-Gamut UHDTV Production","Journal Article Repository/2015/7261654/7306340","mijr-124-03-19-ref.xml","no"
"Journal Article","2015","10.5594/j18529","10.5594-j18529","orig-research","ULTRA-HD Content Acquisition and Exchange Using HEVC Range Extensions","Journal Article Repository/2015/7261654/7306340","mijr-124-03-28-ref.xml","no"
"Journal Article","2015","10.5594/j18530","10.5594-j18530","orig-research","Deploying Wide Color Gamut and High Dynamic Range in HD and UHD","Journal Article Repository/2015/7261654/7306340","mijr-124-03-37-ref.xml","no"
"Journal Article","2015","10.5594/j18531","10.5594-j18531","orig-research","Controlling Miniaturization in Stereoscopic 3D Imagery","Journal Article Repository/2015/7261654/7306340","mijr-124-03-50-ref.xml","no"
"Journal Article","2015","10.5594/j18532","10.5594-j18532","orig-research","Developing Requirements for a Visually Lossless Display Stream Coding System Open Standard","Journal Article Repository/2015/7261654/7306340","mijr-124-03-59-ref.xml","no"
"Journal Article","2015","10.5594/j18533","10.5594-j18533","orig-research","Better Color Matching Between HD and UHD Content","Journal Article Repository/2015/7261654/7306340","mijr-124-03-66-Online_Borg-ref.xml","no"
"Journal Article","2015","10.5594/j18534","10.5594-j18534","orig-research","Beyond HD: Status of Image Acquisition Solutions for Next-Generation Broadcasting Formats","Journal Article Repository/2015/7261654/7306340","mijr-124-03-66-Online_Weber-ref.xml","no"
"Journal Article","2015","10.5594/j18612","10.5594-j18612","orig-research","State of HEVC Bitrates in 2014: Comparing HEVC, H.264, and MPEG-2","Journal Article Repository/2015/7261654/7306389","mijr-124-07-31-ref.xml","no"
"Journal Article","2015","10.5594/j18613","10.5594-j18613","orig-research","Implementation of Enhanced HEVC/H.265 Encoders: Supporting New Requirements and Functionalities","Journal Article Repository/2015/7261654/7306389","mijr-124-07-43-ref.xml","no"
"Journal Article","2015","10.5594/j18614","10.5594-j18614","orig-research","Realtime Super Resolution for 4K/8K with Nonlinear Signal Processing","Journal Article Repository/2015/7261654/7306389","mijr-124-07-51-ref.xml","no"
"Journal Article","2015","10.5594/j18615","10.5594-j18615","orig-research","The Turbulent Path to CALM TV: Bumpy Progress and Unintended Consequences","Journal Article Repository/2015/7261654/7306389","mijr-124-07-57-ref.xml","no"
"Journal Article","2015","10.5594/j18616","10.5594-j18616","orig-research","A Psychophysical Study Exploring Judder Using Fundamental Signals and Complex Imagery","Journal Article Repository/2015/7261654/7306389","mijr-124-07-62-ref.xml","no"
"Journal Article","2015","10.5594/j18617","10.5594-j18617","orig-research","High Frame Rate Video Conversion","Journal Article Repository/2015/7261654/7306389","mijr-124-07-Online_Hobson_v2-ref.xml","no"
"Journal Article","2015","10.5594/j18618","10.5594-j18618","orig-research","HEVC Efficiency Assessment for Contribution Services of HD Interlaced Content","Journal Article Repository/2015/7261654/7306389","mijr-124-07-Online_Anaya_v2-ref.xml","no"
"Journal Article","2015","10.5594/j18620k","10.5594-j18620k","orig-research","Exclusive Articles Available Online Only","Journal Article Repository/2015/7261654/7306389","(none named — references as shown on IEEE Xplore)","no"
"Journal Article","2015","10.5594/j18545","10.5594-j18545","orig-research","Introduction: Seeing The Future… Now","Journal Article Repository/2015/7261654/7306417","(none named — references as shown on IEEE Xplore)","no"
"Journal Article","2015","10.5594/j18546","10.5594-j18546","orig-research","Quantum Dots and Rec. 2020: Bringing the Color of Tomorrow Closer to Reality Today","Journal Article Repository/2015/7261654/7306417","mijr-124-04-19-ref.xml","no"
"Journal Article","2015","10.5594/j18547","10.5594-j18547","orig-research","Design Considerations for Cinema Exhibition Using RGB Laser Illumination","Journal Article Repository/2015/7261654/7306417","mijr-124-04-26-ref.xml","no"
"Journal Article","2015","10.5594/j18548","10.5594-j18548","orig-research","The Art of Better Pixels","Journal Article Repository/2015/7261654/7306417","mijr-124-04-42-ref.xml","no"
"Journal Article","2015","10.5594/j18549","10.5594-j18549","orig-research","Temporal vs. Spatial Resolution: Comparative Tests for Broadcast Sports","Journal Article Repository/2015/7261654/7306417","mijr-124-04-49-ref.xml","no"
"Journal Article","2015","10.5594/j18550","10.5594-j18550","orig-research","Source-Timed SDN Video Switching of Packetized Video","Journal Article Repository/2015/7261654/7306417","mijr-124-04-56-ref.xml","no"
"Journal Article","2015","10.5594/j18551","10.5594-j18551","orig-research","Subjective Quality Evaluation of High Dynamic Range Video and Display for Future TV","Journal Article Repository/2015/7261654/7306417","mijr-124-04-Hanhart-ref.xml","no"
"Journal Article","2015","10.5594/j18552","10.5594-j18552","orig-research","High Dynamic Range Video Production, Delivery and Rendering","Journal Article Repository/2015/7261654/7306417","mijr-124-04-Reinhard-ref.xml","no"
"Journal Article","2015","10.5594/j18589a","10.5594-j18589a","orig-research","Essence (10E)","Journal Article Repository/2015/7261654/7306442","(none named — references as shown on IEEE Xplore)","no"
"Journal Article","2015","10.5594/j18589b","10.5594-j18589b","orig-research","Film Applications (20F)","Journal Article Repository/2015/7261654/7306442","(none named — references as shown on IEEE Xplore)","no"
"Journal Article","2015","10.5594/j18589c","10.5594-j18589c","orig-research","Digital Cinema (21DC)","Journal Article Repository/2015/7261654/7306442","(none named — references as shown on IEEE Xplore)","no"
"Journal Article","2015","10.5594/j18589d","10.5594-j18589d","orig-research","Television and Broadband Media (24TB)","Journal Article Repository/2015/7261654/7306442","(none named — references as shown on IEEE Xplore)","no"
"Journal Article","2015","10.5594/j18589e","10.5594-j18589e","orig-research","Cinema Sound Systems (25CSS)","Journal Article Repository/2015/7261654/7306442","(none named — references as shown on IEEE Xplore)","no"
"Journal Article","2015","10.5594/j18589f","10.5594-j18589f","orig-research","Metadata and Registers (30MR)","Journal Article Repository/2015/7261654/7306442","(none named — references as shown on IEEE Xplore)","no"
"Journal Article","2015","10.5594/j18589g","10.5594-j18589g","orig-research","File Formats and Systems (31FS)","Journal Article Repository/2015/7261654/7306442","(none named — references as shown on IEEE Xplore)","no"
"Journal Article","2015","10.5594/j18589h","10.5594-j18589h","orig-research","Network/Facilities Architecture (32NF)","Journal Article Repository/2015/7261654/7306442","(none named — references as shown on IEEE Xplore)","no"
"Journal Article","2015","10.5594/j18589i","10.5594-j18589i","orig-research","Media Systems, Control Services (34CS)","Journal Article Repository/2015/7261654/7306442","(none named — references as shown on IEEE Xplore)","no"
"Journal Article","2015","10.5594/j18589j","10.5594-j18589j","orig-research","Media Packaging and Interchange (35PM)","Journal Article Repository/2015/7261654/7306442","(none named — references as shown on IEEE Xplore)","no"
"Journal Article","2015","10.5594/j18591","10.5594-j18591","orig-research","Laser Projectors and the Future of Digital Cinema","Journal Article Repository/2015/7261654/7306442","mijr-124-06-37-ref.xml","no"
"Journal Article","2015","10.5594/j18592","10.5594-j18592","info-society","Digital Video Broadcasting Report","Journal Article Repository/2015/7261654/7306442","mijr-124-06-42-ref.xml","no"
"Journal Article","2015","10.5594/j18593","10.5594-j18593","orig-research","2015 Activities of the Association of Radio Industries and Businesses in the Field of Broadcasting","Journal Article Repository/2015/7261654/7306442","mijr-124-06-46-ref.xml","no"
"Journal Article","2015","10.5594/j18594","10.5594-j18594","orig-research","Status of the Advanced Television Systems Committee","Journal Article Repository/2015/7261654/7306442","mijr-124-06-51-ref.xml","no"
"Journal Article","2015","10.5594/j18595","10.5594-j18595","orig-research","2015 Update from the Consumer Electronics Association","Journal Article Repository/2015/7261654/7306442","(none named — references as shown on IEEE Xplore)","no"
"Journal Article","2015","10.5594/j18596","10.5594-j18596","orig-research","The Next Generation in Consumer Displays","Journal Article Repository/2015/7261654/7306442","mijr-124-06-63-ref.xml","no"
"Journal Article","2015","10.5594/j18597","10.5594-j18597","orig-research","OTT (Over-The-Top) in 2015","Journal Article Repository/2015/7261654/7306442","mijr-124-06-65-ref.xml","no"
"Journal Article","2015","10.5594/j18598","10.5594-j18598","orig-research","A Review of the Technology and Migration Patterns for IP/IT Media Infrastructures","Journal Article Repository/2015/7261654/7306442","mijr-124-06-69-ref.xml","no"
"Journal Article","2015","10.5594/j18599","10.5594-j18599","orig-research","Virtual Reality Primer with an Emphasis on Camera-Captured VR","Journal Article Repository/2015/7261654/7306442","mijr-124-06-78-ref.xml","no"
"Journal Article","2015","10.5594/j18600","10.5594-j18600","orig-research","MPEG Progress Report","Journal Article Repository/2015/7261654/7306442","mijr-124-06-86-ref.xml","no"
"Journal Article","2015","10.5594/j18571","10.5594-j18571","orig-research","Introduction: Introduction to the 2015 Audio Issue","Journal Article Repository/2015/7261654/7306443","(none named — references as shown on IEEE Xplore)","no"
"Journal Article","2015","10.5594/j18572","10.5594-j18572","orig-research","Personalized and Immersive Broadcast Audio","Journal Article Repository/2015/7261654/7306443","mijr-124-05-25-ref.xml","no"
"Journal Article","2015","10.5594/j18573","10.5594-j18573","orig-research","Management of Consequent Sounds in Immersive Sound Systems","Journal Article Repository/2015/7261654/7306443","mijr-124-05-31-ref.xml","no"
"Journal Article","2015","10.5594/j18574","10.5594-j18574","orig-research","Immersive Audio Standards Move Forward","Journal Article Repository/2015/7261654/7306443","mijr-124-05-40-ref.xml","no"
"Journal Article","2015","10.5594/j18575","10.5594-j18575","orig-research","Précis of the TC-25CSS Theater Testing Report","Journal Article Repository/2015/7261654/7306443","mijr-124-05-43-ref.xml","no"
"Journal Article","2015","10.5594/j18576","10.5594-j18576","orig-research","A Tutorial on Photometric Dimensions and Units","Journal Article Repository/2015/7261654/7306443","mijr-124-05-48-ref.xml","no"
"Journal Article","2015","10.5594/j18577","10.5594-j18577","orig-research","A Cinema Luminance Range by the People, for the People: Viewer Preferences on Luminance Limits for a Large-Screen Environment","Journal Article Repository/2015/7261654/7306443","mijr-124-05-56-ref.xml","no"
"Journal Article","2015","10.5594/j18578","10.5594-j18578","orig-research","Immersive and Personalized Audio: A Practical System for Enabling Interchange, Distribution, and Delivery of Next-Generation Audio Experiences","Journal Article Repository/2015/7261654/7306443","mijr-124-05-63-Online_Riedmille-ref.xml","no"
"Journal Article","2015","10.5594/j18579","10.5594-j18579","orig-research","Object-Based Audio: Opportunities for Improved Listening Experience and Increased Listener Involvement","Journal Article Repository/2015/7261654/7306443","mijr-124-05-63-Online_Bleidt-ref.xml","no"
"Journal Article","2015","10.5594/j18517","10.5594-j18517","orig-research","Taking Remote Production to the Next Level: CBC's Coverage of the 2014 Sochi Olympic Games","Journal Article Repository/2015/7261654/7309010","(none named — references as shown on IEEE Xplore)","no"
"Journal Article","2015","10.5594/j18511","10.5594-j18511","orig-research","Introduction to “Video over IP” Issue","Journal Article Repository/2015/7261654/7309010","(none named — references as shown on IEEE Xplore)","no"
"Journal Article","2015","10.5594/j18634","10.5594-j18634","orig-research","2014 Survey Summary for Storage in Professional Media and Entertainment","Journal Article Repository/2015/7261654/7340431","mijr-124-08-19-ref.xml","no"
"Journal Article","2015","10.5594/j18635","10.5594-j18635","orig-research","An Automated Tagging Approach to Improve Search and Retrieval in a Radio Archive","Journal Article Repository/2015/7261654/7340431","mijr-124-08-25-ref.xml","no"
"Journal Article","2015","10.5594/j18636","10.5594-j18636","orig-research","Maximizing the Potential of Legacy Content in New Media Asset Management Deployments","Journal Article Repository/2015/7261654/7340431","mijr-124-08-33-ref.xml","no"
"Journal Article","2015","10.5594/j18639","10.5594-j18639","orig-research","Automated Content Restoration System for File-Based Broadcasting Environments","Journal Article Repository/2015/7261654/7340431","mijr-124-08-39-ref.xml","no"
"Journal Article","2015","10.5594/j18640","10.5594-j18640","orig-research","Cinematic Sound Scene Description and Rendering Control","Journal Article Repository/2015/7261654/7340431","mijr-124-08-47-ref.xml","no"
"Journal Article","2016","10.5594/j18659","10.5594-j18659","orig-research","Integrating HEVC Video Compression with a High Dynamic Range Video Pipeline","Journal Article Repository/2016/7261654/7399457","mijr-125-01-14-ref.xml","no"
"Journal Article","2016","10.5594/j18660","10.5594-j18660","orig-research","Addressing Issues in File-Based Workflows: The Joint Task Force on File Formats and Media Interoperability and the World of Advertising","Journal Article Repository/2016/7261654/7399457","mijr-125-01-22-ref.xml","no"
"Journal Article","2016","10.5594/j18661","10.5594-j18661","orig-research","Using IMF for International Distribution? What Does That Mean?","Journal Article Repository/2016/7261654/7399457","mijr-125-01-29-ref.xml","no"
"Journal Article","2016","10.5594/j18662","10.5594-j18662","orig-research","Toward Real-Time Detection of Forensic Watermarks to Combat Piracy by Live Streaming","Journal Article Repository/2016/7261654/7399457","mijr-125-01-34-ref.xml","no"
"Journal Article","2016","10.5594/j18663","10.5594-j18663","orig-research","Computational Imaging for Stop-Motion Animated Video Productions","Journal Article Repository/2016/7261654/7399457","mijr-125-01-42-ref.xml","no"
"Journal Article","2016","10.5594/j18664","10.5594-j18664","orig-research","Remote Content Access and the Rise of the Second Screen","Journal Article Repository/2016/7261654/7399457","mijr-125-01-48-ref.xml","no"
"Journal Article","2016","10.5594/j18665","10.5594-j18665","orig-research","UMID Applications in MXF and Streaming Media","Journal Article Repository/2016/7261654/7399457","mijr-125-01-Online_Shibata-ref.xml","no"
"Journal Article","2016","10.5594/j18666","10.5594-j18666","orig-research","A Concept for File-Based Content Exchange Using Scalable Media","Journal Article Repository/2016/7261654/7399457","mijr-125-01-Online_Sparenburg-ref.xml","no"
"Journal Article","2016","10.5594/j18685","10.5594-j18685","orig-research","Design Elements for Core IP Media Infrastructures","Journal Article Repository/2016/7261654/7436716","mijr-125-02-16-ref.xml","no"
"Journal Article","2016","10.5594/j18686","10.5594-j18686","orig-research","Elementary Flows for Live IP Production","Journal Article Repository/2016/7261654/7436716","mijr-125-02-24-ref.xml","no"
"Journal Article","2016","10.5594/j18687","10.5594-j18687","orig-research","Optimizing Large Media Networks for Highly Accurate Time Transfer via PTP","Journal Article Repository/2016/7261654/7436716","mijr-125-02-30-ref.xml","no"
"Journal Article","2016","10.5594/j18688","10.5594-j18688","orig-research","Video Over LTE: Exploring Efficiency in Distribution","Journal Article Repository/2016/7261654/7436716","mijr-125-02-45-ref.xml","no"
"Journal Article","2016","10.5594/j18689","10.5594-j18689","orig-research","Thought-Provoking Ideas for Increasing Diversity in Entertainment Engineering","Journal Article Repository/2016/7261654/7436716","mijr-125-02-50-ref.xml","no"
"Journal Article","2016","10.5594/j18690","10.5594-j18690","orig-research","UHD in a Hybrid SDI/IP World","Journal Article Repository/2016/7261654/7436716","mijr-125-02-Online_Hudson-ref.xml","no"
"Journal Article","2016","10.5594/j18691","10.5594-j18691","orig-research","4K Video over SMPTE 2022-5/6 Workflows","Journal Article Repository/2016/7261654/7436716","mijr-125-02-Online_Levy-ref.xml","no"
"Journal Article","2016","10.5594/j18692","10.5594-j18692","orig-research","Exclusive Articles Available Online Only","Journal Article Repository/2016/7261654/7436716","(none named — references as shown on IEEE Xplore)","no"
"Journal Article","2016","10.5594/JMI.2016.2534318","10.5594-JMI.2016.2534318","orig-research","Future Models for Live Event Broadcasting","Journal Article Repository/2016/7261654/7454893","(none named — references as shown on IEEE Xplore)","no"
"Journal Article","2016","10.5594/JMI.2016.2527438","10.5594-JMI.2016.2527438","orig-research","Display Technology: The Next Chapter","Journal Article Repository/2016/7261654/7454893","(none named — references as shown on IEEE Xplore)","no"
"Journal Article","2016","10.5594/JMI.2016.2532058","10.5594-JMI.2016.2532058","orig-research","A Study of Stereoscopic Digital Cinema in China Including New Standards and Recommendations","Journal Article Repository/2016/7261654/7454893","(none named — references as shown on IEEE Xplore)","no"
"Journal Article","2016","10.5594/JMI.2016.2531998","10.5594-JMI.2016.2531998","orig-research","High Frame Rate Television: Sampling Theory, the Human Visual System, and Why the Nyquist–Shannon Theorem Does Not Apply","Journal Article Repository/2016/7261654/7454893","(none named — references as shown on IEEE Xplore)","no"
"Journal Article","2016","10.5594/JMI.2016.2527401","10.5594-JMI.2016.2527401","orig-research","Observer Metamerism Models and Multiprimary Display Systems","Journal Article Repository/2016/7261654/7454893","(none named — references as shown on IEEE Xplore)","no"
"Journal Article","2016","10.5594/JMI.2016.2532038","10.5594-JMI.2016.2532038","orig-research","Viewer's Choice: Rethinking Media Personalization in a Multiscreen World","Journal Article Repository/2016/7261654/7454893","(none named — references as shown on IEEE Xplore)","no"
"Journal Article","2016","10.5594/JMI.2016.2532040","10.5594-JMI.2016.2532040","orig-research","The Calibration Conundrum: Toward Standardizing a Reference White Chromaticity for HDTV","Journal Article Repository/2016/7261654/7454893","(none named — references as shown on IEEE Xplore)","no"
"Journal Article","2016","10.5594/JMI.2016.2552938","10.5594-JMI.2016.2552938","orig-research","An Analysis of System Contrast in Digital Cinema Auditoriums","Journal Article Repository/2016/7261654/7479590","(none named — references as shown on IEEE Xplore)","no"
"Journal Article","2016","10.5594/JMI.2016.2547789","10.5594-JMI.2016.2547789","orig-research","How Loud is a Movie?—A New Measurement Procedure","Journal Article Repository/2016/7261654/7479590","(none named — references as shown on IEEE Xplore)","no"
"Journal Article","2016","10.5594/JMI.2016.2548858","10.5594-JMI.2016.2548858","orig-research","The Academy Color Encoding System: Standards for Digital Image Interchange, Color Management and Long-term Archiving","Journal Article Repository/2016/7261654/7479590","(none named — references as shown on IEEE Xplore)","no"
"Journal Article","2016","10.5594/JMI.2016.2547796","10.5594-JMI.2016.2547796","orig-research","How Independent are HDR, WCG, and HFR in Human Visual Perception and the Creative Process","Journal Article Repository/2016/7261654/7479590","(none named — references as shown on IEEE Xplore)","no"
"Journal Article","2016","10.5594/JMI.2016.2548838","10.5594-JMI.2016.2548838","orig-research","A Display-Independent High Dynamic Range Television System","Journal Article Repository/2016/7261654/7479590","(none named — references as shown on IEEE Xplore)","no"
"Journal Article","2016","10.5594/JMI.2016.2548338","10.5594-JMI.2016.2548338","orig-research","Modeling of Achievable Contrast and Its Impact on HDR Projection in Commercial Cinema Environments","Journal Article Repository/2016/7261654/7479590","(none named — references as shown on IEEE Xplore)","no"
"Journal Article","2016","10.5594/JMI.2016.2547785","10.5594-JMI.2016.2547785","orig-research","Extended Image Dynamic Range System for UHDTV Broadcasting","Journal Article Repository/2016/7261654/7479590","(none named — references as shown on IEEE Xplore)","no"
"Journal Article","2016","10.5594/JMI.2016.2563058","10.5594-JMI.2016.2563058","orig-research","Achieving BT.2020 Color With LCDs: A Tale of Two Applications","Journal Article Repository/2016/7261654/7514283","(none named — references as shown on IEEE Xplore)","no"
"Journal Article","2016","10.5594/JMI.2016.2569918","10.5594-JMI.2016.2569918","orig-research","Camera Raw for High Dynamic Range Workflows","Journal Article Repository/2016/7261654/7514283","(none named — references as shown on IEEE Xplore)","no"
"Journal Article","2016","10.5594/JMI.2016.2571578","10.5594-JMI.2016.2571578","orig-research","Exclusive Article Available Online Only","Journal Article Repository/2016/7261654/7514283","(none named — references as shown on IEEE Xplore)","no"
"Journal Article","2016","10.5594/JMI.2016.2569898","10.5594-JMI.2016.2569898","orig-research","DASH 2016: Where are we and What's Next","Journal Article Repository/2016/7261654/7514283","(none named — references as shown on IEEE Xplore)","no"
"Journal Article","2016","10.5594/JMI.2016.2563078","10.5594-JMI.2016.2563078","orig-research","Ultra HD Blu-ray Format Video Characteristics","Journal Article Repository/2016/7261654/7514283","(none named — references as shown on IEEE Xplore)","no"
"Journal Article","2016","10.5594/JMI.2016.2575619","10.5594-JMI.2016.2575619","orig-research","VC-3 Codec Updates for Handling Better, Faster, and More Pixels","Journal Article Repository/2016/7261654/7514283","(none named — references as shown on IEEE Xplore)","no"
"Journal Article","2016","10.5594/JMI.2016.2569920","10.5594-JMI.2016.2569920","orig-research","Bit Rate Requirements for High Dynamic Range Video","Journal Article Repository/2016/7261654/7514283","(none named — references as shown on IEEE Xplore)","no"
"Journal Article","2016","10.5594/JMI.2016.2571579","10.5594-JMI.2016.2571579","orig-research","Memoriam","Journal Article Repository/2016/7261654/7514283","(none named — references as shown on IEEE Xplore)","no"
"Journal Article","2016","10.5594/JMI.2016.2599105","10.5594-JMI.2016.2599105","orig-research","Timeline: Motion Imaging in the SMPTE Century","Journal Article Repository/2016/7261654/7571196","(none named — references as shown on IEEE Xplore)","no"
"Journal Article","2016","10.5594/JMI.2016.2589162","10.5594-JMI.2016.2589162","orig-research","Recording and Storage: A Brief History","Journal Article Repository/2016/7261654/7571196","(none named — references as shown on IEEE Xplore)","no"
"Journal Article","2016","10.5594/JMI.2016.2588958","10.5594-JMI.2016.2588958","orig-research","The History of SMPTE and Digitization","Journal Article Repository/2016/7261654/7571196","(none named — references as shown on IEEE Xplore)","no"
"Journal Article","2016","10.5594/JMI.2016.2589161","10.5594-JMI.2016.2589161","orig-research","Temporal Engineering: Archiving and Preservation","Journal Article Repository/2016/7261654/7571196","(none named — references as shown on IEEE Xplore)","no"
"Journal Article","2016","10.5594/JMI.2016.2581059","10.5594-JMI.2016.2581059","orig-research","Software-Defined Media Infrastructures","Journal Article Repository/2016/7261654/7571196","(none named — references as shown on IEEE Xplore)","no"
"Journal Article","2016","10.5594/JMI.2016.2581718","10.5594-JMI.2016.2581718","orig-research","Video Compression and Its Role in the History of Television","Journal Article Repository/2016/7261654/7571196","(none named — references as shown on IEEE Xplore)","no"
"Journal Article","2016","10.5594/JMI.2016.2587107","10.5594-JMI.2016.2587107","orig-research","SMPTE Centennial: Closed Captioning and Video Description—A Brief Historical Perspective","Journal Article Repository/2016/7261654/7571196","(none named — references as shown on IEEE Xplore)","no"
"Journal Article","2016","10.5594/JMI.2016.2578819","10.5594-JMI.2016.2578819","orig-research","File-Based Workflows","Journal Article Repository/2016/7261654/7571196","(none named — references as shown on IEEE Xplore)","no"
"Journal Article","2016","10.5594/JMI.2016.2599118","10.5594-JMI.2016.2599118","orig-research","A Look Back at SMPTE's History Archives","Journal Article Repository/2016/7261654/7571196","(none named — references as shown on IEEE Xplore)","no"
"Journal Article","2016","10.5594/JMI.2016.2579959","10.5594-JMI.2016.2579959","orig-research","From One to Many: A Short History of 20th Century Multichannel Cinema Sound","Journal Article Repository/2016/7261654/7571196","(none named — references as shown on IEEE Xplore)","no"
"Journal Article","2016","10.5594/JMI.2016.2578818","10.5594-JMI.2016.2578818","orig-research","The SMPTE Century: Evolution in Cameras and Lenses From 1916 to 2016","Journal Article Repository/2016/7261654/7571196","(none named — references as shown on IEEE Xplore)","no"
"Journal Article","2016","10.5594/JMI.2016.2584298","10.5594-JMI.2016.2584298","orig-research","Displays: From Fantasy to Reality in a Century","Journal Article Repository/2016/7261654/7571196","(none named — references as shown on IEEE Xplore)","no"
"Journal Article","2016","10.5594/JMI.2016.2579138","10.5594-JMI.2016.2579138","orig-research","More, Faster, Higher, Wider: A Brief History of Increases in Perceptible Characteristics of Motion Imaging","Journal Article Repository/2016/7261654/7571196","(none named — references as shown on IEEE Xplore)","no"
"Journal Article","2016","10.5594/JMI.2016.2584300","10.5594-JMI.2016.2584300","orig-research","The Last 100 Years of Motion Imaging","Journal Article Repository/2016/7261654/7571196","(none named — references as shown on IEEE Xplore)","no"
"Journal Article","2016","10.5594/JMI.2016.2583299","10.5594-JMI.2016.2583299","orig-research","Forty Years of Television Progress: Television Technology Highlights from 1976 to the Present","Journal Article Repository/2016/7261654/7571196","(none named — references as shown on IEEE Xplore)","no"
"Journal Article","2016","10.5594/JMI.2016.2589618","10.5594-JMI.2016.2589618","orig-research","Status of the Advanced Television Systems Committee","Journal Article Repository/2016/7261654/7723944","(none named — references as shown on IEEE Xplore)","no"
"Journal Article","2016","10.5594/JMI.2016.2589098","10.5594-JMI.2016.2589098","orig-research","UHD in 2016: The Good, the Bad, and the Speculars ii The specular is one of the main beneficiaries of a “high dynamic range”—one of the principal elements of ultra high definition today","Journal Article Repository/2016/7261654/7723944","(none named — references as shown on IEEE Xplore)","no"
"Journal Article","2016","10.5594/JMI.2016.2592300","10.5594-JMI.2016.2592300","orig-research","2016 Update From Digital Video Broadcasting","Journal Article Repository/2016/7261654/7723944","(none named — references as shown on IEEE Xplore)","no"
"Journal Article","2016","10.5594/JMI.2016.2593937","10.5594-JMI.2016.2593937","orig-research","2016 Update from the Consumer Technology Association","Journal Article Repository/2016/7261654/7723944","(none named — references as shown on IEEE Xplore)","no"
"Journal Article","2016","10.5594/JMI.2016.2592338","10.5594-JMI.2016.2592338","orig-research","American Society of Cinematographers Technology Committee Progress Report 2016","Journal Article Repository/2016/7261654/7723944","(none named — references as shown on IEEE Xplore)","no"
"Journal Article","2016","10.5594/JMI.2016.2598689","10.5594-JMI.2016.2598689","orig-research","2016 Update on High Dynamic Range Television","Journal Article Repository/2016/7261654/7723944","(none named — references as shown on IEEE Xplore)","no"
"Journal Article","2016","10.5594/JMI.2016.2592279","10.5594-JMI.2016.2592279","orig-research","Studio Video over IP Progress Report","Journal Article Repository/2016/7261654/7723944","(none named — references as shown on IEEE Xplore)","no"
"Journal Article","2016","10.5594/JMI.2016.2592261","10.5594-JMI.2016.2592261","orig-research","EBU Technology and Innovation Activities","Journal Article Repository/2016/7261654/7723944","(none named — references as shown on IEEE Xplore)","no"
"Journal Article","2016","10.5594/JMI.2016.2589058","10.5594-JMI.2016.2589058","orig-research","Progress Report from MPEG","Journal Article Repository/2016/7261654/7723944","(none named — references as shown on IEEE Xplore)","no"
"Journal Article","2016","10.5594/JMI.2016.2602105","10.5594-JMI.2016.2602105","orig-research","Laser-Illuminated Projectors: A Step Closer to Replacing Lamps","Journal Article Repository/2016/7261654/7723944","(none named — references as shown on IEEE Xplore)","no"
"Journal Article","2016","10.5594/JMI.2016.2602121","10.5594-JMI.2016.2602121","orig-research","Leveraging Cloud-Based Predictive Analytics to Strengthen Audience Engagement","Journal Article Repository/2016/7261654/7736163","(none named — references as shown on IEEE Xplore)","no"
"Journal Article","2016","10.5594/JMI.2016.2602120","10.5594-JMI.2016.2602120","orig-research","Color Grading with Color Management","Journal Article Repository/2016/7261654/7736163","(none named — references as shown on IEEE Xplore)","no"
"Journal Article","2016","10.5594/JMI.2016.2602122","10.5594-JMI.2016.2602122","orig-research","Utilizing Massive Compute Resources in the Public Cloud for Complex Image Processing","Journal Article Repository/2016/7261654/7736163","(none named — references as shown on IEEE Xplore)","no"
"Journal Article","2016","10.5594/JMI.2016.2602118","10.5594-JMI.2016.2602118","orig-research","Perceptual Uniformity for High-Dynamic-Range Television Systems","Journal Article Repository/2016/7261654/7736163","(none named — references as shown on IEEE Xplore)","no"
"Journal Article","2016","10.5594/JMI.2016.2602119","10.5594-JMI.2016.2602119","orig-research","Moving Toward Zero Infrastructure Broadcasting","Journal Article Repository/2016/7261654/7736163","(none named — references as shown on IEEE Xplore)","no"
"Journal Article","2016","10.5594/JMI.2016.2619304","10.5594-JMI.2016.2619304","orig-research","Recipes for Creating and Delivering Next-Generation Broadcast Audio","Journal Article Repository/2016/7261654/7802653","(none named — references as shown on IEEE Xplore)","no"
"Journal Article","2016","10.5594/JMI.2016.2619439","10.5594-JMI.2016.2619439","orig-research","The Future of Audio Post-Production using Virtual 3D Scenes","Journal Article Repository/2016/7261654/7802653","(none named — references as shown on IEEE Xplore)","no"
"Journal Article","2016","10.5594/JMI.2016.2623398","10.5594-JMI.2016.2623398","orig-research","Scene-based Audio Implemented with Higher Order Ambisonics","Journal Article Repository/2016/7261654/7802653","(none named — references as shown on IEEE Xplore)","no"
"Journal Article","2016","10.5594/JMI.2016.2619460","10.5594-JMI.2016.2619460","orig-research","Digital Television Backward Compatibility Based on Mixed Simulcast using Independent Scalable Video Coding","Journal Article Repository/2016/7261654/7802653","(none named — references as shown on IEEE Xplore)","no"
"Journal Article","2016","10.5594/JMI.2016.2614919","10.5594-JMI.2016.2614919","orig-research","Understanding the Diverse Needs of Subtitle Users in a Rapidly Evolving Media Landscape","Journal Article Repository/2016/7261654/7802653","(none named — references as shown on IEEE Xplore)","no"
"Journal Article","2016","10.5594/JMI.2016.2619459","10.5594-JMI.2016.2619459","orig-research","Monitoring and Authoring of 3D Immersive Next-Generation Audio Formats","Journal Article Repository/2016/7261654/7802653","(none named — references as shown on IEEE Xplore)","no"
"Journal Article","2016","10.5594/JMI.2016.2615430","10.5594-JMI.2016.2615430","orig-research","Object-Based Audio for Sports TV Production","Journal Article Repository/2016/7261654/7802653","(none named — references as shown on IEEE Xplore)","no"
"Journal Article","2017","10.5594/JMI.2016.2632358","10.5594-JMI.2016.2632358","orig-research","Cybersecurity for Media Technology Products","Journal Article Repository/2017/7261654/7847455","(none named — references as shown on IEEE Xplore)","no"
"Journal Article","2017","10.5594/JMI.2016.2632398","10.5594-JMI.2016.2632398","orig-research","Seamless 3D Interaction of Virtual and Real Objects in Professional Virtual Studios","Journal Article Repository/2017/7261654/7847455","(none named — references as shown on IEEE Xplore)","no"
"Journal Article","2017","10.5594/JMI.2016.2632279","10.5594-JMI.2016.2632279","orig-research","Improving User Experience when HTTP Adaptive Streaming Clients Compete for Bandwidth","Journal Article Repository/2017/7261654/7847455","(none named — references as shown on IEEE Xplore)","no"
"Journal Article","2017","10.5594/JMI.2016.2632338","10.5594-JMI.2016.2632338","orig-research","Enhancing MPEG DASH Performance via Server and Network Assistance","Journal Article Repository/2017/7261654/7847455","(none named — references as shown on IEEE Xplore)","no"
"Journal Article","2017","10.5594/JMI.2016.2632278","10.5594-JMI.2016.2632278","orig-research","Avatar-Based Sign Language Interpretations for Weather Forecast and other TV Programs","Journal Article Repository/2017/7261654/7847455","(none named — references as shown on IEEE Xplore)","no"
"Journal Article","2017","10.5594/JMI.2016.2640058","10.5594-JMI.2016.2640058","orig-research","Interactive Steaming of Panoramas and VR Worlds","Journal Article Repository/2017/7261654/7847455","(none named — references as shown on IEEE Xplore)","no"
"Journal Article","2017","10.5594/JMI.2016.2643964","10.5594-JMI.2016.2643964","orig-research","The Resolution Revolution: How Many Bits Do We Really Need?","Journal Article Repository/2017/7261654/7879435","(none named — references as shown on IEEE Xplore)","no"
"Journal Article","2017","10.5594/JMI.2016.2643800","10.5594-JMI.2016.2643800","orig-research","HDR Perception Challenges and Measurements in Cinema Environments","Journal Article Repository/2017/7261654/7879435","(none named — references as shown on IEEE Xplore)","no"
"Journal Article","2017","10.5594/JMI.2016.2643938","10.5594-JMI.2016.2643938","orig-research","Readying for UHDTV Broadcasting in Japan","Journal Article Repository/2017/7261654/7879435","(none named — references as shown on IEEE Xplore)","no"
"Journal Article","2017","10.5594/JMI.2016.2643879","10.5594-JMI.2016.2643879","orig-research","Beyond the Limits of Visual Acuity: The Real Reason for 4K and 8K Image Resolution","Journal Article Repository/2017/7261654/7879435","(none named — references as shown on IEEE Xplore)","no"
"Journal Article","2017","10.5594/JMI.2016.2643898","10.5594-JMI.2016.2643898","orig-research","Statistical Methods for Validating UHD Test Content","Journal Article Repository/2017/7261654/7879435","(none named — references as shown on IEEE Xplore)","no"
"Journal Article","2017","10.5594/JMI.2016.2643858","10.5594-JMI.2016.2643858","orig-research","Objectively Evaluating High Dynamic Range and Wide Color Gamut Color Differences","Journal Article Repository/2017/7261654/7879435","(none named — references as shown on IEEE Xplore)","no"
"Journal Article","2017","10.5594/JMI.2017.2660638","10.5594-JMI.2017.2660638","orig-research","Adapting Content to Different Displays Capabilities and Viewing Environments","Journal Article Repository/2017/7261654/7892098","(none named — references as shown on IEEE Xplore)","no"
"Journal Article","2017","10.5594/JMI.2017.2660678","10.5594-JMI.2017.2660678","orig-research","The Future’s So Bright, I Gotta Wear Shades: Test Patterns for HDR","Journal Article Repository/2017/7261654/7892098","(none named — references as shown on IEEE Xplore)","no"
"Journal Article","2017","10.5594/JMI.2017.2665298","10.5594-JMI.2017.2665298","orig-research","Realtime Cross-Mapping of High Dynamic Range Images","Journal Article Repository/2017/7261654/7892098","(none named — references as shown on IEEE Xplore)","no"
"Journal Article","2017","10.5594/JMI.2017.2660718","10.5594-JMI.2017.2660718","orig-research","Conversion of Conventional Video Display for High Dynamic Range Televisions","Journal Article Repository/2017/7261654/7892098","(none named — references as shown on IEEE Xplore)","no"
"Journal Article","2017","10.5594/JMI.2017.2660698","10.5594-JMI.2017.2660698","orig-research","Luminance-Preserving Color Conversion","Journal Article Repository/2017/7261654/7892098","(none named — references as shown on IEEE Xplore)","no"
"Journal Article","2017","10.5594/JMI.2017.2660738","10.5594-JMI.2017.2660738","orig-research","A UHD 2/3 inch CMOS Imager with Dynamic Pixel Management - An Enabler for New Format Flexibility","Journal Article Repository/2017/7261654/7892098","(none named — references as shown on IEEE Xplore)","no"
"Journal Article","2017","10.5594/JMI.2017.2660618","10.5594-JMI.2017.2660618","orig-research","A Single-Layer HDR Video Coding Framework with SDR Compatibility","Journal Article Repository/2017/7261654/7892098","(none named — references as shown on IEEE Xplore)","no"
"Journal Article","2017","10.5594/JMI.2017.2673718","10.5594-JMI.2017.2673718","orig-research","A Biologically-Inspired Approach to Making HDR Video Quality Assessment Easier","Journal Article Repository/2017/7261654/7934834","(none named — references as shown on IEEE Xplore)","no"
"Journal Article","2017","10.5594/JMI.2017.2673219","10.5594-JMI.2017.2673219","orig-research","Looking Deep into the Future: Infrastructure Prospects for the Media Enterprise in 2036","Journal Article Repository/2017/7261654/7934834","(none named — references as shown on IEEE Xplore)","no"
"Journal Article","2017","10.5594/JMI.2017.2677818","10.5594-JMI.2017.2677818","orig-research","The Suitcase: Using C4, Semantics and NoSQL for Managing Motion Picture Data","Journal Article Repository/2017/7261654/7934834","(none named — references as shown on IEEE Xplore)","no"
"Journal Article","2017","10.5594/JMI.2017.2673198","10.5594-JMI.2017.2673198","orig-research","Integrating Non-Realtime Software Processes into Realtime IP-Based Production","Journal Article Repository/2017/7261654/7934834","(none named — references as shown on IEEE Xplore)","no"
"Journal Article","2017","10.5594/JMI.2017.2681818","10.5594-JMI.2017.2681818","orig-research","Large-Scale PTP: How Big Can It Get?","Journal Article Repository/2017/7261654/7934834","(none named — references as shown on IEEE Xplore)","no"
"Journal Article","2017","10.5594/JMI.2017.2677838","10.5594-JMI.2017.2677838","orig-research","The VRT Sandbox LIVE IP Experience","Journal Article Repository/2017/7261654/7934834","(none named — references as shown on IEEE Xplore)","no"
"Journal Article","2017","10.5594/JMI.2017.2680560","10.5594-JMI.2017.2680560","orig-research","Efficient Monitoring of ST2059-2 Based Time Transfer Performance","Journal Article Repository/2017/7261654/7934834","(none named — references as shown on IEEE Xplore)","no"
"Journal Article","2017","10.5594/JMI.2017.2703479","10.5594-JMI.2017.2703479","orig-research","Audio for Television: How AES67 and Uncompressed 2022/2110/TR03 Video Fit Together","Journal Article Repository/2017/7261654/7963900","(none named — references as shown on IEEE Xplore)","no"
"Journal Article","2017","10.5594/JMI.2017.2698959","10.5594-JMI.2017.2698959","orig-research","Cutting the Cord at 60 GHz","Journal Article Repository/2017/7261654/7963900","(none named — references as shown on IEEE Xplore)","no"
"Journal Article","2017","10.5594/JMI.2017.2703198","10.5594-JMI.2017.2703198","orig-research","Loudspeaker Requirements in Object-Based Cinema","Journal Article Repository/2017/7261654/7963900","(none named — references as shown on IEEE Xplore)","no"
"Journal Article","2017","10.5594/JMI.2017.2698607","10.5594-JMI.2017.2698607","orig-research","High Frame Rates and the Visibility of Motion Artifacts","Journal Article Repository/2017/7261654/7963900","(none named — references as shown on IEEE Xplore)","no"
"Journal Article","2017","10.5594/JMI.2017.2698618","10.5594-JMI.2017.2698618","orig-research","Building the World’s Most Complex TV Network: A Test Bed for Broadcasting Immersive and Interactive Audio","Journal Article Repository/2017/7261654/7963900","(none named — references as shown on IEEE Xplore)","no"
"Journal Article","2017","10.5594/JMI.2017.2711878","10.5594-JMI.2017.2711878","orig-research","GPU-Based Realtime System for Cinematic Virtual Reality Production","Journal Article Repository/2017/7261654/8004447","(none named — references as shown on IEEE Xplore)","no"
"Journal Article","2017","10.5594/JMI.2017.2692018","10.5594-JMI.2017.2692018","orig-research","Analyzing and Monitoring Video Quality in a Diverse HDR Ecosystem","Journal Article Repository/2017/7261654/8004447","(none named — references as shown on IEEE Xplore)","no"
"Journal Article","2017","10.5594/JMI.2017.2709842","10.5594-JMI.2017.2709842","orig-research","Research on Audience Response to Multiple-Screen Projection","Journal Article Repository/2017/7261654/8004447","(none named — references as shown on IEEE Xplore)","no"
"Journal Article","2017","10.5594/JMI.2017.2711899","10.5594-JMI.2017.2711899","orig-research","STARE: Realtime, Wearable, Simultaneous Gaze Tracking and Object Recognition from Eye Images","Journal Article Repository/2017/7261654/8004447","(none named — references as shown on IEEE Xplore)","no"
"Journal Article","2017","10.5594/JMI.2017.2712358","10.5594-JMI.2017.2712358","orig-research","Dreamspace: A Platform and Tools for Collaborative Virtual Production","Journal Article Repository/2017/7261654/8004447","(none named — references as shown on IEEE Xplore)","no"
"Journal Article","2017","10.5594/JMI.2017.2709859","10.5594-JMI.2017.2709859","orig-research","Creating Object-Based Experiences in the Real World","Journal Article Repository/2017/7261654/8004447","(none named — references as shown on IEEE Xplore)","no"
"Journal Article","2017","10.5594/JMI.2017.2723178","10.5594-JMI.2017.2723178","orig-research","2017 Update from the Consumer Technology Association","Journal Article Repository/2017/7261654/8015203","(none named — references as shown on IEEE Xplore)","no"
"Journal Article","2017","10.5594/JMI.2017.2718860","10.5594-JMI.2017.2718860","orig-research","2017 Update on Activities Related to JT-NM, AMWA, DPP, NABA, and VSF","Journal Article Repository/2017/7261654/8015203","(none named — references as shown on IEEE Xplore)","no"
"Journal Article","2017","10.5594/JMI.2017.2724644","10.5594-JMI.2017.2724644","orig-research","State of Interoperable Master Format (IMF)","Journal Article Repository/2017/7261654/8015203","(none named — references as shown on IEEE Xplore)","no"
"Journal Article","2017","10.5594/JMI.2017.2718862","10.5594-JMI.2017.2718862","orig-research","Report From the Science and Technology Council of the Academy of Motion Picture Arts and Sciences","Journal Article Repository/2017/7261654/8015203","(none named — references as shown on IEEE Xplore)","no"
"Journal Article","2017","10.5594/JMI.2017.2721798","10.5594-JMI.2017.2721798","orig-research","SMPTE Progress Report—Displays 2017","Journal Article Repository/2017/7261654/8015203","(none named — references as shown on IEEE Xplore)","no"
"Journal Article","2017","10.5594/JMI.2017.2723198","10.5594-JMI.2017.2723198","orig-research","2017 Update From Digital Video Broadcasting","Journal Article Repository/2017/7261654/8015203","(none named — references as shown on IEEE Xplore)","no"
"Journal Article","2017","10.5594/JMI.2017.2721778","10.5594-JMI.2017.2721778","orig-research","American Society of Cinematographers Motion Imaging Technology Council Progress Report 2017","Journal Article Repository/2017/7261654/8015203","(none named — references as shown on IEEE Xplore)","no"
"Journal Article","2017","10.5594/JMI.2017.2724098","10.5594-JMI.2017.2724098","orig-research","Update on 4K Ultra HD Blu-ray Production","Journal Article Repository/2017/7261654/8015203","(none named — references as shown on IEEE Xplore)","no"
"Journal Article","2017","10.5594/JMI.2017.2724647","10.5594-JMI.2017.2724647","orig-research","2017 EBU Technology & Innovation Progress Report","Journal Article Repository/2017/7261654/8015203","(none named — references as shown on IEEE Xplore)","no"
"Journal Article","2017","10.5594/JMI.2017.2718859","10.5594-JMI.2017.2718859","orig-research","Progress Report of the Advanced Television Systems Committee","Journal Article Repository/2017/7261654/8015203","(none named — references as shown on IEEE Xplore)","no"
"Journal Article","2017","10.5594/JMI.2017.2724645","10.5594-JMI.2017.2724645","orig-research","2017 Update on High Dynamic Range Television","Journal Article Repository/2017/7261654/8015203","(none named — references as shown on IEEE Xplore)","no"
"Journal Article","2017","10.5594/JMI.2017.2732898","10.5594-JMI.2017.2732898","orig-research","An Extension of the Output Profile List for Semi-Automated Quality Control Using IMF","Journal Article Repository/2017/7261654/8065094","(none named — references as shown on IEEE Xplore)","no"
"Journal Article","2017","10.5594/JMI.2017.2732859","10.5594-JMI.2017.2732859","orig-research","Scaling IMF: How to Manage 10,000 IMF Packages","Journal Article Repository/2017/7261654/8065094","(none named — references as shown on IEEE Xplore)","no"
"Journal Article","2017","10.5594/JMI.2017.2732858","10.5594-JMI.2017.2732858","orig-research","Automatic Recovery and Verification of Subtitles for Large Collections of Video Clips","Journal Article Repository/2017/7261654/8065094","(none named — references as shown on IEEE Xplore)","no"
"Journal Article","2017","10.5594/JMI.2017.2733098","10.5594-JMI.2017.2733098","orig-research","Rethinking Frame Rate and Temporal Fidelity in a Cinema Workflow","Journal Article Repository/2017/7261654/8065094","(none named — references as shown on IEEE Xplore)","no"
"Journal Article","2017","10.5594/JMI.2017.2735662","10.5594-JMI.2017.2735662","orig-research","Automating the Exchange of Video Files with BXF and Enabling Further Process Automation in File-Based Workflows","Journal Article Repository/2017/7261654/8065094","(none named — references as shown on IEEE Xplore)","no"
"Journal Article","2017","10.5594/JMI.2017.2743839","10.5594-JMI.2017.2743839","orig-research","A 100 Gbit/sec Interface for 4K/8K UHDTV Signals","Journal Article Repository/2017/7261654/8100758","(none named — references as shown on IEEE Xplore)","no"
"Journal Article","2017","10.5594/JMI.2017.2744578","10.5594-JMI.2017.2744578","orig-research","The Open-Source Turing Codec: Toward Fast, Flexible, and Parallel HEVC Encoding","Journal Article Repository/2017/7261654/8100758","(none named — references as shown on IEEE Xplore)","no"
"Journal Article","2017","10.5594/JMI.2017.2744918","10.5594-JMI.2017.2744918","orig-research","VP9 Encoder and Decoders for Next-Generation Online Video Platforms and Services","Journal Article Repository/2017/7261654/8100758","(none named — references as shown on IEEE Xplore)","no"
"Journal Article","2017","10.5594/JMI.2017.2745378","10.5594-JMI.2017.2745378","orig-research","Quality Control of Stereoscopic 3D Compositing Using Half-Occlusion Geometry","Journal Article Repository/2017/7261654/8100758","(none named — references as shown on IEEE Xplore)","no"
"Journal Article","2017","10.5594/JMI.2017.2749919","10.5594-JMI.2017.2749919","orig-research","High Frame Rate Psychophysics: Experimentation to Determine a JND for Frame Rate","Journal Article Repository/2017/7261654/8100758","(none named — references as shown on IEEE Xplore)","no"
"Journal Article","2017","10.5594/JMI.2017.2703218","10.5594-JMI.2017.2703218","orig-research","HEVC Mezzanine Compression for UHD Transport over SDI and IP Infrastructures","Journal Article Repository/2017/7261654/8100758","(none named — references as shown on IEEE Xplore)","no"
"Journal Article","2017","10.5594/JMI.2017.2749938","10.5594-JMI.2017.2749938","orig-research","Efficient Multibitrate HEVC Encoding for Adaptive Streaming","Journal Article Repository/2017/7261654/8100758","(none named — references as shown on IEEE Xplore)","no"
"Journal Article","2018","10.5594/JMI.2017.2762098","10.5594-JMI.2017.2762098","orig-research","Technology Components for a Data-Driven Personalized Media Experience in Broadcasting","Journal Article Repository/2018/7261654/8272515","(none named — references as shown on IEEE Xplore)","no"
"Journal Article","2018","10.5594/JMI.2017.2770334","10.5594-JMI.2017.2770334","orig-research","Through the Smoke: A Look At Industry Trends","Journal Article Repository/2018/7261654/8272515","(none named — references as shown on IEEE Xplore)","no"
"Journal Article","2018","10.5594/JMI.2017.2763838","10.5594-JMI.2017.2763838","orig-research","Security of Transactional Media Systems in the Cloud Using IMF and Other File Formats","Journal Article Repository/2018/7261654/8272515","(none named — references as shown on IEEE Xplore)","no"
"Journal Article","2018","10.5594/JMI.2017.2762778","10.5594-JMI.2017.2762778","orig-research","Techniques to Detect Modified Video","Journal Article Repository/2018/7261654/8272515","(none named — references as shown on IEEE Xplore)","no"
"Journal Article","2018","10.5594/JMI.2017.2770338","10.5594-JMI.2017.2770338","orig-research","Improving Live Performance in HTTP Adaptive Streaming Systems","Journal Article Repository/2018/7261654/8272515","(none named — references as shown on IEEE Xplore)","no"
"Journal Article","2018","10.5594/JMI.2017.2762528","10.5594-JMI.2017.2762528","orig-research","Application of SAND Technology in DASH-Enabled Content Delivery Networks and Server Environments","Journal Article Repository/2018/7261654/8272515","(none named — references as shown on IEEE Xplore)","no"
"Journal Article","2018","10.5594/JMI.2017.2786421","10.5594-JMI.2017.2786421","orig-research","Designing, Planning, and Executing Immersive Audio for the 2016 Rio Olympics","Journal Article Repository/2018/7261654/8304826","(none named — references as shown on IEEE Xplore)","no"
"Journal Article","2018","10.5594/JMI.2017.2782418","10.5594-JMI.2017.2782418","orig-research","Evaluation of Color Pixel Representations for High Dynamic Range Digital Cinema","Journal Article Repository/2018/7261654/8304826","(none named — references as shown on IEEE Xplore)","no"
"Journal Article","2018","10.5594/JMI.2017.2743838","10.5594-JMI.2017.2743838","orig-research","Active Depth Cuts Without Distortion of Stereoscopic Depth Reduce Annoyance","Journal Article Repository/2018/7261654/8304826","(none named — references as shown on IEEE Xplore)","no"
"Journal Article","2018","10.5594/JMI.2017.2786422","10.5594-JMI.2017.2786422","orig-research","An Open, Standards-Based Framework for Audio Metadata Transport in Live Content Workflows","Journal Article Repository/2018/7261654/8304826","(none named — references as shown on IEEE Xplore)","no"
"Journal Article","2018","10.5594/JMI.2018.2790698","10.5594-JMI.2018.2790698","orig-research","Why Does Cinema Sound Quality Mostly Fail to Realize Its Potential?","Journal Article Repository/2018/7261654/8304826","(none named — references as shown on IEEE Xplore)","no"
"Journal Article","2018","10.5594/JMI.2017.2788738","10.5594-JMI.2017.2788738","orig-research","Celebrating the Launch of 8K/4K UHDTV Satellite Broadcasting and Progress on Full-Featured 8K UHDTV in Japan","Journal Article Repository/2018/7261654/8304826","(none named — references as shown on IEEE Xplore)","no"
"Journal Article","2018","10.5594/JMI.2018.2790658","10.5594-JMI.2018.2790658","orig-research","Speech-to-Text for Broadcasters, From Research to Implementation","Journal Article Repository/2018/7261654/8304826","(none named — references as shown on IEEE Xplore)","no"
"Journal Article","2018","10.5594/JMI.2018.2792758","10.5594-JMI.2018.2792758","orig-research","Hitting the Mark—A New Color Difference Metric for HDR and WCG Imagery","Journal Article Repository/2018/7261654/8323429","(none named — references as shown on IEEE Xplore)","no"
"Journal Article","2018","10.5594/JMI.2018.2792761","10.5594-JMI.2018.2792761","orig-research","Characterization of Processing Artifacts in High Dynamic Range, Wide Color Gamut Video","Journal Article Repository/2018/7261654/8323429","(none named — references as shown on IEEE Xplore)","no"
"Journal Article","2018","10.5594/JMI.2018.2792798","10.5594-JMI.2018.2792798","orig-research","Beyond 4K: Can We Actually Tell Stories in Motion Pictures and Television in 8K?","Journal Article Repository/2018/7261654/8323429","(none named — references as shown on IEEE Xplore)","no"
"Journal Article","2018","10.5594/JMI.2018.2798518","10.5594-JMI.2018.2798518","orig-research","Access Services for UHDTV: An Initial Investigation of W3C TTML2 Subtitles (Closed-Captions)","Journal Article Repository/2018/7261654/8323429","(none named — references as shown on IEEE Xplore)","no"
"Journal Article","2018","10.5594/JMI.2018.2799778","10.5594-JMI.2018.2799778","orig-research","Choosing Encoding Parameters for High-Dynamic Range Streaming","Journal Article Repository/2018/7261654/8323429","(none named — references as shown on IEEE Xplore)","no"
"Journal Article","2018","10.5594/JMI.2018.2798478","10.5594-JMI.2018.2798478","orig-research","A Newly Developed 8K/HLG Broadcasting Camera System With Three CMOS Image Sensors","Journal Article Repository/2018/7261654/8323429","(none named — references as shown on IEEE Xplore)","no"
"Journal Article","2018","10.5594/JMI.2018.2792759","10.5594-JMI.2018.2792759","orig-research","A Brightness Measure for High Dynamic Range Television","Journal Article Repository/2018/7261654/8323429","(none named — references as shown on IEEE Xplore)","no"
"Journal Article","2018","10.5594/JMI.2018.2811599","10.5594-JMI.2018.2811599","orig-research","Microservices: Building Blocks to New Workflows and Virtualization","Journal Article Repository/2018/7261654/8352909","(none named — references as shown on IEEE Xplore)","no"
"Journal Article","2018","10.5594/JMI.2018.2806519","10.5594-JMI.2018.2806519","orig-research","A UHDTV2 Full-Resolution 60/120-Hz Multiformat Portable Camera System","Journal Article Repository/2018/7261654/8352909","(none named — references as shown on IEEE Xplore)","no"
"Journal Article","2018","10.5594/JMI.2018.2806499","10.5594-JMI.2018.2806499","orig-research","Moving Object-Based Media Production from One-Off Examples to Scalable Workflows","Journal Article Repository/2018/7261654/8352909","(none named — references as shown on IEEE Xplore)","no"
"Journal Article","2018","10.5594/JMI.2018.2806518","10.5594-JMI.2018.2806518","orig-research","Implementation of Closed Captioning System for Terrestrial UHD Based on ATSC 3.0","Journal Article Repository/2018/7261654/8352909","(none named — references as shown on IEEE Xplore)","no"
"Journal Article","2018","10.5594/JMI.2018.2811343","10.5594-JMI.2018.2811343","orig-research","Leveraging Hybrid Cloud Workflows in Media and Entertainment","Journal Article Repository/2018/7261654/8352909","(none named — references as shown on IEEE Xplore)","no"
"Journal Article","2018","10.5594/JMI.2018.2823038","10.5594-JMI.2018.2823038","orig-research","Lost in the Clouds? Cloud Storage Fits into Media Workflows—Just Not Everywhere","Journal Article Repository/2018/7261654/8370805","(none named — references as shown on IEEE Xplore)","no"
"Journal Article","2018","10.5594/JMI.2018.2821419","10.5594-JMI.2018.2821419","orig-research","Analysis of the Emerging AOMedia AV1 Video Coding Format for OTT Use-Cases","Journal Article Repository/2018/7261654/8370805","(none named — references as shown on IEEE Xplore)","no"
"Journal Article","2018","10.5594/JMI.2018.2810021","10.5594-JMI.2018.2810021","orig-research","How Tone Mapping Influences the Bit Rate and the Bit Depth of Coded Sequences","Journal Article Repository/2018/7261654/8370805","(none named — references as shown on IEEE Xplore)","no"
"Journal Article","2018","10.5594/JMI.2018.2813199","10.5594-JMI.2018.2813199","orig-research","Time-Compensated Remote Production Over IP","Journal Article Repository/2018/7261654/8370805","(none named — references as shown on IEEE Xplore)","no"
"Journal Article","2018","10.5594/JMI.2018.2816879","10.5594-JMI.2018.2816879","orig-research","An Internet of Things Architecture for Cloud-Fit Professional Media Workflow","Journal Article Repository/2018/7261654/8370805","(none named — references as shown on IEEE Xplore)","no"
"Journal Article","2018","10.5594/JMI.2018.2813198","10.5594-JMI.2018.2813198","orig-research","An Architecture for Cloud-Based IP Video Production Tools","Journal Article Repository/2018/7261654/8370805","(none named — references as shown on IEEE Xplore)","no"
"Journal Article","2018","10.5594/JMI.2018.2827278","10.5594-JMI.2018.2827278","orig-research","Shot Change and Stuck Pixel Detection of Digital Video Assets","Journal Article Repository/2018/7261654/8395446","(none named — references as shown on IEEE Xplore)","no"
"Journal Article","2018","10.5594/JMI.2018.2827181","10.5594-JMI.2018.2827181","orig-research","Artificial Intelligence for Detecting Media Piracy","Journal Article Repository/2018/7261654/8395446","(none named — references as shown on IEEE Xplore)","no"
"Journal Article","2018","10.5594/JMI.2018.2831078","10.5594-JMI.2018.2831078","orig-research","Technical Practices for a Multi-CDN Distribution Strategy","Journal Article Repository/2018/7261654/8395446","(none named — references as shown on IEEE Xplore)","no"
"Journal Article","2018","10.5594/JMI.2018.2826942","10.5594-JMI.2018.2826942","orig-research","NABA DPP: Specifications and Standards for Content Delivery","Journal Article Repository/2018/7261654/8395446","(none named — references as shown on IEEE Xplore)","no"
"Journal Article","2018","10.5594/JMI.2018.2826941","10.5594-JMI.2018.2826941","orig-research","IMF End-to-End Workflows in Media Asset Management Systems","Journal Article Repository/2018/7261654/8395446","(none named — references as shown on IEEE Xplore)","no"
"Journal Article","2018","10.5594/JMI.2018.2832003","10.5594-JMI.2018.2832003","orig-research","Cyber Defense: Deter, Detect, and Defend","Journal Article Repository/2018/7261654/8395446","(none named — references as shown on IEEE Xplore)","no"
"Journal Article","2018","10.5594/JMI.2018.2832578","10.5594-JMI.2018.2832578","orig-research","Building a Cognitive Data Management Strategy (and Why Doing So Is Suddenly So Important)","Journal Article Repository/2018/7261654/8395446","(none named — references as shown on IEEE Xplore)","no"
"Journal Article","2018","10.5594/JMI.2018.2838818","10.5594-JMI.2018.2838818","orig-research","360-Degree Video Streaming and Its Subjective Quality","Journal Article Repository/2018/7261654/8424243","(none named — references as shown on IEEE Xplore)","no"
"Journal Article","2018","10.5594/JMI.2018.2842598","10.5594-JMI.2018.2842598","orig-research","State-of-the-Art Virtual Reality Streaming: Solutions for Reducing Bandwidth and Improving Video Quality","Journal Article Repository/2018/7261654/8424243","(none named — references as shown on IEEE Xplore)","no"
"Journal Article","2018","10.5594/JMI.2018.2838780","10.5594-JMI.2018.2838780","orig-research","Projector Contrast Performance in a Cinema Environment","Journal Article Repository/2018/7261654/8424243","(none named — references as shown on IEEE Xplore)","no"
"Journal Article","2018","10.5594/JMI.2018.2838798","10.5594-JMI.2018.2838798","orig-research","Display Interfacing 2018: Getting Around the UHD Speed Bump","Journal Article Repository/2018/7261654/8424243","(none named — references as shown on IEEE Xplore)","no"
"Journal Article","2018","10.5594/JMI.2018.2840618","10.5594-JMI.2018.2840618","orig-research","TogetherVR: A Framework for Photorealistic Shared Media Experiences in 360-Degree VR","Journal Article Repository/2018/7261654/8424243","(none named — references as shown on IEEE Xplore)","no"
"Journal Article","2018","10.5594/JMI.2018.2838779","10.5594-JMI.2018.2838779","orig-research","360-Degree Video Streaming with MPEG-DASH","Journal Article Repository/2018/7261654/8424243","(none named — references as shown on IEEE Xplore)","no"
"Journal Article","2018","10.5594/JMI.2018.2848038","10.5594-JMI.2018.2848038","orig-research","Report from the Academy of Motion Picture Arts and Sciences’ Science and Technology Council","Journal Article Repository/2018/7261654/8444985","(none named — references as shown on IEEE Xplore)","no"
"Journal Article","2018","10.5594/JMI.2018.2847998","10.5594-JMI.2018.2847998","orig-research","American Society of Cinematographers Motion Imaging Technology Council Progress Report 2018","Journal Article Repository/2018/7261654/8444985","(none named — references as shown on IEEE Xplore)","no"
"Journal Article","2018","10.5594/JMI.2018.2839920","10.5594-JMI.2018.2839920","orig-research","2018 Digital Video Broadcasting Update","Journal Article Repository/2018/7261654/8444985","(none named — references as shown on IEEE Xplore)","no"
"Journal Article","2018","10.5594/JMI.2018.2839918","10.5594-JMI.2018.2839918","orig-research","Master Control in the Cloud: From Concept to Reality","Journal Article Repository/2018/7261654/8444985","(none named — references as shown on IEEE Xplore)","no"
"Journal Article","2018","10.5594/JMI.2018.2850998","10.5594-JMI.2018.2850998","orig-research","State of Security for the Media and Entertainment Industry","Journal Article Repository/2018/7261654/8444985","(none named — references as shown on IEEE Xplore)","no"
"Journal Article","2018","10.5594/JMI.2018.2850418","10.5594-JMI.2018.2850418","orig-research","Progress Report of the Advanced Television Systems Committee","Journal Article Repository/2018/7261654/8444985","(none named — references as shown on IEEE Xplore)","no"
"Journal Article","2018","10.5594/JMI.2018.2841218","10.5594-JMI.2018.2841218","orig-research","2018 Update from the Consumer Technology Association","Journal Article Repository/2018/7261654/8444985","(none named — references as shown on IEEE Xplore)","no"
"Journal Article","2018","10.5594/JMI.2018.2846098","10.5594-JMI.2018.2846098","orig-research","Video Coding Standards Progress Report: Joint Video Experts Team Launches the Versatile Video Coding Project","Journal Article Repository/2018/7261654/8444985","(none named — references as shown on IEEE Xplore)","no"
"Journal Article","2018","10.5594/JMI.2018.2851118","10.5594-JMI.2018.2851118","orig-research","A Personal History and the Future of Broadcasting in the Connected Age","Journal Article Repository/2018/7261654/8444985","(none named — references as shown on IEEE Xplore)","no"
"Journal Article","2018","10.5594/JMI.2018.2849658","10.5594-JMI.2018.2849658","orig-research","2018 Update on Activities Related to JT-NM, AMWA, and VSF","Journal Article Repository/2018/7261654/8444985","(none named — references as shown on IEEE Xplore)","no"
"Journal Article","2018","10.5594/JMI.2018.2841207","10.5594-JMI.2018.2841207","orig-research","Progress Report: IMF for Broadcast and Online","Journal Article Repository/2018/7261654/8444985","(none named — references as shown on IEEE Xplore)","no"
"Journal Article","2018","10.5594/JMI.2018.2845638","10.5594-JMI.2018.2845638","orig-research","Report from the Audio Engineering Society","Journal Article Repository/2018/7261654/8444985","(none named — references as shown on IEEE Xplore)","no"
"Journal Article","2018","10.5594/JMI.2018.2850398","10.5594-JMI.2018.2850398","orig-research","UHD Alliance Progress Report","Journal Article Repository/2018/7261654/8444985","(none named — references as shown on IEEE Xplore)","no"
"Journal Article","2018","10.5594/JMI.2018.2847568","10.5594-JMI.2018.2847568","orig-research","Progress Report: ST 2110 Update","Journal Article Repository/2018/7261654/8444985","(none named — references as shown on IEEE Xplore)","no"
"Journal Article","2018","10.5594/JMI.2018.2849659","10.5594-JMI.2018.2849659","orig-research","2018 Update on High Dynamic Range Television","Journal Article Repository/2018/7261654/8444985","(none named — references as shown on IEEE Xplore)","no"
"Journal Article","2018","10.5594/JMI.2018.2810022","10.5594-JMI.2018.2810022","orig-research","Core Color Rendering Algorithms for High Dynamic Range Display","Journal Article Repository/2018/7261654/8470092","(none named — references as shown on IEEE Xplore)","no"
"Journal Article","2018","10.5594/JMI.2018.2860499","10.5594-JMI.2018.2860499","orig-research","Why Diversity Programs Fail—And How to Fix Them","Journal Article Repository/2018/7261654/8470092","(none named — references as shown on IEEE Xplore)","no"
"Journal Article","2018","10.5594/JMI.2018.2862647","10.5594-JMI.2018.2862647","orig-research","Noniterative Content-Adaptive Distributed Encoding Through ML Techniques","Journal Article Repository/2018/7261654/8470092","(none named — references as shown on IEEE Xplore)","no"
"Journal Article","2018","10.5594/JMI.2018.2862098","10.5594-JMI.2018.2862098","orig-research","JPEG-XS—A High-Quality Mezzanine Image Codec for Video Over IP","Journal Article Repository/2018/7261654/8470092","(none named — references as shown on IEEE Xplore)","no"
"Journal Article","2018","10.5594/JMI.2018.2861438","10.5594-JMI.2018.2861438","orig-research","Is Seeing Still Believing: Factors That Allow Humans and Machines to Discriminate Between Real and Generated Images","Journal Article Repository/2018/7261654/8470092","(none named — references as shown on IEEE Xplore)","no"
"Journal Article","2018","10.5594/JMI.2018.2859138","10.5594-JMI.2018.2859138","orig-research","UHDTV-2 Mezzanine Compression Codec For Miniaturized and Simplified UHD Production System","Journal Article Repository/2018/7261654/8470092","(none named — references as shown on IEEE Xplore)","no"
"Journal Article","2018","10.5594/JMI.2018.2859120","10.5594-JMI.2018.2859120","orig-research","High Throughput JPEG 2000 (HTJ2K): New Algorithms and Opportunities","Journal Article Repository/2018/7261654/8470092","(none named — references as shown on IEEE Xplore)","no"
"Journal Article","2018","10.5594/JMI.2018.2870019","10.5594-JMI.2018.2870019","orig-research","Media Orchestration Between Streams and Devices via New MPEG Timed Metadata","Journal Article Repository/2018/7261654/8532398","(none named — references as shown on IEEE Xplore)","no"
"Journal Article","2018","10.5594/JMI.2018.2844569","10.5594-JMI.2018.2844569","orig-research","Cost Increase Due to UHD Video Broadcasting Compared to HD","Journal Article Repository/2018/7261654/8532398","(none named — references as shown on IEEE Xplore)","no"
"Journal Article","2018","10.5594/JMI.2018.2870475","10.5594-JMI.2018.2870475","orig-research","Single-Sensor Video Cameras and the TLCI-2012","Journal Article Repository/2018/7261654/8532398","(none named — references as shown on IEEE Xplore)","no"
"Journal Article","2018","10.5594/JMI.2018.2868437","10.5594-JMI.2018.2868437","orig-research","ARnold: A Mixed Reality Short Film Using Microsoft HoloLens","Journal Article Repository/2018/7261654/8532398","(none named — references as shown on IEEE Xplore)","no"
"Journal Article","2018","10.5594/JMI.2018.2868438","10.5594-JMI.2018.2868438","orig-research","The Immersive Experience Classification System: A New Strategic Decision-Making Tool for Content Creators","Journal Article Repository/2018/7261654/8532398","(none named — references as shown on IEEE Xplore)","no"
"Journal Article","2018","10.5594/JMI.2018.2868436","10.5594-JMI.2018.2868436","orig-research","Programmable Data Plane for Professional Media Networking","Journal Article Repository/2018/7261654/8532398","(none named — references as shown on IEEE Xplore)","no"
"Journal Article","2018","10.5594/JMI.2018.2868435","10.5594-JMI.2018.2868435","orig-research","Realtime Measurement of Ultrahigh-Definition Camera Modulation Transfer Function","Journal Article Repository/2018/7261654/8532398","(none named — references as shown on IEEE Xplore)","no"
"Journal Article","2019","10.5594/JMI.2018.2880366","10.5594-JMI.2018.2880366","orig-research","Defining Artificial Intelligence","Journal Article Repository/2019/7261654/8632984","(none named — references as shown on IEEE Xplore)","no"
"Journal Article","2019","10.5594/JMI.2018.2879261","10.5594-JMI.2018.2879261","orig-research","Automatic Generation of Audio Descriptions for Sports Programs","Journal Article Repository/2019/7261654/8632984","(none named — references as shown on IEEE Xplore)","no"
"Journal Article","2019","10.5594/JMI.2018.2876781","10.5594-JMI.2018.2876781","orig-research","How Artificial Intelligence and Machine Learning May Eventually Change Content Creation Methodologies","Journal Article Repository/2019/7261654/8632984","(none named — references as shown on IEEE Xplore)","no"
"Journal Article","2019","10.5594/JMI.2018.2876072","10.5594-JMI.2018.2876072","orig-research","Dynamic Field of View in a Tomographic Light Field Display","Journal Article Repository/2019/7261654/8632984","(none named — references as shown on IEEE Xplore)","no"
"Journal Article","2019","10.5594/JMI.2018.2880364","10.5594-JMI.2018.2880364","orig-research","Realtime Semantic Enrichment of Video Streams in the Age of Big Data","Journal Article Repository/2019/7261654/8632984","(none named — references as shown on IEEE Xplore)","no"
"Journal Article","2019","10.5594/JMI.2018.2879260","10.5594-JMI.2018.2879260","orig-research","A Scalable Distribution System for Broadcasting Over IP Networks","Journal Article Repository/2019/7261654/8632984","(none named — references as shown on IEEE Xplore)","no"
"Journal Article","2019","10.5594/JMI.2018.2887289","10.5594-JMI.2018.2887289","orig-research","Determining Visibility Thresholds for Spatial and Spatiotemporal Chromatic Noise","Journal Article Repository/2019/7261654/8651571","(none named — references as shown on IEEE Xplore)","no"
"Journal Article","2019","10.5594/JMI.2018.2887160","10.5594-JMI.2018.2887160","orig-research","Proposed Measured Display Characterization File for HDR Consumer Displays","Journal Article Repository/2019/7261654/8651571","(none named — references as shown on IEEE Xplore)","no"
"Journal Article","2019","10.5594/JMI.2018.2887287","10.5594-JMI.2018.2887287","orig-research","Engineering a Live UHD Program from the International Space Station","Journal Article Repository/2019/7261654/8651571","(none named — references as shown on IEEE Xplore)","no"
"Journal Article","2019","10.5594/JMI.2018.2887288","10.5594-JMI.2018.2887288","orig-research","Begin with the End in Mind: A Unified End-to-End Quality-of-Experience Monitoring, Optimization, and Management Framework","Journal Article Repository/2019/7261654/8651571","(none named — references as shown on IEEE Xplore)","no"
"Journal Article","2019","10.5594/JMI.2018.2887250","10.5594-JMI.2018.2887250","orig-research","Next-Generation Video Compression Techniques","Journal Article Repository/2019/7261654/8651571","(none named — references as shown on IEEE Xplore)","no"
"Journal Article","2019","10.5594/JMI.2018.2887161","10.5594-JMI.2018.2887161","orig-research","Variable Frame Rate Display for Cinematic Presentations","Journal Article Repository/2019/7261654/8651571","(none named — references as shown on IEEE Xplore)","no"
"Journal Article","2019","10.5594/JMI.2019.2895582","10.5594-JMI.2019.2895582","orig-research","European Athletics Championship: Lessons from a Live, HDR, HFR, UHD, and Next-Generation Audio Sports Event","Journal Article Repository/2019/7261654/8673662","(none named — references as shown on IEEE Xplore)","no"
"Journal Article","2019","10.5594/JMI.2019.2894227","10.5594-JMI.2019.2894227","orig-research","Development of Full-Featured 8K Recorder","Journal Article Repository/2019/7261654/8673662","(none named — references as shown on IEEE Xplore)","no"
"Journal Article","2019","10.5594/JMI.2019.2896016","10.5594-JMI.2019.2896016","orig-research","What Are the “Killer Apps” for HDR? Analysis of SDR Assets to Predict the Potential of HDR","Journal Article Repository/2019/7261654/8673662","(none named — references as shown on IEEE Xplore)","no"
"Journal Article","2019","10.5594/JMI.2019.2894226","10.5594-JMI.2019.2894226","orig-research","Video Luminance Levels for Human Skin Tones in Hybrid Log-Gamma Video","Journal Article Repository/2019/7261654/8673662","(none named — references as shown on IEEE Xplore)","no"
"Journal Article","2019","10.5594/JMI.2019.2895583","10.5594-JMI.2019.2895583","orig-research","8K 240-Hz Full-Resolution High-Speed Camera and Slow-Motion Replay Server Systems","Journal Article Repository/2019/7261654/8673662","(none named — references as shown on IEEE Xplore)","no"
"Journal Article","2019","10.5594/JMI.2019.2895703","10.5594-JMI.2019.2895703","orig-research","Predicting HDR Cinema Requirements from HDR Home Master Statistics","Journal Article Repository/2019/7261654/8673662","(none named — references as shown on IEEE Xplore)","no"
"Journal Article","2019","10.5594/JMI.2019.2895795","10.5594-JMI.2019.2895795","orig-research","An Assessment of Reference Levels in HDR Content","Journal Article Repository/2019/7261654/8673662","(none named — references as shown on IEEE Xplore)","no"
"Journal Article","2019","10.5594/JMI.2019.2901209","10.5594-JMI.2019.2901209","orig-research","ABR Quality Monitoring: State of the Art","Journal Article Repository/2019/7261654/8700645","(none named — references as shown on IEEE Xplore)","no"
"Journal Article","2019","10.5594/JMI.2019.2899712","10.5594-JMI.2019.2899712","orig-research","Analyzing SMPTE ST 2110 Streams Using EBU’s Open-Source Software","Journal Article Repository/2019/7261654/8700645","(none named — references as shown on IEEE Xplore)","no"
"Journal Article","2019","10.5594/JMI.2019.2901188","10.5594-JMI.2019.2901188","orig-research","Practical Performance Measurements of LTE Broadcast (eMBMS) for TV Applications","Journal Article Repository/2019/7261654/8700645","(none named — references as shown on IEEE Xplore)","no"
"Journal Article","2019","10.5594/JMI.2019.2899713","10.5594-JMI.2019.2899713","orig-research","Nonblocking Multicast Networks for Transporting Stream Media","Journal Article Repository/2019/7261654/8700645","(none named — references as shown on IEEE Xplore)","no"
"Journal Article","2019","10.5594/JMI.2019.2901208","10.5594-JMI.2019.2901208","orig-research","Black Level Visibility as a Function of Ambient Illumination","Journal Article Repository/2019/7261654/8700645","(none named — references as shown on IEEE Xplore)","no"
"Journal Article","2019","10.5594/JMI.2018.2887251","10.5594-JMI.2018.2887251","orig-research","What Does High Dynamic Range Mean: Creating a High Dynamic Range Workflow for Film Students","Journal Article Repository/2019/7261654/8700645","(none named — references as shown on IEEE Xplore)","no"
"Journal Article","2019","10.5594/JMI.2019.2899230","10.5594-JMI.2019.2899230","orig-research","User-Centric Companion Screen Architecture for Improving Accessibility of Broadcast Services","Journal Article Repository/2019/7261654/8700645","(none named — references as shown on IEEE Xplore)","no"
"Journal Article","2019","10.5594/JMI.2019.2906836","10.5594-JMI.2019.2906836","orig-research","Color Management for Cinematic Immersive Experiences","Journal Article Repository/2019/7261654/8725880","(none named — references as shown on IEEE Xplore)","no"
"Journal Article","2019","10.5594/JMI.2019.2906813","10.5594-JMI.2019.2906813","orig-research","Light-Field Displays and Their Potential Impact on Immersive Storytelling","Journal Article Repository/2019/7261654/8725880","(none named — references as shown on IEEE Xplore)","no"
"Journal Article","2019","10.5594/JMI.2019.2906835","10.5594-JMI.2019.2906835","orig-research","Advanced Volumetric Capture and Processing","Journal Article Repository/2019/7261654/8725880","(none named — references as shown on IEEE Xplore)","no"
"Journal Article","2019","10.5594/JMI.2019.2904374","10.5594-JMI.2019.2904374","orig-research","Sound and Fury: Bringing Dolby Atmos to the NHRA","Journal Article Repository/2019/7261654/8725880","(none named — references as shown on IEEE Xplore)","no"
"Journal Article","2019","10.5594/JMI.2019.2907350","10.5594-JMI.2019.2907350","orig-research","HDR in Consideration of the Abilities of the Human Visual System","Journal Article Repository/2019/7261654/8725880","(none named — references as shown on IEEE Xplore)","no"
"Journal Article","2019","10.5594/JMI.2019.2907349","10.5594-JMI.2019.2907349","orig-research","Object-Audio Capture System for Sports Broadcasting","Journal Article Repository/2019/7261654/8725880","(none named — references as shown on IEEE Xplore)","no"
"Journal Article","2019","10.5594/JMI.2019.2914964","10.5594-JMI.2019.2914964","orig-research","Enhanced Redundancy of ST 2059-2 Time Transfer Over ST 2022-7 Redundant Networks","Journal Article Repository/2019/7261654/8742706","(none named — references as shown on IEEE Xplore)","no"
"Journal Article","2019","10.5594/JMI.2019.2910983","10.5594-JMI.2019.2910983","orig-research","Architectural Considerations When Selecting a Neutral Form for Moving Images","Journal Article Repository/2019/7261654/8742706","(none named — references as shown on IEEE Xplore)","no"
"Journal Article","2019","10.5594/JMI.2019.2910704","10.5594-JMI.2019.2910704","orig-research","A Subjective Comparison of Broadcast and Unicast Transmission Impairments","Journal Article Repository/2019/7261654/8742706","(none named — references as shown on IEEE Xplore)","no"
"Journal Article","2019","10.5594/JMI.2019.2910706","10.5594-JMI.2019.2910706","orig-research","Scalability and Performance of the AMWA IS-04 and IS-05 NMOS Specifications for Networked Media","Journal Article Repository/2019/7261654/8742706","(none named — references as shown on IEEE Xplore)","no"
"Journal Article","2019","10.5594/JMI.2019.2912482","10.5594-JMI.2019.2912482","orig-research","ATSC 3.0 Standards Usher in Next Gen TV Era","Journal Article Repository/2019/7261654/8742706","(none named — references as shown on IEEE Xplore)","no"
"Journal Article","2019","10.5594/JMI.2019.2910705","10.5594-JMI.2019.2910705","orig-research","Implementing 8K Vision Mixer for Cloud-Based Production System","Journal Article Repository/2019/7261654/8742706","(none named — references as shown on IEEE Xplore)","no"
"Journal Article","2019","10.5594/JMI.2019.2918036","10.5594-JMI.2019.2918036","orig-research","A Threat Analysis for Virtual Reality Media","Journal Article Repository/2019/7261654/8779765","(none named — references as shown on IEEE Xplore)","no"
"Journal Article","2019","10.5594/JMI.2019.2917597","10.5594-JMI.2019.2917597","orig-research","Interoperable Workflows Through IMF Output Profile Lists","Journal Article Repository/2019/7261654/8779765","(none named — references as shown on IEEE Xplore)","no"
"Journal Article","2019","10.5594/JMI.2019.2917595","10.5594-JMI.2019.2917595","orig-research","Bayesian Methods for Radiometric Calibration in Motion Picture Encoding Workflows","Journal Article Repository/2019/7261654/8779765","(none named — references as shown on IEEE Xplore)","no"
"Journal Article","2019","10.5594/JMI.2019.2918035","10.5594-JMI.2019.2918035","orig-research","Nine Years of Media and Entertainment Digital Storage Surveys","Journal Article Repository/2019/7261654/8779765","(none named — references as shown on IEEE Xplore)","no"
"Journal Article","2019","10.5594/JMI.2019.2918037","10.5594-JMI.2019.2918037","orig-research","2-IMMERSE: A Platform for Production, Delivery, and Orchestration of Distributed Media Applications","Journal Article Repository/2019/7261654/8779765","(none named — references as shown on IEEE Xplore)","no"
"Journal Article","2019","10.5594/JMI.2019.2917596","10.5594-JMI.2019.2917596","orig-research","Good Things Come in Small Packages: Microservices for Media and the Need for Standardization","Journal Article Repository/2019/7261654/8779765","(none named — references as shown on IEEE Xplore)","no"
"Journal Article","2019","10.5594/JMI.2019.2925232","10.5594-JMI.2019.2925232","orig-research","Update from the UHD Forum","Journal Article Repository/2019/7261654/8807387","(none named — references as shown on IEEE Xplore)","no"
"Journal Article","2019","10.5594/JMI.2019.2925205","10.5594-JMI.2019.2925205","orig-research","Blockchain in Media—A True Calling?","Journal Article Repository/2019/7261654/8807387","(none named — references as shown on IEEE Xplore)","no"
"Journal Article","2019","10.5594/JMI.2019.2924298","10.5594-JMI.2019.2924298","orig-research","Streaming Video Alliance Progress Report","Journal Article Repository/2019/7261654/8807387","(none named — references as shown on IEEE Xplore)","no"
"Journal Article","2019","10.5594/JMI.2019.2924336","10.5594-JMI.2019.2924336","orig-research","Updates on the Joint Task Force on Networked Media, the Advanced Media Workflow Association, and the Video Services Forum","Journal Article Repository/2019/7261654/8807387","(none named — references as shown on IEEE Xplore)","no"
"Journal Article","2019","10.5594/JMI.2019.2918975","10.5594-JMI.2019.2918975","orig-research","Production, Contribution, and Distribution of TV and Radio Services Over 3GPP Systems","Journal Article Repository/2019/7261654/8807387","(none named — references as shown on IEEE Xplore)","no"
"Journal Article","2019","10.5594/JMI.2019.2924813","10.5594-JMI.2019.2924813","orig-research","Digital Video Broadcasting in 2019","Journal Article Repository/2019/7261654/8807387","(none named — references as shown on IEEE Xplore)","no"
"Journal Article","2019","10.5594/JMI.2019.2918980","10.5594-JMI.2019.2918980","orig-research","ITU-R Study Group 6 Progress Report","Journal Article Repository/2019/7261654/8807387","(none named — references as shown on IEEE Xplore)","no"
"Journal Article","2019","10.5594/JMI.2019.2924303","10.5594-JMI.2019.2924303","orig-research","Report from the Academy of Motion Picture Arts and Sciences' Science and Technology Council","Journal Article Repository/2019/7261654/8807387","(none named — references as shown on IEEE Xplore)","no"
"Journal Article","2019","10.5594/JMI.2019.2924814","10.5594-JMI.2019.2924814","orig-research","American Society of Cinematographers Motion Imaging Technology Council Progress Report 2019","Journal Article Repository/2019/7261654/8807387","(none named — references as shown on IEEE Xplore)","no"
"Journal Article","2019","10.5594/JMI.2019.2922085","10.5594-JMI.2019.2922085","orig-research","Display Technology 2019: Never a Dull Moment","Journal Article Repository/2019/7261654/8807387","(none named — references as shown on IEEE Xplore)","no"
"Journal Article","2019","10.5594/JMI.2019.2925261","10.5594-JMI.2019.2925261","orig-research","Promising Noises About Media Sound? A Progress Report on the NGA/AdvSS Developments in the ITU-R in 2018/2019","Journal Article Repository/2019/7261654/8807387","(none named — references as shown on IEEE Xplore)","no"
"Journal Article","2019","10.5594/JMI.2019.2921413","10.5594-JMI.2019.2921413","orig-research","Virtual Reality Industry Forum's View on State of the Immersive Media Industry","Journal Article Repository/2019/7261654/8807387","(none named — references as shown on IEEE Xplore)","no"
"Journal Article","2019","10.5594/JMI.2019.2919088","10.5594-JMI.2019.2919088","orig-research","Progress Report of the Advanced Television Systems Committee","Journal Article Repository/2019/7261654/8807387","(none named — references as shown on IEEE Xplore)","no"
"Journal Article","2019","10.5594/JMI.2019.2919208","10.5594-JMI.2019.2919208","orig-research","Report from the Digital Partnership Production","Journal Article Repository/2019/7261654/8807387","(none named — references as shown on IEEE Xplore)","no"
"Journal Article","2019","10.5594/JMI.2019.2924299","10.5594-JMI.2019.2924299","orig-research","How Do Standards Organizations like SMPTE Survive in an Agile Software World?","Journal Article Repository/2019/7261654/8807387","(none named — references as shown on IEEE Xplore)","no"
"Journal Article","2019","10.5594/JMI.2019.2920767","10.5594-JMI.2019.2920767","orig-research","2019 Update from the Consumer Technology Association","Journal Article Repository/2019/7261654/8807387","(none named — references as shown on IEEE Xplore)","no"
"Journal Article","2019","10.5594/JMI.2019.2918976","10.5594-JMI.2019.2918976","orig-research","World Broadcasting Unions Committees—A 2019 Progress Report","Journal Article Repository/2019/7261654/8807387","(none named — references as shown on IEEE Xplore)","no"
"Journal Article","2019","10.5594/JMI.2019.2931859","10.5594-JMI.2019.2931859","orig-research","Broadcast Channel Origination As a Service: From Concept to Operational Implementation","Journal Article Repository/2019/7261654/8846788","(none named — references as shown on IEEE Xplore)","no"
"Journal Article","2019","10.5594/JMI.2019.2932207","10.5594-JMI.2019.2932207","orig-research","Beyond Better Pixels: How HDR Perceptually and Emotionally Affects Storytelling","Journal Article Repository/2019/7261654/8846788","(none named — references as shown on IEEE Xplore)","no"
"Journal Article","2019","10.5594/JMI.2019.2931600","10.5594-JMI.2019.2931600","orig-research","The Infinite Capacity Media Machine","Journal Article Repository/2019/7261654/8846788","(none named — references as shown on IEEE Xplore)","no"
"Journal Article","2019","10.5594/JMI.2019.2933757","10.5594-JMI.2019.2933757","orig-research","Media Cloud Fundamentals","Journal Article Repository/2019/7261654/8846788","(none named — references as shown on IEEE Xplore)","no"
"Journal Article","2019","10.5594/JMI.2019.2932163","10.5594-JMI.2019.2932163","orig-research","Automating Metadata Logging Through Artificial Intelligence","Journal Article Repository/2019/7261654/8846788","(none named — references as shown on IEEE Xplore)","no"
"Journal Article","2019","10.5594/JMI.2019.2932209","10.5594-JMI.2019.2932209","orig-research","UHD Introduction at the Canadian Broadcasting Corporation: A Case Study","Journal Article Repository/2019/7261654/8846788","(none named — references as shown on IEEE Xplore)","no"
"Journal Article","2019","10.5594/JMI.2019.2941361","10.5594-JMI.2019.2941361","orig-research","Visual Perception Entropy Measure","Journal Article Repository/2019/7261654/8901104","(none named — references as shown on IEEE Xplore)","no"
"Journal Article","2019","10.5594/JMI.2019.2937737","10.5594-JMI.2019.2937737","orig-research","The XVC Video Code”A Revolutionary Software-Defined Video Compression Format","Journal Article Repository/2019/7261654/8901104","(none named — references as shown on IEEE Xplore)","no"
"Journal Article","2019","10.5594/JMI.2019.2937736","10.5594-JMI.2019.2937736","orig-research","Analysis of Emerging Video Codecs: Coding Tools, Compression Efficiency","Journal Article Repository/2019/7261654/8901104","(none named — references as shown on IEEE Xplore)","no"
"Journal Article","2019","10.5594/JMI.2019.2940860","10.5594-JMI.2019.2940860","orig-research","Quantitative Evaluation and Attribute of Overall Brightness in a High Dynamic Range World","Journal Article Repository/2019/7261654/8901104","(none named — references as shown on IEEE Xplore)","no"
"Journal Article","2019","10.5594/JMI.2019.2941362","10.5594-JMI.2019.2941362","orig-research","Understanding MPEG-I Coding Standardization in Immersive VR/AR Applications","Journal Article Repository/2019/7261654/8901104","(none named — references as shown on IEEE Xplore)","no"
"Journal Article","2019","10.5594/JMI.2019.2937723","10.5594-JMI.2019.2937723","orig-research","Understanding the Video Codec Jungle: A Comparison of TCO and Compression Efficiency","Journal Article Repository/2019/7261654/8901104","(none named — references as shown on IEEE Xplore)","no"
"Journal Article","2020","10.5594/JMI.2019.2952632","10.5594-JMI.2019.2952632","orig-research","Using Blockchain and Smart Contracts to Ensure Genuine Media Assets","Journal Article Repository/2020/7261654/8964599","(none named — references as shown on IEEE Xplore)","no"
"Journal Article","2020","10.5594/JMI.2019.2951267","10.5594-JMI.2019.2951267","orig-research","The Effect of Synthetic Shutter on Judder Perception—an HFR &amp; HDR Data Set and User Study","Journal Article Repository/2020/7261654/8964599","(none named — references as shown on IEEE Xplore)","no"
"Journal Article","2020","10.5594/JMI.2019.2951827","10.5594-JMI.2019.2951827","orig-research","AV1: Implementation, Performance, and Application","Journal Article Repository/2020/7261654/8964599","(none named — references as shown on IEEE Xplore)","no"
"Journal Article","2020","10.5594/JMI.2019.2947989","10.5594-JMI.2019.2947989","orig-research","Metadata and Rights Management for Media Assets Using Blockchain Technology","Journal Article Repository/2020/7261654/8964599","(none named — references as shown on IEEE Xplore)","no"
"Journal Article","2020","10.5594/JMI.2019.2951250","10.5594-JMI.2019.2951250","orig-research","Using Blockchain to Manage Production and Distribution","Journal Article Repository/2020/7261654/8964599","(none named — references as shown on IEEE Xplore)","no"
"Journal Article","2020","10.5594/JMI.2020.2967204","10.5594-JMI.2020.2967204","orig-research","AI IN PRODUCTION: VIDEO ANALYSIS AND MACHINE LEARNING FOR EXPANDED LIVE EVENTS COVERAGE","Journal Article Repository/2020/7261654/9028729","(none named — references as shown on IEEE Xplore)","no"
"Journal Article","2020","10.5594/JMI.2019.2959967","10.5594-JMI.2019.2959967","orig-research","Rotoscope Automation with Deep Learning","Journal Article Repository/2020/7261654/9028729","(none named — references as shown on IEEE Xplore)","no"
"Journal Article","2020","10.5594/JMI.2020.2965022","10.5594-JMI.2020.2965022","orig-research","A Review of 3D-LUT Performance in 10-bit and 12-bit HDR BT.2100 PQ","Journal Article Repository/2020/7261654/9028729","(none named — references as shown on IEEE Xplore)","no"
"Journal Article","2020","10.5594/JMI.2019.2959173","10.5594-JMI.2019.2959173","orig-research","AI-Driven Smart Production","Journal Article Repository/2020/7261654/9028729","(none named — references as shown on IEEE Xplore)","no"
"Journal Article","2020","10.5594/JMI.2020.2964181","10.5594-JMI.2020.2964181","orig-research","Editing in the Cloud","Journal Article Repository/2020/7261654/9028729","(none named — references as shown on IEEE Xplore)","no"
"Journal Article","2020","10.5594/JMI.2020.2969763","10.5594-JMI.2020.2969763","orig-research","How OTT Services Can Match the Quality of Broadcast","Journal Article Repository/2020/7261654/9068328","(none named — references as shown on IEEE Xplore)","no"
"Journal Article","2020","10.5594/JMI.2020.2969762","10.5594-JMI.2020.2969762","orig-research","Applying Automation to High Quality/Low Cost Orchestra Live Streaming","Journal Article Repository/2020/7261654/9068328","(none named — references as shown on IEEE Xplore)","no"
"Journal Article","2020","10.5594/JMI.2020.2971372","10.5594-JMI.2020.2971372","orig-research","Display Standards for French Cinemas","Journal Article Repository/2020/7261654/9068328","(none named — references as shown on IEEE Xplore)","no"
"Journal Article","2020","10.5594/JMI.2020.2973561","10.5594-JMI.2020.2973561","orig-research","Optimizing Mass-Scale Multi-Screen Video Delivery","Journal Article Repository/2020/7261654/9068328","(none named — references as shown on IEEE Xplore)","no"
"Journal Article","2020","10.5594/JMI.2019.2957687","10.5594-JMI.2019.2957687","orig-research","The Decentralized Rights Locker","Journal Article Repository/2020/7261654/9068328","(none named — references as shown on IEEE Xplore)","no"
"Journal Article","2020","10.5594/JMI.2020.2976257","10.5594-JMI.2020.2976257","orig-research","Streaming Video Fundamentals","Journal Article Repository/2020/7261654/9068328","(none named — references as shown on IEEE Xplore)","no"
"Journal Article","2020","10.5594/JMI.2020.2984045","10.5594-JMI.2020.2984045","orig-research","Engineering Design Challenges in Realization of a Very Large IP-Based Television Facility","Journal Article Repository/2020/7261654/9085456","(none named — references as shown on IEEE Xplore)","no"
"Journal Article","2020","10.5594/JMI.2020.2982525","10.5594-JMI.2020.2982525","orig-research","GPIO Over IP—AMWA IS-07 as a General-Purpose API that Easily Scales","Journal Article Repository/2020/7261654/9085456","(none named — references as shown on IEEE Xplore)","no"
"Journal Article","2020","10.5594/JMI.2020.2980600","10.5594-JMI.2020.2980600","orig-research","How CBC/Radio-Canada Tested Media-over-IP Devices to Build its New Facility","Journal Article Repository/2020/7261654/9085456","(none named — references as shown on IEEE Xplore)","no"
"Journal Article","2020","10.5594/JMI.2020.2984046","10.5594-JMI.2020.2984046","orig-research","Color Volume and Hue-preservation in HDR Tone Mapping","Journal Article Repository/2020/7261654/9085456","(none named — references as shown on IEEE Xplore)","no"
"Journal Article","2020","10.5594/JMI.2020.2979621","10.5594-JMI.2020.2979621","orig-research","Regional Contents in a National DVB-T2 SFN: A Novel Approach Based on DVB-SIS","Journal Article Repository/2020/7261654/9085456","(none named — references as shown on IEEE Xplore)","no"
"Journal Article","2020","10.5594/JMI.2020.2979652","10.5594-JMI.2020.2979652","orig-research","Strategies to Protect Time Transfer in ST 2059-2 PTP Networks","Journal Article Repository/2020/7261654/9085456","(none named — references as shown on IEEE Xplore)","no"
"Journal Article","2020","10.5594/JMI.2020.2990613","10.5594-JMI.2020.2990613","orig-research","Audio Fundamentals: Audio Magic in Movies and Our Daily Lives","Journal Article Repository/2020/7261654/9109586","(none named — references as shown on IEEE Xplore)","no"
"Journal Article","2020","10.5594/JMI.2020.2986622","10.5594-JMI.2020.2986622","orig-research","A New Signal for Measuring Loudspeaker Maximum Linear SPL","Journal Article Repository/2020/7261654/9109586","(none named — references as shown on IEEE Xplore)","no"
"Journal Article","2020","10.5594/JMI.2020.2990612","10.5594-JMI.2020.2990612","orig-research","Requirements for the Hybrid Media Production Facility of the Future","Journal Article Repository/2020/7261654/9109586","(none named — references as shown on IEEE Xplore)","no"
"Journal Article","2020","10.5594/JMI.2020.2990255","10.5594-JMI.2020.2990255","orig-research","Taking Object-Based Media from the Research Environment Into Mainstream Production","Journal Article Repository/2020/7261654/9109586","(none named — references as shown on IEEE Xplore)","no"
"Journal Article","2020","10.5594/JMI.2020.2995253","10.5594-JMI.2020.2995253","orig-research","Whats All the Buzz About 8K Video?","Journal Article Repository/2020/7261654/9136808","(none named — references as shown on IEEE Xplore)","no"
"Journal Article","2020","10.5594/JMI.2020.2991911","10.5594-JMI.2020.2991911","orig-research","4K/8K (UHD-1)/UHD-2) Production Studios for UHDTV Broadcasting","Journal Article Repository/2020/7261654/9136808","(none named — references as shown on IEEE Xplore)","no"
"Journal Article","2020","10.5594/JMI.2020.2993188","10.5594-JMI.2020.2993188","orig-research","Development of New UHD-1 (4K)/UHD-2 (8K) UHDTV Satellite Broadcasting System in Japan","Journal Article Repository/2020/7261654/9136808","(none named — references as shown on IEEE Xplore)","no"
"Journal Article","2020","10.5594/JMI.2020.2995252","10.5594-JMI.2020.2995252","orig-research","UHD-2/8K Camera Recorder Using Organic CMOS Image Sensor","Journal Article Repository/2020/7261654/9136808","(none named — references as shown on IEEE Xplore)","no"
"Journal Article","2020","10.5594/JMI.2020.2991917","10.5594-JMI.2020.2991917","orig-research","1.25-inch 3-CMOS Multi-Functional High-Speed 8K Camera System","Journal Article Repository/2020/7261654/9136808","(none named — references as shown on IEEE Xplore)","no"
"Journal Article","2020","10.5594/JMI.2020.2993185","10.5594-JMI.2020.2993185","orig-research","Transmission System Design of UHD-1/4K and UHD-2/8K Terrestrial Television Broadcasting and its Performance Proof by Large-Scaled Field Experiments","Journal Article Repository/2020/7261654/9136808","(none named — references as shown on IEEE Xplore)","no"
"Journal Article","2020","10.5594/JMI.2020.2996034","10.5594-JMI.2020.2996034","orig-research","5G Media Data System Architecture","Journal Article Repository/2020/7261654/9136808","(none named — references as shown on IEEE Xplore)","no"
"Journal Article","2020","10.5594/JMI.2020.2999946","10.5594-JMI.2020.2999946","orig-research","Tested Perceptual Difference Between UHD-1/4K and UHD-2/8K","Journal Article Repository/2020/7261654/9136808","(none named — references as shown on IEEE Xplore)","no"
"Journal Article","2020","10.5594/JMI.2020.3001797","10.5594-JMI.2020.3001797","orig-research","Forward-looking content aware encoding for next generation UHD, HDR, WCG, and HFR","Journal Article Repository/2020/7261654/9146749","(none named — references as shown on IEEE Xplore)","no"
"Journal Article","2020","10.5594/JMI.2020.3001465","10.5594-JMI.2020.3001465","orig-research","Creating Bandwidth-Efficient Workflows with JPEG XS and SMPTE ST 2110","Journal Article Repository/2020/7261654/9146749","(none named — references as shown on IEEE Xplore)","no"
"Journal Article","2020","10.5594/JMI.2020.3001463","10.5594-JMI.2020.3001463","orig-research","Speed-Distortion Optimization: Tradeoffs in Open-Source HEVC Encoding","Journal Article Repository/2020/7261654/9146749","(none named — references as shown on IEEE Xplore)","no"
"Journal Article","2020","10.5594/JMI.2020.3001795","10.5594-JMI.2020.3001795","orig-research","MPEG-5 Part 1: Essential Video Coding","Journal Article Repository/2020/7261654/9146749","(none named — references as shown on IEEE Xplore)","no"
"Journal Article","2020","10.5594/JMI.2020.3000934","10.5594-JMI.2020.3000934","orig-research","UHD-2/8K 120-Hz Realtime Video Codec","Journal Article Repository/2020/7261654/9146749","(none named — references as shown on IEEE Xplore)","no"
"Journal Article","2020","10.5594/JMI.2020.3002673","10.5594-JMI.2020.3002673","orig-research","Display Technology 2020: The Winds Are Shifting","Journal Article Repository/2020/7261654/9184288","(none named — references as shown on IEEE Xplore)","no"
"Journal Article","2020","10.5594/JMI.2020.3011530","10.5594-JMI.2020.3011530","orig-research","2020 Update from DPP","Journal Article Repository/2020/7261654/9184288","(none named — references as shown on IEEE Xplore)","no"
"Journal Article","2020","10.5594/JMI.2020.3008352","10.5594-JMI.2020.3008352","orig-research","American Society of Cinematographers Motion Imaging Technology Council Progress Report 2020","Journal Article Repository/2020/7261654/9184288","(none named — references as shown on IEEE Xplore)","no"
"Journal Article","2020","10.5594/JMI.2020.3008549","10.5594-JMI.2020.3008549","orig-research","Report from the Academy of Motion Picture Arts and Sciences’ Science and Technology Council","Journal Article Repository/2020/7261654/9184288","(none named — references as shown on IEEE Xplore)","no"
"Journal Article","2020","10.5594/JMI.2020.3004899","10.5594-JMI.2020.3004899","orig-research","VRIF Guidelines on Live VR Services","Journal Article Repository/2020/7261654/9184288","(none named — references as shown on IEEE Xplore)","no"
"Journal Article","2020","10.5594/JMI.2020.3003202","10.5594-JMI.2020.3003202","orig-research","Streaming Video Alliance Progress Report","Journal Article Repository/2020/7261654/9184288","(none named — references as shown on IEEE Xplore)","no"
"Journal Article","2020","10.5594/JMI.2020.3001776","10.5594-JMI.2020.3001776","orig-research","Update from the World Wide Web Consortium (WC3)","Journal Article Repository/2020/7261654/9184288","(none named — references as shown on IEEE Xplore)","no"
"Journal Article","2020","10.5594/JMI.2020.3001775","10.5594-JMI.2020.3001775","orig-research","Expanding DVB’s Repertoire as The Market Evolves","Journal Article Repository/2020/7261654/9184288","(none named — references as shown on IEEE Xplore)","no"
"Journal Article","2020","10.5594/JMI.2020.3003201","10.5594-JMI.2020.3003201","orig-research","Worldwide 5G Broadcast/Multicast Trials Come Online","Journal Article Repository/2020/7261654/9184288","(none named — references as shown on IEEE Xplore)","no"
"Journal Article","2020","10.5594/JMI.2020.3001777","10.5594-JMI.2020.3001777","orig-research","Progress in Lens and Cameras: 2010–2020","Journal Article Repository/2020/7261654/9184288","(none named — references as shown on IEEE Xplore)","no"
"Journal Article","2020","10.5594/JMI.2020.3009549","10.5594-JMI.2020.3009549","orig-research","Report from Advanced Media Workflow Association (AMWA), Video Services Forum (VSF) and Joint Taskforce on Networked Media (JT-NM)","Journal Article Repository/2020/7261654/9184288","(none named — references as shown on IEEE Xplore)","no"
"Journal Article","2020","10.5594/JMI.2020.3001771","10.5594-JMI.2020.3001771","orig-research","Completing the Accessibility Jigsaw Puzzle","Journal Article Repository/2020/7261654/9184288","(none named — references as shown on IEEE Xplore)","no"
"Journal Article","2020","10.5594/JMI.2020.3009548","10.5594-JMI.2020.3009548","orig-research","HPA “Lost Lederhosen” Short Movie: From Camera to Cloud — From Production Through Post-Production and Finishing in 1 Day","Journal Article Repository/2020/7261654/9184288","(none named — references as shown on IEEE Xplore)","no"
"Journal Article","2020","10.5594/JMI.2020.3002306","10.5594-JMI.2020.3002306","orig-research","Recent Progress in the European Broadcasting Union Technical Committee","Journal Article Repository/2020/7261654/9184288","(none named — references as shown on IEEE Xplore)","no"
"Journal Article","2020","10.5594/JMI.2020.3004919","10.5594-JMI.2020.3004919","orig-research","Toward the Practical Realisation of Next Generation Audio","Journal Article Repository/2020/7261654/9184288","(none named — references as shown on IEEE Xplore)","no"
"Journal Article","2020","10.5594/JMI.2020.3001774","10.5594-JMI.2020.3001774","orig-research","ITU-R Study Group 6 Progress Report 2019–2020","Journal Article Repository/2020/7261654/9184288","(none named — references as shown on IEEE Xplore)","no"
"Journal Article","2020","10.5594/JMI.2020.3002305","10.5594-JMI.2020.3002305","orig-research","Media Coding Industry Forum Progress Report","Journal Article Repository/2020/7261654/9184288","(none named — references as shown on IEEE Xplore)","no"
"Journal Article","2020","10.5594/JMI.2020.3001858","10.5594-JMI.2020.3001858","orig-research","Targeted Advertising for the Broadcasting Industry in DVB Markets","Journal Article Repository/2020/7261654/9184288","(none named — references as shown on IEEE Xplore)","no"
"Journal Article","2020","10.5594/JMI.2020.3002297","10.5594-JMI.2020.3002297","orig-research","New MPEG Codecs and Immersive Applications Standards for 2020","Journal Article Repository/2020/7261654/9184288","(none named — references as shown on IEEE Xplore)","no"
"Journal Article","2020","10.5594/JMI.2020.3001773","10.5594-JMI.2020.3001773","orig-research","2020 Update from the Consumer Technology Association","Journal Article Repository/2020/7261654/9184288","(none named — references as shown on IEEE Xplore)","no"
"Journal Article","2020","10.5594/JMI.2020.3002304","10.5594-JMI.2020.3002304","orig-research","UHDA Alliance Progress Report","Journal Article Repository/2020/7261654/9184288","(none named — references as shown on IEEE Xplore)","no"
"Journal Article","2020","10.5594/JMI.2020.3002676","10.5594-JMI.2020.3002676","orig-research","Report from the Entertainment Technology Center","Journal Article Repository/2020/7261654/9184288","(none named — references as shown on IEEE Xplore)","no"
"Journal Article","2020","10.5594/JMI.2020.3002675","10.5594-JMI.2020.3002675","orig-research","Progress Report of the Advanced Television Systems Committee","Journal Article Repository/2020/7261654/9184288","(none named — references as shown on IEEE Xplore)","no"
"Journal Article","2020","10.5594/JMI.2020.3004954","10.5594-JMI.2020.3004954","orig-research","JPEG Status and Progress Report","Journal Article Repository/2020/7261654/9184288","(none named — references as shown on IEEE Xplore)","no"
"Journal Article","2020","10.5594/JMI.2020.3010400","10.5594-JMI.2020.3010400","orig-research","OMAF4Cloud: Standards-Enabled 360° Video Creation as a Service","Journal Article Repository/2020/7261654/9204870","(none named — references as shown on IEEE Xplore)","no"
"Journal Article","2020","10.5594/JMI.2020.3010399","10.5594-JMI.2020.3010399","orig-research","Lessons Learned During One year of Commercial Volumetric Video Production","Journal Article Repository/2020/7261654/9204870","(none named — references as shown on IEEE Xplore)","no"
"Journal Article","2020","10.5594/JMI.2020.3010390","10.5594-JMI.2020.3010390","orig-research","HDR and WCG Image Quality Assessment Using Color Difference Metrics","Journal Article Repository/2020/7261654/9204870","(none named — references as shown on IEEE Xplore)","no"
"Journal Article","2020","10.5594/JMI.2020.3010391","10.5594-JMI.2020.3010391","orig-research","3D Video Technology Based on Spatial Imaging for Advanced Broadcasting","Journal Article Repository/2020/7261654/9204870","(none named — references as shown on IEEE Xplore)","no"
"Journal Article","2020","10.5594/JMI.2020.3010401","10.5594-JMI.2020.3010401","orig-research","An Investigation of the Value of Wide Color Gamut in Motion Pictures","Journal Article Repository/2020/7261654/9204870","(none named — references as shown on IEEE Xplore)","no"
"Journal Article","2020","10.5594/JMI.2020.3024516","10.5594-JMI.2020.3024516","orig-research","Serving Diverse Audiences More Effective with Auxiliary Image Sequences in IMF","Journal Article Repository/2020/7261654/9256368","(none named — references as shown on IEEE Xplore)","no"
"Journal Article","2020","10.5594/JMI.2020.3024028","10.5594-JMI.2020.3024028","orig-research","Broadcast Media Creation as a Service: Using Infrastructure-As-Code and the Public Cloud to Power On-Air Media Creation Platforms","Journal Article Repository/2020/7261654/9256368","(none named — references as shown on IEEE Xplore)","no"
"Journal Article","2020","10.5594/JMI.2020.3021566","10.5594-JMI.2020.3021566","orig-research","Intelligence for Harmonizing Cloud-Based and On-Premises Workflows in Standards Conversion","Journal Article Repository/2020/7261654/9256368","(none named — references as shown on IEEE Xplore)","no"
"Journal Article","2020","10.5594/JMI.2020.3024080","10.5594-JMI.2020.3024080","orig-research","Cloud Technology Drives Superior Video Encoding","Journal Article Repository/2020/7261654/9256368","(none named — references as shown on IEEE Xplore)","no"
"Journal Article","2020","10.5594/JMI.2020.3023371","10.5594-JMI.2020.3023371","orig-research","ΔEITP is Now Ratified as ITU-R BT.2124—Is the Industry Ready to Move on from ΔE2000?","Journal Article Repository/2020/7261654/9256368","(none named — references as shown on IEEE Xplore)","no"
"Journal Article","2020","10.5594/JMI.2020.3024519","10.5594-JMI.2020.3024519","orig-research","Live Cloud Ingest Using Open Alternatives RIST &amp; SRT","Journal Article Repository/2020/7261654/9256368","(none named — references as shown on IEEE Xplore)","no"
"Journal Article","2021","10.5594/JMI.2020.3030175","10.5594-JMI.2020.3030175","orig-research","A New Method for the Simultaneous Creation of Live HDR and SDR Video","Journal Article Repository/2021/7261654/9335677","(none named — references as shown on IEEE Xplore)","no"
"Journal Article","2021","10.5594/JMI.2020.3030171","10.5594-JMI.2020.3030171","orig-research","Bridging the Divide: Uniting Broadcast, Social and Digital Team Workflows in the Newsroom","Journal Article Repository/2021/7261654/9335677","(none named — references as shown on IEEE Xplore)","no"
"Journal Article","2021","10.5594/JMI.2020.3036711","10.5594-JMI.2020.3036711","orig-research","8K/16K Video and 3D Audio Coding and Playback for Large-Screen Immersive Spaces","Journal Article Repository/2021/7261654/9335677","(none named — references as shown on IEEE Xplore)","no"
"Journal Article","2021","10.5594/JMI.2020.3045839","10.5594-JMI.2020.3045839","orig-research","How to Successfully Commission a SMPTE ST 2059/PTP System","Journal Article Repository/2021/7261654/9335677","(none named — references as shown on IEEE Xplore)","no"
"Journal Article","2021","10.5594/JMI.2020.3036733","10.5594-JMI.2020.3036733","orig-research","Wide Area Networks for Both High- and Low-End SMPTE ST 2110 Workflows","Journal Article Repository/2021/7261654/9335677","(none named — references as shown on IEEE Xplore)","no"
"Journal Article","2021","10.5594/JMI.2021.3050660","10.5594-JMI.2021.3050660","orig-research","Personalized and Immersive Sound Experiences Based on an Interoperable End-to-End Next Generation Audio (NGA) Chain Using the Audio Definition Model (ADM)","Journal Article Repository/2021/7261654/9363030","(none named — references as shown on IEEE Xplore)","no"
"Journal Article","2021","10.5594/JMI.2021.3050646","10.5594-JMI.2021.3050646","orig-research","Viewers’ Tolerance to Brightness Transitions in Cinema","Journal Article Repository/2021/7261654/9363030","(none named — references as shown on IEEE Xplore)","no"
"Journal Article","2021","10.5594/JMI.2021.3050671","10.5594-JMI.2021.3050671","orig-research","Demonstration on Next-Generation Immersive Audio in a Live Broadcast Workflow","Journal Article Repository/2021/7261654/9363030","(none named — references as shown on IEEE Xplore)","no"
"Journal Article","2021","10.5594/JMI.2021.3052544","10.5594-JMI.2021.3052544","orig-research","ATSC 3.0 Personalized Targeted Advertisement","Journal Article Repository/2021/7261654/9363030","(none named — references as shown on IEEE Xplore)","no"
"Journal Article","2021","10.5594/JMI.2021.3050661","10.5594-JMI.2021.3050661","orig-research","ATSC: Beyond Standards and a Look at the Future","Journal Article Repository/2021/7261654/9363030","(none named — references as shown on IEEE Xplore)","no"
"Journal Article","2021","10.5594/JMI.2021.3059344","10.5594-JMI.2021.3059344","orig-research","Toward a Subjective Assessment System for Closed Captioning Quality","Journal Article Repository/2021/7261654/9395650","(none named — references as shown on IEEE Xplore)","no"
"Journal Article","2021","10.5594/JMI.2021.3060823","10.5594-JMI.2021.3060823","orig-research","Artificial Intelligence: Transforming the Live Sports Landscape","Journal Article Repository/2021/7261654/9395650","(none named — references as shown on IEEE Xplore)","no"
"Journal Article","2021","10.5594/JMI.2021.3058397","10.5594-JMI.2021.3058397","orig-research","Automated Brand Color Accuracy for Realtime Video","Journal Article Repository/2021/7261654/9395650","(none named — references as shown on IEEE Xplore)","no"
"Journal Article","2021","10.5594/JMI.2021.3061787","10.5594-JMI.2021.3061787","orig-research","A Practical Guide to Securing SMPTE ST 2110 Systems and What Standards Organizations Are Doing to Help","Journal Article Repository/2021/7261654/9395650","(none named — references as shown on IEEE Xplore)","no"
"Journal Article","2021","10.5594/JMI.2021.3057695","10.5594-JMI.2021.3057695","orig-research","Exploring Automated Voice Casting for Content Localization Using Deep Learning","Journal Article Repository/2021/7261654/9395650","(none named — references as shown on IEEE Xplore)","no"
"Journal Article","2021","10.5594/JMI.2021.3057703","10.5594-JMI.2021.3057703","orig-research","“AI News Anchor” With Deep Learning-Based Speech Synthesis","Journal Article Repository/2021/7261654/9395650","(none named — references as shown on IEEE Xplore)","no"
"Journal Article","2021","10.5594/JMI.2021.3066183","10.5594-JMI.2021.3066183","orig-research","High Throughput JPEG 2000 for Broadcast and IP-Based Applications","Journal Article Repository/2021/7261654/9424050","(none named — references as shown on IEEE Xplore)","no"
"Journal Article","2021","10.5594/JMI.2021.3067960","10.5594-JMI.2021.3067960","orig-research","Moving Image Frame Interpolation: Neural Networks and Classical Toolsets Compared","Journal Article Repository/2021/7261654/9424050","(none named — references as shown on IEEE Xplore)","no"
"Journal Article","2021","10.5594/JMI.2021.3065442","10.5594-JMI.2021.3065442","orig-research","Performance Comparison of Emerging EVC and VVC Video Coding Standards with HEVC and AV1","Journal Article Repository/2021/7261654/9424050","(none named — references as shown on IEEE Xplore)","no"
"Journal Article","2021","10.5594/JMI.2021.3067941","10.5594-JMI.2021.3067941","orig-research","Ultrahigh-Definition Production Codecs - The Agony of Choice","Journal Article Repository/2021/7261654/9424050","(none named — references as shown on IEEE Xplore)","no"
"Journal Article","2021","10.5594/JMI.2021.3065415","10.5594-JMI.2021.3065415","orig-research","A Study of Objective Quality Metrics for HLG-Based HDR/WCG Image Coding","Journal Article Repository/2021/7261654/9424050","(none named — references as shown on IEEE Xplore)","no"
"Journal Article","2021","10.5594/JMI.2021.3067962","10.5594-JMI.2021.3067962","orig-research","V-PCC Performance Evaluation of the First MPEG Point Codec","Journal Article Repository/2021/7261654/9424050","(none named — references as shown on IEEE Xplore)","no"
"Journal Article","2021","10.5594/JMI.2021.3072678","10.5594-JMI.2021.3072678","orig-research","Can UHD OTT Be Complementary to Terrestrial UHD Broadcast?","Journal Article Repository/2021/7261654/9446091","(none named — references as shown on IEEE Xplore)","no"
"Journal Article","2021","10.5594/JMI.2021.3076568","10.5594-JMI.2021.3076568","orig-research","Latency Perception in Cloud-Based Workspaces and Environments","Journal Article Repository/2021/7261654/9446091","(none named — references as shown on IEEE Xplore)","no"
"Journal Article","2021","10.5594/JMI.2021.3072377","10.5594-JMI.2021.3072377","orig-research","A 2/3-in. 9.5-Mpixel CMOS Imager With High Frame Rate and HDR Capabilities","Journal Article Repository/2021/7261654/9446091","(none named — references as shown on IEEE Xplore)","no"
"Journal Article","2021","10.5594/JMI.2021.3072560","10.5594-JMI.2021.3072560","orig-research","Development of an 8K UHDTV Wireless Camera Using Millimeter-Wave Bands","Journal Article Repository/2021/7261654/9446091","(none named — references as shown on IEEE Xplore)","no"
"Journal Article","2021","10.5594/JMI.2021.3072684","10.5594-JMI.2021.3072684","orig-research","Integrating Machine-Learning-Based Operators in Visual Effects Toolsets","Journal Article Repository/2021/7261654/9446091","(none named — references as shown on IEEE Xplore)","no"
"Journal Article","2021","10.5594/JMI.2021.3082992","10.5594-JMI.2021.3082992","orig-research","Monitoring and Analysis of SMPTE ST 2059-2 PTP Networks and Media Devices","Journal Article Repository/2021/7261654/9469928","(none named — references as shown on IEEE Xplore)","no"
"Journal Article","2021","10.5594/JMI.2021.3083077","10.5594-JMI.2021.3083077","orig-research","A Multipronged Approach to Effectively Secure SMPTE ST 2059 Time Transfer","Journal Article Repository/2021/7261654/9469928","(none named — references as shown on IEEE Xplore)","no"
"Journal Article","2021","10.5594/JMI.2021.3083557","10.5594-JMI.2021.3083557","orig-research","Automated Deployment of CBC/Radio-Canada’s Media-Over-IP Data Center","Journal Article Repository/2021/7261654/9469928","(none named — references as shown on IEEE Xplore)","no"
"Journal Article","2021","10.5594/JMI.2021.3082993","10.5594-JMI.2021.3082993","orig-research","History and Future of Connecting Broadcast Television Cameras: From Multicore to Native IP","Journal Article Repository/2021/7261654/9469928","(none named — references as shown on IEEE Xplore)","no"
"Journal Article","2021","10.5594/JMI.2021.3081165","10.5594-JMI.2021.3081165","orig-research","NMOS—The Interoperable Control System for an IP World","Journal Article Repository/2021/7261654/9469928","(none named — references as shown on IEEE Xplore)","no"
"Journal Article","2021","10.5594/JMI.2021.3087806","10.5594-JMI.2021.3087806","orig-research","The Color Compass: A Color Navigation System in a Dynamic Deliverable World","Journal Article Repository/2021/7261654/9508108","(none named — references as shown on IEEE Xplore)","no"
"Journal Article","2021","10.5594/JMI.2021.3087824","10.5594-JMI.2021.3087824","orig-research","Perceptually Dithered HDR for 8-Bit Interfaces","Journal Article Repository/2021/7261654/9508108","(none named — references as shown on IEEE Xplore)","no"
"Journal Article","2021","10.5594/JMI.2021.3083560","10.5594-JMI.2021.3083560","orig-research","A Color Volume Mapping System for Perception- Accurate Reproduction of HDR Imagery in SDR Production Workflows","Journal Article Repository/2021/7261654/9508108","(none named — references as shown on IEEE Xplore)","no"
"Journal Article","2021","10.5594/JMI.2021.3083571","10.5594-JMI.2021.3083571","orig-research","A Visual Model for Very Wide-Gamut HDR Displays That Accounts for the Helmholtz–Kohlrausch Effect","Journal Article Repository/2021/7261654/9508108","(none named — references as shown on IEEE Xplore)","no"
"Journal Article","2021","10.5594/JMI.2021.3090176","10.5594-JMI.2021.3090176","orig-research","On the Calculation and Usage of HDR Static Content Metadata","Journal Article Repository/2021/7261654/9508108","(none named — references as shown on IEEE Xplore)","no"
"Journal Article","2021","10.5594/JMI.2021.3083901","10.5594-JMI.2021.3083901","orig-research","Achieving Cinematic Motion With High-Dynamic Range","Journal Article Repository/2021/7261654/9508108","(none named — references as shown on IEEE Xplore)","no"
"Journal Article","2021","10.5594/JMI.2021.3091199","10.5594-JMI.2021.3091199","orig-research","Progress Report of the Advanced Television Systems Committee","Journal Article Repository/2021/7261654/9540011","(none named — references as shown on IEEE Xplore)","no"
"Journal Article","2021","10.5594/JMI.2021.3090162","10.5594-JMI.2021.3090162","orig-research","European Broadcasting Union (EBU) Update 2021","Journal Article Repository/2021/7261654/9540011","(none named — references as shown on IEEE Xplore)","no"
"Journal Article","2021","10.5594/JMI.2021.3091211","10.5594-JMI.2021.3091211","orig-research","Recent Activities of the Ultra HD Forum","Journal Article Repository/2021/7261654/9540011","(none named — references as shown on IEEE Xplore)","no"
"Journal Article","2021","10.5594/JMI.2021.3092782","10.5594-JMI.2021.3092782","orig-research","SMPTE Global Inclusion Committee Update","Journal Article Repository/2021/7261654/9540011","(none named — references as shown on IEEE Xplore)","no"
"Journal Article","2021","10.5594/JMI.2021.3095058","10.5594-JMI.2021.3095058","orig-research","Remote Innovations on the Cloud","Journal Article Repository/2021/7261654/9540011","(none named — references as shown on IEEE Xplore)","no"
"Journal Article","2021","10.5594/JMI.2021.3096791","10.5594-JMI.2021.3096791","orig-research","Report from IDEA—The Immersive Digital Experiences Alliance","Journal Article Repository/2021/7261654/9540011","(none named — references as shown on IEEE Xplore)","no"
"Journal Article","2021","10.5594/JMI.2021.3096866","10.5594-JMI.2021.3096866","orig-research","American Society of Cinematographers Motion Imaging Technology Council Progress Report 2021","Journal Article Repository/2021/7261654/9540011","(none named — references as shown on IEEE Xplore)","no"
"Journal Article","2021","10.5594/JMI.2021.3100880","10.5594-JMI.2021.3100880","orig-research","Report From the Academy of Motion Picture Arts and Sciences’ Science and Technology Council","Journal Article Repository/2021/7261654/9540011","(none named — references as shown on IEEE Xplore)","no"
"Journal Article","2021","10.5594/JMI.2021.3091217","10.5594-JMI.2021.3091217","orig-research","Consumer Technology Association Update","Journal Article Repository/2021/7261654/9540011","(none named — references as shown on IEEE Xplore)","no"
"Journal Article","2021","10.5594/JMI.2021.3092776","10.5594-JMI.2021.3092776","orig-research","Progress Report on the Internet Protocol Media Experience (IPMX)","Journal Article Repository/2021/7261654/9540011","(none named — references as shown on IEEE Xplore)","no"
"Journal Article","2021","10.5594/JMI.2021.3101580","10.5594-JMI.2021.3101580","orig-research","Utilizing Machine Learning for Video Processing","Journal Article Repository/2021/7261654/9540011","(none named — references as shown on IEEE Xplore)","no"
"Journal Article","2021","10.5594/JMI.2021.3098382","10.5594-JMI.2021.3098382","orig-research","Update on the World Wide Web Consortium (W3C)","Journal Article Repository/2021/7261654/9540011","(none named — references as shown on IEEE Xplore)","no"
"Journal Article","2021","10.5594/JMI.2021.3090160","10.5594-JMI.2021.3090160","orig-research","5G Media Action Group (5G-MAG): Bridging Media and 5G","Journal Article Repository/2021/7261654/9540011","(none named — references as shown on IEEE Xplore)","no"
"Journal Article","2021","10.5594/JMI.2021.3089771","10.5594-JMI.2021.3089771","orig-research","ITU-R Study Group 6 Progress Report 2020–2021","Journal Article Repository/2021/7261654/9540011","(none named — references as shown on IEEE Xplore)","no"
"Journal Article","2021","10.5594/JMI.2021.3090169","10.5594-JMI.2021.3090169","orig-research","Internet Engineering Task Force (IETF) Media Ops Industry Comments to SMPTE","Journal Article Repository/2021/7261654/9540011","(none named — references as shown on IEEE Xplore)","no"
"Journal Article","2021","10.5594/JMI.2021.3090926","10.5594-JMI.2021.3090926","orig-research","World Broadcasting Unions Committees—A 2021 Status Report","Journal Article Repository/2021/7261654/9540011","(none named — references as shown on IEEE Xplore)","no"
"Journal Article","2021","10.5594/JMI.2021.3089772","10.5594-JMI.2021.3089772","orig-research","DVB’s Internet-Centric Vision Comes Into Sharper Focus","Journal Article Repository/2021/7261654/9540011","(none named — references as shown on IEEE Xplore)","no"
"Journal Article","2021","10.5594/JMI.2021.3095091","10.5594-JMI.2021.3095091","orig-research","2021 High-Dynamic Range (HDR) Progress Report","Journal Article Repository/2021/7261654/9540011","(none named — references as shown on IEEE Xplore)","no"
"Journal Article","2021","10.5594/JMI.2021.3095079","10.5594-JMI.2021.3095079","orig-research","Streaming Video Alliance Progress Report","Journal Article Repository/2021/7261654/9540011","(none named — references as shown on IEEE Xplore)","no"
"Journal Article","2021","10.5594/JMI.2021.3089760","10.5594-JMI.2021.3089760","orig-research","An Update from the Entertainment Technology Center","Journal Article Repository/2021/7261654/9540011","(none named — references as shown on IEEE Xplore)","no"
"Journal Article","2021","10.5594/JMI.2021.3101566","10.5594-JMI.2021.3101566","orig-research","Update from the Advanced Media Workflow Association, Video Services Forum, and Joint Task Force on Networked Media","Journal Article Repository/2021/7261654/9540011","(none named — references as shown on IEEE Xplore)","no"
"Journal Article","2021","10.5594/JMI.2021.3090913","10.5594-JMI.2021.3090913","orig-research","How to Ensure a Good Depth Perception on a Light Field Display","Journal Article Repository/2021/7261654/9563084","(none named — references as shown on IEEE Xplore)","no"
"Journal Article","2021","10.5594/JMI.2021.3106125","10.5594-JMI.2021.3106125","orig-research","Field Trials of UHDTV Broadcasting over DTMB-A System","Journal Article Repository/2021/7261654/9563084","(none named — references as shown on IEEE Xplore)","no"
"Journal Article","2021","10.5594/JMI.2021.3106162","10.5594-JMI.2021.3106162","orig-research","Transitioning Broadcast to Cloud","Journal Article Repository/2021/7261654/9563084","(none named — references as shown on IEEE Xplore)","no"
"Journal Article","2021","10.5594/JMI.2021.3104396","10.5594-JMI.2021.3104396","orig-research","Is Live Standards Conversion in the Cloud Ready to Be Used?","Journal Article Repository/2021/7261654/9563084","(none named — references as shown on IEEE Xplore)","no"
"Journal Article","2021","10.5594/JMI.2021.3104381","10.5594-JMI.2021.3104381","orig-research","Cloud Production Pipeline Using IMF, C4ID, and Open TimeLine IO","Journal Article Repository/2021/7261654/9563084","(none named — references as shown on IEEE Xplore)","no"
"Journal Article","2021","10.5594/JMI.2021.3114847","10.5594-JMI.2021.3114847","orig-research","Humans, Automation, and Workflow: Seeking Balance in Service of Art","Journal Article Repository/2021/7261654/9631114","(none named — references as shown on IEEE Xplore)","no"
"Journal Article","2021","10.5594/JMI.2021.3117125","10.5594-JMI.2021.3117125","orig-research","Server-Side Segment Selection for Low-Latency Streaming—S4S","Journal Article Repository/2021/7261654/9631114","(none named — references as shown on IEEE Xplore)","no"
"Journal Article","2021","10.5594/JMI.2021.3114778","10.5594-JMI.2021.3114778","orig-research","Something We Can All Agree On: Recommendations and Best Practices for Dailies QC","Journal Article Repository/2021/7261654/9631114","(none named — references as shown on IEEE Xplore)","no"
"Journal Article","2021","10.5594/JMI.2021.3117095","10.5594-JMI.2021.3117095","orig-research","A Case for Archival Episodic Content as Technical Evaluative Material","Journal Article Repository/2021/7261654/9631114","(none named — references as shown on IEEE Xplore)","no"
"Journal Article","2021","10.5594/JMI.2021.3117065","10.5594-JMI.2021.3117065","orig-research","Creating from Anywhere with an Artist-Driven Approach to Workstation Deployment","Journal Article Repository/2021/7261654/9631114","(none named — references as shown on IEEE Xplore)","no"
"Journal Article","2022","10.5594/JMI.2021.3129884","10.5594-JMI.2021.3129884","orig-research","The First Broadcast TV Drama","Journal Article Repository/2022/7261654/9691399","(none named — references as shown on IEEE Xplore)","no"
"Journal Article","2022","10.5594/JMI.2021.3130943","10.5594-JMI.2021.3130943","orig-research","UHD (2160/HDR) and HD (1080/BT.709) Simultaneous Workflows at the CBC","Journal Article Repository/2022/7261654/9691399","(none named — references as shown on IEEE Xplore)","no"
"Journal Article","2022","10.5594/JMI.2021.3134997","10.5594-JMI.2021.3134997","orig-research","Consortium Shared Identity Over an Enterprise Blockchain","Journal Article Repository/2022/7261654/9691399","(none named — references as shown on IEEE Xplore)","no"
"Journal Article","2022","10.5594/JMI.2021.3114757","10.5594-JMI.2021.3114757","orig-research","Next-Generation OTT Distribution Architecture Supporting Multicast-Assisted ABR (mABR) and HTTP/3 Over QUIC","Journal Article Repository/2022/7261654/9691399","(none named — references as shown on IEEE Xplore)","no"
"Journal Article","2022","10.5594/JMI.2021.3134756","10.5594-JMI.2021.3134756","orig-research","Immersive Audio: Futureproof Workflows for the Real World","Journal Article Repository/2022/7261654/9691399","(none named — references as shown on IEEE Xplore)","no"
"Journal Article","2022","10.5594/JMI.2021.3130941","10.5594-JMI.2021.3130941","orig-research","Toward the Standardization of High-Quality Computer-Generated Holography Media Production Workflow","Journal Article Repository/2022/7261654/9691399","(none named — references as shown on IEEE Xplore)","no"
"Journal Article","2022","10.5594/JMI.2022.3146466","10.5594-JMI.2022.3146466","orig-research","Exposure Invariance Test","Journal Article Repository/2022/7261654/9732494","(none named — references as shown on IEEE Xplore)","no"
"Journal Article","2022","10.5594/JMI.2022.3146520","10.5594-JMI.2022.3146520","orig-research","Biometric Signals Reveal How Audiences Engage With Stories","Journal Article Repository/2022/7261654/9732494","(none named — references as shown on IEEE Xplore)","no"
"Journal Article","2022","10.5594/JMI.2022.3143607","10.5594-JMI.2022.3143607","orig-research","Virtual Tour of Flanders","Journal Article Repository/2022/7261654/9732494","(none named — references as shown on IEEE Xplore)","no"
"Journal Article","2022","10.5594/JMI.2022.3143608","10.5594-JMI.2022.3143608","orig-research","Physiologically Personalized Color Management for Motion Picture Workflows","Journal Article Repository/2022/7261654/9732494","(none named — references as shown on IEEE Xplore)","no"
"Journal Article","2022","10.5594/JMI.2022.3144011","10.5594-JMI.2022.3144011","orig-research","How Will We Preserve the Movies of Tomorrow? Technical and Ethical Considerations","Journal Article Repository/2022/7261654/9732494","(none named — references as shown on IEEE Xplore)","no"
"Journal Article","2022","10.5594/JMI.2022.3151144","10.5594-JMI.2022.3151144","orig-research","Customized Facial Expression Analysis in Video","Journal Article Repository/2022/7261654/9749797","(none named — references as shown on IEEE Xplore)","no"
"Journal Article","2022","10.5594/JMI.2022.3153646","10.5594-JMI.2022.3153646","orig-research","Exploring Realtime Conversational Virtual Characters","Journal Article Repository/2022/7261654/9749797","(none named — references as shown on IEEE Xplore)","no"
"Journal Article","2022","10.5594/JMI.2022.3153664","10.5594-JMI.2022.3153664","orig-research","Live Production System to Handle Video Signals With Various Aspect Ratios","Journal Article Repository/2022/7261654/9749797","(none named — references as shown on IEEE Xplore)","no"
"Journal Article","2022","10.5594/JMI.2022.3154836","10.5594-JMI.2022.3154836","orig-research","Machine Learning for Per-Title Encoding","Journal Article Repository/2022/7261654/9749797","(none named — references as shown on IEEE Xplore)","no"
"Journal Article","2022","10.5594/JMI.2022.3155759","10.5594-JMI.2022.3155759","orig-research","Understanding Banding—Perceptual Modeling and Machine Learning Approaches for Banding Detection","Journal Article Repository/2022/7261654/9749797","(none named — references as shown on IEEE Xplore)","no"
"Journal Article","2022","10.5594/JMI.2022.3153662","10.5594-JMI.2022.3153662","orig-research","Realizing Additional Value From Linear Content Using Metadata and Automation","Journal Article Repository/2022/7261654/9749797","(none named — references as shown on IEEE Xplore)","no"
"Journal Article","2022","10.5594/JMI.2022.3160804","10.5594-JMI.2022.3160804","orig-research","TV-Watching Robot: Toward Enriching Media Experience and Activating Human Communication","Journal Article Repository/2022/7261654/9772088","(none named — references as shown on IEEE Xplore)","no"
"Journal Article","2022","10.5594/JMI.2022.3160541","10.5594-JMI.2022.3160541","orig-research","AI-Based Saliency-Aware Video Coding","Journal Article Repository/2022/7261654/9772088","(none named — references as shown on IEEE Xplore)","no"
"Journal Article","2022","10.5594/JMI.2022.3160560","10.5594-JMI.2022.3160560","orig-research","Adaptive Streaming of Content-Aware-Encoded Videos in dash.js","Journal Article Repository/2022/7261654/9772088","(none named — references as shown on IEEE Xplore)","no"
"Journal Article","2022","10.5594/JMI.2022.3160801","10.5594-JMI.2022.3160801","orig-research","Toward Generalized Psychovisual Preprocessing For Video Encoding","Journal Article Repository/2022/7261654/9772088","(none named — references as shown on IEEE Xplore)","no"
"Journal Article","2022","10.5594/JMI.2022.3160793","10.5594-JMI.2022.3160793","orig-research","AI-Based Media Coding Standards","Journal Article Repository/2022/7261654/9772088","(none named — references as shown on IEEE Xplore)","no"
"Journal Article","2022","10.5594/JMI.2022.3160832","10.5594-JMI.2022.3160832","orig-research","Dynamic Seamless Resource Allocation for Live Video Compression on a Kubernetes Cluster","Journal Article Repository/2022/7261654/9772088","(none named — references as shown on IEEE Xplore)","no"
"Journal Article","2022","10.5594/JMI.2022.3167782","10.5594-JMI.2022.3167782","orig-research","Mastering Quantization is Key for Video Compression","Journal Article Repository/2022/7261654/9789510","(none named — references as shown on IEEE Xplore)","no"
"Journal Article","2022","10.5594/JMI.2022.3169748","10.5594-JMI.2022.3169748","orig-research","Single Source of the Truth in Media Data Centers","Journal Article Repository/2022/7261654/9789510","(none named — references as shown on IEEE Xplore)","no"
"Journal Article","2022","10.5594/JMI.2022.3166200","10.5594-JMI.2022.3166200","orig-research","Transitioning an Existing SDI Facility to IP","Journal Article Repository/2022/7261654/9789510","(none named — references as shown on IEEE Xplore)","no"
"Journal Article","2022","10.5594/JMI.2022.3167776","10.5594-JMI.2022.3167776","orig-research","Standards and Specifications for Carriage of JPEG XS in RTP for IP Networks","Journal Article Repository/2022/7261654/9789510","(none named — references as shown on IEEE Xplore)","no"
"Journal Article","2022","10.5594/JMI.2022.3169754","10.5594-JMI.2022.3169754","orig-research","A Report from a SMPTE ST 2110 Early Adopter: WTTG/WDCA Fox Television Builds an IP-Based Local Television Station","Journal Article Repository/2022/7261654/9789510","(none named — references as shown on IEEE Xplore)","no"
"Journal Article","2022","10.5594/JMI.2022.3166161","10.5594-JMI.2022.3166161","orig-research","Software-Based Studios","Journal Article Repository/2022/7261654/9789510","(none named — references as shown on IEEE Xplore)","no"
"Journal Article","2022","10.5594/JMI.2022.3167779","10.5594-JMI.2022.3167779","orig-research","Infrastructure as Code at CBC/Radio-Canada’s Media-Over-IP Data Center","Journal Article Repository/2022/7261654/9789510","(none named — references as shown on IEEE Xplore)","no"
"Journal Article","2022","10.5594/JMI.2022.3173650","10.5594-JMI.2022.3173650","orig-research","Server-Side Versus Client-Side Synchronization for Watch Together Applications Using CMAF Low Latency","Journal Article Repository/2022/7261654/9804818","(none named — references as shown on IEEE Xplore)","no"
"Journal Article","2022","10.5594/JMI.2022.3173621","10.5594-JMI.2022.3173621","orig-research","Digital Print Stock Design: A Framework for the Post-Film Era","Journal Article Repository/2022/7261654/9804818","(none named — references as shown on IEEE Xplore)","no"
"Journal Article","2022","10.5594/JMI.2022.3173625","10.5594-JMI.2022.3173625","orig-research","Analysis of Generation Loss for Wavelet-Based Compression","Journal Article Repository/2022/7261654/9804818","(none named — references as shown on IEEE Xplore)","no"
"Journal Article","2022","10.5594/JMI.2022.3175990","10.5594-JMI.2022.3175990","orig-research","Network Operator-Provided 5G Streaming Media and Future Broadcast Services","Journal Article Repository/2022/7261654/9804818","(none named — references as shown on IEEE Xplore)","no"
"Journal Article","2022","10.5594/JMI.2022.3175955","10.5594-JMI.2022.3175955","orig-research","Universal CMAF Container for Efficient Cross-Format Low-Latency Delivery","Journal Article Repository/2022/7261654/9804818","(none named — references as shown on IEEE Xplore)","no"
"Journal Article","2022","10.5594/JMI.2022.3184732","10.5594-JMI.2022.3184732","orig-research","Optimizing Linear Media Processes for Cloud","Journal Article Repository/2022/7261654/9851537","(none named — references as shown on IEEE Xplore)","no"
"Journal Article","2022","10.5594/JMI.2022.3184849","10.5594-JMI.2022.3184849","orig-research","Cloud-Based AI for Automatic Audio Production for Personalized Immersive XR Experiences","Journal Article Repository/2022/7261654/9851537","(none named — references as shown on IEEE Xplore)","no"
"Journal Article","2022","10.5594/JMI.2022.3180798","10.5594-JMI.2022.3180798","orig-research","Selective Storage: Store and Deliver Only What Matters","Journal Article Repository/2022/7261654/9851537","(none named — references as shown on IEEE Xplore)","no"
"Journal Article","2022","10.5594/JMI.2022.3180777","10.5594-JMI.2022.3180777","orig-research","Performance of Low-Latency DASH and HLS Streaming in Mobile Networks","Journal Article Repository/2022/7261654/9851537","(none named — references as shown on IEEE Xplore)","no"
"Journal Article","2022","10.5594/JMI.2022.3180825","10.5594-JMI.2022.3180825","orig-research","Advancements in Information Technology Applied to Professional Media","Journal Article Repository/2022/7261654/9851537","(none named — references as shown on IEEE Xplore)","no"
"Journal Article","2022","10.5594/JMI.2022.3183668","10.5594-JMI.2022.3183668","orig-research","Preservation of Perceived Colorfulness of Down-Mapped, Hybrid Log-Gamma (HLG) to Standard Dynamic Range Content Using a Color Appearance Model (CAM)","Journal Article Repository/2022/7261654/9851537","(none named — references as shown on IEEE Xplore)","no"
"Journal Article","2022","10.5594/JMI.2022.3192059","10.5594-JMI.2022.3192059","orig-research","SMPTE ST 2110—The Growing Ecosystem","Journal Article Repository/2022/7261654/9868266","(none named — references as shown on IEEE Xplore)","no"
"Journal Article","2022","10.5594/JMI.2022.3190532","10.5594-JMI.2022.3190532","orig-research","Alliance for Open Media (AOMedia) Progress Report","Journal Article Repository/2022/7261654/9868266","(none named — references as shown on IEEE Xplore)","no"
"Journal Article","2022","10.5594/JMI.2022.3189040","10.5594-JMI.2022.3189040","orig-research","American Society of Cinematographers Motion Imaging Technology Council Progress Report 2022","Journal Article Repository/2022/7261654/9868266","(none named — references as shown on IEEE Xplore)","no"
"Journal Article","2022","10.5594/JMI.2022.3192045","10.5594-JMI.2022.3192045","orig-research","Progress Report of the Advanced Television Systems Committee","Journal Article Repository/2022/7261654/9868266","(none named — references as shown on IEEE Xplore)","no"
"Journal Article","2022","10.5594/JMI.2022.3186689","10.5594-JMI.2022.3186689","orig-research","An Update from the Entertainment Technology Center at USC","Journal Article Repository/2022/7261654/9868266","(none named — references as shown on IEEE Xplore)","no"
"Journal Article","2022","10.5594/JMI.2022.3196438","10.5594-JMI.2022.3196438","orig-research","Joint Task Force on Networked Media Review for 2022","Journal Article Repository/2022/7261654/9868266","(none named — references as shown on IEEE Xplore)","no"
"Journal Article","2022","10.5594/JMI.2022.3186059","10.5594-JMI.2022.3186059","orig-research","European Broadcasting Union (EBU) Update 2022","Journal Article Repository/2022/7261654/9868266","(none named — references as shown on IEEE Xplore)","no"
"Journal Article","2022","10.5594/JMI.2022.3192057","10.5594-JMI.2022.3192057","orig-research","An Update From the North American Broadcasters Association and the World Broadcasting Unions’ Committees","Journal Article Repository/2022/7261654/9868266","(none named — references as shown on IEEE Xplore)","no"
"Journal Article","2022","10.5594/JMI.2022.3192841","10.5594-JMI.2022.3192841","orig-research","Report from the Academy of Motion Picture Arts and Sciences’ Science and Technology Council","Journal Article Repository/2022/7261654/9868266","(none named — references as shown on IEEE Xplore)","no"
"Journal Article","2022","10.5594/JMI.2022.3187691","10.5594-JMI.2022.3187691","orig-research","An Update From the 5G Media Action Group (5G-MAG)","Journal Article Repository/2022/7261654/9868266","(none named — references as shown on IEEE Xplore)","no"
"Journal Article","2022","10.5594/JMI.2022.3192061","10.5594-JMI.2022.3192061","orig-research","Update on the World Wide Web Consortium (W3C)","Journal Article Repository/2022/7261654/9868266","(none named — references as shown on IEEE Xplore)","no"
"Journal Article","2022","10.5594/JMI.2022.3190520","10.5594-JMI.2022.3190520","orig-research","Update on SMPTE’s Rapid Industry Solutions (RIS) On-Set Virtual Production (OSVP) Initiative","Journal Article Repository/2022/7261654/9868266","(none named — references as shown on IEEE Xplore)","no"
"Journal Article","2022","10.5594/JMI.2022.3184708","10.5594-JMI.2022.3184708","orig-research","Greening Our Story: Transforming CBC/Radio- Canada into a World-Class, Sustainable Public Service Media Company","Journal Article Repository/2022/7261654/9868266","(none named — references as shown on IEEE Xplore)","no"
"Journal Article","2022","10.5594/JMI.2022.3190917","10.5594-JMI.2022.3190917","orig-research","JPEG Status and Progress Report 2022","Journal Article Repository/2022/7261654/9868266","(none named — references as shown on IEEE Xplore)","no"
"Journal Article","2022","10.5594/JMI.2022.3184715","10.5594-JMI.2022.3184715","orig-research","Student Outreach Efforts by the SMPTE Membership Committee","Journal Article Repository/2022/7261654/9868266","(none named — references as shown on IEEE Xplore)","no"
"Journal Article","2022","10.5594/JMI.2022.3188049","10.5594-JMI.2022.3188049","orig-research","Standards-Based Solutions for a Media World in Transition","Journal Article Repository/2022/7261654/9868266","(none named — references as shown on IEEE Xplore)","no"
"Journal Article","2022","10.5594/JMI.2022.3190918","10.5594-JMI.2022.3190918","orig-research","Update From Digital Production Partnership (DPP)","Journal Article Repository/2022/7261654/9868266","(none named — references as shown on IEEE Xplore)","no"
"Journal Article","2022","10.5594/JMI.2022.3184717","10.5594-JMI.2022.3184717","orig-research","Displays—Progress Report 2022","Journal Article Repository/2022/7261654/9868266","(none named — references as shown on IEEE Xplore)","no"
"Journal Article","2022","10.5594/JMI.2022.3192073","10.5594-JMI.2022.3192073","orig-research","Recent Activities of the Ultra HD Forum","Journal Article Repository/2022/7261654/9868266","(none named — references as shown on IEEE Xplore)","no"
"Journal Article","2022","10.5594/JMI.2022.3186050","10.5594-JMI.2022.3186050","orig-research","ITU-R Study Group 6 Progress Report 2021–2022","Journal Article Repository/2022/7261654/9868266","(none named — references as shown on IEEE Xplore)","no"
"Journal Article","2022","10.5594/JMI.2022.3184702","10.5594-JMI.2022.3184702","orig-research","Consumer Technology Association Update","Journal Article Repository/2022/7261654/9868266","(none named — references as shown on IEEE Xplore)","no"
"Journal Article","2022","10.5594/JMI.2022.3188047","10.5594-JMI.2022.3188047","orig-research","Streaming Video Alliance Progress Report About the Streaming Video Alliance","Journal Article Repository/2022/7261654/9868266","(none named — references as shown on IEEE Xplore)","no"
"Journal Article","2022","10.5594/JMI.2022.3193428","10.5594-JMI.2022.3193428","orig-research","ISO/TC 36 Cinematography","Journal Article Repository/2022/7261654/9868266","(none named — references as shown on IEEE Xplore)","no"
"Journal Article","2022","10.5594/JMI.2022.3195276","10.5594-JMI.2022.3195276","orig-research","Achieving Interoperability in NMOS-Based IP Control Systems","Journal Article Repository/2022/7261654/9906016","(none named — references as shown on IEEE Xplore)","no"
"Journal Article","2022","10.5594/JMI.2022.3198485","10.5594-JMI.2022.3198485","orig-research","Workflow as a Service Delivered by the Dynamic Media Services Architecture","Journal Article Repository/2022/7261654/9906016","(none named — references as shown on IEEE Xplore)","no"
"Journal Article","2022","10.5594/JMI.2022.3195253","10.5594-JMI.2022.3195253","orig-research","IP Media Infrastructure—Opportunities, Observations, and Challenges","Journal Article Repository/2022/7261654/9906016","(none named — references as shown on IEEE Xplore)","no"
"Journal Article","2022","10.5594/JMI.2022.3196726","10.5594-JMI.2022.3196726","orig-research","Foundations for New Media Nodes","Journal Article Repository/2022/7261654/9906016","(none named — references as shown on IEEE Xplore)","no"
"Journal Article","2022","10.5594/JMI.2022.3201926","10.5594-JMI.2022.3201926","orig-research","Systemizing ST 2110 and Simplifying IP-Based Production","Journal Article Repository/2022/7261654/9906016","(none named — references as shown on IEEE Xplore)","no"
"Journal Article","2022","10.5594/JMI.2022.3207811","10.5594-JMI.2022.3207811","orig-research","Proxy Workflows for a Secure Remote Editing Future","Journal Article Repository/2022/7261654/9962270","(none named — references as shown on IEEE Xplore)","no"
"Journal Article","2022","10.5594/JMI.2022.3207816","10.5594-JMI.2022.3207816","orig-research","Optimizing UHD Production with Super Resolution Techniques","Journal Article Repository/2022/7261654/9962270","(none named — references as shown on IEEE Xplore)","no"
"Journal Article","2022","10.5594/JMI.2022.3207814","10.5594-JMI.2022.3207814","orig-research","First Live Production and Transmission of Immersive Audio on Commercial OTA Digital Television in Latin America","Journal Article Repository/2022/7261654/9962270","(none named — references as shown on IEEE Xplore)","no"
"Journal Article","2022","10.5594/JMI.2022.3208274","10.5594-JMI.2022.3208274","orig-research","Hue-Preserving Color Transforms for LED Wall Virtual Production Workflows","Journal Article Repository/2022/7261654/9962270","(none named — references as shown on IEEE Xplore)","no"
"Journal Article","2022","10.5594/JMI.2022.3196729","10.5594-JMI.2022.3196729","orig-research","Stronger Together: Cross Service Media Recommendations","Journal Article Repository/2022/7261654/9962270","(none named — references as shown on IEEE Xplore)","no"
"Journal Article","2022","10.5594/JMI.2022.3207817","10.5594-JMI.2022.3207817","orig-research","Creating Transformational Media Solutions Using 5G Edge Computing","Journal Article Repository/2022/7261654/9962270","(none named — references as shown on IEEE Xplore)","no"
"Journal Article","2023","10.5594/JMI.2022.3221288","10.5594-JMI.2022.3221288","orig-research","An ST 2110 Network-Attached Display Adapter for Virtualizing Production","Journal Article Repository/2023/7261654/10026146","(none named — references as shown on IEEE Xplore)","no"
"Journal Article","2023","10.5594/JMI.2022.3221122","10.5594-JMI.2022.3221122","orig-research","Optimized Camera Integration in IP-Based Workflows and Infrastructures","Journal Article Repository/2023/7261654/10026146","(none named — references as shown on IEEE Xplore)","no"
"Journal Article","2023","10.5594/JMI.2022.3220738","10.5594-JMI.2022.3220738","orig-research","Supporting Live Production Using Precision Time Protocol Over 5G Systems With Dedicated Time Synchronization Support","Journal Article Repository/2023/7261654/10026146","(none named — references as shown on IEEE Xplore)","no"
"Journal Article","2023","10.5594/JMI.2022.3220730","10.5594-JMI.2022.3220730","orig-research","Synchronized Multistream Transport Using RIST","Journal Article Repository/2023/7261654/10026146","(none named — references as shown on IEEE Xplore)","no"
"Journal Article","2023","10.5594/JMI.2022.3220794","10.5594-JMI.2022.3220794","orig-research","5G-MAG (Media Action Group) Reference Tools: Putting 5G in Action for Media","Journal Article Repository/2023/7261654/10026146","(none named — references as shown on IEEE Xplore)","no"
"Journal Article","2023","10.5594/JMI.2022.3196732","10.5594-JMI.2022.3196732","orig-research","Tighter NIC/GPU Integration Yields Next-Level Media Processing Performance","Journal Article Repository/2023/7261654/10026146","(none named — references as shown on IEEE Xplore)","no"
"Journal Article","2023","10.5594/JMI.2023.3236022","10.5594-JMI.2023.3236022","orig-research","Distributing and Synchronizing Signals Between the Worlds of SDI and IP","Journal Article Repository/2023/7261654/10058710","(none named — references as shown on IEEE Xplore)","no"
"Journal Article","2023","10.5594/JMI.2023.3236033","10.5594-JMI.2023.3236033","orig-research","Open Caching: An Innovative Way for Content Providers to Serve Customers","Journal Article Repository/2023/7261654/10058710","(none named — references as shown on IEEE Xplore)","no"
"Journal Article","2023","10.5594/JMI.2023.3236015","10.5594-JMI.2023.3236015","orig-research","ATSC 3.0, DVB-I, and TV 3.0 Services via 5G Broadcast—System Design and Reference Tools","Journal Article Repository/2023/7261654/10058710","(none named — references as shown on IEEE Xplore)","no"
"Journal Article","2023","10.5594/JMI.2023.3239646","10.5594-JMI.2023.3239646","orig-research","Can I Really Protect My Broadcast Plant From a Cybersecurity Attack?","Journal Article Repository/2023/7261654/10058710","(none named — references as shown on IEEE Xplore)","no"
"Journal Article","2023","10.5594/JMI.2023.3236021","10.5594-JMI.2023.3236021","orig-research","A UHDTV Camera System With Multiplane Phase-Detection Autofocus","Journal Article Repository/2023/7261654/10058710","(none named — references as shown on IEEE Xplore)","no"
"Journal Article","2023","10.5594/JMI.2023.3236001","10.5594-JMI.2023.3236001","orig-research","Uncompressed Video in the Public Cloud: Are We There Yet?","Journal Article Repository/2023/7261654/10058710","(none named — references as shown on IEEE Xplore)","no"
"Journal Article","2023","10.5594/JMI.2023.3241298","10.5594-JMI.2023.3241298","orig-research","COTS (Commercial-off-the-Shelf) Platform for Media Production Everywhere","Journal Article Repository/2023/7261654/10058710","(none named — references as shown on IEEE Xplore)","no"
"Journal Article","2023","10.5594/JMI.2023.3249359","10.5594-JMI.2023.3249359","orig-research","Haptic Presentation System Synchronized With Live Sports Broadcasts at Public Viewing Events","Journal Article Repository/2023/7261654/10089985","(none named — references as shown on IEEE Xplore)","no"
"Journal Article","2023","10.5594/JMI.2023.3245685","10.5594-JMI.2023.3245685","orig-research","Machine Learning Applied to Media Libraries for Insights, Search, and Segmentation","Journal Article Repository/2023/7261654/10089985","(none named — references as shown on IEEE Xplore)","no"
"Journal Article","2023","10.5594/JMI.2023.3246764","10.5594-JMI.2023.3246764","orig-research","Semantic Regions of Interest Applied to Adaptive Image Compression, Color Enhancement, and Automated Pan-and-Scan","Journal Article Repository/2023/7261654/10089985","(none named — references as shown on IEEE Xplore)","no"
"Journal Article","2023","10.5594/JMI.2023.3245675","10.5594-JMI.2023.3245675","orig-research","Optimizing Video Compression With CNN-Based Autoencoders With Chroma Subsampling","Journal Article Repository/2023/7261654/10089985","(none named — references as shown on IEEE Xplore)","no"
"Journal Article","2023","10.5594/JMI.2023.3248614","10.5594-JMI.2023.3248614","orig-research","Integration of 5G Wireless into Hybrid Media Production Including SMPTE ST 2110","Journal Article Repository/2023/7261654/10089985","(none named — references as shown on IEEE Xplore)","no"
"Journal Article","2023","10.5594/JMI.2023.3263499","10.5594-JMI.2023.3263499","orig-research","Toward Efficient Multicodec Streaming","Journal Article Repository/2023/7261654/10122900","(none named — references as shown on IEEE Xplore)","no"
"Journal Article","2023","10.5594/JMI.2023.3263505","10.5594-JMI.2023.3263505","orig-research","Real-World Use of AI for Better Video Compression","Journal Article Repository/2023/7261654/10122900","(none named — references as shown on IEEE Xplore)","no"
"Journal Article","2023","10.5594/JMI.2023.3261399","10.5594-JMI.2023.3261399","orig-research","Proposed Extensions to the Third Edition of JPEG XS (ISO/IEC 21122) Standard","Journal Article Repository/2023/7261654/10122900","(none named — references as shown on IEEE Xplore)","no"
"Journal Article","2023","10.5594/JMI.2023.3263888","10.5594-JMI.2023.3263888","orig-research","Camille—Virtual Production Case Studies Considerations for Working With LED Walls for Independent Filmmakers","Journal Article Repository/2023/7261654/10122900","(none named — references as shown on IEEE Xplore)","no"
"Journal Article","2023","10.5594/JMI.2023.3272054","10.5594-JMI.2023.3272054","orig-research","360 8K Viewport-Independent VR","Journal Article Repository/2023/7261654/10145494","(none named — references as shown on IEEE Xplore)","no"
"Journal Article","2023","10.5594/JMI.2023.3265122","10.5594-JMI.2023.3265122","orig-research","Possible Solutions for the Vendor Lock-In Control Protocol in IP-Based Production Systems","Journal Article Repository/2023/7261654/10145494","(none named — references as shown on IEEE Xplore)","no"
"Journal Article","2023","10.5594/JMI.2023.3269752","10.5594-JMI.2023.3269752","orig-research","Immersive Experiences and XR: A Game Engine or Multimedia Streaming Problem?","Journal Article Repository/2023/7261654/10145494","(none named — references as shown on IEEE Xplore)","no"
"Journal Article","2023","10.5594/JMI.2023.3269750","10.5594-JMI.2023.3269750","orig-research","Solving the Challenge of Volumetric Video Production and Streaming: An End-to-End Perspective of Technologies and Device Ecosystem Capabilities and Performance","Journal Article Repository/2023/7261654/10145494","(none named — references as shown on IEEE Xplore)","no"
"Journal Article","2023","10.5594/JMI.2023.3277943","10.5594-JMI.2023.3277943","orig-research","Method of Evaluating Luminance Reproduction Accuracy of Displays for Complex Imagery","Journal Article Repository/2023/7261654/10171596","(none named — references as shown on IEEE Xplore)","no"
"Journal Article","2023","10.5594/JMI.2023.3279467","10.5594-JMI.2023.3279467","orig-research","Use of Common Media Client and Server Data to Improve Streaming Playback Performance","Journal Article Repository/2023/7261654/10171596","(none named — references as shown on IEEE Xplore)","no"
"Journal Article","2023","10.5594/JMI.2023.3277107","10.5594-JMI.2023.3277107","orig-research","Understanding Color Memory: A Study of Skin Tone Perception in Hue, Intensity, and Chroma","Journal Article Repository/2023/7261654/10171596","(none named — references as shown on IEEE Xplore)","no"
"Journal Article","2023","10.5594/JMI.2023.3277092","10.5594-JMI.2023.3277092","orig-research","HDR Production—Tone Mapping Techniques and Roundtrip Conversion Performance for Mastering With SDR and HDR Sources","Journal Article Repository/2023/7261654/10171596","(none named — references as shown on IEEE Xplore)","no"
"Journal Article","2023","10.5594/JMI.2023.3279421","10.5594-JMI.2023.3279421","orig-research","Investigations With Prototype Workflows and Specialist Cameras for Wider Target Platform Coverage Reduced Complexity and Universal Distribution","Journal Article Repository/2023/7261654/10171596","(none named — references as shown on IEEE Xplore)","no"
"Journal Article","2023","10.5594/JMI.2023.3286874","10.5594-JMI.2023.3286874","orig-research","5G-Broadcast: Laboratory Tests and Field Trials for the Mobile TV of Tomorrow","Journal Article Repository/2023/7261654/10196059","(none named — references as shown on IEEE Xplore)","no"
"Journal Article","2023","10.5594/JMI.2023.3285284","10.5594-JMI.2023.3285284","orig-research","Encoding and Storing Only Once: The Road to CMAF Adoption","Journal Article Repository/2023/7261654/10196059","(none named — references as shown on IEEE Xplore)","no"
"Journal Article","2023","10.5594/JMI.2023.3285245","10.5594-JMI.2023.3285245","orig-research","Pixel Value Adjustment to Reduce the Energy Requirements of Display Devices","Journal Article Repository/2023/7261654/10196059","(none named — references as shown on IEEE Xplore)","no"
"Journal Article","2023","10.5594/JMI.2023.3285235","10.5594-JMI.2023.3285235","orig-research","Considerations in Designing for Reduced Environmental Impact of Digital Media Production and Distribution Systems","Journal Article Repository/2023/7261654/10196059","(none named — references as shown on IEEE Xplore)","no"
"Journal Article","2023","10.5594/JMI.2023.3286845","10.5594-JMI.2023.3286845","orig-research","Media and Entertainment Sustainability on the Cloud","Journal Article Repository/2023/7261654/10196059","(none named — references as shown on IEEE Xplore)","no"
"Journal Article","2023","10.5594/JMI.2023.3285282","10.5594-JMI.2023.3285282","orig-research","Improving Information Technology Sustainability With Modern Tape Storage","Journal Article Repository/2023/7261654/10196059","(none named — references as shown on IEEE Xplore)","no"
"Journal Article","2023","10.5594/JMI.2023.3292951","10.5594-JMI.2023.3292951","orig-research","Progress Report of the Advanced Television Systems Committee","Journal Article Repository/2023/7261654/10243412","(none named — references as shown on IEEE Xplore)","no"
"Journal Article","2023","10.5594/JMI.2023.3295481","10.5594-JMI.2023.3295481","orig-research","Sustainability in Media Tech","Journal Article Repository/2023/7261654/10243412","(none named — references as shown on IEEE Xplore)","no"
"Journal Article","2023","10.5594/JMI.2023.3296834","10.5594-JMI.2023.3296834","orig-research","Recent Activities of the Ultra HD Forum","Journal Article Repository/2023/7261654/10243412","(none named — references as shown on IEEE Xplore)","no"
"Journal Article","2023","10.5594/JMI.2023.3295469","10.5594-JMI.2023.3295469","orig-research","American Society of Cinematographers Motion Imaging Technology Council Progress Report 2023","Journal Article Repository/2023/7261654/10243412","(none named — references as shown on IEEE Xplore)","no"
"Journal Article","2023","10.5594/JMI.2023.3295458","10.5594-JMI.2023.3295458","orig-research","Video Service Forum (VSF) Review","Journal Article Repository/2023/7261654/10243412","(none named — references as shown on IEEE Xplore)","no"
"Journal Article","2023","10.5594/JMI.2023.3288905","10.5594-JMI.2023.3288905","orig-research","Consumer Technology Association (CTA) Update","Journal Article Repository/2023/7261654/10243412","(none named — references as shown on IEEE Xplore)","no"
"Journal Article","2023","10.5594/JMI.2023.3295466","10.5594-JMI.2023.3295466","orig-research","Live Cloud Production","Journal Article Repository/2023/7261654/10243412","(none named — references as shown on IEEE Xplore)","no"
"Journal Article","2023","10.5594/JMI.2023.3297240","10.5594-JMI.2023.3297240","orig-research","Introduction From the Standards Vice President","Journal Article Repository/2023/7261654/10243412","(none named — references as shown on IEEE Xplore)","no"
"Journal Article","2023","10.5594/JMI.2023.3288913","10.5594-JMI.2023.3288913","orig-research","European Broadcasting Union (EBU) Progress Report","Journal Article Repository/2023/7261654/10243412","(none named — references as shown on IEEE Xplore)","no"
"Journal Article","2023","10.5594/JMI.2023.3300016","10.5594-JMI.2023.3300016","orig-research","Report From the Academy of Motion Picture Arts and Sciences’ Science and Technology Council","Journal Article Repository/2023/7261654/10243412","(none named — references as shown on IEEE Xplore)","no"
"Journal Article","2023","10.5594/JMI.2023.3296119","10.5594-JMI.2023.3296119","orig-research","Rapid Industry Solutions (RiS) Initiative, On-Set Virtual Production (OSVP), and Open Services Alliance (OSA) at SMPTE","Journal Article Repository/2023/7261654/10243412","(none named — references as shown on IEEE Xplore)","no"
"Journal Article","2023","10.5594/JMI.2023.3297238","10.5594-JMI.2023.3297238","orig-research","Applications of Generative AI to Media","Journal Article Repository/2023/7261654/10243412","(none named — references as shown on IEEE Xplore)","no"
"Journal Article","2023","10.5594/JMI.2023.3288908","10.5594-JMI.2023.3288908","orig-research","ITU-R Study Group 6 Progress Report 2023","Journal Article Repository/2023/7261654/10243412","(none named — references as shown on IEEE Xplore)","no"
"Journal Article","2023","10.5594/JMI.2023.3290304","10.5594-JMI.2023.3290304","orig-research","Another Busy Year for the DVB Project","Journal Article Repository/2023/7261654/10243412","(none named — references as shown on IEEE Xplore)","no"
"Journal Article","2023","10.5594/JMI.2023.3288906","10.5594-JMI.2023.3288906","orig-research","5G Media Action Group (5G-MAG): Global Internet and 5G Technologies for Multimedia Applications","Journal Article Repository/2023/7261654/10243412","(none named — references as shown on IEEE Xplore)","no"
"Journal Article","2023","10.5594/JMI.2023.3295459","10.5594-JMI.2023.3295459","orig-research","World Wide Web Consortium (W3C) Progress Report","Journal Article Repository/2023/7261654/10243412","(none named — references as shown on IEEE Xplore)","no"
"Journal Article","2023","10.5594/JMI.2023.3293141","10.5594-JMI.2023.3293141","orig-research","Streaming Video Technology Alliance Progress Report","Journal Article Repository/2023/7261654/10243412","(none named — references as shown on IEEE Xplore)","no"
"Journal Article","2023","10.5594/JMI.2023.3297239","10.5594-JMI.2023.3297239","orig-research","Update From the Entertainment Technology Center","Journal Article Repository/2023/7261654/10243412","(none named — references as shown on IEEE Xplore)","no"
"Journal Article","2023","10.5594/JMI.2023.3295479","10.5594-JMI.2023.3295479","orig-research","Progress Report on VVC Applications","Journal Article Repository/2023/7261654/10243412","(none named — references as shown on IEEE Xplore)","no"
"Journal Article","2023","10.5594/JMI.2023.3296121","10.5594-JMI.2023.3296121","orig-research","DPP Update","Journal Article Repository/2023/7261654/10243412","(none named — references as shown on IEEE Xplore)","no"
"Journal Article","2023","10.5594/JMI.2023.3297228","10.5594-JMI.2023.3297228","orig-research","Alliance for Open Media Progress Report","Journal Article Repository/2023/7261654/10243412","(none named — references as shown on IEEE Xplore)","no"
"Journal Article","2023","10.5594/JMI.2023.3306579","10.5594-JMI.2023.3306579","orig-research","Can ST 2059-2 Benefit From PTP Version 2.1?","Journal Article Repository/2023/7261654/10271706","(none named — references as shown on IEEE Xplore)","no"
"Journal Article","2023","10.5594/JMI.2023.3303499","10.5594-JMI.2023.3303499","orig-research","Encoding Optimizations for Video Game Live Streaming","Journal Article Repository/2023/7261654/10271706","(none named — references as shown on IEEE Xplore)","no"
"Journal Article","2023","10.5594/JMI.2023.3306516","10.5594-JMI.2023.3306516","orig-research","Modeling the Value of JITEX: Just-In-Time Transcoding at the Edge","Journal Article Repository/2023/7261654/10271706","(none named — references as shown on IEEE Xplore)","no"
"Journal Article","2023","10.5594/JMI.2023.3305004","10.5594-JMI.2023.3305004","orig-research","New Era of ST 2110 Compliance Testing With PICS and RP 2110-25","Journal Article Repository/2023/7261654/10271706","(none named — references as shown on IEEE Xplore)","no"
"Journal Article","2023","10.5594/JMI.2023.3303530","10.5594-JMI.2023.3303530","orig-research","Program-Production System Consisting of Multiple NMOS-Compliant Systems","Journal Article Repository/2023/7261654/10271706","(none named — references as shown on IEEE Xplore)","no"
"Journal Article","2023","10.5594/JMI.2023.3325513","10.5594-JMI.2023.3325513","orig-research","HDR Challenges and Solutions","Journal Article Repository/2023/7261654/10319887","(none named — references as shown on IEEE Xplore)","no"
"Journal Article","2023","10.5594/JMI.2023.3321102","10.5594-JMI.2023.3321102","orig-research","Sports Production Through AI-Powered Sports Action Tracking and PTZ Cameras","Journal Article Repository/2023/7261654/10319887","(none named — references as shown on IEEE Xplore)","no"
"Journal Article","2023","10.5594/JMI.2023.3278792","10.5594-JMI.2023.3278792","orig-research","Why Holographic 3D Light Field Displays are Impossible, and How to Build One Anyway","Journal Article Repository/2023/7261654/10319887","(none named — references as shown on IEEE Xplore)","no"
"Journal Article","2023","10.5594/JMI.2023.3325858","10.5594-JMI.2023.3325858","orig-research","Hyperconverged Design: Reducing the Environmental Impact of Production Technologies Throughout the Product Lifecycle","Journal Article Repository/2023/7261654/10319887","(none named — references as shown on IEEE Xplore)","no"
"Conference Paper","2015","10.5594/M001596","10.5594-M001596","orig-research","An Analysis of the Impact of HEVC on Existing Media Businesses","Conference Repository/Conference Papers/2015/7398355/7398356","(none named — references as shown on IEEE Xplore)","no"
"Conference Paper","2015","10.5594/M001597","10.5594-M001597","orig-research","Changing the Game: A Guide to Cost-Efficient Software-Based HEVC Video Processing Deployment","Conference Repository/Conference Papers/2015/7398355/7398356","10-5594_M001597-ref.xml","no"
"Conference Paper","2015","10.5594/M001598","10.5594-M001598","orig-research","DASH 2015: Where are We at and what Next","Conference Repository/Conference Papers/2015/7398355/7398356","(none named — references as shown on IEEE Xplore)","no"
"Conference Paper","2015","10.5594/M001599","10.5594-M001599","orig-research","Moving High to Cloud","Conference Repository/Conference Papers/2015/7398355/7398356","(none named — references as shown on IEEE Xplore)","no"
"Conference Paper","2015","10.5594/M001600","10.5594-M001600","orig-research","Broadcast in the Age of Disruption","Conference Repository/Conference Papers/2015/7398355/7398356","(none named — references as shown on IEEE Xplore)","no"
"Conference Paper","2015","10.5594/M001601","10.5594-M001601","orig-research","What can We Learn from the Last 100 SMPTE Years? What will Tell Us about the Next 10?","Conference Repository/Conference Papers/2015/7398355/7398356","10-5594_M001601-ref.xml","no"
"Conference Paper","2015","10.5594/M001602","10.5594-M001602","orig-research","Into Thin Air: The Cloud Conflict","Conference Repository/Conference Papers/2015/7398355/7398356","10-5594_M001602-ref.xml","no"
"Conference Paper","2015","10.5594/M001603","10.5594-M001603","orig-research","SCAsat Audio Distribution “Best of Satellite, Best of WAN”","Conference Repository/Conference Papers/2015/7398355/7398356","(none named — references as shown on IEEE Xplore)","no"
"Conference Paper","2015","10.5594/M001604","10.5594-M001604","orig-research","4K/UHD Viewing: The Whole Truth and Nothing but the Truth","Conference Repository/Conference Papers/2015/7398355/7398356","(none named — references as shown on IEEE Xplore)","no"
"Conference Paper","2015","10.5594/M001605","10.5594-M001605","orig-research","Why is High Dynamic Range Critical to Live Ultra HD and How Might it be Implemented?","Conference Repository/Conference Papers/2015/7398355/7398356","10-5594_M001605-ref.xml","no"
"Conference Paper","2015","10.5594/M001606","10.5594-M001606","orig-research","Effect of UHD High Frame Rates (HFR) on DVB-S2 Bit Error Rate (BER)","Conference Repository/Conference Papers/2015/7398355/7398356","10-5594_M001606-ref.xml","no"
"Conference Paper","2015","10.5594/M001607","10.5594-M001607","orig-research","Layered Division Multiplexing: Basics Concepts, Application Scenarios and Performance","Conference Repository/Conference Papers/2015/7398355/7398356","10-5594_M001607-ref.xml","no"
"Conference Paper","2015","10.5594/M001608","10.5594-M001608","orig-research","Looking to the Cloud for Multiscreen Video Contribution Management","Conference Repository/Conference Papers/2015/7398355/7398356","10-5594_M001608-ref.xml","no"
"Conference Paper","2015","10.5594/M001609","10.5594-M001609","orig-research","Better Color Conversions for HDR and UHD TV Productions","Conference Repository/Conference Papers/2015/7398355/7398356","10-5594_M001609-ref.xml","no"
"Conference Paper","2015","10.5594/M001610","10.5594-M001610","orig-research","Colour Grading with Colour Management","Conference Repository/Conference Papers/2015/7398355/7398356","10-5594_M001610-ref.xml","no"
"Conference Paper","2015","10.5594/M001611","10.5594-M001611","orig-research","“Ensuring a Persistence of Vision – Preserving Archival Footage for Future Generations”","Conference Repository/Conference Papers/2015/7398355/7398356","(none named — references as shown on IEEE Xplore)","no"
"Conference Paper","2015","10.5594/M001612","10.5594-M001612","orig-research","Maximizing the Potential of Legacy Content in New Media Asset Management Deployments","Conference Repository/Conference Papers/2015/7398355/7398356","10-5594_M001612-ref.xml","no"
"Conference Paper","2015","10.5594/M001613","10.5594-M001613","orig-research","Workflow Optimised Storage Key Differentiator in High Resolution Workflows","Conference Repository/Conference Papers/2015/7398355/7398356","(none named — references as shown on IEEE Xplore)","no"
"Conference Paper","2015","10.5594/M001614","10.5594-M001614","orig-research","Using IMF for International Distribution? What Does that Mean?","Conference Repository/Conference Papers/2015/7398355/7398356","10-5594_M001614-ref.xml","no"
"Conference Paper","2015","10.5594/M001615","10.5594-M001615","orig-research","The Connected Media Ecosystem","Conference Repository/Conference Papers/2015/7398355/7398356","(none named — references as shown on IEEE Xplore)","no"
"Conference Paper","2015","10.5594/M001616","10.5594-M001616","orig-research","Subtitles on OTT Platforms - Ensuring Consistency across Broadcast and IP Platforms","Conference Repository/Conference Papers/2015/7398355/7398356","10-5594_M001616-ref.xml","no"
"Conference Paper","2015","10.5594/M001617","10.5594-M001617","orig-research","The Safe and Legal Operation of Commercial Drones in Australia","Conference Repository/Conference Papers/2015/7398355/7398356","(none named — references as shown on IEEE Xplore)","no"
"Conference Paper","2015","10.5594/M001618","10.5594-M001618","orig-research","Camera Raw for High Dynamic Range Workflows","Conference Repository/Conference Papers/2015/7398355/7398356","10-5594_M001618-ref.xml","no"
"Conference Paper","2015","10.5594/M001619","10.5594-M001619","orig-research","Ungluing Audio and Video - How Audio over IP Enables the Future","Conference Repository/Conference Papers/2015/7398355/7398356","10-5594_M001619-ref.xml","no"
"Conference Paper","2015","10.5594/M001620","10.5594-M001620","orig-research","How AES-67, the New Audio-over-IP Standard, Will Bring the Convergence of Telecommunications, Intercom, Radio and Television Broadcast Studio Audio","Conference Repository/Conference Papers/2015/7398355/7398356","10-5594_M001620-ref.xml","no"
"Conference Paper","2015","10.5594/M001621","10.5594-M001621","orig-research","Content-Dependent Metadata for Color Volume Transformation of High Luminance and Wide Color Gamut Images","Conference Repository/Conference Papers/2015/7399587/7399588","10-5594_M001621-ref.xml","no"
"Conference Paper","2015","10.5594/M001622","10.5594-M001622","orig-research","Color Fidelity for High Dynamic Range Signals","Conference Repository/Conference Papers/2015/7399587/7399588","10-5594_M001622-ref.xml","no"
"Conference Paper","2015","10.5594/M001623","10.5594-M001623","orig-research","Reference-Based Color Volume Remapping","Conference Repository/Conference Papers/2015/7399587/7399588","10-5594_M001623-ref.xml","no"
"Conference Paper","2015","10.5594/M001624","10.5594-M001624","orig-research","UHD in a Hybrid SDI/IP World","Conference Repository/Conference Papers/2015/7399587/7399588","10-5594_M001624-ref.xml","no"
"Conference Paper","2015","10.5594/M001625","10.5594-M001625","orig-research","High Frame Rate Capture and Production","Conference Repository/Conference Papers/2015/7399587/7399588","10-5594_M001625-ref.xml","no"
"Conference Paper","2015","10.5594/M001626","10.5594-M001626","orig-research","4K, HDR and Further Image Enhancements for Live Image Acquisition","Conference Repository/Conference Papers/2015/7399587/7399588","10-5594_M001626-ref.xml","no"
"Conference Paper","2015","10.5594/M001627","10.5594-M001627","orig-research","Color Rendering Index Value Requirement for Wide-Gamut UHDTV Production","Conference Repository/Conference Papers/2015/7399587/7399588","10-5594_M001627-ref.xml","no"
"Conference Paper","2015","10.5594/M001628","10.5594-M001628","orig-research","4K Video over SMPTE 2022-5/6 Workflows","Conference Repository/Conference Papers/2015/7399587/7399588","10-5594_M001628-ref.xml","no"
"Conference Paper","2015","10.5594/M001629","10.5594-M001629","orig-research","Scaling UHD Live Production Workflow with Mezzanine Compression","Conference Repository/Conference Papers/2015/7399587/7399588","(none named — references as shown on IEEE Xplore)","no"
"Conference Paper","2015","10.5594/M001630","10.5594-M001630","orig-research","How Independent are HDR, WCG, and HFR in Human Visual Perception and the Creative Process?","Conference Repository/Conference Papers/2015/7399587/7399588","10-5594_M001630-ref.xml","no"
"Conference Paper","2015","10.5594/M001631","10.5594-M001631","orig-research","Best in Show","Conference Repository/Conference Papers/2015/7399587/7399588","10-5594_M001631-ref.xml","no"
"Conference Paper","2015","10.5594/M001632","10.5594-M001632","orig-research","Perceptual Uniformity for High Dynamic Range Television Systems","Conference Repository/Conference Papers/2015/7399587/7399588","10-5594_M001632-ref.xml","no"
"Conference Paper","2015","10.5594/M001633","10.5594-M001633","orig-research","Prospects for Software Defined Networking and Network Function Virtualization in Media and Broadcast","Conference Repository/Conference Papers/2015/7399587/7399588","10-5594_M001633-ref.xml","no"
"Conference Paper","2015","10.5594/M001634","10.5594-M001634","orig-research","Journey of 9's — High Availbility for IP Based Production Systems","Conference Repository/Conference Papers/2015/7399587/7399588","(none named — references as shown on IEEE Xplore)","no"
"Conference Paper","2015","10.5594/M001635","10.5594-M001635","orig-research","Elementary Flows for Live IP Production","Conference Repository/Conference Papers/2015/7399587/7399588","10-5594_M001635-ref.xml","no"
"Conference Paper","2015","10.5594/M001636","10.5594-M001636","orig-research","Optimizing Large Media Networks for Highly Accurate Time Transfer via PTP","Conference Repository/Conference Papers/2015/7399587/7399588","10-5594_M001636-ref.xml","no"
"Conference Paper","2015","10.5594/M001637","10.5594-M001637","orig-research","Sample Variants: A Standardized Framework for Forensic Marking of ISOBMFF Files","Conference Repository/Conference Papers/2015/7399587/7399588","10-5594_M001637-ref.xml","no"
"Conference Paper","2015","10.5594/M001638","10.5594-M001638","orig-research","Enabling Watermarking in a Diverse Content Distribution Infrastructure","Conference Repository/Conference Papers/2015/7399587/7399588","10-5594_M001638-ref.xml","no"
"Conference Paper","2015","10.5594/M001639","10.5594-M001639","orig-research","High Dynamic Range: Compression Challenges","Conference Repository/Conference Papers/2015/7399587/7399588","10-5594_M001639-ref.xml","no"
"Conference Paper","2015","10.5594/M001640","10.5594-M001640","orig-research","The Interaction between Transfer Function and Compression in High Dynamic Range Video","Conference Repository/Conference Papers/2015/7399587/7399588","10-5594_M001640-ref.xml","no"
"Conference Paper","2015","10.5594/M001641","10.5594-M001641","orig-research","Ultra HD Blu-ray™ Format Video Characteristics","Conference Repository/Conference Papers/2015/7399587/7399588","(none named — references as shown on IEEE Xplore)","no"
"Conference Paper","2015","10.5594/M001642","10.5594-M001642","orig-research","High Frame Rate Compression Efficiency and Backwards Compatibility using HEVC","Conference Repository/Conference Papers/2015/7399587/7399588","10-5594_M001642-ref.xml","no"
"Conference Paper","2015","10.5594/M001643","10.5594-M001643","orig-research","Better, Faster and More Pixel Handling with SMPTE VC-3 Codec Updates","Conference Repository/Conference Papers/2015/7399587/7399588","10-5594_M001643-ref.xml","no"
"Conference Paper","2015","10.5594/M001644","10.5594-M001644","orig-research","Building a New Digital Archive Management Infrastructure for the RIT School of Film and Animation","Conference Repository/Conference Papers/2015/7399587/7399588","10-5594_M001644-ref.xml","no"
"Conference Paper","2015","10.5594/M001645","10.5594-M001645","orig-research","Preservation and Archive: The next 100 Years","Conference Repository/Conference Papers/2015/7399587/7399588","(none named — references as shown on IEEE Xplore)","no"
"Conference Paper","2015","10.5594/M001646","10.5594-M001646","orig-research","Storyteller — Marrying Real-time Metadata with Live Events to Automate Production for Multi-screen","Conference Repository/Conference Papers/2015/7399587/7399588","(none named — references as shown on IEEE Xplore)","no"
"Conference Paper","2015","10.5594/M001647","10.5594-M001647","orig-research","Extending Cable Workflows to OTT: Decoupling Content Generation from Delivery Technologies","Conference Repository/Conference Papers/2015/7399587/7399588","10-5594_M001647-ref.xml","no"
"Conference Paper","2015","10.5594/M001648","10.5594-M001648","orig-research","Big Data Analysis for Effective Monetization of over the Top TV Content","Conference Repository/Conference Papers/2015/7399587/7399588","10-5594_M001648-ref.xml","no"
"Conference Paper","2015","10.5594/M001649","10.5594-M001649","orig-research","Building the HDR Economy Nit by Nit","Conference Repository/Conference Papers/2015/7399587/7399588","(none named — references as shown on IEEE Xplore)","no"
"Conference Paper","2015","10.5594/M001650","10.5594-M001650","orig-research","Object-Based Audio for Live TV Production","Conference Repository/Conference Papers/2015/7399587/7399588","10-5594_M001650-ref.xml","no"
"Conference Paper","2015","10.5594/M001651","10.5594-M001651","orig-research","Scene-Based Audio Implemented with Higher Order Ambisonics (HOA)","Conference Repository/Conference Papers/2015/7399587/7399588","10-5594_M001651-ref.xml","no"
"Conference Paper","2015","10.5594/M001652","10.5594-M001652","orig-research","The Future of Audio Post-Production using Virtual 3D Scenes","Conference Repository/Conference Papers/2015/7399587/7399588","10-5594_M001652-ref.xml","no"
"Conference Paper","2015","10.5594/M001653","10.5594-M001653","orig-research","Listening Test Methodology for Object Based Audio Rendering Interoperability using Artificial Reference Signals and Artistic Content","Conference Repository/Conference Papers/2015/7399587/7399588","10-5594_M001653-ref.xml","no"
"Conference Paper","2015","10.5594/M001654","10.5594-M001654","orig-research","Monitoring and Authoring of 3D Immersive Next Generation Audio Formats","Conference Repository/Conference Papers/2015/7399587/7399588","10-5594_M001654-ref.xml","no"
"Conference Paper","2015","10.5594/M001655","10.5594-M001655","orig-research","Recipes for Creating and Delivering Next-Generation Broadcast Audio","Conference Repository/Conference Papers/2015/7399587/7399588","10-5594_M001655-ref.xml","no"
"Conference Paper","2015","10.5594/M001656","10.5594-M001656","orig-research","Display Technology: The Next Chapter","Conference Repository/Conference Papers/2015/7399587/7399588","10-5594_M001656-ref.xml","no"
"Conference Paper","2015","10.5594/M001657","10.5594-M001657","orig-research","Black and White = Chroma!","Conference Repository/Conference Papers/2015/7399587/7399588","(none named — references as shown on IEEE Xplore)","no"
"Conference Paper","2015","10.5594/M001658","10.5594-M001658","orig-research","The Calibration Conundrum: Towards Standardizing a Reference White Chromaticity for HDTV","Conference Repository/Conference Papers/2015/7399587/7399588","10-5594_M001658-ref.xml","no"
"Conference Paper","2015","10.5594/M001659","10.5594-M001659","orig-research","Achieving BT. 2020 Color with LCDs: A Tale of Two Applications","Conference Repository/Conference Papers/2015/7399587/7399588","10-5594_M001659-ref.xml","no"
"Conference Paper","2015","10.5594/M001660","10.5594-M001660","orig-research","What does “Broadcast Quality” Mean Now?","Conference Repository/Conference Papers/2015/7399587/7399588","10-5594_M001660-ref.xml","no"
"Conference Paper","2015","10.5594/M001661","10.5594-M001661","orig-research","Utilising Massive Compute Resource in Public Cloud for Complex Image Processing Applications","Conference Repository/Conference Papers/2015/7399587/7399588","(none named — references as shown on IEEE Xplore)","no"
"Conference Paper","2015","10.5594/M001662","10.5594-M001662","orig-research","My Boss Wants to Transcode in the Cloud","Conference Repository/Conference Papers/2015/7399587/7399588","(none named — references as shown on IEEE Xplore)","no"
"Conference Paper","2015","10.5594/M001663","10.5594-M001663","orig-research","Zero Infrastructure Broadcasting","Conference Repository/Conference Papers/2015/7399587/7399588","(none named — references as shown on IEEE Xplore)","no"
"Conference Paper","2015","10.5594/M001664","10.5594-M001664","orig-research","The Academy Color Encoding System: Standards for Digital Image Interchange, Color Management and Long-Term Archiving","Conference Repository/Conference Papers/2015/7399587/7399588","(none named — references as shown on IEEE Xplore)","no"
"Conference Paper","2015","10.5594/M001665","10.5594-M001665","orig-research","Is There a Standard Observer in the House?","Conference Repository/Conference Papers/2015/7399587/7399588","10-5594_M001665-ref.xml","no"
"Conference Paper","2015","10.5594/M001666","10.5594-M001666","orig-research","Technical Analysis, Standard Interpretation, Inspection and Assessment Study for Digital Cinema Stereoscopic Projection","Conference Repository/Conference Papers/2015/7399587/7399588","10-5594_M001666-ref.xml","no"
"Conference Paper","2015","10.5594/M001667","10.5594-M001667","orig-research","An Analysis of System Contrast in Digital Cinema Auditoriums","Conference Repository/Conference Papers/2015/7399587/7399588","10-5594_M001667-ref.xml","no"
"Conference Paper","2015","10.5594/M001668","10.5594-M001668","orig-research","Modelling of Achievable Contrast and its Impact on HDR Projection in Commercial Cinema Environments","Conference Repository/Conference Papers/2015/7399587/7399588","10-5594_M001668-ref.xml","no"
"Conference Paper","2015","10.5594/M001669","10.5594-M001669","orig-research","Thought-Provoking Ideas for Increasing Diversity in Entertainment Engineering","Conference Repository/Conference Papers/2015/7399587/7399588","(none named — references as shown on IEEE Xplore)","no"
"Conference Paper","2015","10.5594/M001670","10.5594-M001670","orig-research","Introduction of a File-System with Integrated Scaling Capability","Conference Repository/Conference Papers/2015/7399587/7399588","10-5594_M001670-ref.xml","no"
"Conference Paper","2015","10.5594/M001671","10.5594-M001671","orig-research","Using BPMN to Simplify IMF Caption & Subtitle Creation","Conference Repository/Conference Papers/2015/7399587/7399588","10-5594_M001671-ref.xml","no"
"Conference Paper","2015","10.5594/M001672","10.5594-M001672","orig-research","Exploring New Technologies for Non-Destructive Adjustment of Running Times of File Based Content","Conference Repository/Conference Papers/2015/7399587/7399588","10-5594_M001672-ref.xml","no"
"Conference Paper","2015","10.5594/M001673","10.5594-M001673","orig-research","Native Resolution Detection of Video Sequences","Conference Repository/Conference Papers/2015/7399587/7399588","10-5594_M001673-ref.xml","no"
"Conference Paper","2015","10.5594/M001674","10.5594-M001674","orig-research","Content Monitoring for SDI, Files and IP using Algorithmic-based Media Signatures","Conference Repository/Conference Papers/2015/7399587/7399588","(none named — references as shown on IEEE Xplore)","no"
"Conference Paper","2015","10.5594/M001675","10.5594-M001675","orig-research","File-Based Closed Captioning System without Captioning Delay","Conference Repository/Conference Papers/2015/7399587/7399588","10-5594_M001675-ref.xml","no"
"Conference Paper","2015","10.5594/M001735","10.5594-M001735","orig-research","Arts and Science – Building the Educational Bridge","Conference Repository/Conference Papers/2015/8046174/8046175","(none named — references as shown on IEEE Xplore)","no"
"Conference Paper","2015","10.5594/M001736","10.5594-M001736","orig-research","Calibrated Color and Software for LED Luminaires","Conference Repository/Conference Papers/2015/8046174/8046175","10-5594_M001736-ref.xml","no"
"Conference Paper","2015","10.5594/M001737","10.5594-M001737","orig-research","IT-Based Switching Brings Francis Ford Coppola's New “Live Cinema” Project to Life","Conference Repository/Conference Papers/2015/8046174/8046175","(none named — references as shown on IEEE Xplore)","no"
"Conference Paper","2015","10.5594/M001738","10.5594-M001738","orig-research","How Automation Can Help Broadcasters and Production Companies Reach Video Production Nirvana","Conference Repository/Conference Papers/2015/8046174/8046175","(none named — references as shown on IEEE Xplore)","no"
"Conference Paper","2015","10.5594/M001739","10.5594-M001739","orig-research","Lost in the Clouds? Cloud Storage Fits Into Media Workflows—Just Not Everywhere","Conference Repository/Conference Papers/2015/8046174/8046175","(none named — references as shown on IEEE Xplore)","no"
"Conference Paper","2015","10.5594/M001740","10.5594-M001740","orig-research","Linear Sales Automation and Data Insight As a Step Towards Programmatic TV","Conference Repository/Conference Papers/2015/8046174/8046175","(none named — references as shown on IEEE Xplore)","no"
"Conference Paper","2015","10.5594/M001741","10.5594-M001741","orig-research","Quality Control & Monitoring in OTT Workflows","Conference Repository/Conference Papers/2015/8046174/8046175","10-5594_M001741-ref.xml","no"
"Conference Paper","2015","10.5594/M001742","10.5594-M001742","orig-research","How to Coordinate the Streamlined Operations for Commercial Purposes Successfully?","Conference Repository/Conference Papers/2015/8046174/8046175","10-5594_M001742-ref.xml","no"
"Conference Paper","2015","10.5594/M001743","10.5594-M001743","orig-research","IP Workflow and Scalable Video Performance","Conference Repository/Conference Papers/2015/8046174/8046175","(none named — references as shown on IEEE Xplore)","no"
"Conference Paper","2015","10.5594/M001744","10.5594-M001744","orig-research","Media Storage in the Cloud","Conference Repository/Conference Papers/2015/8046174/8046175","10-5594_M001744-ref.xml","no"
"Conference Paper","2015","10.5594/M001745","10.5594-M001745","orig-research","Delivering Drama for Extreme Screen","Conference Repository/Conference Papers/2015/8046174/8046175","(none named — references as shown on IEEE Xplore)","no"
"Conference Paper","2015","10.5594/M001746","10.5594-M001746","orig-research","Why Does Cinema Sound Quality Mostly Fail to Realise Its Potential? Some Interesting Results from The SMPTE's 2014 Report on Cinema Sound Systems","Conference Repository/Conference Papers/2015/8046174/8046175","10-5594_M001746-ref.xml","no"
"Conference Paper","2015","10.5594/M001747","10.5594-M001747","orig-research","LTE Managed Media Contribution","Conference Repository/Conference Papers/2015/8046174/8046175","10-5594_M001747-ref.xml","no"
"Conference Paper","2015","10.5594/M001748","10.5594-M001748","orig-research","Capturing Sound for VR & AR","Conference Repository/Conference Papers/2015/8046174/8046175","10-5594_M001748-ref.xml","no"
"Conference Paper","2015","10.5594/M001749","10.5594-M001749","orig-research","Designing Spatial Sound: Adapting Contemporary Screen Sound Design Practices for Virtual Reality","Conference Repository/Conference Papers/2015/8046174/8046175","10-5594_M001749-ref.xml","no"
"Conference Paper","2015","10.5594/M001750","10.5594-M001750","orig-research","Cost Increase due to UHD Video Broadcasting as Compared to HD","Conference Repository/Conference Papers/2015/8046174/8046175","10-5594_M001750-ref.xml","no"
"Conference Paper","2015","10.5594/M001751","10.5594-M001751","orig-research","HDR from the Perspective of a Camera Manufacturer","Conference Repository/Conference Papers/2015/8046174/8046175","10-5594_M001751-ref.xml","no"
"Conference Paper","2016","10.5594/M001676","10.5594-M001676","orig-research","8K-UHDTV Production Equipment and Workflow which Realize an Unprecedented Video Experience","Conference Repository/Conference Papers/2016/7819436/7819437","10-5594_M001676-ref.xml","no"
"Conference Paper","2016","10.5594/M001677","10.5594-M001677","orig-research","12G SDI over RF Coaxial Structures","Conference Repository/Conference Papers/2016/7819436/7819437","10-5594_M001677-ref.xml","no"
"Conference Paper","2016","10.5594/M001678","10.5594-M001678","orig-research","A 100Gbps Interface for 4k/8k UHDTV Signals","Conference Repository/Conference Papers/2016/7819436/7819437","(none named — references as shown on IEEE Xplore)","no"
"Conference Paper","2016","10.5594/M001679","10.5594-M001679","orig-research","A Biologically-Inspired Approach to Making HDR Video Quality Assessment Easier","Conference Repository/Conference Papers/2016/7819436/7819437","10-5594_M001679-ref.xml","no"
"Conference Paper","2016","10.5594/M001680","10.5594-M001680","orig-research","A Cinematographic Spectral Similarity Index","Conference Repository/Conference Papers/2016/7819436/7819437","10-5594_M001680-ref.xml","no"
"Conference Paper","2016","10.5594/M001681","10.5594-M001681","orig-research","A Comparison of Intra-Frame Codecs Considered for IMF","Conference Repository/Conference Papers/2016/7819436/7819437","10-5594_M001681-ref.xml","no"
"Conference Paper","2016","10.5594/M001682","10.5594-M001682","orig-research","A Modern Approach to HDR Color Timing","Conference Repository/Conference Papers/2016/7819436/7819437","10-5594_M001682-ref.xml","no"
"Conference Paper","2016","10.5594/M001683","10.5594-M001683","orig-research","A UHD 2/3-Inch CMOS Imager with Dynamic Pixel Management -an Enabler for New Format Flexibility","Conference Repository/Conference Papers/2016/7819436/7819437","10-5594_M001683-ref.xml","no"
"Conference Paper","2016","10.5594/M001684","10.5594-M001684","orig-research","Adapting Content to Different Display Capabilities and Viewing Environments","Conference Repository/Conference Papers/2016/7819436/7819437","10-5594_M001684-ref.xml","no"
"Conference Paper","2016","10.5594/M001685","10.5594-M001685","orig-research","Advances in Coaxial Cable Design","Conference Repository/Conference Papers/2016/7819436/7819437","(none named — references as shown on IEEE Xplore)","no"
"Conference Paper","2016","10.5594/M001686","10.5594-M001686","orig-research","An Extension of the Output Profile List for Semi-Automated Quality Control using IMF","Conference Repository/Conference Papers/2016/7819436/7819437","10-5594_M001686-ref.xml","no"
"Conference Paper","2016","10.5594/M001687","10.5594-M001687","orig-research","Automatic, Viewing-Condition Dependent Contrast Grading based on Perceptual Models","Conference Repository/Conference Papers/2016/7819436/7819437","10-5594_M001687-ref.xml","no"
"Conference Paper","2016","10.5594/M001688","10.5594-M001688","orig-research","Automating The Exchange of Video Files","Conference Repository/Conference Papers/2016/7819436/7819437","(none named — references as shown on IEEE Xplore)","no"
"Conference Paper","2016","10.5594/M001689","10.5594-M001689","orig-research","Beyond the Limits of Visual Acuity: The Real Reason for 4K and 8K Image Resolution","Conference Repository/Conference Papers/2016/7819436/7819437","10-5594_M001689-ref.xml","no"
"Conference Paper","2016","10.5594/M001690","10.5594-M001690","orig-research","Breaking out of the 100-Nit Box - A Colorist's View of HDR Grading","Conference Repository/Conference Papers/2016/7819436/7819437","10-5594_M001690-ref.xml","no"
"Conference Paper","2016","10.5594/M001691","10.5594-M001691","orig-research","Broadcast and Network Integration using the Network Control (SDN) API","Conference Repository/Conference Papers/2016/7819436/7819437","(none named — references as shown on IEEE Xplore)","no"
"Conference Paper","2016","10.5594/M001692","10.5594-M001692","orig-research","Building The World's Most Complex TV Network (A Test Bed for Broadcasting Immersive and Interactive Audio1)","Conference Repository/Conference Papers/2016/7819436/7819437","10-5594_M001692-ref.xml","no"
"Conference Paper","2016","10.5594/M001693","10.5594-M001693","orig-research","Challenges of Delivering Superb Viewing Experience while Streaming UHD 4K and HDR Content in the Adaptive Bitrate (ABR) Era","Conference Repository/Conference Papers/2016/7819436/7819437","10-5594_M001693-ref.xml","no"
"Conference Paper","2016","10.5594/M001694","10.5594-M001694","orig-research","Common Mezzanine Distribution Format (CMZF): For ABR TV Distribution","Conference Repository/Conference Papers/2016/7819436/7819437","10-5594_M001694-ref.xml","no"
"Conference Paper","2016","10.5594/M001695","10.5594-M001695","orig-research","Cutting The Cord @ 60 GHz","Conference Repository/Conference Papers/2016/7819436/7819437","10-5594_M001695-ref.xml","no"
"Conference Paper","2016","10.5594/M001696","10.5594-M001696","orig-research","Development of an 8K Production System with 120 Hz Frame Frequency","Conference Repository/Conference Papers/2016/7819436/7819437","10-5594_M001696-ref.xml","no"
"Conference Paper","2016","10.5594/M001697","10.5594-M001697","orig-research","Efficient Monitoring of ST2059-2 based Time Transfer Performance","Conference Repository/Conference Papers/2016/7819436/7819437","10-5594_M001697-ref.xml","no"
"Conference Paper","2016","10.5594/M001698","10.5594-M001698","orig-research","Flexible SDI - The Universal Transport for Streamed Media","Conference Repository/Conference Papers/2016/7819436/7819437","10-5594_M001698-ref.xml","no"
"Conference Paper","2016","10.5594/M001699","10.5594-M001699","orig-research","GPU-Based Real-Time System for Cinematic Virtual Reality Production","Conference Repository/Conference Papers/2016/7819436/7819437","10-5594_M001699-ref.xml","no"
"Conference Paper","2016","10.5594/M001700","10.5594-M001700","orig-research","HDR Perception Challenges and Measures in Cinematographic Environment","Conference Repository/Conference Papers/2016/7819436/7819437","10-5594_M001700-ref.xml","no"
"Conference Paper","2016","10.5594/M001701","10.5594-M001701","orig-research","HEVC Mezzanine Compression for UHD Transport over SDI and IP infrastructures","Conference Repository/Conference Papers/2016/7819436/7819437","10-5594_M001701-ref.xml","no"
"Conference Paper","2016","10.5594/M001702","10.5594-M001702","orig-research","How's your Hooper Rating?","Conference Repository/Conference Papers/2016/7819436/7819437","10-5594_M001702-ref.xml","no"
"Conference Paper","2016","10.5594/M001703","10.5594-M001703","orig-research","Is There an Uncanny Valley in Frame Rate Perception?","Conference Repository/Conference Papers/2016/7819436/7819437","10-5594_M001703-ref.xml","no"
"Conference Paper","2016","10.5594/M001704","10.5594-M001704","orig-research","It's all Backwards: Rethinking Frame Rate and Temporal Fidelity in a Cinema Workflow","Conference Repository/Conference Papers/2016/7819436/7819437","(none named — references as shown on IEEE Xplore)","no"
"Conference Paper","2016","10.5594/M001705","10.5594-M001705","orig-research","Large scale PTP: How big can it get?","Conference Repository/Conference Papers/2016/7819436/7819437","10-5594_M001705-ref.xml","no"
"Conference Paper","2016","10.5594/M001706","10.5594-M001706","orig-research","Looking Deep into the Future Infrastructure Prospects for the Media Enterprise in 2036","Conference Repository/Conference Papers/2016/7819436/7819437","10-5594_M001706-ref.xml","no"
"Conference Paper","2016","10.5594/M001707","10.5594-M001707","orig-research","Loudspeaker Requirements in Object-Based Cinema","Conference Repository/Conference Papers/2016/7819436/7819437","10-5594_M001707-ref.xml","no"
"Conference Paper","2016","10.5594/M001708","10.5594-M001708","orig-research","Luminance-Preserving Colour Conversion","Conference Repository/Conference Papers/2016/7819436/7819437","10-5594_M001708-ref.xml","no"
"Conference Paper","2016","10.5594/M001709","10.5594-M001709","orig-research","NABA DPP Files Specifications for North America","Conference Repository/Conference Papers/2016/7819436/7819437","10-5594_M001709-ref.xml","no"
"Conference Paper","2016","10.5594/M001710","10.5594-M001710","orig-research","NDR - A Machine-Readable Model for News Content Distribution Control","Conference Repository/Conference Papers/2016/7819436/7819437","(none named — references as shown on IEEE Xplore)","no"
"Conference Paper","2016","10.5594/M001711","10.5594-M001711","orig-research","Objectively Evaluating High-Dynamic-Range and Wide-Color-Gamut Color Accuracy","Conference Repository/Conference Papers/2016/7819436/7819437","10-5594_M001711-ref.xml","no"
"Conference Paper","2016","10.5594/M001712","10.5594-M001712","orig-research","Open-Source Spatial Audio Compression for VR Content","Conference Repository/Conference Papers/2016/7819436/7819437","10-5594_M001712-ref.xml","no"
"Conference Paper","2016","10.5594/M001713","10.5594-M001713","orig-research","Perceptually-based Gamut Extension Algorithm for Emerging Wide Color Gamut Display and Projection Technologies","Conference Repository/Conference Papers/2016/7819436/7819437","10-5594_M001713-ref.xml","no"
"Conference Paper","2016","10.5594/M001714","10.5594-M001714","orig-research","Practical Transition Strategies of SDI Facilities Utilizing Newer IP Baseband A/V Signals","Conference Repository/Conference Papers/2016/7819436/7819437","(none named — references as shown on IEEE Xplore)","no"
"Conference Paper","2016","10.5594/M001715","10.5594-M001715","orig-research","“The Suitcase”: Using C4, Semantics and NoSQL for Managing Motion Picture Data","Conference Repository/Conference Papers/2016/7819436/7819437","10-5594_M001715-ref.xml","no"
"Conference Paper","2016","10.5594/M001716","10.5594-M001716","orig-research","Re-Energize Entertainment Engineering: How to Blend the Experience of Yesterday with Millennials' Vision of Tomorrow","Conference Repository/Conference Papers/2016/7819436/7819437","10-5594_M001716-ref.xml","no"
"Conference Paper","2016","10.5594/M001717","10.5594-M001717","orig-research","Reinventing Content Storage to Solve Today's and Tomorrow's Media Workflow Challenges : Making the Case for Intelligent and Agile Storage Platforms","Conference Repository/Conference Papers/2016/7819436/7819437","(none named — references as shown on IEEE Xplore)","no"
"Conference Paper","2016","10.5594/M001718","10.5594-M001718","orig-research","Research on the Movie Theater Requirements for Multiple-Screen Projection","Conference Repository/Conference Papers/2016/7819436/7819437","10-5594_M001718-ref.xml","no"
"Conference Paper","2016","10.5594/M001719","10.5594-M001719","orig-research","Return Loss: What, Why, How, and Where","Conference Repository/Conference Papers/2016/7819436/7819437","10-5594_M001719-ref.xml","no"
"Conference Paper","2016","10.5594/M001720","10.5594-M001720","orig-research","Scaling IMF: How to Manage 10,000 IMF Packages","Conference Repository/Conference Papers/2016/7819436/7819437","10-5594_M001720-ref.xml","no"
"Conference Paper","2016","10.5594/M001721","10.5594-M001721","orig-research","Screen Brightness Uniformity: Analysis and Comparisons","Conference Repository/Conference Papers/2016/7819436/7819437","10-5594_M001721-ref.xml","no"
"Conference Paper","2016","10.5594/M001722","10.5594-M001722","orig-research","Securing IMF","Conference Repository/Conference Papers/2016/7819436/7819437","10-5594_M001722-ref.xml","no"
"Conference Paper","2016","10.5594/M001723","10.5594-M001723","orig-research","Security in the Cloud with IMF","Conference Repository/Conference Papers/2016/7819436/7819437","10-5594_M001723-ref.xml","no"
"Conference Paper","2016","10.5594/M001724","10.5594-M001724","orig-research","Techniques to Detect Modified Video","Conference Repository/Conference Papers/2016/7819436/7819437","(none named — references as shown on IEEE Xplore)","no"
"Conference Paper","2016","10.5594/M001725","10.5594-M001725","orig-research","The Challenges of Forensic Watermarking UHD/HDR Content","Conference Repository/Conference Papers/2016/7819436/7819437","10-5594_M001725-ref.xml","no"
"Conference Paper","2016","10.5594/M001726","10.5594-M001726","orig-research","The Future's So Bright, I Gotta Wear Shades: Test Patterns for HDR","Conference Repository/Conference Papers/2016/7819436/7819437","10-5594_M001726-ref.xml","no"
"Conference Paper","2016","10.5594/M001727","10.5594-M001727","orig-research","The Perceived Intra-Frame Dynamic Range in a Cinema Environment","Conference Repository/Conference Papers/2016/7819436/7819437","10-5594_M001727-ref.xml","no"
"Conference Paper","2016","10.5594/M001728","10.5594-M001728","orig-research","The Resolution Revolution: How Many Bits Do We Really Need?","Conference Repository/Conference Papers/2016/7819436/7819437","10-5594_M001728-ref.xml","no"
"Conference Paper","2016","10.5594/M001729","10.5594-M001729","orig-research","The Special Challenges of Offering High Quality Experience for VR Video","Conference Repository/Conference Papers/2016/7819436/7819437","10-5594_M001729-ref.xml","no"
"Conference Paper","2016","10.5594/M001730","10.5594-M001730","orig-research","Through The Smoke: A Look At Industry Trends","Conference Repository/Conference Papers/2016/7819436/7819437","10-5594_M001730-ref.xml","no"
"Conference Paper","2016","10.5594/M001731","10.5594-M001731","orig-research","Titling for Live Streaming and File-Based Broadcast Workflows","Conference Repository/Conference Papers/2016/7819436/7819437","10-5594_M001731-ref.xml","no"
"Conference Paper","2016","10.5594/M001732","10.5594-M001732","orig-research","Virtualization: Changing the Face and the Pace of Master Control Projects","Conference Repository/Conference Papers/2016/7819436/7819437","10-5594_M001732-ref.xml","no"
"Conference Paper","2016","10.5594/M001733","10.5594-M001733","orig-research","Virtually Perfect: Factors Affecting the Quality of a VR Experience and the need for a VR Content Quality Standard","Conference Repository/Conference Papers/2016/7819436/7819437","10-5594_M001733-ref.xml","no"
"Conference Paper","2016","10.5594/M001734","10.5594-M001734","orig-research","VP9 Encoder and Decoders for Next Generation Online Video Platforms and Services","Conference Repository/Conference Papers/2016/7819436/7819437","10-5594_M001734-ref.xml","no"
"Conference Paper","2017","10.5594/M001752","10.5594-M001752","orig-research","Display Interfacing 2017: Getting Around the UHD ‘Speed Bump’","Conference Repository/Conference Papers/2017/8281382/8281383","10-5594_M001752-ref.xml","no"
"Conference Paper","2017","10.5594/M001753","10.5594-M001753","orig-research","Engineering a live UHD program from the International Space Station","Conference Repository/Conference Papers/2017/8281382/8281383","10-5594_M001753-ref.xml","no"
"Conference Paper","2017","10.5594/M001754","10.5594-M001754","orig-research","Proposed Measured Display Characterization File for HDR Consumer Displays","Conference Repository/Conference Papers/2017/8281382/8281383","10-5594_M001754-ref.xml","no"
"Conference Paper","2017","10.5594/M001755","10.5594-M001755","orig-research","A User Study of Story Presence in an Immersive Narrative Experience tested with Variant Levels of Immersion","Conference Repository/Conference Papers/2017/8281382/8281383","10-5594_M001755-ref.xml","no"
"Conference Paper","2017","10.5594/M001756","10.5594-M001756","orig-research","ARnold: A Mixed Reality Short Film using Microsoft HoloLens","Conference Repository/Conference Papers/2017/8281382/8281383","10-5594_M001756-ref.xml","no"
"Conference Paper","2017","10.5594/M001757","10.5594-M001757","orig-research","The Immersive Experience Classification System: A New, Strategic Decision-Making Tool For Content Creators","Conference Repository/Conference Papers/2017/8281382/8281383","10-5594_M001757-ref.xml","no"
"Conference Paper","2017","10.5594/M001758","10.5594-M001758","orig-research","360-Degree Video Streaming and its Subjective Quality","Conference Repository/Conference Papers/2017/8281382/8281383","10-5594_M001758-ref.xml","no"
"Conference Paper","2017","10.5594/M001759","10.5594-M001759","orig-research","Case Study: Bridging Gaming and Broadcast Technology for High Productivity Production","Conference Repository/Conference Papers/2017/8281382/8281383","(none named — references as shown on IEEE Xplore)","no"
"Conference Paper","2017","10.5594/M001760","10.5594-M001760","orig-research","State of the Art Virtual Reality Streaming: Solutions for Reducing Bandwidth and Improving Video Quality","Conference Repository/Conference Papers/2017/8281382/8281383","10-5594_M001760-ref.xml","no"
"Conference Paper","2017","10.5594/M001761","10.5594-M001761","orig-research","Blockchain & the Hollywood Supply Chain","Conference Repository/Conference Papers/2017/8281382/8281383","(none named — references as shown on IEEE Xplore)","no"
"Conference Paper","2017","10.5594/M001762","10.5594-M001762","orig-research","Notice of Removal: Shoring up Your Dam in the Cloud","Conference Repository/Conference Papers/2017/8281382/8281383","(none named — references as shown on IEEE Xplore)","no"
"Conference Paper","2017","10.5594/M001763","10.5594-M001763","orig-research","Notice of Removal: Stream Privacy for ABR TV and OTT Services","Conference Repository/Conference Papers/2017/8281382/8281383","10-5594_M001763-ref.xml","no"
"Conference Paper","2017","10.5594/M001764","10.5594-M001764","orig-research","Parameters Affecting the Performance of 12G Digital Patching Systems","Conference Repository/Conference Papers/2017/8281382/8281383","10-5594_M001764-ref.xml","no"
"Conference Paper","2017","10.5594/M001765","10.5594-M001765","orig-research","Programmable Data Plane for Professional Media Networking","Conference Repository/Conference Papers/2017/8281382/8281383","10-5594_M001765-ref.xml","no"
"Conference Paper","2017","10.5594/M001766","10.5594-M001766","orig-research","Notice of Removal: Applying an agile approach to next generation Media Management","Conference Repository/Conference Papers/2017/8281382/8281383","10-5594_M001766-ref.xml","no"
"Conference Paper","2017","10.5594/M001767","10.5594-M001767","orig-research","IMF End-to-End Workflows in Media Asset Management Systems","Conference Repository/Conference Papers/2017/8281382/8281383","10-5594_M001767-ref.xml","no"
"Conference Paper","2017","10.5594/M001768","10.5594-M001768","orig-research","Leveraging Hybrid Cloud Workflows in Media and Entertainment","Conference Repository/Conference Papers/2017/8281382/8281383","10-5594_M001768-ref.xml","no"
"Conference Paper","2017","10.5594/M001769","10.5594-M001769","orig-research","An Internet of Things Architecture for Cloud-fit Professional Media Workflow","Conference Repository/Conference Papers/2017/8281382/8281383","10-5594_M001769-ref.xml","no"
"Conference Paper","2017","10.5594/M001770","10.5594-M001770","orig-research","Cloud Transition Patterns for Media Enterprises","Conference Repository/Conference Papers/2017/8281382/8281383","10-5594_M001770-ref.xml","no"
"Conference Paper","2017","10.5594/M001771","10.5594-M001771","orig-research","Moving to the Cloud: Current Risks & Rewards: An analysis of the state of the art for cloud-based production pipelines","Conference Repository/Conference Papers/2017/8281382/8281383","(none named — references as shown on IEEE Xplore)","no"
"Conference Paper","2017","10.5594/M001772","10.5594-M001772","orig-research","A Formal Approach to Change Management (CM) for Dynamic Technology-driven Media Organizations","Conference Repository/Conference Papers/2017/8281382/8281383","10-5594_M001772-ref.xml","no"
"Conference Paper","2017","10.5594/M001773","10.5594-M001773","orig-research","Why Diversity Programs Fail – And How to Fix Them","Conference Repository/Conference Papers/2017/8281382/8281383","10-5594_M001773-ref.xml","no"
"Conference Paper","2017","10.5594/M001774","10.5594-M001774","orig-research","Begin with the End in Mind: A Unified End-to-End Quality-of-Experience Monitoring, Optimization and Management Framework","Conference Repository/Conference Papers/2017/8281382/8281383","10-5594_M001774-ref.xml","no"
"Conference Paper","2017","10.5594/M001775","10.5594-M001775","orig-research","Notice of Removal: Towards Scalable Automated Analysis of Digital Video Assets for Content Quality Control Applications","Conference Repository/Conference Papers/2017/8281382/8281383","10-5594_M001775-ref.xml","no"
"Conference Paper","2017","10.5594/M001776","10.5594-M001776","orig-research","Notice of Removal: Zen and the Art of Media in Motion: The many aspects of quality in the media supply chain","Conference Repository/Conference Papers/2017/8281382/8281383","(none named — references as shown on IEEE Xplore)","no"
"Conference Paper","2017","10.5594/M001777","10.5594-M001777","orig-research","Access Services for UHDTV: an Initial Investigation of W3C TTML2 Subtitles (Closed-Captions)","Conference Repository/Conference Papers/2017/8281382/8281383","10-5594_M001777-ref.xml","no"
"Conference Paper","2017","10.5594/M001778","10.5594-M001778","orig-research","Beyond 4K: Can We Actually Tell Stories In Motion Pictures And Television In 8K?","Conference Repository/Conference Papers/2017/8281382/8281383","10-5594_M001778-ref.xml","no"
"Conference Paper","2017","10.5594/M001779","10.5594-M001779","orig-research","Implementation of Closed Captioning System for Terrestrial UHD based on ATSC 3.0","Conference Repository/Conference Papers/2017/8281382/8281383","10-5594_M001779-ref.xml","no"
"Conference Paper","2017","10.5594/M001780","10.5594-M001780","orig-research","An 8K full-resolution 60-Hz/120-Hz multi-format portable camera system","Conference Repository/Conference Papers/2017/8281382/8281383","10-5594_M001780-ref.xml","no"
"Conference Paper","2017","10.5594/M001781","10.5594-M001781","orig-research","Choosing Encoding Parameters for High-Dynamic Range Streaming","Conference Repository/Conference Papers/2017/8281382/8281383","10-5594_M001781-ref.xml","no"
"Conference Paper","2017","10.5594/M001782","10.5594-M001782","orig-research","Content Production Technology on Hybrid Log-Gamma","Conference Repository/Conference Papers/2017/8281382/8281383","10-5594_M001782-ref.xml","no"
"Conference Paper","2017","10.5594/M001783","10.5594-M001783","orig-research","Non-iterative Content-Adaptive Distributed Encoding Through ML Techniques","Conference Repository/Conference Papers/2017/8281382/8281383","10-5594_M001783-ref.xml","no"
"Conference Paper","2017","10.5594/M001784","10.5594-M001784","orig-research","QBR Metadata To Improve Streaming Efficiency and Quality","Conference Repository/Conference Papers/2017/8281382/8281383","(none named — references as shown on IEEE Xplore)","no"
"Conference Paper","2017","10.5594/M001785","10.5594-M001785","orig-research","8K-TICO Codec for Miniaturized and Simplified UHDTV Production Systems","Conference Repository/Conference Papers/2017/8281382/8281383","10-5594_M001785-ref.xml","no"
"Conference Paper","2017","10.5594/M001786","10.5594-M001786","orig-research","Notice of Removal: JPEG-XS - A high quality mezzanine image codec for video over IP","Conference Repository/Conference Papers/2017/8281382/8281383","10-5594_M001786-ref.xml","no"
"Conference Paper","2017","10.5594/M001787","10.5594-M001787","orig-research","Next-Generation Video Compression Techniques","Conference Repository/Conference Papers/2017/8281382/8281383","10-5594_M001787-ref.xml","no"
"Conference Paper","2017","10.5594/M001788","10.5594-M001788","orig-research","Projector Contrast Performance in a Cinema Environment","Conference Repository/Conference Papers/2017/8281382/8281383","10-5594_M001788-ref.xml","no"
"Conference Paper","2017","10.5594/M001789","10.5594-M001789","orig-research","Variable Frame Rate Display for Cinematic Presentations","Conference Repository/Conference Papers/2017/8281382/8281383","10-5594_M001789-ref.xml","no"
"Conference Paper","2017","10.5594/M001790","10.5594-M001790","orig-research","VR Theater, a Virtual Reality based Multi-Screen Movie Theater Simulator for Verifying Multi-Screen Content and Environment","Conference Repository/Conference Papers/2017/8281382/8281383","10-5594_M001790-ref.xml","no"
"Conference Paper","2017","10.5594/M001791","10.5594-M001791","orig-research","Automating Digital Asset Production with SCTE Messages","Conference Repository/Conference Papers/2017/8281382/8281383","10-5594_M001791-ref.xml","no"
"Conference Paper","2017","10.5594/M001792","10.5594-M001792","orig-research","Notice of Removal: IMPlementation: IMF in Practice","Conference Repository/Conference Papers/2017/8281382/8281383","10-5594_M001792-ref.xml","no"
"Conference Paper","2017","10.5594/M001793","10.5594-M001793","orig-research","Microservices: Building blocks to new workflows and virtualization","Conference Repository/Conference Papers/2017/8281382/8281383","10-5594_M001793-ref.xml","no"
"Conference Paper","2017","10.5594/M001794","10.5594-M001794","orig-research","How Artificial Intelligence and Machine Learning Will Change Content Creation Methodologies","Conference Repository/Conference Papers/2017/8281382/8281383","10-5594_M001794-ref.xml","no"
"Conference Paper","2017","10.5594/M001795","10.5594-M001795","orig-research","Real-Time Measurement of Ultra-High Definition Camera Modulation Transfer Function","Conference Repository/Conference Papers/2017/8281382/8281383","10-5594_M001795-ref.xml","no"
"Conference Paper","2017","10.5594/M001796","10.5594-M001796","orig-research","Building a Cognitive Data Management Strategy (And Why Doing So is Suddenly So Important)","Conference Repository/Conference Papers/2017/8281382/8281383","(none named — references as shown on IEEE Xplore)","no"
"Conference Paper","2017","10.5594/M001797","10.5594-M001797","orig-research","Exploring Image Corruption in the Workflow, and how to Stop this from Happening","Conference Repository/Conference Papers/2017/8281382/8281383","10-5594_M001797-ref.xml","no"
"Conference Paper","2017","10.5594/M001798","10.5594-M001798","orig-research","NABA DPP: Specifications, Standards, and Content Delivery","Conference Repository/Conference Papers/2017/8281382/8281383","10-5594_M001798-ref.xml","no"
"Conference Paper","2017","10.5594/M001799","10.5594-M001799","orig-research","An Open, Standards Based Framework for Audio Metadata Transport in Live Content Workflows","Conference Repository/Conference Papers/2017/8281382/8281383","10-5594_M001799-ref.xml","no"
"Conference Paper","2017","10.5594/M001800","10.5594-M001800","orig-research","Metadata based audio production for Next Generation Audio formats","Conference Repository/Conference Papers/2017/8281382/8281383","10-5594_M001800-ref.xml","no"
"Conference Paper","2017","10.5594/M001801","10.5594-M001801","orig-research","Assessing Psychophysics Functions for Frame Rate Perception","Conference Repository/Conference Papers/2017/8281382/8281383","10-5594_M001801-ref.xml","no"
"Conference Paper","2017","10.5594/M001802","10.5594-M001802","orig-research","Hitting the Mark - A New Color Difference Metric for HDR and WCG Imagery","Conference Repository/Conference Papers/2017/8281382/8281383","10-5594_M001802-ref.xml","no"
"Conference Paper","2017","10.5594/M001803","10.5594-M001803","orig-research","Is seeing still believing: a critical review of the factors that allow humans and machines to discriminate between real and generated images in the context of News & Factual content","Conference Repository/Conference Papers/2017/8281382/8281383","10-5594_M001803-ref.xml","no"
"Conference Paper","2017","10.5594/M001804","10.5594-M001804","orig-research","Closed Captioning and Subtitling for Social Media","Conference Repository/Conference Papers/2017/8281382/8281383","(none named — references as shown on IEEE Xplore)","no"
"Conference Paper","2017","10.5594/M001805","10.5594-M001805","orig-research","Out of Band SCTE 35","Conference Repository/Conference Papers/2017/8281382/8281383","10-5594_M001805-ref.xml","no"
"Conference Paper","2017","10.5594/M001806","10.5594-M001806","orig-research","Automatic, Fast and Perceptually Accurate Gamut Mapping Based on Vision Science Models","Conference Repository/Conference Papers/2017/8281382/8281383","10-5594_M001806-ref.xml","no"
"Conference Paper","2017","10.5594/M001807","10.5594-M001807","orig-research","Color-matching Shots from Different Cameras Having Unknown Gamma or Logarithmic Encoding Curves","Conference Repository/Conference Papers/2017/8281382/8281383","10-5594_M001807-ref.xml","no"
"Conference Paper","2017","10.5594/M001808","10.5594-M001808","orig-research","Core Color Rendering Algorithms For High Dynamic Range Display","Conference Repository/Conference Papers/2017/8281382/8281383","10-5594_M001808-ref.xml","no"
"Conference Paper","2018","10.5594/M001809","10.5594-M001809","orig-research","Black Level Visibility as a Function of Ambient Illumination","Conference Repository/Conference Papers/2018/8609866/8609867","10-5594_M001809-ref.xml","no"
"Conference Paper","2018","10.5594/M001810","10.5594-M001810","orig-research","Influence of Ambient Chromaticity on Portable Display Color Appearance","Conference Repository/Conference Papers/2018/8609866/8609867","10-5594_M001810-ref.xml","no"
"Conference Paper","2018","10.5594/M001811","10.5594-M001811","orig-research","New Standards for Immersive Storytelling through Light Field Displays","Conference Repository/Conference Papers/2018/8609866/8609867","10-5594_M001811-ref.xml","no"
"Conference Paper","2018","10.5594/M001812","10.5594-M001812","orig-research","The Automated AI Workflow is here… If you know where to look","Conference Repository/Conference Papers/2018/8609866/8609867","(none named — references as shown on IEEE Xplore)","no"
"Conference Paper","2018","10.5594/M001813","10.5594-M001813","orig-research","Artificial Intelligence For Media Operations Why AI algorithms will become a must for every network management system","Conference Repository/Conference Papers/2018/8609866/8609867","(none named — references as shown on IEEE Xplore)","no"
"Conference Paper","2018","10.5594/M001814","10.5594-M001814","orig-research","Automating Metadata Logging through Artificial Intelligence","Conference Repository/Conference Papers/2018/8609866/8609867","10-5594_M001814-ref.xml","no"
"Conference Paper","2018","10.5594/M001815","10.5594-M001815","orig-research","Maximizing content with cloud, virtualization and AI","Conference Repository/Conference Papers/2018/8609866/8609867","(none named — references as shown on IEEE Xplore)","no"
"Conference Paper","2018","10.5594/M001816","10.5594-M001816","orig-research","Artificial Intelligence for the automation of robotic cameras in live sports","Conference Repository/Conference Papers/2018/8609866/8609867","10-5594_M001816-ref.xml","no"
"Conference Paper","2018","10.5594/M001817","10.5594-M001817","orig-research","Exploring Creative Frontiers of AI for M&E Production and Distribution","Conference Repository/Conference Papers/2018/8609866/8609867","10-5594_M001817-ref.xml","no"
"Conference Paper","2018","10.5594/M001818","10.5594-M001818","orig-research","Beyond Better Pixels: How HDR Perceptually and Emotionally Effects Storytelling","Conference Repository/Conference Papers/2018/8609866/8609867","10-5594_M001818-ref.xml","no"
"Conference Paper","2018","10.5594/M001819","10.5594-M001819","orig-research","Using High Dynamic Range Home Master Statistics to Predict Dynamic Range Requirement for Cinema","Conference Repository/Conference Papers/2018/8609866/8609867","10-5594_M001819-ref.xml","no"
"Conference Paper","2018","10.5594/M001820","10.5594-M001820","orig-research","What are the “killer apps” for HDR? Analysis of SDR assets to predict the potential of HDR","Conference Repository/Conference Papers/2018/8609866/8609867","10-5594_M001820-ref.xml","no"
"Conference Paper","2018","10.5594/M001821","10.5594-M001821","orig-research","A survey on 3D-LUT performance in 10-bit and 12-bit HDR BT.2100 PQ","Conference Repository/Conference Papers/2018/8609866/8609867","10-5594_M001821-ref.xml","no"
"Conference Paper","2018","10.5594/M001822","10.5594-M001822","orig-research","Scene-light conversions: the key to enabling live HDR production","Conference Repository/Conference Papers/2018/8609866/8609867","10-5594_M001822-ref.xml","no"
"Conference Paper","2018","10.5594/M001823","10.5594-M001823","orig-research","Variable Frame Rate Technology — Change Is Good!","Conference Repository/Conference Papers/2018/8609866/8609867","10-5594_M001823-ref.xml","no"
"Conference Paper","2018","10.5594/M001824","10.5594-M001824","orig-research","An Assessment of Reference Levels in HDR Content","Conference Repository/Conference Papers/2018/8609866/8609867","10-5594_M001824-ref.xml","no"
"Conference Paper","2018","10.5594/M001825","10.5594-M001825","orig-research","Development of Full-featured 8K Recorder","Conference Repository/Conference Papers/2018/8609866/8609867","10-5594_M001825-ref.xml","no"
"Conference Paper","2018","10.5594/M001826","10.5594-M001826","orig-research","Editing in the Cloud","Conference Repository/Conference Papers/2018/8609866/8609867","10-5594_M001826-ref.xml","no"
"Conference Paper","2018","10.5594/M001827","10.5594-M001827","orig-research","The Broadcast Transition to IP: Virtualization, The Cloud, The Edge and Application Programming Interfaces (APIs)","Conference Repository/Conference Papers/2018/8609866/8609867","10-5594_M001827-ref.xml","no"
"Conference Paper","2018","10.5594/M001828","10.5594-M001828","orig-research","A Location-free Commentary Adding System for Live Streaming Using a Cloud Infrastructure","Conference Repository/Conference Papers/2018/8609866/8609867","10-5594_M001828-ref.xml","no"
"Conference Paper","2018","10.5594/M001829","10.5594-M001829","orig-research","Massively Parallel Open Source Encoding for Adaptive Streaming","Conference Repository/Conference Papers/2018/8609866/8609867","10-5594_M001829-ref.xml","no"
"Conference Paper","2018","10.5594/M001830","10.5594-M001830","orig-research","MPEG-I Future Directions","Conference Repository/Conference Papers/2018/8609866/8609867","10-5594_M001830-ref.xml","no"
"Conference Paper","2018","10.5594/M001831","10.5594-M001831","orig-research","A Threat Analysis of Virtual Reality for the Media Industry","Conference Repository/Conference Papers/2018/8609866/8609867","10-5594_M001831-ref.xml","no"
"Conference Paper","2018","10.5594/M001832","10.5594-M001832","orig-research","Automated Distribution Workflows Based on IMF Metadata","Conference Repository/Conference Papers/2018/8609866/8609867","10-5594_M001832-ref.xml","no"
"Conference Paper","2018","10.5594/M001833","10.5594-M001833","orig-research","Good Things Come In Small Packages Microservices For Media","Conference Repository/Conference Papers/2018/8609866/8609867","10-5594_M001833-ref.xml","no"
"Conference Paper","2018","10.5594/M001834","10.5594-M001834","orig-research","Robust, Repeatable and Interoperable Workflows through IMF Output Profile Lists","Conference Repository/Conference Papers/2018/8609866/8609867","10-5594_M001834-ref.xml","no"
"Conference Paper","2018","10.5594/M001835","10.5594-M001835","orig-research","In-camera, Photorealistic Style Transfer for On-set Automatic Grading","Conference Repository/Conference Papers/2018/8609866/8609867","10-5594_M001835-ref.xml","no"
"Conference Paper","2018","10.5594/M001836","10.5594-M001836","orig-research","Creative Grading - Or why a new way of broadcast camera control is needed","Conference Repository/Conference Papers/2018/8609866/8609867","10-5594_M001836-ref.xml","no"
"Conference Paper","2018","10.5594/M001837","10.5594-M001837","orig-research","Visual perceptual entropy measure","Conference Repository/Conference Papers/2018/8609866/8609867","10-5594_M001837-ref.xml","no"
"Conference Paper","2018","10.5594/M001838","10.5594-M001838","orig-research","Quantitative Evaluation and Attribute of Overall Brightness in a High Dynamic Range World","Conference Repository/Conference Papers/2018/8609866/8609867","10-5594_M001838-ref.xml","no"
"Conference Paper","2018","10.5594/M001839","10.5594-M001839","orig-research","The Corporate Integrity Implosion: Strategies for Technology, Media & Entertainment Organizations","Conference Repository/Conference Papers/2018/8609866/8609867","10-5594_M001839-ref.xml","no"
"Conference Paper","2018","10.5594/M001840","10.5594-M001840","orig-research","Where are the Women? The importance of visibility in achieving inclusivity","Conference Repository/Conference Papers/2018/8609866/8609867","10-5594_M001840-ref.xml","no"
"Conference Paper","2018","10.5594/M001841","10.5594-M001841","orig-research","Bridging the Gap Between Software and SMPTE ST 2110","Conference Repository/Conference Papers/2018/8609866/8609867","10-5594_M001841-ref.xml","no"
"Conference Paper","2018","10.5594/M001842","10.5594-M001842","orig-research","Scalability and Performance of the AMWA IS-04 and IS-05 NMOS Specifications for Networked Media","Conference Repository/Conference Papers/2018/8609866/8609867","10-5594_M001842-ref.xml","no"
"Conference Paper","2018","10.5594/M001843","10.5594-M001843","orig-research","Implementation of 8K vision mixer that transports 8K image as multiple 2K SMPTE ST 2110-20 flows","Conference Repository/Conference Papers/2018/8609866/8609867","10-5594_M001843-ref.xml","no"
"Conference Paper","2018","10.5594/M001844","10.5594-M001844","orig-research","Non-blocking Multicast Networks for Transporting Stream Media","Conference Repository/Conference Papers/2018/8609866/8609867","10-5594_M001844-ref.xml","no"
"Conference Paper","2018","10.5594/M001845","10.5594-M001845","orig-research","Analysis of User Exploration Patterns during Scene Cuts in Omnidirectional Videos","Conference Repository/Conference Papers/2018/8609866/8609867","10-5594_M001845-ref.xml","no"
"Conference Paper","2018","10.5594/M001846","10.5594-M001846","orig-research","Immersive media experiences - what do we need to move forward?","Conference Repository/Conference Papers/2018/8609866/8609867","10-5594_M001846-ref.xml","no"
"Conference Paper","2018","10.5594/M001847","10.5594-M001847","orig-research","A Subjective Comparison of Broadcast and Unicast Transmission Impairments","Conference Repository/Conference Papers/2018/8609866/8609867","10-5594_M001847-ref.xml","no"
"Conference Paper","2018","10.5594/M001848","10.5594-M001848","orig-research","Stopping Geolocation Fraud Via “Rented” Residential IPs at the CDN Level to Protect Territorial Content Rights","Conference Repository/Conference Papers/2018/8609866/8609867","(none named — references as shown on IEEE Xplore)","no"
"Conference Paper","2018","10.5594/M001849","10.5594-M001849","orig-research","European Athletics Championships: Lessons from a Live, HDR, HFR, UHD and Next-Generation Audio sports event","Conference Repository/Conference Papers/2018/8609866/8609867","10-5594_M001849-ref.xml","no"
"Conference Paper","2018","10.5594/M001850","10.5594-M001850","orig-research","CASE STUDY - UHD introduction at the Canadian Broadcasting Corporation","Conference Repository/Conference Papers/2018/8609866/8609867","10-5594_M001850-ref.xml","no"
"Conference Paper","2018","10.5594/M001851","10.5594-M001851","orig-research","9 Years of Media and Entertainment Digital Storage Surveys","Conference Repository/Conference Papers/2018/8609866/8609867","10-5594_M001851-ref.xml","no"
"Conference Paper","2018","10.5594/M001852","10.5594-M001852","orig-research","Implementing Hyperscale and HPC Techniques and Technologies Necessary to Modern Media and Broadcast Workflows","Conference Repository/Conference Papers/2018/8609866/8609867","10-5594_M001852-ref.xml","no"
"Conference Paper","2018","10.5594/M001853","10.5594-M001853","orig-research","Direct View LED in the Cinema: Architectural and Engineering Considerations","Conference Repository/Conference Papers/2018/8609866/8609867","10-5594_M001853-ref.xml","no"
"Conference Paper","2018","10.5594/M001854","10.5594-M001854","orig-research","SOUND AND FURY: BRINGING DOLBY ATMOS TO THE NHRA","Conference Repository/Conference Papers/2018/8609866/8609867","10-5594_M001854-ref.xml","no"
"Conference Paper","2018","10.5594/M001855","10.5594-M001855","orig-research","Beyond SMPTE Time Code — the TLX Project","Conference Repository/Conference Papers/2018/8609866/8609867","10-5594_M001855-ref.xml","no"
"Conference Paper","2018","10.5594/M001856","10.5594-M001856","orig-research","Broadcast Channel Origination as a Service: from Concept to Operational Implementation","Conference Repository/Conference Papers/2018/8609866/8609867","10-5594_M001856-ref.xml","no"
"Conference Paper","2018","10.5594/M001857","10.5594-M001857","orig-research","Blockchain application in Media and Entertainment","Conference Repository/Conference Papers/2018/8609866/8609867","10-5594_M001857-ref.xml","no"
"Conference Paper","2018","10.5594/M001858","10.5594-M001858","orig-research","The De-centralized Rights Locker","Conference Repository/Conference Papers/2018/8609866/8609867","10-5594_M001858-ref.xml","no"
"Conference Paper","2018","10.5594/M001859","10.5594-M001859","orig-research","Is Blockchain and Distributed Compute and Store Right for Post Production?","Conference Repository/Conference Papers/2018/8609866/8609867","(none named — references as shown on IEEE Xplore)","no"
"Conference Paper","2019","10.5594/M001863","10.5594-M001863","orig-research","8K Camera Recorder using Organic CMOS Image Sensor","Conference Repository/Conference Papers/2019/8977456/8977457","10.5594_M001863-ref.xml","no"
"Conference Paper","2019","10.5594/M001864","10.5594-M001864","orig-research","1.25-inch 3-CMOS Multi-Functional High-Speed 8K Camera System","Conference Repository/Conference Papers/2019/8977456/8977457","10.5594_M001864-ref.xml","no"
"Conference Paper","2019","10.5594/M001865","10.5594-M001865","orig-research","Development of new 4K/8K UHDTV satellite broadcasting system in Japan","Conference Repository/Conference Papers/2019/8977456/8977457","10.5594_M001865-ref.xml","no"
"Conference Paper","2019","10.5594/M001866","10.5594-M001866","orig-research","Integrating Machine Learning Based Operators in Visual Effects Toolsets","Conference Repository/Conference Papers/2019/8977456/8977457","10.5594_M001866-ref.xml","no"
"Conference Paper","2019","10.5594/M001867","10.5594-M001867","orig-research","Rotoscope Automation with Deep Learning","Conference Repository/Conference Papers/2019/8977456/8977457","10.5594_M001867-ref.xml","no"
"Conference Paper","2019","10.5594/M001868","10.5594-M001868","orig-research","How AI Technology is Dramatically Improving Video Compression for Broadcast and OTT Content Delivery","Conference Repository/Conference Papers/2019/8977456/8977457","10.5594_M001868-ref.xml","no"
"Conference Paper","2019","10.5594/M001869","10.5594-M001869","orig-research","How Will We Archive And Preserve The Movies Of Tomorrow?","Conference Repository/Conference Papers/2019/8977456/8977457","10.5594_M001869-ref.xml","no"
"Conference Paper","2019","10.5594/M001870","10.5594-M001870","orig-research","Brightness in Cinema: When is it too bright?","Conference Repository/Conference Papers/2019/8977456/8977457","10.5594_M001870-ref.xml","no"
"Conference Paper","2019","10.5594/M001871","10.5594-M001871","orig-research","Uniformity Measurement for French Cinema","Conference Repository/Conference Papers/2019/8977456/8977457","10.5594_M001871-ref.xml","no"
"Conference Paper","2019","10.5594/M001872","10.5594-M001872","orig-research","Using Infrastructure-As-Code and the Public Cloud to Power On-air Media Creation Platforms","Conference Repository/Conference Papers/2019/8977456/8977457","(none named — references as shown on IEEE Xplore)","no"
"Conference Paper","2019","10.5594/M001873","10.5594-M001873","orig-research","Cloud Technology Drives Superior Video Encoding","Conference Repository/Conference Papers/2019/8977456/8977457","10.5594_M001873-ref.xml","no"
"Conference Paper","2019","10.5594/M001874","10.5594-M001874","orig-research","Live Cloud Ingest Using Open Alternatives RIST & SRT","Conference Repository/Conference Papers/2019/8977456/8977457","10.5594_M001874-ref.xml","no"
"Conference Paper","2019","10.5594/M001875","10.5594-M001875","orig-research","Creating Bandwidth-Efficient Workflows with JPEG XS and ST 2110","Conference Repository/Conference Papers/2019/8977456/8977457","10.5594_M001875-ref.xml","no"
"Conference Paper","2019","10.5594/M001876","10.5594-M001876","orig-research","Speed-Distortion Optimization: Tradeoffs in Open-Source HEVC Encoding","Conference Repository/Conference Papers/2019/8977456/8977457","10.5594_M001876-ref.xml","no"
"Conference Paper","2019","10.5594/M001877","10.5594-M001877","orig-research","MPEG-5 EVC","Conference Repository/Conference Papers/2019/8977456/8977457","10.5594_M001877-ref.xml","no"
"Conference Paper","2019","10.5594/M001878","10.5594-M001878","orig-research","Color Errors, Metamerism and Color Ellipses","Conference Repository/Conference Papers/2019/8977456/8977457","10.5594_M001878-ref.xml","no"
"Conference Paper","2019","10.5594/M001879","10.5594-M001879","orig-research","ΔEITP is now ITU-R BT.2124-is the industry ready to move on from ΔE2000?","Conference Repository/Conference Papers/2019/8977456/8977457","10.5594_M001879-ref.xml","no"
"Conference Paper","2019","10.5594/M001880","10.5594-M001880","orig-research","Auxiliary Image Sequences in IMF","Conference Repository/Conference Papers/2019/8977456/8977457","10.5594_M001880-ref.xml","no"
"Conference Paper","2019","10.5594/M001881","10.5594-M001881","orig-research","Engagement with the Next-Gen: SMPTE's Role in K-12, Higher Education, and Other Institutions","Conference Repository/Conference Papers/2019/8977456/8977457","10.5594_M001881-ref.xml","no"
"Conference Paper","2019","10.5594/M001882","10.5594-M001882","orig-research","HDR and WCG Image Quality Assessment Using Color Difference Metrics","Conference Repository/Conference Papers/2019/8977456/8977457","10.5594_M001882-ref.xml","no"
"Conference Paper","2019","10.5594/M001883","10.5594-M001883","orig-research","An Investigation of Creative Power and the Value Wide Color Gamut Brings to Motion Picture Mastering","Conference Repository/Conference Papers/2019/8977456/8977457","10.5594_M001883-ref.xml","no"
"Conference Paper","2019","10.5594/M001884","10.5594-M001884","orig-research","Film Grain and Film Scanner Noise in HDR Video","Conference Repository/Conference Papers/2019/8977456/8977457","10.5594_M001884-ref.xml","no"
"Conference Paper","2019","10.5594/M001885","10.5594-M001885","orig-research","Strategies for Securing ST 2059-2 PTP Networks","Conference Repository/Conference Papers/2019/8977456/8977457","10.5594_M001885-ref.xml","no"
"Conference Paper","2019","10.5594/M001886","10.5594-M001886","orig-research","Large Scale Deployment of SMPTE 2110: The IP Live Production Facility","Conference Repository/Conference Papers/2019/8977456/8977457","(none named — references as shown on IEEE Xplore)","no"
"Conference Paper","2020","10.5594/M001901","10.5594-M001901","orig-research","UHD (2160 / HDR) and HD (1080 / BT.709) Simultaneous Workflows at the CBC","Conference Repository/Conference Papers/2020/9490948/9490949","(none named — references as shown on IEEE Xplore)","no"
"Conference Paper","2020","10.5594/M001902","10.5594-M001902","orig-research","UHD Production Codecs - the agony of choice","Conference Repository/Conference Papers/2020/9490948/9490949","10.5594_M001902-ref.xml","no"
"Conference Paper","2020","10.5594/M001903","10.5594-M001903","orig-research","The Color Compass: A Color Navigation System in a Dynamic Deliverable World","Conference Repository/Conference Papers/2020/9490948/9490949","10.5594_M001903-ref.xml","no"
"Conference Paper","2020","10.5594/M001904","10.5594-M001904","orig-research","JPEG-XS Codec Adapted to 8K and ST 2110","Conference Repository/Conference Papers/2020/9490948/9490949","10.5594_M001904-ref.xml","no"
"Conference Paper","2020","10.5594/M001905","10.5594-M001905","orig-research","A 2/3″ 9.5 Mpixel CMOS Imager with High Frame Rate and HDR Capabilities","Conference Repository/Conference Papers/2020/9490948/9490949","10.5594_M001905-ref.xml","no"
"Conference Paper","2020","10.5594/M001906","10.5594-M001906","orig-research","High Throughput JPEG 2000 for Broadcast and IP-based Applications","Conference Repository/Conference Papers/2020/9490948/9490949","10.5594_M001906-ref.xml","no"
"Conference Paper","2020","10.5594/M001907","10.5594-M001907","orig-research","New Technologies that Further Empower Digital Cinematography","Conference Repository/Conference Papers/2020/9490948/9490949","(none named — references as shown on IEEE Xplore)","no"
"Conference Paper","2020","10.5594/M001908","10.5594-M001908","orig-research","High Density Encoding for ARRIRAW Image files","Conference Repository/Conference Papers/2020/9490948/9490949","10.5594_M001908-ref.xml","no"
"Conference Paper","2020","10.5594/M001909","10.5594-M001909","orig-research","Achieving Cinematic Motion with High Dynamic Range","Conference Repository/Conference Papers/2020/9490948/9490949","10.5594_M001909-ref.xml","no"
"Conference Paper","2020","10.5594/M001910","10.5594-M001910","orig-research","Live VR end-to-end workflows: real-life deployments and advances in VR and network technology","Conference Repository/Conference Papers/2020/9490948/9490949","10.5594_M001910-ref.xml","no"
"Conference Paper","2020","10.5594/M001911","10.5594-M001911","orig-research","Virtual Tour of Flanders","Conference Repository/Conference Papers/2020/9490948/9490949","10.5594_M001911-ref.xml","no"
"Conference Paper","2020","10.5594/M001912","10.5594-M001912","orig-research","How to ensure a good depth perception on a light field display","Conference Repository/Conference Papers/2020/9490948/9490949","10.5594_M001912-ref.xml","no"
"Conference Paper","2020","10.5594/M001913","10.5594-M001913","orig-research","V-PCC: performance evaluation of the first MPEG Point Cloud Codec","Conference Repository/Conference Papers/2020/9490948/9490949","10.5594_M001913-ref.xml","no"
"Conference Paper","2020","10.5594/M001914","10.5594-M001914","orig-research","Deep Learning Approach to Predicting the Success of Content","Conference Repository/Conference Papers/2020/9490948/9490949","10.5594_M001914-ref.xml","no"
"Conference Paper","2020","10.5594/M001915","10.5594-M001915","orig-research","“AI News Anchor” with Deep Learning-based Speech Synthesis","Conference Repository/Conference Papers/2020/9490948/9490949","10.5594_M001915-ref.xml","no"
"Conference Paper","2020","10.5594/M001916","10.5594-M001916","orig-research","Performance Comparison of Emerging EVC and VVC Video Coding Standards with HEVC and AV1","Conference Repository/Conference Papers/2020/9490948/9490949","10.5594_M001916-ref.xml","no"
"Conference Paper","2020","10.5594/M001917","10.5594-M001917","orig-research","Monitoring and Analysis of SMPTE ST 2059-2 PTP Networks & Media Devices","Conference Repository/Conference Papers/2020/9490948/9490949","10.5594_M001917-ref.xml","no"
"Conference Paper","2020","10.5594/M001918","10.5594-M001918","orig-research","Automated Deployment of CBC/Radio-Canada's Media-over-IP Data Center","Conference Repository/Conference Papers/2020/9490948/9490949","(none named — references as shown on IEEE Xplore)","no"
"Conference Paper","2020","10.5594/M001919","10.5594-M001919","orig-research","Identify, analyze and report networking issues in streaming services","Conference Repository/Conference Papers/2020/9490948/9490949","10.5594_M001919-ref.xml","no"
"Conference Paper","2020","10.5594/M001920","10.5594-M001920","orig-research","NMOS - The Interoperable Control System for an IP world","Conference Repository/Conference Papers/2020/9490948/9490949","10.5594_M001920-ref.xml","no"
"Conference Paper","2020","10.5594/M001921","10.5594-M001921","orig-research","A Color-Volume Mapping System for Perception-Accurate Reproduction of HDR Imagery in SDR production workflows","Conference Repository/Conference Papers/2020/9490948/9490949","10.5594_M001921-ref.xml","no"
"Conference Paper","2020","10.5594/M001922","10.5594-M001922","orig-research","A Model for Very Wide Gamut HDR Displays that Accounts for the H-K Effect","Conference Repository/Conference Papers/2020/9490948/9490949","10.5594_M001922-ref.xml","no"
"Conference Paper","2020","10.5594/M001923","10.5594-M001923","orig-research","Physiologically Personalized Color Management for Motion Picture Workflows","Conference Repository/Conference Papers/2020/9490948/9490949","10.5594_M001923-ref.xml","no"
"Conference Paper","2020","10.5594/M001924","10.5594-M001924","orig-research","Perceptually Dithered HDR for 8bit Interfaces","Conference Repository/Conference Papers/2020/9490948/9490949","10.5594_M001924-ref.xml","no"
"Conference Paper","2020","10.5594/M001925","10.5594-M001925","orig-research","A Benchmark of Objective Quality Metrics for HLG-Based HDR/WCG Image Coding","Conference Repository/Conference Papers/2020/9490948/9490949","10.5594_M001925-ref.xml","no"
"Conference Paper","2020","10.5594/M001926","10.5594-M001926","orig-research","Server-side Segment Selection For Low-latency Streaming - S4S","Conference Repository/Conference Papers/2020/9490948/9490949","10.5594_M001926-ref.xml","no"
"Conference Paper","2020","10.5594/M001927","10.5594-M001927","orig-research","Twenty years of Frame Interpolation for Retiming in the Movies","Conference Repository/Conference Papers/2020/9490948/9490949","10.5594_M001927-ref.xml","no"
"Conference Paper","2020","10.5594/M001928","10.5594-M001928","orig-research","Next Generation OTT Distribution Architecture Supporting Multicast-Assisted ABR (mABR) and HTTP/3 over QUIC","Conference Repository/Conference Papers/2020/9490948/9490949","10.5594_M001928-ref.xml","no"
"Conference Paper","2020","10.5594/M001929","10.5594-M001929","orig-research","Immersive Audio: Future-Proof Workflows For The Real World","Conference Repository/Conference Papers/2020/9490948/9490949","10.5594_M001929-ref.xml","no"
"Conference Paper","2020","10.5594/M001930","10.5594-M001930","orig-research","The Challenges of Adapting News Production to the New Reality","Conference Repository/Conference Papers/2020/9490948/9490949","(none named — references as shown on IEEE Xplore)","no"
"Conference Paper","2021","10.5594/M001931","10.5594-M001931","orig-research","Proxy Workflows for a Secure Remote Production Future","Conference Repository/Conference Papers/2021/9779667/9779668","10.5594_M001931-ref.xml","no"
"Conference Paper","2021","10.5594/M001932","10.5594-M001932","orig-research","Multicam Live Production in a Virtual Environment","Conference Repository/Conference Papers/2021/9779667/9779668","10.5594_M001932-ref.xml","no"
"Conference Paper","2021","10.5594/M001933","10.5594-M001933","orig-research","Toward Generalized Psychovisual Preprocessing for Video Encoding","Conference Repository/Conference Papers/2021/9779667/9779668","10.5594_M001933-ref.xml","no"
"Conference Paper","2021","10.5594/M001934","10.5594-M001934","orig-research","ATSC 3.0 as a Use Case for Public Safety Communications","Conference Repository/Conference Papers/2021/9779667/9779668","10.5594_M001934-ref.xml","no"
"Conference Paper","2021","10.5594/M001935","10.5594-M001935","orig-research","Calibrating LED Fixtures and Video Walls to the Camera's Chroma Signal","Conference Repository/Conference Papers/2021/9779667/9779668","(none named — references as shown on IEEE Xplore)","no"
"Conference Paper","2021","10.5594/M001936","10.5594-M001936","orig-research","360 8K Viewport-Independent VR","Conference Repository/Conference Papers/2021/9779667/9779668","10.5594_M001936-ref.xml","no"
"Conference Paper","2021","10.5594/M001937","10.5594-M001937","orig-research","Infrastructure as Code at CBC/Radio-Canada's Media-over-IP Data Center","Conference Repository/Conference Papers/2021/9779667/9779668","(none named — references as shown on IEEE Xplore)","no"
"Conference Paper","2021","10.5594/M001938","10.5594-M001938","orig-research","5G Media Streaming and 5G Broadcast for Delivery of DASH/HLS Services","Conference Repository/Conference Papers/2021/9779667/9779668","10.5594_M001938-ref.xml","no"
"Conference Paper","2021","10.5594/M001939","10.5594-M001939","orig-research","8K Camera System with Multi-plane Phase-detection Autofocus","Conference Repository/Conference Papers/2021/9779667/9779668","10.5594_M001939-ref.xml","no"
"Conference Paper","2021","10.5594/M001940","10.5594-M001940","orig-research","The Problem with Timecode","Conference Repository/Conference Papers/2021/9779667/9779668","10.5594_M001940-ref.xml","no"
"Conference Paper","2021","10.5594/M001941","10.5594-M001941","orig-research","Live Production System to Handle Video Signals with Various Aspect Ratios","Conference Repository/Conference Papers/2021/9779667/9779668","10.5594_M001941-ref.xml","no"
"Conference Paper","2021","10.5594/M001942","10.5594-M001942","orig-research","Software Defined Ultra-low Latency Video-Over-IP System with Compression","Conference Repository/Conference Papers/2021/9779667/9779668","10.5594_M001942-ref.xml","no"
"Conference Paper","2021","10.5594/M001943","10.5594-M001943","orig-research","Performance of Low-Latency DASH/CMAF and Low-Latency HLS Streaming Systems","Conference Repository/Conference Papers/2021/9779667/9779668","10.5594_M001943-ref.xml","no"
"Conference Paper","2021","10.5594/M001944","10.5594-M001944","orig-research","Exploring Realtime Conversational Virtual Characters","Conference Repository/Conference Papers/2021/9779667/9779668","10.5594_M001944-ref.xml","no"
"Conference Paper","2021","10.5594/M001945","10.5594-M001945","orig-research","Biometric Signals Reveal How Audiences Engage with Stories","Conference Repository/Conference Papers/2021/9779667/9779668","10.5594_M001945-ref.xml","no"
"Conference Paper","2021","10.5594/M001946","10.5594-M001946","orig-research","New Generation 2/3“, 9.5 Mpix CMOS Imager Combines Charge-domain Global Shutter Operation with Exceptional High-speed Capability","Conference Repository/Conference Papers/2021/9779667/9779668","10.5594_M001946-ref.xml","no"
"Conference Paper","2021","10.5594/M001947","10.5594-M001947","orig-research","Digital Print Stock Design: A Framework for the Post-Film Era","Conference Repository/Conference Papers/2021/9779667/9779668","10.5594_M001947-ref.xml","no"
"Conference Paper","2021","10.5594/M001948","10.5594-M001948","orig-research","Tighter NIC/GPU Integration Yields Next Level Media Processing Performance","Conference Repository/Conference Papers/2021/9779667/9779668","10.5594_M001948-ref.xml","no"
"Conference Paper","2021","10.5594/M001949","10.5594-M001949","orig-research","Model-based Predictive Control for Continuous Success Planning in Movie Production","Conference Repository/Conference Papers/2021/9779667/9779668","10.5594_M001949-ref.xml","no"
"Conference Paper","2021","10.5594/M001950","10.5594-M001950","orig-research","Standards & Specifications for Carriage of JPEG XS in RTP for IP Networks","Conference Repository/Conference Papers/2021/9779667/9779668","10.5594_M001950-ref.xml","no"
"Conference Paper","2021","10.5594/M001951","10.5594-M001951","orig-research","Dynamic Seamless Resource Allocation for Live Video Compression on a Kubernetes Cluster","Conference Repository/Conference Papers/2021/9779667/9779668","10.5594_M001951-ref.xml","no"
"Conference Paper","2021","10.5594/M001952","10.5594-M001952","orig-research","Understanding Banding - Perceptual Modelling and Machine Learning Approaches for Banding Detection","Conference Repository/Conference Papers/2021/9779667/9779668","10.5594_M001952-ref.xml","no"
"Conference Paper","2021","10.5594/M001953","10.5594-M001953","orig-research","Hue-Preserving Color Transforms for LED Wall Virtual Production Workflows","Conference Repository/Conference Papers/2021/9779667/9779668","10.5594_M001953-ref.xml","no"
"Conference Paper","2022","10.5594/M001954","10.5594-M001954","orig-research","A Proposal for a Standard to Improve Soundtrack Dynamic Range and Dialog Clarity for Better Enjoyment of Digital Cinema","Conference Repository/Conference Papers/2022/10012556/10012557","10.5594_M001954-ref.xml","no"
"Conference Paper","2022","10.5594/M001955","10.5594-M001955","orig-research","JPEG XS Standard (ISO/IEC 21122) for Lightweight, Low-Latency Image Coding","Conference Repository/Conference Papers/2022/10012556/10012557","10.5594_M001955-ref.xml","no"
"Conference Paper","2022","10.5594/M001956","10.5594-M001956","orig-research","ST2110 & ST2022-6 SDN Orchestration Across a Hybrid Cisco and Arista Media Network: based on a Future-Proof Industry-Standard Digital Transformation Architecture and Agile Operational Concepts","Conference Repository/Conference Papers/2022/10012556/10012557","(none named — references as shown on IEEE Xplore)","no"
"Conference Paper","2022","10.5594/M001957","10.5594-M001957","orig-research","Video Compression Using Convolutional Neural Networks of Video with Chroma Subsampling","Conference Repository/Conference Papers/2022/10012556/10012557","10.5594_M001957-ref.xml","no"
"Conference Paper","2022","10.5594/M001958","10.5594-M001958","orig-research","Low-Complexity Quality Measurement for Real-Time Video Compression","Conference Repository/Conference Papers/2022/10012556/10012557","10.5594_M001958-ref.xml","no"
"Conference Paper","2022","10.5594/M001959","10.5594-M001959","orig-research","Case Study: Enabling Open Caching for Last-Mile Delivery","Conference Repository/Conference Papers/2022/10012556/10012557","10.5594_M001959-ref.xml","no"
"Conference Paper","2022","10.5594/M001960","10.5594-M001960","orig-research","Upgrading Performance of Your Streaming Services Using Server Hints","Conference Repository/Conference Papers/2022/10012556/10012557","10.5594_M001960-ref.xml","no"
"Conference Paper","2022","10.5594/M001961","10.5594-M001961","orig-research","Streamlining WebRTC and DASH for Near-Real-Time Media Delivery","Conference Repository/Conference Papers/2022/10012556/10012557","10.5594_M001961-ref.xml","no"
"Conference Paper","2022","10.5594/M001962","10.5594-M001962","orig-research","Media and Entertainment Sustainability on the Cloud","Conference Repository/Conference Papers/2022/10012556/10012557","10.5594_M001962-ref.xml","no"
"Conference Paper","2022","10.5594/M001963","10.5594-M001963","orig-research","Towards Efficient Multi-Codec Streaming","Conference Repository/Conference Papers/2022/10012556/10012557","10.5594_M001963-ref.xml","no"
"Conference Paper","2022","10.5594/M001964","10.5594-M001964","orig-research","The Future of Documentation: Unified System Design","Conference Repository/Conference Papers/2022/10012556/10012557","(none named — references as shown on IEEE Xplore)","no"
"Conference Paper","2022","10.5594/M001965","10.5594-M001965","orig-research","Workflow as a Service Delivered by the Dynamic Media Services Architecture","Conference Repository/Conference Papers/2022/10012556/10012557","(none named — references as shown on IEEE Xplore)","no"
"Conference Paper","2022","10.5594/M001966","10.5594-M001966","orig-research","Practicalities and Analysis of Using PTP over 5G Systems with Dedicated Time Synchronization Support for Media Production","Conference Repository/Conference Papers/2022/10012556/10012557","10.5594_M001966-ref.xml","no"
"Conference Paper","2022","10.5594/M001967","10.5594-M001967","orig-research","Uncompressed Video in the Public Cloud: Are We There Yet?","Conference Repository/Conference Papers/2022/10012556/10012557","10.5594_M001967-ref.xml","no"
"Conference Paper","2022","10.5594/M001968","10.5594-M001968","orig-research","Amplifying Human Content Expertise with Real-World Machine-Learning Workflows","Conference Repository/Conference Papers/2022/10012556/10012557","(none named — references as shown on IEEE Xplore)","no"
"Conference Paper","2022","10.5594/M001969","10.5594-M001969","orig-research","Can ST 2059-2 Benefit from PTP Version 2.1?","Conference Repository/Conference Papers/2022/10012556/10012557","10.5594_M001969-ref.xml","no"
"Conference Paper","2022","10.5594/M001970","10.5594-M001970","orig-research","New Era of ST 2110 Compliance Testing with PICS and RP 2110-25","Conference Repository/Conference Papers/2022/10012556/10012557","10.5594_M001970-ref.xml","no"
"Conference Paper","2022","10.5594/M001971","10.5594-M001971","orig-research","Using ML to Find the Semantic Region of Interest","Conference Repository/Conference Papers/2022/10012556/10012557","10.5594_M001971-ref.xml","no"
"Conference Paper","2022","10.5594/M001972","10.5594-M001972","orig-research","PTP Driven Frame Sync for Multi-GPU Workflows","Conference Repository/Conference Papers/2022/10012556/10012557","10.5594_M001972-ref.xml","no"
"Conference Paper","2022","10.5594/M001973","10.5594-M001973","orig-research","ML-Based Indexing of Media Libraries for Insights and Search","Conference Repository/Conference Papers/2022/10012556/10012557","10.5594_M001973-ref.xml","no"
"Conference Paper","2022","10.5594/M001974","10.5594-M001974","orig-research","HDR Production - Tone Mapping Techniques and Round-Trip Conversion Performance for Mastering with SDR and HDR Sources","Conference Repository/Conference Papers/2022/10012556/10012557","10.5594_M001974-ref.xml","no"
"Conference Paper","2022","10.5594/M001975","10.5594-M001975","orig-research","Final Sample: Mitigating Acoustical Reflection & Unwanted Noise, Guarding On-Set Virtual Production Dialog","Conference Repository/Conference Papers/2022/10012556/10012557","(none named — references as shown on IEEE Xplore)","no"
"Conference Paper","2022","10.5594/M001976","10.5594-M001976","orig-research","Measurement of Luminance Reproduction Accuracy of Displays for Complex Imagery","Conference Repository/Conference Papers/2022/10012556/10012557","10.5594_M001976-ref.xml","no"
"Conference Paper","2022","10.5594/M001977","10.5594-M001977","orig-research","Understanding Color Memory: A Study of Skin Tone Perception in Hue, Intensity, and Chroma","Conference Repository/Conference Papers/2022/10012556/10012557","10.5594_M001977-ref.xml","no"
"Conference Paper","2022","10.5594/M001978","10.5594-M001978","orig-research","Content Personalization; a Future Vision","Conference Repository/Conference Papers/2022/10012556/10012557","10.5594_M001978-ref.xml","no"
"Conference Paper","2022","10.5594/M001979","10.5594-M001979","orig-research","Program-Production System Consisting of Multiple NMOS-Compliant Systems","Conference Repository/Conference Papers/2022/10012556/10012557","10.5594_M001979-ref.xml","no"
"Conference Paper","2022","10.5594/M001980","10.5594-M001980","orig-research","Solving the Challenge of Volumetric Video Production and Streaming: An End-to-end Perspective of Technologies and Device Ecosystem Capabilities and Performance","Conference Repository/Conference Papers/2022/10012556/10012557","10.5594_M001980-ref.xml","no"
"Conference Paper","2022","10.5594/M001981","10.5594-M001981","orig-research","Media Gateways in Hybrid Wired and Wireless Media Production","Conference Repository/Conference Papers/2022/10012556/10012557","10.5594_M001981-ref.xml","no"
"Conference Paper","2022","10.5594/M001982","10.5594-M001982","orig-research","CMG 8K UHD IP Signal Routing and Transmission at the 2022 Beijing Winter Olympics","Conference Repository/Conference Papers/2022/10012556/10012557","10.5594_M001982-ref.xml","no"
"Conference Paper","2022","10.5594/M001983","10.5594-M001983","orig-research","Possible Solutions for the Vendor Lock-in Control Protocol in IP-based Production Systems","Conference Repository/Conference Papers/2022/10012556/10012557","10.5594_M001983-ref.xml","no"
"Conference Paper","2022","10.5594/M001984","10.5594-M001984","orig-research","An Edge Processing Platform for Media Production","Conference Repository/Conference Papers/2022/10012556/10012557","10.5594_M001984-ref.xml","no"
"Conference Paper","2022","10.5594/M001985","10.5594-M001985","orig-research","How Do We Make Media in the Cloud as Easy as on Prem?","Conference Repository/Conference Papers/2022/10012556/10012557","(none named — references as shown on IEEE Xplore)","no"
"Conference Paper","2022","10.5594/M001986","10.5594-M001986","orig-research","Secure Collaboration in a Low-Trust Environment: Immutable Chain of Custody","Conference Repository/Conference Papers/2022/10012556/10012557","10.5594_M001986-ref.xml","no"
"Conference Paper","2022","10.5594/M001987","10.5594-M001987","orig-research","Why Holographic 3D Light field Displays are Impossible, and How to Build One Anyway","Conference Repository/Conference Papers/2022/10012556/10012557","10.5594_M001987-ref.xml","no"
"Conference Paper","2022","10.5594/M001988","10.5594-M001988","orig-research","Travails with My Camera: Investigations with Prototype Workflows and Specialist Cameras for Wider Target Platform Coverage, Reduced Complexity, and Universal Distribution","Conference Repository/Conference Papers/2022/10012556/10012557","10.5594_M001988-ref.xml","no"
"Conference Paper","2022","10.5594/M001989","10.5594-M001989","orig-research","Unreal Savings: Budget Previs/Techvis for Student Films","Conference Repository/Conference Papers/2022/10012556/10012557","10.5594_M001989-ref.xml","no"
"Conference Paper","2022","10.5594/M001990","10.5594-M001990","orig-research","Modelling the Value of JITEX: Just-In-Time Transcoding at the Edge","Conference Repository/Conference Papers/2022/10012556/10012557","10.5594_M001990-ref.xml","no"
"Conference Paper","2022","10.5594/M001991","10.5594-M001991","orig-research","The Proliferation of NDI in Live Production and Broadcast Workflows","Conference Repository/Conference Papers/2022/10012556/10012557","10.5594_M001991-ref.xml","no"
"Conference Paper","2022","10.5594/M001992","10.5594-M001992","orig-research","Image Based Lighting - Current Capabilities and Limitations","Conference Repository/Conference Papers/2022/10012556/10012557","(none named — references as shown on IEEE Xplore)","no"
"Conference Paper","2023","10.5594/M001993","10.5594-M001993","orig-research","Exploring Workflows for Real-Time HDR-SDR Conversion","Conference Repository/Conference Papers/2023/10372504/10372505","10.5594_M001993-ref.xml","no"
"Conference Paper","2023","10.5594/M001994","10.5594-M001994","orig-research","Breaking the Fourth Wall through Extended Reality","Conference Repository/Conference Papers/2023/10372504/10372505","10.5594_M001994-ref.xml","no"
"Conference Paper","2023","10.5594/M001995","10.5594-M001995","orig-research","Hyperconverged Design: Reducing the Environmental Impact of Production Technologies Throughout the Product Lifecycle","Conference Repository/Conference Papers/2023/10372504/10372505","10.5594_M001995-ref.xml","no"
"Conference Paper","2023","10.5594/M001996","10.5594-M001996","orig-research","Enhancements to Media Transport in ICVFX using SMPTE 2110","Conference Repository/Conference Papers/2023/10372504/10372505","10.5594_M001996-ref.xml","no"
"Conference Paper","2023","10.5594/M001997","10.5594-M001997","orig-research","Long-term Preservation of Cinematographic Content","Conference Repository/Conference Papers/2023/10372504/10372505","10.5594_M001997-ref.xml","no"
"Conference Paper","2023","10.5594/M001998","10.5594-M001998","orig-research","Atheneum: The Blockchain That Manages Theatrical Releases","Conference Repository/Conference Papers/2023/10372504/10372505","10.5594_M001998-ref.xml","no"
"Conference Paper","2023","10.5594/M001999","10.5594-M001999","orig-research","Unlocking the Value of Media Libraries With AI and ML","Conference Repository/Conference Papers/2023/10372504/10372505","(none named — references as shown on IEEE Xplore)","no"
"Conference Paper","2023","10.5594/M002000","10.5594-M002000","orig-research","Real-time Personalized Ranking and Recommendation System for Linear TV: A Dual Dynamic Queue Approach","Conference Repository/Conference Papers/2023/10372504/10372505","10.5594_M002000-ref.xml","no"
"Conference Paper","2023","10.5594/M002001","10.5594-M002001","orig-research","Testing 4K HDR-WCG professional video content for subjective quality using a remote testing approach","Conference Repository/Conference Papers/2023/10372504/10372505","10.5594_M002001-ref.xml","no"
"Conference Paper","2023","10.5594/M002002","10.5594-M002002","orig-research","Green Video Compression for Metaverse: Lessons Learned from VP9 and HEVC","Conference Repository/Conference Papers/2023/10372504/10372505","10.5594_M002002-ref.xml","no"
"Conference Paper","2023","10.5594/M002003","10.5594-M002003","orig-research","Cloud-based Internet Linear Video Delivery System Using Edge Computing on CDN","Conference Repository/Conference Papers/2023/10372504/10372505","10.5594_M002003-ref.xml","no"
"Conference Paper","2023","10.5594/M002004","10.5594-M002004","orig-research","Advanced application of NMOS specifications for resource sharing in IP production systems and studio design","Conference Repository/Conference Papers/2023/10372504/10372505","10.5594_M002004-ref.xml","no"
"Conference Paper","2023","10.5594/M002005","10.5594-M002005","orig-research","Development of Cloud-Based Media Production Systems","Conference Repository/Conference Papers/2023/10372504/10372505","10.5594_M002005-ref.xml","no"
"Conference Paper","2023","10.5594/M002006","10.5594-M002006","orig-research","Cameras and LED walls - A challenging relationship","Conference Repository/Conference Papers/2023/10372504/10372505","10.5594_M002006-ref.xml","no"
"Conference Paper","2023","10.5594/M002007","10.5594-M002007","orig-research","The evolution of delivering immersive media over 5G/Cloud","Conference Repository/Conference Papers/2023/10372504/10372505","10.5594_M002007-ref.xml","no"
"Conference Paper","2023","10.5594/M002008","10.5594-M002008","orig-research","The Impact of Background Luminance on the Perception of Chromatic Lightness","Conference Repository/Conference Papers/2023/10372504/10372505","10.5594_M002008-ref.xml","no"
"Conference Paper","2023","10.5594/M002009","10.5594-M002009","orig-research","Efficient Media Production and Management with AI Assistants: A Multi-Domain Exploration","Conference Repository/Conference Papers/2023/10372504/10372505","10.5594_M002009-ref.xml","no"
"Conference Paper","2023","10.5594/M002010","10.5594-M002010","orig-research","Using Knowledge Graphs to Enhance Queries over Heterogeneous Asset Stores","Conference Repository/Conference Papers/2023/10372504/10372505","10.5594_M002010-ref.xml","no"
"Conference Paper","2023","10.5594/M002011","10.5594-M002011","orig-research","Advanced Volumetric Video Format for Enhancing Photo-realistic Lighting Reproduction","Conference Repository/Conference Papers/2023/10372504/10372505","10.5594_M002011-ref.xml","no"
"Conference Paper","2023","10.5594/M002012","10.5594-M002012","orig-research","Free the voice! Systems, Devices and Methods for Multi-Dimensional Spatial Recording and Playback","Conference Repository/Conference Papers/2023/10372504/10372505","10.5594_M002012-ref.xml","no"
"Conference Paper","2023","10.5594/M002013","10.5594-M002013","orig-research","Creative Intent on the Windward Slopes","Conference Repository/Conference Papers/2023/10372504/10372505","10.5594_M002013-ref.xml","no"
"Conference Paper","2023","10.5594/M002014","10.5594-M002014","orig-research","Hybrid Images for Personalized Media Streaming Optimization","Conference Repository/Conference Papers/2023/10372504/10372505","10.5594_M002014-ref.xml","no"
"Conference Paper","2023","10.5594/M002015","10.5594-M002015","orig-research","Improving Context-Aware Encoding by Adaptation to “True Resolution” of the Content","Conference Repository/Conference Papers/2023/10372504/10372505","10.5594_M002015-ref.xml","no"
"Conference Paper","2023","10.5594/M002016","10.5594-M002016","orig-research","HDR Production Workflows: A Dynamic Solution That Provides Stable Graphics Management And Compatibility With Static Solutions","Conference Repository/Conference Papers/2023/10372504/10372505","10.5594_M002016-ref.xml","no"
"Conference Paper","2023","10.5594/M002017","10.5594-M002017","orig-research","What Electronic Image Noise Signatures Can Tell Us About Image Linearity and Camera Encoding","Conference Repository/Conference Papers/2023/10372504/10372505","10.5594_M002017-ref.xml","no"
"Conference Paper","2023","10.5594/M002018","10.5594-M002018","orig-research","Simplifying Multi-CDN Delivery with HLS / DASH Content Steering","Conference Repository/Conference Papers/2023/10372504/10372505","10.5594_M002018-ref.xml","no"
"Conference Paper","2023","10.5594/M002019","10.5594-M002019","orig-research","Using Categorical Observers to Minimize Metameric Failures on Wide Color Gamut Displays","Conference Repository/Conference Papers/2023/10372504/10372505","10.5594_M002019-ref.xml","no"
"Conference Paper","2023","10.5594/M002020","10.5594-M002020","orig-research","Avid DNx GX - A High-Quality, Flexible RGB(A) Codec at Commodity Bitrates, Combining SMPTE ST 2019-1 (VC-3) and SMPTE RDD 50 (DNxUncompressed)","Conference Repository/Conference Papers/2023/10372504/10372505","10.5594_M002020-ref.xml","no"
"Conference Paper","2023","10.5594/M002021","10.5594-M002021","orig-research","Making Film Grain Great Again: Introducing AV1-Compatible Film Grain Modeling for Existing HEVC-Based Video Codecs","Conference Repository/Conference Papers/2023/10372504/10372505","10.5594_M002021-ref.xml","no"
"Conference Paper","2023","10.5594/M002022","10.5594-M002022","orig-research","New Storage Techniques and Technologies to Accelerate Camera to Cloud Workflows","Conference Repository/Conference Papers/2023/10372504/10372505","10.5594_M002022-ref.xml","no"
"Conference Paper","2023","10.5594/M002023","10.5594-M002023","orig-research","Optimized pixel streaming for ultra-low latency cloud gaming and VR/XR applications.","Conference Repository/Conference Papers/2023/10372504/10372505","10.5594_M002023-ref.xml","no"
"Conference Paper","2023","10.5594/M002024","10.5594-M002024","orig-research","Getting comfortable with CIE charts for color grading","Conference Repository/Conference Papers/2023/10372504/10372505","10.5594_M002024-ref.xml","no"
"Conference Paper","2023","10.5594/M002025","10.5594-M002025","orig-research","Reducing Cinema Projectors Power Consumption using Global Dimming and Image Statistics","Conference Repository/Conference Papers/2023/10372504/10372505","10.5594_M002025-ref.xml","no"
"Conference Paper","2023","10.5594/M002026","10.5594-M002026","orig-research","The future of video compression - Moving beyond hybrid codecs with machine learning","Conference Repository/Conference Papers/2023/10372504/10372505","10.5594_M002026-ref.xml","no"
"Conference Paper","2023","10.5594/M002027","10.5594-M002027","orig-research","Enhancing Content Creation Workflows through Automatic Speech Recognition Techniques","Conference Repository/Conference Papers/2023/10372504/10372505","10.5594_M002027-ref.xml","no"
"Conference Paper","2023","10.5594/M002028","10.5594-M002028","orig-research","Ambient Light Compensation Through Adaptive Visual Modeling","Conference Repository/Conference Papers/2023/10372504/10372505","10.5594_M002028-ref.xml","no"
"Conference Paper","2023","10.5594/M002029","10.5594-M002029","orig-research","How to Effectively Enhance PTP Redundancy Using Dual Ports","Conference Repository/Conference Papers/2023/10372504/10372505","10.5594_M002029-ref.xml","no"
"Conference Paper","2023","10.5594/M002030","10.5594-M002030","orig-research","Profiling the ST 2110 Network Traffic for Load Testing with Open-Source Tools","Conference Repository/Conference Papers/2023/10372504/10372505","10.5594_M002030-ref.xml","no"
"Conference Paper","2023","10.5594/M002031","10.5594-M002031","orig-research","Real-time Streaming Reliability and Performance Optimization Using Content Steering","Conference Repository/Conference Papers/2023/10372504/10372505","10.5594_M002031-ref.xml","no"
"Conference Paper","2023","10.5594/M002032","10.5594-M002032","orig-research","Ultra-low Latency Video Delivery using WebRTC Data Channels","Conference Repository/Conference Papers/2023/10372504/10372505","10.5594_M002032-ref.xml","no"
