verdict,docType,year,doi,docId,contentType,issue_folder,record_reference_flag,record_ref_file,ref_file_in_library,ref_file_in_aws_bucket,ref_file_in_old_tree,crossref_reference_count,pdf_in_library,pdf_references_section,pdf_numbered_entries
"A: named reference file missing from SMPTE delivery","Conference Paper","2015","10.5594/M001597","10.5594-M001597","orig-research","Conference Repository/Conference Papers/2015/7398355/7398356","T","10-5594_M001597-ref.xml","false","false","true","18","true","true","0"
"A: named reference file missing from SMPTE delivery","Conference Paper","2015","10.5594/M001601","10.5594-M001601","orig-research","Conference Repository/Conference Papers/2015/7398355/7398356","T","10-5594_M001601-ref.xml","false","false","true","10","true","false",""
"A: named reference file missing from SMPTE delivery","Conference Paper","2015","10.5594/M001602","10.5594-M001602","orig-research","Conference Repository/Conference Papers/2015/7398355/7398356","T","10-5594_M001602-ref.xml","false","false","true","2","true","true","0"
"A: named reference file missing from SMPTE delivery","Conference Paper","2015","10.5594/M001605","10.5594-M001605","orig-research","Conference Repository/Conference Papers/2015/7398355/7398356","T","10-5594_M001605-ref.xml","false","false","true","16","true","true","16"
"A: named reference file missing from SMPTE delivery","Conference Paper","2015","10.5594/M001606","10.5594-M001606","orig-research","Conference Repository/Conference Papers/2015/7398355/7398356","T","10-5594_M001606-ref.xml","false","false","true","27","true","true","27"
"A: named reference file missing from SMPTE delivery","Conference Paper","2015","10.5594/M001607","10.5594-M001607","orig-research","Conference Repository/Conference Papers/2015/7398355/7398356","T","10-5594_M001607-ref.xml","false","false","true","19","true","true","19"
"A: named reference file missing from SMPTE delivery","Conference Paper","2015","10.5594/M001608","10.5594-M001608","orig-research","Conference Repository/Conference Papers/2015/7398355/7398356","T","10-5594_M001608-ref.xml","false","false","true","1","true","true","0"
"A: named reference file missing from SMPTE delivery","Conference Paper","2015","10.5594/M001609","10.5594-M001609","orig-research","Conference Repository/Conference Papers/2015/7398355/7398356","T","10-5594_M001609-ref.xml","false","false","true","19","true","false",""
"A: named reference file missing from SMPTE delivery","Conference Paper","2015","10.5594/M001610","10.5594-M001610","orig-research","Conference Repository/Conference Papers/2015/7398355/7398356","T","10-5594_M001610-ref.xml","false","false","true","2","true","false",""
"A: named reference file missing from SMPTE delivery","Conference Paper","2015","10.5594/M001612","10.5594-M001612","orig-research","Conference Repository/Conference Papers/2015/7398355/7398356","T","10-5594_M001612-ref.xml","false","false","true","1","true","true","1"
"A: named reference file missing from SMPTE delivery","Conference Paper","2015","10.5594/M001614","10.5594-M001614","orig-research","Conference Repository/Conference Papers/2015/7398355/7398356","T","10-5594_M001614-ref.xml","false","false","true","3","true","true","3"
"A: named reference file missing from SMPTE delivery","Conference Paper","2015","10.5594/M001616","10.5594-M001616","orig-research","Conference Repository/Conference Papers/2015/7398355/7398356","T","10-5594_M001616-ref.xml","false","false","true","5","true","true","5"
"A: named reference file missing from SMPTE delivery","Conference Paper","2015","10.5594/M001618","10.5594-M001618","orig-research","Conference Repository/Conference Papers/2015/7398355/7398356","T","10-5594_M001618-ref.xml","false","false","true","13","true","true","0"
"A: named reference file missing from SMPTE delivery","Conference Paper","2015","10.5594/M001619","10.5594-M001619","orig-research","Conference Repository/Conference Papers/2015/7398355/7398356","T","10-5594_M001619-ref.xml","false","false","true","2","true","true","0"
"A: named reference file missing from SMPTE delivery","Conference Paper","2015","10.5594/M001620","10.5594-M001620","orig-research","Conference Repository/Conference Papers/2015/7398355/7398356","T","10-5594_M001620-ref.xml","false","false","true","8","true","true","0"
"A: named reference file missing from SMPTE delivery","Conference Paper","2015","10.5594/M001621","10.5594-M001621","orig-research","Conference Repository/Conference Papers/2015/7399587/7399588","T","10-5594_M001621-ref.xml","false","false","true","1","true","false",""
"A: named reference file missing from SMPTE delivery","Conference Paper","2015","10.5594/M001622","10.5594-M001622","orig-research","Conference Repository/Conference Papers/2015/7399587/7399588","T","10-5594_M001622-ref.xml","false","false","true","8","true","false",""
"A: named reference file missing from SMPTE delivery","Conference Paper","2015","10.5594/M001623","10.5594-M001623","orig-research","Conference Repository/Conference Papers/2015/7399587/7399588","T","10-5594_M001623-ref.xml","false","false","true","15","true","true","15"
"A: named reference file missing from SMPTE delivery","Conference Paper","2015","10.5594/M001624","10.5594-M001624","orig-research","Conference Repository/Conference Papers/2015/7399587/7399588","T","10-5594_M001624-ref.xml","false","false","true","18","true","false",""
"A: named reference file missing from SMPTE delivery","Conference Paper","2015","10.5594/M001625","10.5594-M001625","orig-research","Conference Repository/Conference Papers/2015/7399587/7399588","T","10-5594_M001625-ref.xml","false","false","true","9","true","false",""
"A: named reference file missing from SMPTE delivery","Conference Paper","2015","10.5594/M001626","10.5594-M001626","orig-research","Conference Repository/Conference Papers/2015/7399587/7399588","T","10-5594_M001626-ref.xml","false","false","true","13","true","false",""
"A: named reference file missing from SMPTE delivery","Conference Paper","2015","10.5594/M001627","10.5594-M001627","orig-research","Conference Repository/Conference Papers/2015/7399587/7399588","T","10-5594_M001627-ref.xml","false","false","true","24","true","true","24"
"A: named reference file missing from SMPTE delivery","Conference Paper","2015","10.5594/M001628","10.5594-M001628","orig-research","Conference Repository/Conference Papers/2015/7399587/7399588","T","10-5594_M001628-ref.xml","false","false","true","14","true","false",""
"A: named reference file missing from SMPTE delivery","Conference Paper","2015","10.5594/M001630","10.5594-M001630","orig-research","Conference Repository/Conference Papers/2015/7399587/7399588","T","10-5594_M001630-ref.xml","false","false","true","53","true","false",""
"A: named reference file missing from SMPTE delivery","Conference Paper","2015","10.5594/M001631","10.5594-M001631","orig-research","Conference Repository/Conference Papers/2015/7399587/7399588","T","10-5594_M001631-ref.xml","false","false","true","15","true","false",""
"A: named reference file missing from SMPTE delivery","Conference Paper","2015","10.5594/M001632","10.5594-M001632","orig-research","Conference Repository/Conference Papers/2015/7399587/7399588","T","10-5594_M001632-ref.xml","false","false","true","27","true","false",""
"A: named reference file missing from SMPTE delivery","Conference Paper","2015","10.5594/M001633","10.5594-M001633","orig-research","Conference Repository/Conference Papers/2015/7399587/7399588","T","10-5594_M001633-ref.xml","false","false","true","12","true","false",""
"A: named reference file missing from SMPTE delivery","Conference Paper","2015","10.5594/M001635","10.5594-M001635","orig-research","Conference Repository/Conference Papers/2015/7399587/7399588","T","10-5594_M001635-ref.xml","false","false","true","20","true","true","0"
"A: named reference file missing from SMPTE delivery","Conference Paper","2015","10.5594/M001636","10.5594-M001636","orig-research","Conference Repository/Conference Papers/2015/7399587/7399588","T","10-5594_M001636-ref.xml","false","false","true","6","true","false",""
"A: named reference file missing from SMPTE delivery","Conference Paper","2015","10.5594/M001637","10.5594-M001637","orig-research","Conference Repository/Conference Papers/2015/7399587/7399588","T","10-5594_M001637-ref.xml","false","false","true","8","true","false",""
"A: named reference file missing from SMPTE delivery","Conference Paper","2015","10.5594/M001638","10.5594-M001638","orig-research","Conference Repository/Conference Papers/2015/7399587/7399588","T","10-5594_M001638-ref.xml","false","false","true","10","true","false",""
"A: named reference file missing from SMPTE delivery","Conference Paper","2015","10.5594/M001639","10.5594-M001639","orig-research","Conference Repository/Conference Papers/2015/7399587/7399588","T","10-5594_M001639-ref.xml","false","false","true","12","true","false",""
"A: named reference file missing from SMPTE delivery","Conference Paper","2015","10.5594/M001640","10.5594-M001640","orig-research","Conference Repository/Conference Papers/2015/7399587/7399588","T","10-5594_M001640-ref.xml","false","false","true","8","true","false",""
"A: named reference file missing from SMPTE delivery","Conference Paper","2015","10.5594/M001642","10.5594-M001642","orig-research","Conference Repository/Conference Papers/2015/7399587/7399588","T","10-5594_M001642-ref.xml","false","false","true","16","true","false",""
"A: named reference file missing from SMPTE delivery","Conference Paper","2015","10.5594/M001643","10.5594-M001643","orig-research","Conference Repository/Conference Papers/2015/7399587/7399588","T","10-5594_M001643-ref.xml","false","false","true","1","true","false",""
"A: named reference file missing from SMPTE delivery","Conference Paper","2015","10.5594/M001644","10.5594-M001644","orig-research","Conference Repository/Conference Papers/2015/7399587/7399588","T","10-5594_M001644-ref.xml","false","false","true","10","true","false",""
"A: named reference file missing from SMPTE delivery","Conference Paper","2015","10.5594/M001647","10.5594-M001647","orig-research","Conference Repository/Conference Papers/2015/7399587/7399588","T","10-5594_M001647-ref.xml","false","false","true","27","true","false",""
"A: named reference file missing from SMPTE delivery","Conference Paper","2015","10.5594/M001648","10.5594-M001648","orig-research","Conference Repository/Conference Papers/2015/7399587/7399588","T","10-5594_M001648-ref.xml","false","false","true","8","true","false",""
"A: named reference file missing from SMPTE delivery","Conference Paper","2015","10.5594/M001650","10.5594-M001650","orig-research","Conference Repository/Conference Papers/2015/7399587/7399588","T","10-5594_M001650-ref.xml","false","false","true","7","true","true","7"
"A: named reference file missing from SMPTE delivery","Conference Paper","2015","10.5594/M001651","10.5594-M001651","orig-research","Conference Repository/Conference Papers/2015/7399587/7399588","T","10-5594_M001651-ref.xml","false","false","true","22","true","false",""
"A: named reference file missing from SMPTE delivery","Conference Paper","2015","10.5594/M001652","10.5594-M001652","orig-research","Conference Repository/Conference Papers/2015/7399587/7399588","T","10-5594_M001652-ref.xml","false","false","true","5","true","true","5"
"A: named reference file missing from SMPTE delivery","Conference Paper","2015","10.5594/M001653","10.5594-M001653","orig-research","Conference Repository/Conference Papers/2015/7399587/7399588","T","10-5594_M001653-ref.xml","false","false","true","3","true","false",""
"A: named reference file missing from SMPTE delivery","Conference Paper","2015","10.5594/M001654","10.5594-M001654","orig-research","Conference Repository/Conference Papers/2015/7399587/7399588","T","10-5594_M001654-ref.xml","false","false","true","6","true","false",""
"A: named reference file missing from SMPTE delivery","Conference Paper","2015","10.5594/M001655","10.5594-M001655","orig-research","Conference Repository/Conference Papers/2015/7399587/7399588","T","10-5594_M001655-ref.xml","false","false","true","3","true","false",""
"A: named reference file missing from SMPTE delivery","Conference Paper","2015","10.5594/M001656","10.5594-M001656","orig-research","Conference Repository/Conference Papers/2015/7399587/7399588","T","10-5594_M001656-ref.xml","false","false","true","11","true","false",""
"A: named reference file missing from SMPTE delivery","Conference Paper","2015","10.5594/M001658","10.5594-M001658","orig-research","Conference Repository/Conference Papers/2015/7399587/7399588","T","10-5594_M001658-ref.xml","false","false","true","4","true","false",""
"A: named reference file missing from SMPTE delivery","Conference Paper","2015","10.5594/M001659","10.5594-M001659","orig-research","Conference Repository/Conference Papers/2015/7399587/7399588","T","10-5594_M001659-ref.xml","false","false","true","6","true","false",""
"A: named reference file missing from SMPTE delivery","Conference Paper","2015","10.5594/M001660","10.5594-M001660","orig-research","Conference Repository/Conference Papers/2015/7399587/7399588","T","10-5594_M001660-ref.xml","false","false","true","8","true","false",""
"A: named reference file missing from SMPTE delivery","Conference Paper","2015","10.5594/M001665","10.5594-M001665","orig-research","Conference Repository/Conference Papers/2015/7399587/7399588","T","10-5594_M001665-ref.xml","false","false","true","18","true","false",""
"A: named reference file missing from SMPTE delivery","Conference Paper","2015","10.5594/M001666","10.5594-M001666","orig-research","Conference Repository/Conference Papers/2015/7399587/7399588","T","10-5594_M001666-ref.xml","false","false","true","5","true","false",""
"A: named reference file missing from SMPTE delivery","Conference Paper","2015","10.5594/M001667","10.5594-M001667","orig-research","Conference Repository/Conference Papers/2015/7399587/7399588","T","10-5594_M001667-ref.xml","false","false","true","19","true","false",""
"A: named reference file missing from SMPTE delivery","Conference Paper","2015","10.5594/M001668","10.5594-M001668","orig-research","Conference Repository/Conference Papers/2015/7399587/7399588","T","10-5594_M001668-ref.xml","false","false","true","4","true","false",""
"A: named reference file missing from SMPTE delivery","Conference Paper","2015","10.5594/M001670","10.5594-M001670","orig-research","Conference Repository/Conference Papers/2015/7399587/7399588","T","10-5594_M001670-ref.xml","false","false","true","9","true","true","9"
"A: named reference file missing from SMPTE delivery","Conference Paper","2015","10.5594/M001671","10.5594-M001671","orig-research","Conference Repository/Conference Papers/2015/7399587/7399588","T","10-5594_M001671-ref.xml","false","false","true","7","true","false",""
"A: named reference file missing from SMPTE delivery","Conference Paper","2015","10.5594/M001672","10.5594-M001672","orig-research","Conference Repository/Conference Papers/2015/7399587/7399588","T","10-5594_M001672-ref.xml","false","false","true","13","true","true","0"
"A: named reference file missing from SMPTE delivery","Conference Paper","2015","10.5594/M001673","10.5594-M001673","orig-research","Conference Repository/Conference Papers/2015/7399587/7399588","T","10-5594_M001673-ref.xml","false","false","true","10","true","true","10"
"A: named reference file missing from SMPTE delivery","Conference Paper","2015","10.5594/M001675","10.5594-M001675","orig-research","Conference Repository/Conference Papers/2015/7399587/7399588","T","10-5594_M001675-ref.xml","false","false","true","6","true","false",""
"A: named reference file missing from SMPTE delivery","Conference Paper","2015","10.5594/M001736","10.5594-M001736","orig-research","Conference Repository/Conference Papers/2015/8046174/8046175","T","10-5594_M001736-ref.xml","false","false","false","0","true","false",""
"A: named reference file missing from SMPTE delivery","Conference Paper","2015","10.5594/M001741","10.5594-M001741","orig-research","Conference Repository/Conference Papers/2015/8046174/8046175","T","10-5594_M001741-ref.xml","false","false","false","0","true","true","1"
"A: named reference file missing from SMPTE delivery","Conference Paper","2015","10.5594/M001742","10.5594-M001742","orig-research","Conference Repository/Conference Papers/2015/8046174/8046175","T","10-5594_M001742-ref.xml","false","false","false","0","true","true","1"
"A: named reference file missing from SMPTE delivery","Conference Paper","2015","10.5594/M001744","10.5594-M001744","orig-research","Conference Repository/Conference Papers/2015/8046174/8046175","T","10-5594_M001744-ref.xml","false","false","false","0","true","true","6"
"A: named reference file missing from SMPTE delivery","Conference Paper","2015","10.5594/M001746","10.5594-M001746","orig-research","Conference Repository/Conference Papers/2015/8046174/8046175","T","10-5594_M001746-ref.xml","false","false","false","0","true","true","0"
"A: named reference file missing from SMPTE delivery","Conference Paper","2015","10.5594/M001747","10.5594-M001747","orig-research","Conference Repository/Conference Papers/2015/8046174/8046175","T","10-5594_M001747-ref.xml","false","false","false","0","true","true","1"
"A: named reference file missing from SMPTE delivery","Conference Paper","2015","10.5594/M001748","10.5594-M001748","orig-research","Conference Repository/Conference Papers/2015/8046174/8046175","T","10-5594_M001748-ref.xml","false","false","false","0","true","false",""
"A: named reference file missing from SMPTE delivery","Conference Paper","2015","10.5594/M001749","10.5594-M001749","orig-research","Conference Repository/Conference Papers/2015/8046174/8046175","T","10-5594_M001749-ref.xml","false","false","false","0","true","true","13"
"A: named reference file missing from SMPTE delivery","Conference Paper","2015","10.5594/M001750","10.5594-M001750","orig-research","Conference Repository/Conference Papers/2015/8046174/8046175","T","10-5594_M001750-ref.xml","false","false","false","0","true","true","19"
"A: named reference file missing from SMPTE delivery","Conference Paper","2015","10.5594/M001751","10.5594-M001751","orig-research","Conference Repository/Conference Papers/2015/8046174/8046175","T","10-5594_M001751-ref.xml","false","false","false","0","true","false",""
"A: named reference file missing from SMPTE delivery","Conference Paper","2016","10.5594/M001676","10.5594-M001676","orig-research","Conference Repository/Conference Papers/2016/7819436/7819437","T","10-5594_M001676-ref.xml","false","false","true","5","true","true","2"
"A: named reference file missing from SMPTE delivery","Conference Paper","2016","10.5594/M001677","10.5594-M001677","orig-research","Conference Repository/Conference Papers/2016/7819436/7819437","T","10-5594_M001677-ref.xml","false","false","true","2","true","false",""
"A: named reference file missing from SMPTE delivery","Conference Paper","2016","10.5594/M001679","10.5594-M001679","orig-research","Conference Repository/Conference Papers/2016/7819436/7819437","T","10-5594_M001679-ref.xml","false","false","true","43","true","false",""
"A: named reference file missing from SMPTE delivery","Conference Paper","2016","10.5594/M001680","10.5594-M001680","orig-research","Conference Repository/Conference Papers/2016/7819436/7819437","T","10-5594_M001680-ref.xml","false","false","true","17","true","true","17"
"A: named reference file missing from SMPTE delivery","Conference Paper","2016","10.5594/M001681","10.5594-M001681","orig-research","Conference Repository/Conference Papers/2016/7819436/7819437","T","10-5594_M001681-ref.xml","false","false","true","14","true","false",""
"A: named reference file missing from SMPTE delivery","Conference Paper","2016","10.5594/M001682","10.5594-M001682","orig-research","Conference Repository/Conference Papers/2016/7819436/7819437","T","10-5594_M001682-ref.xml","false","false","true","4","true","false",""
"A: named reference file missing from SMPTE delivery","Conference Paper","2016","10.5594/M001683","10.5594-M001683","orig-research","Conference Repository/Conference Papers/2016/7819436/7819437","T","10-5594_M001683-ref.xml","false","false","true","11","true","false",""
"A: named reference file missing from SMPTE delivery","Conference Paper","2016","10.5594/M001684","10.5594-M001684","orig-research","Conference Repository/Conference Papers/2016/7819436/7819437","T","10-5594_M001684-ref.xml","false","false","true","14","true","true","0"
"A: named reference file missing from SMPTE delivery","Conference Paper","2016","10.5594/M001686","10.5594-M001686","orig-research","Conference Repository/Conference Papers/2016/7819436/7819437","T","10-5594_M001686-ref.xml","false","false","true","11","true","true","11"
"A: named reference file missing from SMPTE delivery","Conference Paper","2016","10.5594/M001687","10.5594-M001687","orig-research","Conference Repository/Conference Papers/2016/7819436/7819437","T","10-5594_M001687-ref.xml","false","false","true","17","true","true","17"
"A: named reference file missing from SMPTE delivery","Conference Paper","2016","10.5594/M001689","10.5594-M001689","orig-research","Conference Repository/Conference Papers/2016/7819436/7819437","T","10-5594_M001689-ref.xml","false","false","true","11","true","true","11"
"A: named reference file missing from SMPTE delivery","Conference Paper","2016","10.5594/M001690","10.5594-M001690","orig-research","Conference Repository/Conference Papers/2016/7819436/7819437","T","10-5594_M001690-ref.xml","false","false","true","13","true","true","12"
"A: named reference file missing from SMPTE delivery","Conference Paper","2016","10.5594/M001692","10.5594-M001692","orig-research","Conference Repository/Conference Papers/2016/7819436/7819437","T","10-5594_M001692-ref.xml","false","false","true","6","true","true","6"
"A: named reference file missing from SMPTE delivery","Conference Paper","2016","10.5594/M001693","10.5594-M001693","orig-research","Conference Repository/Conference Papers/2016/7819436/7819437","T","10-5594_M001693-ref.xml","false","false","true","15","true","true","14"
"A: named reference file missing from SMPTE delivery","Conference Paper","2016","10.5594/M001694","10.5594-M001694","orig-research","Conference Repository/Conference Papers/2016/7819436/7819437","T","10-5594_M001694-ref.xml","false","false","true","12","true","false",""
"A: named reference file missing from SMPTE delivery","Conference Paper","2016","10.5594/M001695","10.5594-M001695","orig-research","Conference Repository/Conference Papers/2016/7819436/7819437","T","10-5594_M001695-ref.xml","false","false","true","8","true","false",""
"A: named reference file missing from SMPTE delivery","Conference Paper","2016","10.5594/M001696","10.5594-M001696","orig-research","Conference Repository/Conference Papers/2016/7819436/7819437","T","10-5594_M001696-ref.xml","false","false","true","14","true","true","14"
"A: named reference file missing from SMPTE delivery","Conference Paper","2016","10.5594/M001697","10.5594-M001697","orig-research","Conference Repository/Conference Papers/2016/7819436/7819437","T","10-5594_M001697-ref.xml","false","false","true","8","true","true","8"
"A: named reference file missing from SMPTE delivery","Conference Paper","2016","10.5594/M001698","10.5594-M001698","orig-research","Conference Repository/Conference Papers/2016/7819436/7819437","T","10-5594_M001698-ref.xml","false","false","true","19","true","false",""
"A: named reference file missing from SMPTE delivery","Conference Paper","2016","10.5594/M001699","10.5594-M001699","orig-research","Conference Repository/Conference Papers/2016/7819436/7819437","T","10-5594_M001699-ref.xml","false","false","true","39","true","true","39"
"A: named reference file missing from SMPTE delivery","Conference Paper","2016","10.5594/M001700","10.5594-M001700","orig-research","Conference Repository/Conference Papers/2016/7819436/7819437","T","10-5594_M001700-ref.xml","false","false","true","8","true","true","8"
"A: named reference file missing from SMPTE delivery","Conference Paper","2016","10.5594/M001701","10.5594-M001701","orig-research","Conference Repository/Conference Papers/2016/7819436/7819437","T","10-5594_M001701-ref.xml","false","false","true","28","true","true","28"
"A: named reference file missing from SMPTE delivery","Conference Paper","2016","10.5594/M001702","10.5594-M001702","orig-research","Conference Repository/Conference Papers/2016/7819436/7819437","T","10-5594_M001702-ref.xml","false","false","true","3","true","false",""
"A: named reference file missing from SMPTE delivery","Conference Paper","2016","10.5594/M001703","10.5594-M001703","orig-research","Conference Repository/Conference Papers/2016/7819436/7819437","T","10-5594_M001703-ref.xml","false","false","true","6","true","true","6"
"A: named reference file missing from SMPTE delivery","Conference Paper","2016","10.5594/M001705","10.5594-M001705","orig-research","Conference Repository/Conference Papers/2016/7819436/7819437","T","10-5594_M001705-ref.xml","false","false","true","2","true","true","0"
"A: named reference file missing from SMPTE delivery","Conference Paper","2016","10.5594/M001706","10.5594-M001706","orig-research","Conference Repository/Conference Papers/2016/7819436/7819437","T","10-5594_M001706-ref.xml","false","false","true","19","true","true","19"
"A: named reference file missing from SMPTE delivery","Conference Paper","2016","10.5594/M001707","10.5594-M001707","orig-research","Conference Repository/Conference Papers/2016/7819436/7819437","T","10-5594_M001707-ref.xml","false","false","true","1","true","true","0"
"A: named reference file missing from SMPTE delivery","Conference Paper","2016","10.5594/M001708","10.5594-M001708","orig-research","Conference Repository/Conference Papers/2016/7819436/7819437","T","10-5594_M001708-ref.xml","false","false","true","8","true","true","8"
"A: named reference file missing from SMPTE delivery","Conference Paper","2016","10.5594/M001709","10.5594-M001709","orig-research","Conference Repository/Conference Papers/2016/7819436/7819437","T","10-5594_M001709-ref.xml","false","false","true","14","true","true","14"
"A: named reference file missing from SMPTE delivery","Conference Paper","2016","10.5594/M001711","10.5594-M001711","orig-research","Conference Repository/Conference Papers/2016/7819436/7819437","T","10-5594_M001711-ref.xml","false","false","true","11","true","true","7"
"A: named reference file missing from SMPTE delivery","Conference Paper","2016","10.5594/M001712","10.5594-M001712","orig-research","Conference Repository/Conference Papers/2016/7819436/7819437","T","10-5594_M001712-ref.xml","false","false","true","17","true","true","17"
"A: named reference file missing from SMPTE delivery","Conference Paper","2016","10.5594/M001713","10.5594-M001713","orig-research","Conference Repository/Conference Papers/2016/7819436/7819437","T","10-5594_M001713-ref.xml","false","false","true","25","true","false",""
"A: named reference file missing from SMPTE delivery","Conference Paper","2016","10.5594/M001715","10.5594-M001715","orig-research","Conference Repository/Conference Papers/2016/7819436/7819437","T","10-5594_M001715-ref.xml","false","false","true","6","true","false",""
"A: named reference file missing from SMPTE delivery","Conference Paper","2016","10.5594/M001716","10.5594-M001716","orig-research","Conference Repository/Conference Papers/2016/7819436/7819437","T","10-5594_M001716-ref.xml","false","false","true","21","true","false",""
"A: named reference file missing from SMPTE delivery","Conference Paper","2016","10.5594/M001718","10.5594-M001718","orig-research","Conference Repository/Conference Papers/2016/7819436/7819437","T","10-5594_M001718-ref.xml","false","false","true","8","true","true","8"
"A: named reference file missing from SMPTE delivery","Conference Paper","2016","10.5594/M001719","10.5594-M001719","orig-research","Conference Repository/Conference Papers/2016/7819436/7819437","T","10-5594_M001719-ref.xml","false","false","true","7","true","false",""
"A: named reference file missing from SMPTE delivery","Conference Paper","2016","10.5594/M001720","10.5594-M001720","orig-research","Conference Repository/Conference Papers/2016/7819436/7819437","T","10-5594_M001720-ref.xml","false","false","true","13","true","true","0"
"A: named reference file missing from SMPTE delivery","Conference Paper","2016","10.5594/M001721","10.5594-M001721","orig-research","Conference Repository/Conference Papers/2016/7819436/7819437","T","10-5594_M001721-ref.xml","false","false","true","5","true","true","4"
"A: named reference file missing from SMPTE delivery","Conference Paper","2016","10.5594/M001722","10.5594-M001722","orig-research","Conference Repository/Conference Papers/2016/7819436/7819437","T","10-5594_M001722-ref.xml","false","false","true","9","true","false",""
"A: named reference file missing from SMPTE delivery","Conference Paper","2016","10.5594/M001723","10.5594-M001723","orig-research","Conference Repository/Conference Papers/2016/7819436/7819437","T","10-5594_M001723-ref.xml","false","false","true","2","true","false",""
"A: named reference file missing from SMPTE delivery","Conference Paper","2016","10.5594/M001725","10.5594-M001725","orig-research","Conference Repository/Conference Papers/2016/7819436/7819437","T","10-5594_M001725-ref.xml","false","false","true","6","true","false",""
"A: named reference file missing from SMPTE delivery","Conference Paper","2016","10.5594/M001726","10.5594-M001726","orig-research","Conference Repository/Conference Papers/2016/7819436/7819437","T","10-5594_M001726-ref.xml","false","false","true","4","true","false",""
"A: named reference file missing from SMPTE delivery","Conference Paper","2016","10.5594/M001727","10.5594-M001727","orig-research","Conference Repository/Conference Papers/2016/7819436/7819437","T","10-5594_M001727-ref.xml","false","false","true","13","true","true","13"
"A: named reference file missing from SMPTE delivery","Conference Paper","2016","10.5594/M001728","10.5594-M001728","orig-research","Conference Repository/Conference Papers/2016/7819436/7819437","T","10-5594_M001728-ref.xml","false","false","true","14","true","true","14"
"A: named reference file missing from SMPTE delivery","Conference Paper","2016","10.5594/M001729","10.5594-M001729","orig-research","Conference Repository/Conference Papers/2016/7819436/7819437","T","10-5594_M001729-ref.xml","false","false","true","5","true","true","5"
"A: named reference file missing from SMPTE delivery","Conference Paper","2016","10.5594/M001730","10.5594-M001730","orig-research","Conference Repository/Conference Papers/2016/7819436/7819437","T","10-5594_M001730-ref.xml","false","false","true","41","true","true","0"
"A: named reference file missing from SMPTE delivery","Conference Paper","2016","10.5594/M001731","10.5594-M001731","orig-research","Conference Repository/Conference Papers/2016/7819436/7819437","T","10-5594_M001731-ref.xml","false","false","true","13","true","false",""
"A: named reference file missing from SMPTE delivery","Conference Paper","2016","10.5594/M001732","10.5594-M001732","orig-research","Conference Repository/Conference Papers/2016/7819436/7819437","T","10-5594_M001732-ref.xml","false","false","true","23","true","false",""
"A: named reference file missing from SMPTE delivery","Conference Paper","2016","10.5594/M001733","10.5594-M001733","orig-research","Conference Repository/Conference Papers/2016/7819436/7819437","T","10-5594_M001733-ref.xml","false","false","true","9","true","true","0"
"A: named reference file missing from SMPTE delivery","Conference Paper","2016","10.5594/M001734","10.5594-M001734","orig-research","Conference Repository/Conference Papers/2016/7819436/7819437","T","10-5594_M001734-ref.xml","false","false","true","9","true","true","9"
"A: named reference file missing from SMPTE delivery","Conference Paper","2017","10.5594/M001752","10.5594-M001752","orig-research","Conference Repository/Conference Papers/2017/8281382/8281383","T","10-5594_M001752-ref.xml","false","false","false","0","true","false",""
"A: named reference file missing from SMPTE delivery","Conference Paper","2017","10.5594/M001753","10.5594-M001753","orig-research","Conference Repository/Conference Papers/2017/8281382/8281383","T","10-5594_M001753-ref.xml","false","false","false","0","true","false",""
"A: named reference file missing from SMPTE delivery","Conference Paper","2017","10.5594/M001754","10.5594-M001754","orig-research","Conference Repository/Conference Papers/2017/8281382/8281383","T","10-5594_M001754-ref.xml","false","false","false","0","true","true","4"
"A: named reference file missing from SMPTE delivery","Conference Paper","2017","10.5594/M001755","10.5594-M001755","orig-research","Conference Repository/Conference Papers/2017/8281382/8281383","T","10-5594_M001755-ref.xml","false","false","false","0","true","true","12"
"A: named reference file missing from SMPTE delivery","Conference Paper","2017","10.5594/M001756","10.5594-M001756","orig-research","Conference Repository/Conference Papers/2017/8281382/8281383","T","10-5594_M001756-ref.xml","false","false","false","0","true","true","2"
"A: named reference file missing from SMPTE delivery","Conference Paper","2017","10.5594/M001757","10.5594-M001757","orig-research","Conference Repository/Conference Papers/2017/8281382/8281383","T","10-5594_M001757-ref.xml","false","false","false","0","true","true","0"
"A: named reference file missing from SMPTE delivery","Conference Paper","2017","10.5594/M001758","10.5594-M001758","orig-research","Conference Repository/Conference Papers/2017/8281382/8281383","T","10-5594_M001758-ref.xml","false","false","false","0","true","true","24"
"A: named reference file missing from SMPTE delivery","Conference Paper","2017","10.5594/M001760","10.5594-M001760","orig-research","Conference Repository/Conference Papers/2017/8281382/8281383","T","10-5594_M001760-ref.xml","false","false","false","0","true","true","11"
"A: named reference file missing from SMPTE delivery","Conference Paper","2017","10.5594/M001763","10.5594-M001763","orig-research","Conference Repository/Conference Papers/2017/8281382/8281383","T","10-5594_M001763-ref.xml","false","false","false","0","true","false",""
"A: named reference file missing from SMPTE delivery","Conference Paper","2017","10.5594/M001764","10.5594-M001764","orig-research","Conference Repository/Conference Papers/2017/8281382/8281383","T","10-5594_M001764-ref.xml","false","false","false","0","true","true","5"
"A: named reference file missing from SMPTE delivery","Conference Paper","2017","10.5594/M001765","10.5594-M001765","orig-research","Conference Repository/Conference Papers/2017/8281382/8281383","T","10-5594_M001765-ref.xml","false","false","false","0","true","true","9"
"A: named reference file missing from SMPTE delivery","Conference Paper","2017","10.5594/M001766","10.5594-M001766","orig-research","Conference Repository/Conference Papers/2017/8281382/8281383","T","10-5594_M001766-ref.xml","false","false","false","0","true","false",""
"A: named reference file missing from SMPTE delivery","Conference Paper","2017","10.5594/M001767","10.5594-M001767","orig-research","Conference Repository/Conference Papers/2017/8281382/8281383","T","10-5594_M001767-ref.xml","false","false","false","0","true","true","0"
"A: named reference file missing from SMPTE delivery","Conference Paper","2017","10.5594/M001768","10.5594-M001768","orig-research","Conference Repository/Conference Papers/2017/8281382/8281383","T","10-5594_M001768-ref.xml","false","false","false","0","true","true","0"
"A: named reference file missing from SMPTE delivery","Conference Paper","2017","10.5594/M001769","10.5594-M001769","orig-research","Conference Repository/Conference Papers/2017/8281382/8281383","T","10-5594_M001769-ref.xml","false","false","false","0","true","true","13"
"A: named reference file missing from SMPTE delivery","Conference Paper","2017","10.5594/M001770","10.5594-M001770","orig-research","Conference Repository/Conference Papers/2017/8281382/8281383","T","10-5594_M001770-ref.xml","false","false","false","0","true","false",""
"A: named reference file missing from SMPTE delivery","Conference Paper","2017","10.5594/M001772","10.5594-M001772","orig-research","Conference Repository/Conference Papers/2017/8281382/8281383","T","10-5594_M001772-ref.xml","false","false","false","0","true","false",""
"A: named reference file missing from SMPTE delivery","Conference Paper","2017","10.5594/M001773","10.5594-M001773","orig-research","Conference Repository/Conference Papers/2017/8281382/8281383","T","10-5594_M001773-ref.xml","false","false","false","0","true","true","1"
"A: named reference file missing from SMPTE delivery","Conference Paper","2017","10.5594/M001774","10.5594-M001774","orig-research","Conference Repository/Conference Papers/2017/8281382/8281383","T","10-5594_M001774-ref.xml","false","false","false","0","true","true","15"
"A: named reference file missing from SMPTE delivery","Conference Paper","2017","10.5594/M001775","10.5594-M001775","orig-research","Conference Repository/Conference Papers/2017/8281382/8281383","T","10-5594_M001775-ref.xml","false","false","false","0","true","false",""
"A: named reference file missing from SMPTE delivery","Conference Paper","2017","10.5594/M001777","10.5594-M001777","orig-research","Conference Repository/Conference Papers/2017/8281382/8281383","T","10-5594_M001777-ref.xml","false","false","false","0","true","true","22"
"A: named reference file missing from SMPTE delivery","Conference Paper","2017","10.5594/M001778","10.5594-M001778","orig-research","Conference Repository/Conference Papers/2017/8281382/8281383","T","10-5594_M001778-ref.xml","false","false","false","0","true","true","0"
"A: named reference file missing from SMPTE delivery","Conference Paper","2017","10.5594/M001779","10.5594-M001779","orig-research","Conference Repository/Conference Papers/2017/8281382/8281383","T","10-5594_M001779-ref.xml","false","false","false","0","true","false",""
"A: named reference file missing from SMPTE delivery","Conference Paper","2017","10.5594/M001780","10.5594-M001780","orig-research","Conference Repository/Conference Papers/2017/8281382/8281383","T","10-5594_M001780-ref.xml","false","false","false","0","true","true","11"
"A: named reference file missing from SMPTE delivery","Conference Paper","2017","10.5594/M001781","10.5594-M001781","orig-research","Conference Repository/Conference Papers/2017/8281382/8281383","T","10-5594_M001781-ref.xml","false","false","false","0","true","true","30"
"A: named reference file missing from SMPTE delivery","Conference Paper","2017","10.5594/M001782","10.5594-M001782","orig-research","Conference Repository/Conference Papers/2017/8281382/8281383","T","10-5594_M001782-ref.xml","false","false","false","0","true","false",""
"A: named reference file missing from SMPTE delivery","Conference Paper","2017","10.5594/M001783","10.5594-M001783","orig-research","Conference Repository/Conference Papers/2017/8281382/8281383","T","10-5594_M001783-ref.xml","false","false","false","0","true","true","12"
"A: named reference file missing from SMPTE delivery","Conference Paper","2017","10.5594/M001785","10.5594-M001785","orig-research","Conference Repository/Conference Papers/2017/8281382/8281383","T","10-5594_M001785-ref.xml","false","false","false","0","true","true","5"
"A: named reference file missing from SMPTE delivery","Conference Paper","2017","10.5594/M001786","10.5594-M001786","orig-research","Conference Repository/Conference Papers/2017/8281382/8281383","T","10-5594_M001786-ref.xml","false","false","false","0","true","false",""
"A: named reference file missing from SMPTE delivery","Conference Paper","2017","10.5594/M001787","10.5594-M001787","orig-research","Conference Repository/Conference Papers/2017/8281382/8281383","T","10-5594_M001787-ref.xml","false","false","false","0","true","true","13"
"A: named reference file missing from SMPTE delivery","Conference Paper","2017","10.5594/M001788","10.5594-M001788","orig-research","Conference Repository/Conference Papers/2017/8281382/8281383","T","10-5594_M001788-ref.xml","false","false","false","0","true","true","2"
"A: named reference file missing from SMPTE delivery","Conference Paper","2017","10.5594/M001789","10.5594-M001789","orig-research","Conference Repository/Conference Papers/2017/8281382/8281383","T","10-5594_M001789-ref.xml","false","false","false","0","true","true","3"
"A: named reference file missing from SMPTE delivery","Conference Paper","2017","10.5594/M001790","10.5594-M001790","orig-research","Conference Repository/Conference Papers/2017/8281382/8281383","T","10-5594_M001790-ref.xml","false","false","false","0","true","false",""
"A: named reference file missing from SMPTE delivery","Conference Paper","2017","10.5594/M001791","10.5594-M001791","orig-research","Conference Repository/Conference Papers/2017/8281382/8281383","T","10-5594_M001791-ref.xml","false","false","false","0","true","false",""
"A: named reference file missing from SMPTE delivery","Conference Paper","2017","10.5594/M001792","10.5594-M001792","orig-research","Conference Repository/Conference Papers/2017/8281382/8281383","T","10-5594_M001792-ref.xml","false","false","false","0","true","false",""
"A: named reference file missing from SMPTE delivery","Conference Paper","2017","10.5594/M001793","10.5594-M001793","orig-research","Conference Repository/Conference Papers/2017/8281382/8281383","T","10-5594_M001793-ref.xml","false","false","false","0","true","false",""
"A: named reference file missing from SMPTE delivery","Conference Paper","2017","10.5594/M001794","10.5594-M001794","orig-research","Conference Repository/Conference Papers/2017/8281382/8281383","T","10-5594_M001794-ref.xml","false","false","false","0","true","false",""
"A: named reference file missing from SMPTE delivery","Conference Paper","2017","10.5594/M001795","10.5594-M001795","orig-research","Conference Repository/Conference Papers/2017/8281382/8281383","T","10-5594_M001795-ref.xml","false","false","false","0","true","true","12"
"A: named reference file missing from SMPTE delivery","Conference Paper","2017","10.5594/M001797","10.5594-M001797","orig-research","Conference Repository/Conference Papers/2017/8281382/8281383","T","10-5594_M001797-ref.xml","false","false","false","0","true","true","0"
"A: named reference file missing from SMPTE delivery","Conference Paper","2017","10.5594/M001798","10.5594-M001798","orig-research","Conference Repository/Conference Papers/2017/8281382/8281383","T","10-5594_M001798-ref.xml","false","false","false","0","true","false",""
"A: named reference file missing from SMPTE delivery","Conference Paper","2017","10.5594/M001799","10.5594-M001799","orig-research","Conference Repository/Conference Papers/2017/8281382/8281383","T","10-5594_M001799-ref.xml","false","false","false","0","true","true","16"
"A: named reference file missing from SMPTE delivery","Conference Paper","2017","10.5594/M001800","10.5594-M001800","orig-research","Conference Repository/Conference Papers/2017/8281382/8281383","T","10-5594_M001800-ref.xml","false","false","false","0","true","true","0"
"A: named reference file missing from SMPTE delivery","Conference Paper","2017","10.5594/M001801","10.5594-M001801","orig-research","Conference Repository/Conference Papers/2017/8281382/8281383","T","10-5594_M001801-ref.xml","false","false","false","0","true","true","10"
"A: named reference file missing from SMPTE delivery","Conference Paper","2017","10.5594/M001802","10.5594-M001802","orig-research","Conference Repository/Conference Papers/2017/8281382/8281383","T","10-5594_M001802-ref.xml","false","false","false","0","true","true","14"
"A: named reference file missing from SMPTE delivery","Conference Paper","2017","10.5594/M001803","10.5594-M001803","orig-research","Conference Repository/Conference Papers/2017/8281382/8281383","T","10-5594_M001803-ref.xml","false","false","false","0","true","true","0"
"A: named reference file missing from SMPTE delivery","Conference Paper","2017","10.5594/M001805","10.5594-M001805","orig-research","Conference Repository/Conference Papers/2017/8281382/8281383","T","10-5594_M001805-ref.xml","false","false","false","0","true","false",""
"A: named reference file missing from SMPTE delivery","Conference Paper","2017","10.5594/M001806","10.5594-M001806","orig-research","Conference Repository/Conference Papers/2017/8281382/8281383","T","10-5594_M001806-ref.xml","false","false","false","0","true","false",""
"A: named reference file missing from SMPTE delivery","Conference Paper","2017","10.5594/M001807","10.5594-M001807","orig-research","Conference Repository/Conference Papers/2017/8281382/8281383","T","10-5594_M001807-ref.xml","false","false","false","0","true","true","13"
"A: named reference file missing from SMPTE delivery","Conference Paper","2017","10.5594/M001808","10.5594-M001808","orig-research","Conference Repository/Conference Papers/2017/8281382/8281383","T","10-5594_M001808-ref.xml","false","false","false","0","true","true","17"
"A: named reference file missing from SMPTE delivery","Conference Paper","2018","10.5594/M001809","10.5594-M001809","orig-research","Conference Repository/Conference Papers/2018/8609866/8609867","T","10-5594_M001809-ref.xml","false","false","false","16","true","true","16"
"A: named reference file missing from SMPTE delivery","Conference Paper","2018","10.5594/M001810","10.5594-M001810","orig-research","Conference Repository/Conference Papers/2018/8609866/8609867","T","10-5594_M001810-ref.xml","false","false","false","11","true","true","11"
"A: named reference file missing from SMPTE delivery","Conference Paper","2018","10.5594/M001811","10.5594-M001811","orig-research","Conference Repository/Conference Papers/2018/8609866/8609867","T","10-5594_M001811-ref.xml","false","false","false","0","true","false",""
"A: named reference file missing from SMPTE delivery","Conference Paper","2018","10.5594/M001814","10.5594-M001814","orig-research","Conference Repository/Conference Papers/2018/8609866/8609867","T","10-5594_M001814-ref.xml","false","false","false","9","true","false",""
"A: named reference file missing from SMPTE delivery","Conference Paper","2018","10.5594/M001816","10.5594-M001816","orig-research","Conference Repository/Conference Papers/2018/8609866/8609867","T","10-5594_M001816-ref.xml","false","false","false","9","true","true","9"
"A: named reference file missing from SMPTE delivery","Conference Paper","2018","10.5594/M001817","10.5594-M001817","orig-research","Conference Repository/Conference Papers/2018/8609866/8609867","T","10-5594_M001817-ref.xml","false","false","false","2","true","false",""
"A: named reference file missing from SMPTE delivery","Conference Paper","2018","10.5594/M001818","10.5594-M001818","orig-research","Conference Repository/Conference Papers/2018/8609866/8609867","T","10-5594_M001818-ref.xml","false","false","false","8","true","true","8"
"A: named reference file missing from SMPTE delivery","Conference Paper","2018","10.5594/M001819","10.5594-M001819","orig-research","Conference Repository/Conference Papers/2018/8609866/8609867","T","10-5594_M001819-ref.xml","false","false","false","14","true","true","14"
"A: named reference file missing from SMPTE delivery","Conference Paper","2018","10.5594/M001820","10.5594-M001820","orig-research","Conference Repository/Conference Papers/2018/8609866/8609867","T","10-5594_M001820-ref.xml","false","false","false","6","true","true","0"
"A: named reference file missing from SMPTE delivery","Conference Paper","2018","10.5594/M001821","10.5594-M001821","orig-research","Conference Repository/Conference Papers/2018/8609866/8609867","T","10-5594_M001821-ref.xml","false","false","false","14","true","true","2"
"A: named reference file missing from SMPTE delivery","Conference Paper","2018","10.5594/M001822","10.5594-M001822","orig-research","Conference Repository/Conference Papers/2018/8609866/8609867","T","10-5594_M001822-ref.xml","false","false","false","15","true","true","15"
"A: named reference file missing from SMPTE delivery","Conference Paper","2018","10.5594/M001823","10.5594-M001823","orig-research","Conference Repository/Conference Papers/2018/8609866/8609867","T","10-5594_M001823-ref.xml","false","false","false","6","true","true","6"
"A: named reference file missing from SMPTE delivery","Conference Paper","2018","10.5594/M001824","10.5594-M001824","orig-research","Conference Repository/Conference Papers/2018/8609866/8609867","T","10-5594_M001824-ref.xml","false","false","false","7","true","true","7"
"A: named reference file missing from SMPTE delivery","Conference Paper","2018","10.5594/M001825","10.5594-M001825","orig-research","Conference Repository/Conference Papers/2018/8609866/8609867","T","10-5594_M001825-ref.xml","false","false","false","13","true","true","13"
"A: named reference file missing from SMPTE delivery","Conference Paper","2018","10.5594/M001826","10.5594-M001826","orig-research","Conference Repository/Conference Papers/2018/8609866/8609867","T","10-5594_M001826-ref.xml","false","false","false","17","true","true","0"
"A: named reference file missing from SMPTE delivery","Conference Paper","2018","10.5594/M001827","10.5594-M001827","orig-research","Conference Repository/Conference Papers/2018/8609866/8609867","T","10-5594_M001827-ref.xml","false","false","false","7","true","false",""
"A: named reference file missing from SMPTE delivery","Conference Paper","2018","10.5594/M001828","10.5594-M001828","orig-research","Conference Repository/Conference Papers/2018/8609866/8609867","T","10-5594_M001828-ref.xml","false","false","false","2","true","true","2"
"A: named reference file missing from SMPTE delivery","Conference Paper","2018","10.5594/M001829","10.5594-M001829","orig-research","Conference Repository/Conference Papers/2018/8609866/8609867","T","10-5594_M001829-ref.xml","false","false","false","15","true","true","15"
"A: named reference file missing from SMPTE delivery","Conference Paper","2018","10.5594/M001830","10.5594-M001830","orig-research","Conference Repository/Conference Papers/2018/8609866/8609867","T","10-5594_M001830-ref.xml","false","false","false","27","true","true","27"
"A: named reference file missing from SMPTE delivery","Conference Paper","2018","10.5594/M001831","10.5594-M001831","orig-research","Conference Repository/Conference Papers/2018/8609866/8609867","T","10-5594_M001831-ref.xml","false","false","false","18","true","false",""
"A: named reference file missing from SMPTE delivery","Conference Paper","2018","10.5594/M001832","10.5594-M001832","orig-research","Conference Repository/Conference Papers/2018/8609866/8609867","T","10-5594_M001832-ref.xml","false","false","false","17","true","false",""
"A: named reference file missing from SMPTE delivery","Conference Paper","2018","10.5594/M001833","10.5594-M001833","orig-research","Conference Repository/Conference Papers/2018/8609866/8609867","T","10-5594_M001833-ref.xml","false","false","false","2","true","true","0"
"A: named reference file missing from SMPTE delivery","Conference Paper","2018","10.5594/M001834","10.5594-M001834","orig-research","Conference Repository/Conference Papers/2018/8609866/8609867","T","10-5594_M001834-ref.xml","false","false","false","15","true","true","15"
"A: named reference file missing from SMPTE delivery","Conference Paper","2018","10.5594/M001835","10.5594-M001835","orig-research","Conference Repository/Conference Papers/2018/8609866/8609867","T","10-5594_M001835-ref.xml","false","false","false","16","true","true","0"
"A: named reference file missing from SMPTE delivery","Conference Paper","2018","10.5594/M001836","10.5594-M001836","orig-research","Conference Repository/Conference Papers/2018/8609866/8609867","T","10-5594_M001836-ref.xml","false","false","false","7","true","true","7"
"A: named reference file missing from SMPTE delivery","Conference Paper","2018","10.5594/M001837","10.5594-M001837","orig-research","Conference Repository/Conference Papers/2018/8609866/8609867","T","10-5594_M001837-ref.xml","false","false","false","16","true","true","16"
"A: named reference file missing from SMPTE delivery","Conference Paper","2018","10.5594/M001838","10.5594-M001838","orig-research","Conference Repository/Conference Papers/2018/8609866/8609867","T","10-5594_M001838-ref.xml","false","false","false","9","true","true","9"
"A: named reference file missing from SMPTE delivery","Conference Paper","2018","10.5594/M001839","10.5594-M001839","orig-research","Conference Repository/Conference Papers/2018/8609866/8609867","T","10-5594_M001839-ref.xml","false","false","false","11","true","true","11"
"A: named reference file missing from SMPTE delivery","Conference Paper","2018","10.5594/M001840","10.5594-M001840","orig-research","Conference Repository/Conference Papers/2018/8609866/8609867","T","10-5594_M001840-ref.xml","false","false","false","145","true","true","3"
"A: named reference file missing from SMPTE delivery","Conference Paper","2018","10.5594/M001841","10.5594-M001841","orig-research","Conference Repository/Conference Papers/2018/8609866/8609867","T","10-5594_M001841-ref.xml","false","false","false","6","true","true","0"
"A: named reference file missing from SMPTE delivery","Conference Paper","2018","10.5594/M001842","10.5594-M001842","orig-research","Conference Repository/Conference Papers/2018/8609866/8609867","T","10-5594_M001842-ref.xml","false","false","false","16","true","true","16"
"A: named reference file missing from SMPTE delivery","Conference Paper","2018","10.5594/M001843","10.5594-M001843","orig-research","Conference Repository/Conference Papers/2018/8609866/8609867","T","10-5594_M001843-ref.xml","false","false","false","11","true","true","11"
"A: named reference file missing from SMPTE delivery","Conference Paper","2018","10.5594/M001844","10.5594-M001844","orig-research","Conference Repository/Conference Papers/2018/8609866/8609867","T","10-5594_M001844-ref.xml","false","false","false","11","true","false",""
"A: named reference file missing from SMPTE delivery","Conference Paper","2018","10.5594/M001845","10.5594-M001845","orig-research","Conference Repository/Conference Papers/2018/8609866/8609867","T","10-5594_M001845-ref.xml","false","false","false","16","true","true","16"
"A: named reference file missing from SMPTE delivery","Conference Paper","2018","10.5594/M001846","10.5594-M001846","orig-research","Conference Repository/Conference Papers/2018/8609866/8609867","T","10-5594_M001846-ref.xml","false","false","false","16","true","false",""
"A: named reference file missing from SMPTE delivery","Conference Paper","2018","10.5594/M001847","10.5594-M001847","orig-research","Conference Repository/Conference Papers/2018/8609866/8609867","T","10-5594_M001847-ref.xml","false","false","false","6","true","true","6"
"A: named reference file missing from SMPTE delivery","Conference Paper","2018","10.5594/M001849","10.5594-M001849","orig-research","Conference Repository/Conference Papers/2018/8609866/8609867","T","10-5594_M001849-ref.xml","false","false","false","12","true","true","12"
"A: named reference file missing from SMPTE delivery","Conference Paper","2018","10.5594/M001850","10.5594-M001850","orig-research","Conference Repository/Conference Papers/2018/8609866/8609867","T","10-5594_M001850-ref.xml","false","false","false","2","true","true","0"
"A: named reference file missing from SMPTE delivery","Conference Paper","2018","10.5594/M001851","10.5594-M001851","orig-research","Conference Repository/Conference Papers/2018/8609866/8609867","T","10-5594_M001851-ref.xml","false","false","false","2","true","true","2"
"A: named reference file missing from SMPTE delivery","Conference Paper","2018","10.5594/M001852","10.5594-M001852","orig-research","Conference Repository/Conference Papers/2018/8609866/8609867","T","10-5594_M001852-ref.xml","false","false","false","5","true","true","5"
"A: named reference file missing from SMPTE delivery","Conference Paper","2018","10.5594/M001853","10.5594-M001853","orig-research","Conference Repository/Conference Papers/2018/8609866/8609867","T","10-5594_M001853-ref.xml","false","false","false","16","true","true","0"
"A: named reference file missing from SMPTE delivery","Conference Paper","2018","10.5594/M001854","10.5594-M001854","orig-research","Conference Repository/Conference Papers/2018/8609866/8609867","T","10-5594_M001854-ref.xml","false","false","false","4","true","true","4"
"A: named reference file missing from SMPTE delivery","Conference Paper","2018","10.5594/M001855","10.5594-M001855","orig-research","Conference Repository/Conference Papers/2018/8609866/8609867","T","10-5594_M001855-ref.xml","false","false","false","7","true","true","7"
"A: named reference file missing from SMPTE delivery","Conference Paper","2018","10.5594/M001856","10.5594-M001856","orig-research","Conference Repository/Conference Papers/2018/8609866/8609867","T","10-5594_M001856-ref.xml","false","false","false","13","true","true","13"
"A: named reference file missing from SMPTE delivery","Conference Paper","2018","10.5594/M001857","10.5594-M001857","orig-research","Conference Repository/Conference Papers/2018/8609866/8609867","T","10-5594_M001857-ref.xml","false","false","false","4","true","false",""
"A: named reference file missing from SMPTE delivery","Conference Paper","2018","10.5594/M001858","10.5594-M001858","orig-research","Conference Repository/Conference Papers/2018/8609866/8609867","T","10-5594_M001858-ref.xml","false","false","false","15","true","false",""
"A: named reference file missing from SMPTE delivery","Conference Paper","2019","10.5594/M001863","10.5594-M001863","orig-research","Conference Repository/Conference Papers/2019/8977456/8977457","T","10.5594_M001863-ref.xml","false","false","false","6","true","false",""
"A: named reference file missing from SMPTE delivery","Conference Paper","2019","10.5594/M001864","10.5594-M001864","orig-research","Conference Repository/Conference Papers/2019/8977456/8977457","T","10.5594_M001864-ref.xml","false","false","false","11","true","true","11"
"A: named reference file missing from SMPTE delivery","Conference Paper","2019","10.5594/M001865","10.5594-M001865","orig-research","Conference Repository/Conference Papers/2019/8977456/8977457","T","10.5594_M001865-ref.xml","false","false","false","6","true","true","6"
"A: named reference file missing from SMPTE delivery","Conference Paper","2019","10.5594/M001866","10.5594-M001866","orig-research","Conference Repository/Conference Papers/2019/8977456/8977457","T","10.5594_M001866-ref.xml","false","false","false","15","true","true","0"
"A: named reference file missing from SMPTE delivery","Conference Paper","2019","10.5594/M001867","10.5594-M001867","orig-research","Conference Repository/Conference Papers/2019/8977456/8977457","T","10.5594_M001867-ref.xml","false","false","false","18","true","true","18"
"A: named reference file missing from SMPTE delivery","Conference Paper","2019","10.5594/M001868","10.5594-M001868","orig-research","Conference Repository/Conference Papers/2019/8977456/8977457","T","10.5594_M001868-ref.xml","false","false","false","12","true","true","12"
"A: named reference file missing from SMPTE delivery","Conference Paper","2019","10.5594/M001869","10.5594-M001869","orig-research","Conference Repository/Conference Papers/2019/8977456/8977457","T","10.5594_M001869-ref.xml","false","false","false","4","true","true","0"
"A: named reference file missing from SMPTE delivery","Conference Paper","2019","10.5594/M001870","10.5594-M001870","orig-research","Conference Repository/Conference Papers/2019/8977456/8977457","T","10.5594_M001870-ref.xml","false","false","false","7","true","true","7"
"A: named reference file missing from SMPTE delivery","Conference Paper","2019","10.5594/M001871","10.5594-M001871","orig-research","Conference Repository/Conference Papers/2019/8977456/8977457","T","10.5594_M001871-ref.xml","false","false","false","7","true","true","7"
"A: named reference file missing from SMPTE delivery","Conference Paper","2019","10.5594/M001873","10.5594-M001873","orig-research","Conference Repository/Conference Papers/2019/8977456/8977457","T","10.5594_M001873-ref.xml","false","false","false","4","true","true","4"
"A: named reference file missing from SMPTE delivery","Conference Paper","2019","10.5594/M001874","10.5594-M001874","orig-research","Conference Repository/Conference Papers/2019/8977456/8977457","T","10.5594_M001874-ref.xml","false","false","false","4","true","false",""
"A: named reference file missing from SMPTE delivery","Conference Paper","2019","10.5594/M001875","10.5594-M001875","orig-research","Conference Repository/Conference Papers/2019/8977456/8977457","T","10.5594_M001875-ref.xml","false","false","false","5","true","true","5"
"A: named reference file missing from SMPTE delivery","Conference Paper","2019","10.5594/M001876","10.5594-M001876","orig-research","Conference Repository/Conference Papers/2019/8977456/8977457","T","10.5594_M001876-ref.xml","false","false","false","14","true","true","14"
"A: named reference file missing from SMPTE delivery","Conference Paper","2019","10.5594/M001877","10.5594-M001877","orig-research","Conference Repository/Conference Papers/2019/8977456/8977457","T","10.5594_M001877-ref.xml","false","false","false","18","true","true","18"
"A: named reference file missing from SMPTE delivery","Conference Paper","2019","10.5594/M001878","10.5594-M001878","orig-research","Conference Repository/Conference Papers/2019/8977456/8977457","T","10.5594_M001878-ref.xml","false","false","false","7","true","true","7"
"A: named reference file missing from SMPTE delivery","Conference Paper","2019","10.5594/M001879","10.5594-M001879","orig-research","Conference Repository/Conference Papers/2019/8977456/8977457","T","10.5594_M001879-ref.xml","false","false","false","20","true","true","20"
"A: named reference file missing from SMPTE delivery","Conference Paper","2019","10.5594/M001880","10.5594-M001880","orig-research","Conference Repository/Conference Papers/2019/8977456/8977457","T","10.5594_M001880-ref.xml","false","false","false","5","true","false",""
"A: named reference file missing from SMPTE delivery","Conference Paper","2019","10.5594/M001881","10.5594-M001881","orig-research","Conference Repository/Conference Papers/2019/8977456/8977457","T","10.5594_M001881-ref.xml","false","false","false","21","true","false",""
"A: named reference file missing from SMPTE delivery","Conference Paper","2019","10.5594/M001882","10.5594-M001882","orig-research","Conference Repository/Conference Papers/2019/8977456/8977457","T","10.5594_M001882-ref.xml","false","false","false","32","true","true","32"
"A: named reference file missing from SMPTE delivery","Conference Paper","2019","10.5594/M001883","10.5594-M001883","orig-research","Conference Repository/Conference Papers/2019/8977456/8977457","T","10.5594_M001883-ref.xml","false","false","false","11","true","true","1"
"A: named reference file missing from SMPTE delivery","Conference Paper","2019","10.5594/M001884","10.5594-M001884","orig-research","Conference Repository/Conference Papers/2019/8977456/8977457","T","10.5594_M001884-ref.xml","false","false","false","6","true","true","6"
"A: named reference file missing from SMPTE delivery","Conference Paper","2019","10.5594/M001885","10.5594-M001885","orig-research","Conference Repository/Conference Papers/2019/8977456/8977457","T","10.5594_M001885-ref.xml","false","false","false","26","true","true","26"
"A: named reference file missing from SMPTE delivery","Conference Paper","2020","10.5594/M001902","10.5594-M001902","orig-research","Conference Repository/Conference Papers/2020/9490948/9490949","T","10.5594_M001902-ref.xml","false","false","false","29","true","true","29"
"A: named reference file missing from SMPTE delivery","Conference Paper","2020","10.5594/M001903","10.5594-M001903","orig-research","Conference Repository/Conference Papers/2020/9490948/9490949","T","10.5594_M001903-ref.xml","false","false","false","10","true","true","10"
"A: named reference file missing from SMPTE delivery","Conference Paper","2020","10.5594/M001904","10.5594-M001904","orig-research","Conference Repository/Conference Papers/2020/9490948/9490949","T","10.5594_M001904-ref.xml","false","false","false","4","true","false",""
"A: named reference file missing from SMPTE delivery","Conference Paper","2020","10.5594/M001905","10.5594-M001905","orig-research","Conference Repository/Conference Papers/2020/9490948/9490949","T","10.5594_M001905-ref.xml","false","false","false","4","true","false",""
"A: named reference file missing from SMPTE delivery","Conference Paper","2020","10.5594/M001906","10.5594-M001906","orig-research","Conference Repository/Conference Papers/2020/9490948/9490949","T","10.5594_M001906-ref.xml","false","false","false","10","true","true","10"
"A: named reference file missing from SMPTE delivery","Conference Paper","2020","10.5594/M001908","10.5594-M001908","orig-research","Conference Repository/Conference Papers/2020/9490948/9490949","T","10.5594_M001908-ref.xml","false","false","false","2","true","false",""
"A: named reference file missing from SMPTE delivery","Conference Paper","2020","10.5594/M001909","10.5594-M001909","orig-research","Conference Repository/Conference Papers/2020/9490948/9490949","T","10.5594_M001909-ref.xml","false","false","false","27","true","true","27"
"A: named reference file missing from SMPTE delivery","Conference Paper","2020","10.5594/M001910","10.5594-M001910","orig-research","Conference Repository/Conference Papers/2020/9490948/9490949","T","10.5594_M001910-ref.xml","false","false","false","14","true","true","14"
"A: named reference file missing from SMPTE delivery","Conference Paper","2020","10.5594/M001911","10.5594-M001911","orig-research","Conference Repository/Conference Papers/2020/9490948/9490949","T","10.5594_M001911-ref.xml","false","false","false","22","true","true","22"
"A: named reference file missing from SMPTE delivery","Conference Paper","2020","10.5594/M001912","10.5594-M001912","orig-research","Conference Repository/Conference Papers/2020/9490948/9490949","T","10.5594_M001912-ref.xml","false","false","false","12","true","true","12"
"A: named reference file missing from SMPTE delivery","Conference Paper","2020","10.5594/M001913","10.5594-M001913","orig-research","Conference Repository/Conference Papers/2020/9490948/9490949","T","10.5594_M001913-ref.xml","false","false","false","27","true","true","27"
"A: named reference file missing from SMPTE delivery","Conference Paper","2020","10.5594/M001914","10.5594-M001914","orig-research","Conference Repository/Conference Papers/2020/9490948/9490949","T","10.5594_M001914-ref.xml","false","false","false","9","true","false",""
"A: named reference file missing from SMPTE delivery","Conference Paper","2020","10.5594/M001915","10.5594-M001915","orig-research","Conference Repository/Conference Papers/2020/9490948/9490949","T","10.5594_M001915-ref.xml","false","false","false","26","true","true","26"
"A: named reference file missing from SMPTE delivery","Conference Paper","2020","10.5594/M001916","10.5594-M001916","orig-research","Conference Repository/Conference Papers/2020/9490948/9490949","T","10.5594_M001916-ref.xml","false","false","false","33","true","true","33"
"A: named reference file missing from SMPTE delivery","Conference Paper","2020","10.5594/M001917","10.5594-M001917","orig-research","Conference Repository/Conference Papers/2020/9490948/9490949","T","10.5594_M001917-ref.xml","false","false","false","32","true","true","32"
"A: named reference file missing from SMPTE delivery","Conference Paper","2020","10.5594/M001919","10.5594-M001919","orig-research","Conference Repository/Conference Papers/2020/9490948/9490949","T","10.5594_M001919-ref.xml","false","false","false","12","true","true","12"
"A: named reference file missing from SMPTE delivery","Conference Paper","2020","10.5594/M001920","10.5594-M001920","orig-research","Conference Repository/Conference Papers/2020/9490948/9490949","T","10.5594_M001920-ref.xml","false","false","false","17","true","true","17"
"A: named reference file missing from SMPTE delivery","Conference Paper","2020","10.5594/M001921","10.5594-M001921","orig-research","Conference Repository/Conference Papers/2020/9490948/9490949","T","10.5594_M001921-ref.xml","false","false","false","19","true","true","19"
"A: named reference file missing from SMPTE delivery","Conference Paper","2020","10.5594/M001922","10.5594-M001922","orig-research","Conference Repository/Conference Papers/2020/9490948/9490949","T","10.5594_M001922-ref.xml","false","false","false","19","true","true","19"
"A: named reference file missing from SMPTE delivery","Conference Paper","2020","10.5594/M001923","10.5594-M001923","orig-research","Conference Repository/Conference Papers/2020/9490948/9490949","T","10.5594_M001923-ref.xml","false","false","false","11","true","true","11"
"A: named reference file missing from SMPTE delivery","Conference Paper","2020","10.5594/M001924","10.5594-M001924","orig-research","Conference Repository/Conference Papers/2020/9490948/9490949","T","10.5594_M001924-ref.xml","false","false","false","20","true","true","20"
"A: named reference file missing from SMPTE delivery","Conference Paper","2020","10.5594/M001925","10.5594-M001925","orig-research","Conference Repository/Conference Papers/2020/9490948/9490949","T","10.5594_M001925-ref.xml","false","false","false","29","true","true","29"
"A: named reference file missing from SMPTE delivery","Conference Paper","2020","10.5594/M001926","10.5594-M001926","orig-research","Conference Repository/Conference Papers/2020/9490948/9490949","T","10.5594_M001926-ref.xml","false","false","false","15","true","true","15"
"A: named reference file missing from SMPTE delivery","Conference Paper","2020","10.5594/M001927","10.5594-M001927","orig-research","Conference Repository/Conference Papers/2020/9490948/9490949","T","10.5594_M001927-ref.xml","false","false","false","44","true","true","44"
"A: named reference file missing from SMPTE delivery","Conference Paper","2020","10.5594/M001928","10.5594-M001928","orig-research","Conference Repository/Conference Papers/2020/9490948/9490949","T","10.5594_M001928-ref.xml","false","false","false","27","true","true","27"
"A: named reference file missing from SMPTE delivery","Conference Paper","2020","10.5594/M001929","10.5594-M001929","orig-research","Conference Repository/Conference Papers/2020/9490948/9490949","T","10.5594_M001929-ref.xml","false","false","false","9","true","false",""
"A: named reference file missing from SMPTE delivery","Conference Paper","2021","10.5594/M001931","10.5594-M001931","orig-research","Conference Repository/Conference Papers/2021/9779667/9779668","T","10.5594_M001931-ref.xml","false","false","false","","true","true","1"
"A: named reference file missing from SMPTE delivery","Conference Paper","2021","10.5594/M001932","10.5594-M001932","orig-research","Conference Repository/Conference Papers/2021/9779667/9779668","T","10.5594_M001932-ref.xml","false","false","false","","true","true","30"
"A: named reference file missing from SMPTE delivery","Conference Paper","2021","10.5594/M001933","10.5594-M001933","orig-research","Conference Repository/Conference Papers/2021/9779667/9779668","T","10.5594_M001933-ref.xml","false","false","false","","true","true","12"
"A: named reference file missing from SMPTE delivery","Conference Paper","2021","10.5594/M001934","10.5594-M001934","orig-research","Conference Repository/Conference Papers/2021/9779667/9779668","T","10.5594_M001934-ref.xml","false","false","false","","true","true","0"
"A: named reference file missing from SMPTE delivery","Conference Paper","2021","10.5594/M001936","10.5594-M001936","orig-research","Conference Repository/Conference Papers/2021/9779667/9779668","T","10.5594_M001936-ref.xml","false","false","false","","true","true","6"
"A: named reference file missing from SMPTE delivery","Conference Paper","2021","10.5594/M001938","10.5594-M001938","orig-research","Conference Repository/Conference Papers/2021/9779667/9779668","T","10.5594_M001938-ref.xml","false","false","false","","true","true","19"
"A: named reference file missing from SMPTE delivery","Conference Paper","2021","10.5594/M001939","10.5594-M001939","orig-research","Conference Repository/Conference Papers/2021/9779667/9779668","T","10.5594_M001939-ref.xml","false","false","false","","true","true","14"
"A: named reference file missing from SMPTE delivery","Conference Paper","2021","10.5594/M001940","10.5594-M001940","orig-research","Conference Repository/Conference Papers/2021/9779667/9779668","T","10.5594_M001940-ref.xml","false","false","false","","true","true","4"
"A: named reference file missing from SMPTE delivery","Conference Paper","2021","10.5594/M001941","10.5594-M001941","orig-research","Conference Repository/Conference Papers/2021/9779667/9779668","T","10.5594_M001941-ref.xml","false","false","false","","true","true","12"
"A: named reference file missing from SMPTE delivery","Conference Paper","2021","10.5594/M001942","10.5594-M001942","orig-research","Conference Repository/Conference Papers/2021/9779667/9779668","T","10.5594_M001942-ref.xml","false","false","false","","true","true","6"
"A: named reference file missing from SMPTE delivery","Conference Paper","2021","10.5594/M001943","10.5594-M001943","orig-research","Conference Repository/Conference Papers/2021/9779667/9779668","T","10.5594_M001943-ref.xml","false","false","false","","true","true","52"
"A: named reference file missing from SMPTE delivery","Conference Paper","2021","10.5594/M001944","10.5594-M001944","orig-research","Conference Repository/Conference Papers/2021/9779667/9779668","T","10.5594_M001944-ref.xml","false","false","false","","true","true","8"
"A: named reference file missing from SMPTE delivery","Conference Paper","2021","10.5594/M001945","10.5594-M001945","orig-research","Conference Repository/Conference Papers/2021/9779667/9779668","T","10.5594_M001945-ref.xml","false","false","false","","true","true","0"
"A: named reference file missing from SMPTE delivery","Conference Paper","2021","10.5594/M001946","10.5594-M001946","orig-research","Conference Repository/Conference Papers/2021/9779667/9779668","T","10.5594_M001946-ref.xml","false","false","false","","true","true","9"
"A: named reference file missing from SMPTE delivery","Conference Paper","2021","10.5594/M001947","10.5594-M001947","orig-research","Conference Repository/Conference Papers/2021/9779667/9779668","T","10.5594_M001947-ref.xml","false","false","false","","true","false",""
"A: named reference file missing from SMPTE delivery","Conference Paper","2021","10.5594/M001948","10.5594-M001948","orig-research","Conference Repository/Conference Papers/2021/9779667/9779668","T","10.5594_M001948-ref.xml","false","false","false","","true","true","34"
"A: named reference file missing from SMPTE delivery","Conference Paper","2021","10.5594/M001949","10.5594-M001949","orig-research","Conference Repository/Conference Papers/2021/9779667/9779668","T","10.5594_M001949-ref.xml","false","false","false","","true","true","21"
"A: named reference file missing from SMPTE delivery","Conference Paper","2021","10.5594/M001950","10.5594-M001950","orig-research","Conference Repository/Conference Papers/2021/9779667/9779668","T","10.5594_M001950-ref.xml","false","false","false","","true","true","2"
"A: named reference file missing from SMPTE delivery","Conference Paper","2021","10.5594/M001951","10.5594-M001951","orig-research","Conference Repository/Conference Papers/2021/9779667/9779668","T","10.5594_M001951-ref.xml","false","false","false","","true","true","15"
"A: named reference file missing from SMPTE delivery","Conference Paper","2021","10.5594/M001952","10.5594-M001952","orig-research","Conference Repository/Conference Papers/2021/9779667/9779668","T","10.5594_M001952-ref.xml","false","false","false","","true","true","13"
"A: named reference file missing from SMPTE delivery","Conference Paper","2021","10.5594/M001953","10.5594-M001953","orig-research","Conference Repository/Conference Papers/2021/9779667/9779668","T","10.5594_M001953-ref.xml","false","false","false","","true","true","3"
"A: named reference file missing from SMPTE delivery","Conference Paper","2022","10.5594/M001954","10.5594-M001954","orig-research","Conference Repository/Conference Papers/2022/10012556/10012557","T","10.5594_M001954-ref.xml","false","false","false","0","true","true","7"
"A: named reference file missing from SMPTE delivery","Conference Paper","2022","10.5594/M001955","10.5594-M001955","orig-research","Conference Repository/Conference Papers/2022/10012556/10012557","T","10.5594_M001955-ref.xml","false","false","false","0","true","true","9"
"A: named reference file missing from SMPTE delivery","Conference Paper","2022","10.5594/M001957","10.5594-M001957","orig-research","Conference Repository/Conference Papers/2022/10012556/10012557","T","10.5594_M001957-ref.xml","false","false","false","37","true","true","38"
"A: named reference file missing from SMPTE delivery","Conference Paper","2022","10.5594/M001958","10.5594-M001958","orig-research","Conference Repository/Conference Papers/2022/10012556/10012557","T","10.5594_M001958-ref.xml","false","false","false","33","true","true","0"
"A: named reference file missing from SMPTE delivery","Conference Paper","2022","10.5594/M001959","10.5594-M001959","orig-research","Conference Repository/Conference Papers/2022/10012556/10012557","T","10.5594_M001959-ref.xml","false","false","false","0","true","true","12"
"A: named reference file missing from SMPTE delivery","Conference Paper","2022","10.5594/M001960","10.5594-M001960","orig-research","Conference Repository/Conference Papers/2022/10012556/10012557","T","10.5594_M001960-ref.xml","false","false","false","0","true","true","15"
"A: named reference file missing from SMPTE delivery","Conference Paper","2022","10.5594/M001961","10.5594-M001961","orig-research","Conference Repository/Conference Papers/2022/10012556/10012557","T","10.5594_M001961-ref.xml","false","false","false","0","true","true","12"
"A: named reference file missing from SMPTE delivery","Conference Paper","2022","10.5594/M001962","10.5594-M001962","orig-research","Conference Repository/Conference Papers/2022/10012556/10012557","T","10.5594_M001962-ref.xml","false","false","false","0","true","true","47"
"A: named reference file missing from SMPTE delivery","Conference Paper","2022","10.5594/M001963","10.5594-M001963","orig-research","Conference Repository/Conference Papers/2022/10012556/10012557","T","10.5594_M001963-ref.xml","false","false","false","0","true","true","27"
"A: named reference file missing from SMPTE delivery","Conference Paper","2022","10.5594/M001966","10.5594-M001966","orig-research","Conference Repository/Conference Papers/2022/10012556/10012557","T","10.5594_M001966-ref.xml","false","false","false","0","true","true","43"
"A: named reference file missing from SMPTE delivery","Conference Paper","2022","10.5594/M001967","10.5594-M001967","orig-research","Conference Repository/Conference Papers/2022/10012556/10012557","T","10.5594_M001967-ref.xml","false","false","false","0","true","false",""
"A: named reference file missing from SMPTE delivery","Conference Paper","2022","10.5594/M001969","10.5594-M001969","orig-research","Conference Repository/Conference Papers/2022/10012556/10012557","T","10.5594_M001969-ref.xml","false","false","false","0","true","true","34"
"A: named reference file missing from SMPTE delivery","Conference Paper","2022","10.5594/M001970","10.5594-M001970","orig-research","Conference Repository/Conference Papers/2022/10012556/10012557","T","10.5594_M001970-ref.xml","false","false","false","0","true","true","16"
"A: named reference file missing from SMPTE delivery","Conference Paper","2022","10.5594/M001971","10.5594-M001971","orig-research","Conference Repository/Conference Papers/2022/10012556/10012557","T","10.5594_M001971-ref.xml","false","false","false","13","true","true","14"
"A: named reference file missing from SMPTE delivery","Conference Paper","2022","10.5594/M001972","10.5594-M001972","orig-research","Conference Repository/Conference Papers/2022/10012556/10012557","T","10.5594_M001972-ref.xml","false","false","false","0","true","true","18"
"A: named reference file missing from SMPTE delivery","Conference Paper","2022","10.5594/M001973","10.5594-M001973","orig-research","Conference Repository/Conference Papers/2022/10012556/10012557","T","10.5594_M001973-ref.xml","false","false","false","26","true","true","26"
"A: named reference file missing from SMPTE delivery","Conference Paper","2022","10.5594/M001974","10.5594-M001974","orig-research","Conference Repository/Conference Papers/2022/10012556/10012557","T","10.5594_M001974-ref.xml","false","false","false","0","true","true","15"
"A: named reference file missing from SMPTE delivery","Conference Paper","2022","10.5594/M001976","10.5594-M001976","orig-research","Conference Repository/Conference Papers/2022/10012556/10012557","T","10.5594_M001976-ref.xml","false","false","false","0","true","true","10"
"A: named reference file missing from SMPTE delivery","Conference Paper","2022","10.5594/M001977","10.5594-M001977","orig-research","Conference Repository/Conference Papers/2022/10012556/10012557","T","10.5594_M001977-ref.xml","false","false","false","0","true","true","23"
"A: named reference file missing from SMPTE delivery","Conference Paper","2022","10.5594/M001978","10.5594-M001978","orig-research","Conference Repository/Conference Papers/2022/10012556/10012557","T","10.5594_M001978-ref.xml","false","false","false","0","true","true","0"
"A: named reference file missing from SMPTE delivery","Conference Paper","2022","10.5594/M001979","10.5594-M001979","orig-research","Conference Repository/Conference Papers/2022/10012556/10012557","T","10.5594_M001979-ref.xml","false","false","false","0","true","true","8"
"A: named reference file missing from SMPTE delivery","Conference Paper","2022","10.5594/M001980","10.5594-M001980","orig-research","Conference Repository/Conference Papers/2022/10012556/10012557","T","10.5594_M001980-ref.xml","false","false","false","0","true","true","8"
"A: named reference file missing from SMPTE delivery","Conference Paper","2022","10.5594/M001981","10.5594-M001981","orig-research","Conference Repository/Conference Papers/2022/10012556/10012557","T","10.5594_M001981-ref.xml","false","false","false","0","true","true","0"
"A: named reference file missing from SMPTE delivery","Conference Paper","2022","10.5594/M001982","10.5594-M001982","orig-research","Conference Repository/Conference Papers/2022/10012556/10012557","T","10.5594_M001982-ref.xml","false","false","false","0","true","false",""
"A: named reference file missing from SMPTE delivery","Conference Paper","2022","10.5594/M001983","10.5594-M001983","orig-research","Conference Repository/Conference Papers/2022/10012556/10012557","T","10.5594_M001983-ref.xml","false","false","false","0","true","false",""
"A: named reference file missing from SMPTE delivery","Conference Paper","2022","10.5594/M001984","10.5594-M001984","orig-research","Conference Repository/Conference Papers/2022/10012556/10012557","T","10.5594_M001984-ref.xml","false","false","false","0","true","true","38"
"A: named reference file missing from SMPTE delivery","Conference Paper","2022","10.5594/M001986","10.5594-M001986","orig-research","Conference Repository/Conference Papers/2022/10012556/10012557","T","10.5594_M001986-ref.xml","false","false","false","0","true","false",""
"A: named reference file missing from SMPTE delivery","Conference Paper","2022","10.5594/M001987","10.5594-M001987","orig-research","Conference Repository/Conference Papers/2022/10012556/10012557","T","10.5594_M001987-ref.xml","false","false","false","9","true","true","9"
"A: named reference file missing from SMPTE delivery","Conference Paper","2022","10.5594/M001988","10.5594-M001988","orig-research","Conference Repository/Conference Papers/2022/10012556/10012557","T","10.5594_M001988-ref.xml","false","false","false","0","true","true","30"
"A: named reference file missing from SMPTE delivery","Conference Paper","2022","10.5594/M001989","10.5594-M001989","orig-research","Conference Repository/Conference Papers/2022/10012556/10012557","T","10.5594_M001989-ref.xml","false","false","false","0","true","false",""
"A: named reference file missing from SMPTE delivery","Conference Paper","2022","10.5594/M001990","10.5594-M001990","orig-research","Conference Repository/Conference Papers/2022/10012556/10012557","T","10.5594_M001990-ref.xml","false","false","false","0","true","true","0"
"A: named reference file missing from SMPTE delivery","Conference Paper","2022","10.5594/M001991","10.5594-M001991","orig-research","Conference Repository/Conference Papers/2022/10012556/10012557","T","10.5594_M001991-ref.xml","false","false","false","0","true","true","0"
"A: named reference file missing from SMPTE delivery","Conference Paper","2023","10.5594/M001993","10.5594-M001993","orig-research","Conference Repository/Conference Papers/2023/10372504/10372505","T","10.5594_M001993-ref.xml","false","false","false","0","true","false",""
"A: named reference file missing from SMPTE delivery","Conference Paper","2023","10.5594/M001994","10.5594-M001994","orig-research","Conference Repository/Conference Papers/2023/10372504/10372505","T","10.5594_M001994-ref.xml","false","false","false","0","true","true","27"
"A: named reference file missing from SMPTE delivery","Conference Paper","2023","10.5594/M001995","10.5594-M001995","orig-research","Conference Repository/Conference Papers/2023/10372504/10372505","T","10.5594_M001995-ref.xml","false","false","false","0","true","true","8"
"A: named reference file missing from SMPTE delivery","Conference Paper","2023","10.5594/M001996","10.5594-M001996","orig-research","Conference Repository/Conference Papers/2023/10372504/10372505","T","10.5594_M001996-ref.xml","false","false","false","0","true","false",""
"A: named reference file missing from SMPTE delivery","Conference Paper","2023","10.5594/M001997","10.5594-M001997","orig-research","Conference Repository/Conference Papers/2023/10372504/10372505","T","10.5594_M001997-ref.xml","false","false","false","0","true","true","15"
"A: named reference file missing from SMPTE delivery","Conference Paper","2023","10.5594/M001998","10.5594-M001998","orig-research","Conference Repository/Conference Papers/2023/10372504/10372505","T","10.5594_M001998-ref.xml","false","false","false","0","true","true","16"
"A: named reference file missing from SMPTE delivery","Conference Paper","2023","10.5594/M002000","10.5594-M002000","orig-research","Conference Repository/Conference Papers/2023/10372504/10372505","T","10.5594_M002000-ref.xml","false","false","false","0","true","true","6"
"A: named reference file missing from SMPTE delivery","Conference Paper","2023","10.5594/M002001","10.5594-M002001","orig-research","Conference Repository/Conference Papers/2023/10372504/10372505","T","10.5594_M002001-ref.xml","false","false","false","0","true","true","19"
"A: named reference file missing from SMPTE delivery","Conference Paper","2023","10.5594/M002002","10.5594-M002002","orig-research","Conference Repository/Conference Papers/2023/10372504/10372505","T","10.5594_M002002-ref.xml","false","false","false","0","true","true","15"
"A: named reference file missing from SMPTE delivery","Conference Paper","2023","10.5594/M002003","10.5594-M002003","orig-research","Conference Repository/Conference Papers/2023/10372504/10372505","T","10.5594_M002003-ref.xml","false","false","false","0","true","true","13"
"A: named reference file missing from SMPTE delivery","Conference Paper","2023","10.5594/M002004","10.5594-M002004","orig-research","Conference Repository/Conference Papers/2023/10372504/10372505","T","10.5594_M002004-ref.xml","false","false","false","0","true","false",""
"A: named reference file missing from SMPTE delivery","Conference Paper","2023","10.5594/M002005","10.5594-M002005","orig-research","Conference Repository/Conference Papers/2023/10372504/10372505","T","10.5594_M002005-ref.xml","false","false","false","0","true","false",""
"A: named reference file missing from SMPTE delivery","Conference Paper","2023","10.5594/M002006","10.5594-M002006","orig-research","Conference Repository/Conference Papers/2023/10372504/10372505","T","10.5594_M002006-ref.xml","false","false","false","0","true","false",""
"A: named reference file missing from SMPTE delivery","Conference Paper","2023","10.5594/M002007","10.5594-M002007","orig-research","Conference Repository/Conference Papers/2023/10372504/10372505","T","10.5594_M002007-ref.xml","false","false","false","0","true","true","12"
"A: named reference file missing from SMPTE delivery","Conference Paper","2023","10.5594/M002008","10.5594-M002008","orig-research","Conference Repository/Conference Papers/2023/10372504/10372505","T","10.5594_M002008-ref.xml","false","false","false","0","true","true","24"
"A: named reference file missing from SMPTE delivery","Conference Paper","2023","10.5594/M002009","10.5594-M002009","orig-research","Conference Repository/Conference Papers/2023/10372504/10372505","T","10.5594_M002009-ref.xml","false","false","false","0","true","false",""
"A: named reference file missing from SMPTE delivery","Conference Paper","2023","10.5594/M002010","10.5594-M002010","orig-research","Conference Repository/Conference Papers/2023/10372504/10372505","T","10.5594_M002010-ref.xml","false","false","false","0","true","true","25"
"A: named reference file missing from SMPTE delivery","Conference Paper","2023","10.5594/M002011","10.5594-M002011","orig-research","Conference Repository/Conference Papers/2023/10372504/10372505","T","10.5594_M002011-ref.xml","false","false","false","0","true","true","16"
"A: named reference file missing from SMPTE delivery","Conference Paper","2023","10.5594/M002012","10.5594-M002012","orig-research","Conference Repository/Conference Papers/2023/10372504/10372505","T","10.5594_M002012-ref.xml","false","false","false","0","true","false",""
"A: named reference file missing from SMPTE delivery","Conference Paper","2023","10.5594/M002013","10.5594-M002013","orig-research","Conference Repository/Conference Papers/2023/10372504/10372505","T","10.5594_M002013-ref.xml","false","false","false","0","true","true","40"
"A: named reference file missing from SMPTE delivery","Conference Paper","2023","10.5594/M002014","10.5594-M002014","orig-research","Conference Repository/Conference Papers/2023/10372504/10372505","T","10.5594_M002014-ref.xml","false","false","false","0","true","true","12"
"A: named reference file missing from SMPTE delivery","Conference Paper","2023","10.5594/M002015","10.5594-M002015","orig-research","Conference Repository/Conference Papers/2023/10372504/10372505","T","10.5594_M002015-ref.xml","false","false","false","0","true","true","32"
"A: named reference file missing from SMPTE delivery","Conference Paper","2023","10.5594/M002016","10.5594-M002016","orig-research","Conference Repository/Conference Papers/2023/10372504/10372505","T","10.5594_M002016-ref.xml","false","false","false","0","true","true","16"
"A: named reference file missing from SMPTE delivery","Conference Paper","2023","10.5594/M002017","10.5594-M002017","orig-research","Conference Repository/Conference Papers/2023/10372504/10372505","T","10.5594_M002017-ref.xml","false","false","false","0","true","true","16"
"A: named reference file missing from SMPTE delivery","Conference Paper","2023","10.5594/M002018","10.5594-M002018","orig-research","Conference Repository/Conference Papers/2023/10372504/10372505","T","10.5594_M002018-ref.xml","false","false","false","0","true","true","32"
"A: named reference file missing from SMPTE delivery","Conference Paper","2023","10.5594/M002019","10.5594-M002019","orig-research","Conference Repository/Conference Papers/2023/10372504/10372505","T","10.5594_M002019-ref.xml","false","false","false","0","true","true","12"
"A: named reference file missing from SMPTE delivery","Conference Paper","2023","10.5594/M002020","10.5594-M002020","orig-research","Conference Repository/Conference Papers/2023/10372504/10372505","T","10.5594_M002020-ref.xml","false","false","false","0","true","false",""
"A: named reference file missing from SMPTE delivery","Conference Paper","2023","10.5594/M002021","10.5594-M002021","orig-research","Conference Repository/Conference Papers/2023/10372504/10372505","T","10.5594_M002021-ref.xml","false","false","false","0","true","true","28"
"A: named reference file missing from SMPTE delivery","Conference Paper","2023","10.5594/M002022","10.5594-M002022","orig-research","Conference Repository/Conference Papers/2023/10372504/10372505","T","10.5594_M002022-ref.xml","false","false","false","0","true","true","0"
"A: named reference file missing from SMPTE delivery","Conference Paper","2023","10.5594/M002023","10.5594-M002023","orig-research","Conference Repository/Conference Papers/2023/10372504/10372505","T","10.5594_M002023-ref.xml","false","false","false","0","true","true","10"
"A: named reference file missing from SMPTE delivery","Conference Paper","2023","10.5594/M002024","10.5594-M002024","orig-research","Conference Repository/Conference Papers/2023/10372504/10372505","T","10.5594_M002024-ref.xml","false","false","false","0","true","true","7"
"A: named reference file missing from SMPTE delivery","Conference Paper","2023","10.5594/M002025","10.5594-M002025","orig-research","Conference Repository/Conference Papers/2023/10372504/10372505","T","10.5594_M002025-ref.xml","false","false","false","0","true","true","10"
"A: named reference file missing from SMPTE delivery","Conference Paper","2023","10.5594/M002026","10.5594-M002026","orig-research","Conference Repository/Conference Papers/2023/10372504/10372505","T","10.5594_M002026-ref.xml","false","false","false","0","true","true","91"
"A: named reference file missing from SMPTE delivery","Conference Paper","2023","10.5594/M002027","10.5594-M002027","orig-research","Conference Repository/Conference Papers/2023/10372504/10372505","T","10.5594_M002027-ref.xml","false","false","false","0","true","true","35"
"A: named reference file missing from SMPTE delivery","Conference Paper","2023","10.5594/M002028","10.5594-M002028","orig-research","Conference Repository/Conference Papers/2023/10372504/10372505","T","10.5594_M002028-ref.xml","false","false","false","0","true","true","11"
"A: named reference file missing from SMPTE delivery","Conference Paper","2023","10.5594/M002029","10.5594-M002029","orig-research","Conference Repository/Conference Papers/2023/10372504/10372505","T","10.5594_M002029-ref.xml","false","false","false","0","true","true","16"
"A: named reference file missing from SMPTE delivery","Conference Paper","2023","10.5594/M002030","10.5594-M002030","orig-research","Conference Repository/Conference Papers/2023/10372504/10372505","T","10.5594_M002030-ref.xml","false","false","false","0","true","true","44"
"A: named reference file missing from SMPTE delivery","Conference Paper","2023","10.5594/M002031","10.5594-M002031","orig-research","Conference Repository/Conference Papers/2023/10372504/10372505","T","10.5594_M002031-ref.xml","false","false","false","0","true","true","9"
"A: named reference file missing from SMPTE delivery","Conference Paper","2023","10.5594/M002032","10.5594-M002032","orig-research","Conference Repository/Conference Papers/2023/10372504/10372505","T","10.5594_M002032-ref.xml","false","false","false","0","true","true","15"
"A: named reference file missing from SMPTE delivery","Journal Article","2015","10.5594/j18528","10.5594-j18528","orig-research","Journal Article Repository/2015/7261654/7306340","T","mijr-124-03-19-ref.xml","false","false","true","23","true","true","23"
"A: named reference file missing from SMPTE delivery","Journal Article","2015","10.5594/j18529","10.5594-j18529","orig-research","Journal Article Repository/2015/7261654/7306340","T","mijr-124-03-28-ref.xml","false","false","true","20","true","true","20"
"A: named reference file missing from SMPTE delivery","Journal Article","2015","10.5594/j18530","10.5594-j18530","orig-research","Journal Article Repository/2015/7261654/7306340","T","mijr-124-03-37-ref.xml","false","false","true","11","true","true","11"
"A: named reference file missing from SMPTE delivery","Journal Article","2015","10.5594/j18531","10.5594-j18531","orig-research","Journal Article Repository/2015/7261654/7306340","T","mijr-124-03-50-ref.xml","false","false","true","5","true","true","5"
"A: named reference file missing from SMPTE delivery","Journal Article","2015","10.5594/j18532","10.5594-j18532","orig-research","Journal Article Repository/2015/7261654/7306340","T","mijr-124-03-59-ref.xml","false","false","true","12","true","true","12"
"A: named reference file missing from SMPTE delivery","Journal Article","2015","10.5594/j18533","10.5594-j18533","orig-research","Journal Article Repository/2015/7261654/7306340","T","mijr-124-03-66-Online_Borg-ref.xml","false","false","true","16","true","true","16"
"A: named reference file missing from SMPTE delivery","Journal Article","2015","10.5594/j18534","10.5594-j18534","orig-research","Journal Article Repository/2015/7261654/7306340","T","mijr-124-03-66-Online_Weber-ref.xml","false","false","true","8","true","true","8"
"A: named reference file missing from SMPTE delivery","Journal Article","2015","10.5594/j18546","10.5594-j18546","orig-research","Journal Article Repository/2015/7261654/7306417","T","mijr-124-04-19-ref.xml","false","false","true","8","true","true","9"
"A: named reference file missing from SMPTE delivery","Journal Article","2015","10.5594/j18547","10.5594-j18547","orig-research","Journal Article Repository/2015/7261654/7306417","T","mijr-124-04-26-ref.xml","false","false","true","9","true","true","9"
"A: named reference file missing from SMPTE delivery","Journal Article","2015","10.5594/j18548","10.5594-j18548","orig-research","Journal Article Repository/2015/7261654/7306417","T","mijr-124-04-42-ref.xml","false","false","true","13","true","true","13"
"A: named reference file missing from SMPTE delivery","Journal Article","2015","10.5594/j18549","10.5594-j18549","orig-research","Journal Article Repository/2015/7261654/7306417","T","mijr-124-04-49-ref.xml","false","false","true","3","true","true","3"
"A: named reference file missing from SMPTE delivery","Journal Article","2015","10.5594/j18550","10.5594-j18550","orig-research","Journal Article Repository/2015/7261654/7306417","T","mijr-124-04-56-ref.xml","false","false","true","7","true","true","7"
"A: named reference file missing from SMPTE delivery","Journal Article","2015","10.5594/j18551","10.5594-j18551","orig-research","Journal Article Repository/2015/7261654/7306417","T","mijr-124-04-Hanhart-ref.xml","false","false","true","6","true","false",""
"A: named reference file missing from SMPTE delivery","Journal Article","2015","10.5594/j18552","10.5594-j18552","orig-research","Journal Article Repository/2015/7261654/7306417","T","mijr-124-04-Reinhard-ref.xml","false","false","true","18","true","true","18"
"A: named reference file missing from SMPTE delivery","Journal Article","2015","10.5594/j18572","10.5594-j18572","orig-research","Journal Article Repository/2015/7261654/7306443","T","mijr-124-05-25-ref.xml","false","false","true","7","true","true","7"
"A: named reference file missing from SMPTE delivery","Journal Article","2015","10.5594/j18573","10.5594-j18573","orig-research","Journal Article Repository/2015/7261654/7306443","T","mijr-124-05-31-ref.xml","false","false","true","21","true","true","21"
"A: named reference file missing from SMPTE delivery","Journal Article","2015","10.5594/j18574","10.5594-j18574","orig-research","Journal Article Repository/2015/7261654/7306443","T","mijr-124-05-40-ref.xml","false","false","true","2","true","false",""
"A: named reference file missing from SMPTE delivery","Journal Article","2015","10.5594/j18575","10.5594-j18575","orig-research","Journal Article Repository/2015/7261654/7306443","T","mijr-124-05-43-ref.xml","false","false","true","4","true","true","4"
"A: named reference file missing from SMPTE delivery","Journal Article","2015","10.5594/j18576","10.5594-j18576","orig-research","Journal Article Repository/2015/7261654/7306443","T","mijr-124-05-48-ref.xml","false","false","true","14","true","false",""
"A: named reference file missing from SMPTE delivery","Journal Article","2015","10.5594/j18577","10.5594-j18577","orig-research","Journal Article Repository/2015/7261654/7306443","T","mijr-124-05-56-ref.xml","false","false","true","7","true","true","7"
"A: named reference file missing from SMPTE delivery","Journal Article","2015","10.5594/j18578","10.5594-j18578","orig-research","Journal Article Repository/2015/7261654/7306443","T","mijr-124-05-63-Online_Riedmille-ref.xml","false","false","true","31","true","true","31"
"A: named reference file missing from SMPTE delivery","Journal Article","2015","10.5594/j18579","10.5594-j18579","orig-research","Journal Article Repository/2015/7261654/7306443","T","mijr-124-05-63-Online_Bleidt-ref.xml","false","false","true","17","true","true","17"
"A: named reference file missing from SMPTE delivery","Journal Article","2015","10.5594/j18591","10.5594-j18591","orig-research","Journal Article Repository/2015/7261654/7306442","T","mijr-124-06-37-ref.xml","false","false","true","2","true","true","2"
"A: named reference file missing from SMPTE delivery","Journal Article","2015","10.5594/j18592","10.5594-j18592","info-society","Journal Article Repository/2015/7261654/7306442","T","mijr-124-06-42-ref.xml","false","false","true","3","true","true","3"
"A: named reference file missing from SMPTE delivery","Journal Article","2015","10.5594/j18593","10.5594-j18593","orig-research","Journal Article Repository/2015/7261654/7306442","T","mijr-124-06-46-ref.xml","false","false","true","17","true","true","17"
"A: named reference file missing from SMPTE delivery","Journal Article","2015","10.5594/j18594","10.5594-j18594","orig-research","Journal Article Repository/2015/7261654/7306442","T","mijr-124-06-51-ref.xml","false","false","true","12","true","true","12"
"A: named reference file missing from SMPTE delivery","Journal Article","2015","10.5594/j18596","10.5594-j18596","orig-research","Journal Article Repository/2015/7261654/7306442","T","mijr-124-06-63-ref.xml","false","false","true","7","true","true","7"
"A: named reference file missing from SMPTE delivery","Journal Article","2015","10.5594/j18597","10.5594-j18597","orig-research","Journal Article Repository/2015/7261654/7306442","T","mijr-124-06-65-ref.xml","false","false","true","30","true","true","30"
"A: named reference file missing from SMPTE delivery","Journal Article","2015","10.5594/j18598","10.5594-j18598","orig-research","Journal Article Repository/2015/7261654/7306442","T","mijr-124-06-69-ref.xml","false","false","true","25","true","true","25"
"A: named reference file missing from SMPTE delivery","Journal Article","2015","10.5594/j18599","10.5594-j18599","orig-research","Journal Article Repository/2015/7261654/7306442","T","mijr-124-06-78-ref.xml","false","false","true","21","true","true","21"
"A: named reference file missing from SMPTE delivery","Journal Article","2015","10.5594/j18600","10.5594-j18600","orig-research","Journal Article Repository/2015/7261654/7306442","T","mijr-124-06-86-ref.xml","false","false","true","14","true","true","14"
"A: named reference file missing from SMPTE delivery","Journal Article","2015","10.5594/j18612","10.5594-j18612","orig-research","Journal Article Repository/2015/7261654/7306389","T","mijr-124-07-31-ref.xml","false","false","true","9","true","true","9"
"A: named reference file missing from SMPTE delivery","Journal Article","2015","10.5594/j18613","10.5594-j18613","orig-research","Journal Article Repository/2015/7261654/7306389","T","mijr-124-07-43-ref.xml","false","false","true","16","true","true","17"
"A: named reference file missing from SMPTE delivery","Journal Article","2015","10.5594/j18614","10.5594-j18614","orig-research","Journal Article Repository/2015/7261654/7306389","T","mijr-124-07-51-ref.xml","false","false","true","8","true","true","8"
"A: named reference file missing from SMPTE delivery","Journal Article","2015","10.5594/j18615","10.5594-j18615","orig-research","Journal Article Repository/2015/7261654/7306389","T","mijr-124-07-57-ref.xml","false","false","true","18","true","true","17"
"A: named reference file missing from SMPTE delivery","Journal Article","2015","10.5594/j18616","10.5594-j18616","orig-research","Journal Article Repository/2015/7261654/7306389","T","mijr-124-07-62-ref.xml","false","false","true","23","true","true","23"
"A: named reference file missing from SMPTE delivery","Journal Article","2015","10.5594/j18617","10.5594-j18617","orig-research","Journal Article Repository/2015/7261654/7306389","T","mijr-124-07-Online_Hobson_v2-ref.xml","false","false","true","5","true","true","5"
"A: named reference file missing from SMPTE delivery","Journal Article","2015","10.5594/j18618","10.5594-j18618","orig-research","Journal Article Repository/2015/7261654/7306389","T","mijr-124-07-Online_Anaya_v2-ref.xml","false","false","true","42","true","true","42"
"A: named reference file missing from SMPTE delivery","Journal Article","2015","10.5594/j18634","10.5594-j18634","orig-research","Journal Article Repository/2015/7261654/7340431","T","mijr-124-08-19-ref.xml","false","false","true","3","true","true","3"
"A: named reference file missing from SMPTE delivery","Journal Article","2015","10.5594/j18635","10.5594-j18635","orig-research","Journal Article Repository/2015/7261654/7340431","T","mijr-124-08-25-ref.xml","false","false","true","16","true","true","16"
"A: named reference file missing from SMPTE delivery","Journal Article","2015","10.5594/j18636","10.5594-j18636","orig-research","Journal Article Repository/2015/7261654/7340431","T","mijr-124-08-33-ref.xml","false","false","true","1","true","true","1"
"A: named reference file missing from SMPTE delivery","Journal Article","2015","10.5594/j18639","10.5594-j18639","orig-research","Journal Article Repository/2015/7261654/7340431","T","mijr-124-08-39-ref.xml","false","false","true","11","true","true","11"
"A: named reference file missing from SMPTE delivery","Journal Article","2015","10.5594/j18640","10.5594-j18640","orig-research","Journal Article Repository/2015/7261654/7340431","T","mijr-124-08-47-ref.xml","false","false","true","12","true","true","12"
"A: named reference file missing from SMPTE delivery","Journal Article","2016","10.5594/j18659","10.5594-j18659","orig-research","Journal Article Repository/2016/7261654/7399457","T","mijr-125-01-14-ref.xml","false","false","false","15","true","true","15"
"A: named reference file missing from SMPTE delivery","Journal Article","2016","10.5594/j18660","10.5594-j18660","orig-research","Journal Article Repository/2016/7261654/7399457","T","mijr-125-01-22-ref.xml","false","false","false","24","true","true","24"
"A: named reference file missing from SMPTE delivery","Journal Article","2016","10.5594/j18661","10.5594-j18661","orig-research","Journal Article Repository/2016/7261654/7399457","T","mijr-125-01-29-ref.xml","false","false","false","4","true","true","4"
"A: named reference file missing from SMPTE delivery","Journal Article","2016","10.5594/j18662","10.5594-j18662","orig-research","Journal Article Repository/2016/7261654/7399457","T","mijr-125-01-34-ref.xml","false","false","false","6","true","true","6"
"A: named reference file missing from SMPTE delivery","Journal Article","2016","10.5594/j18663","10.5594-j18663","orig-research","Journal Article Repository/2016/7261654/7399457","T","mijr-125-01-42-ref.xml","false","false","false","7","true","true","7"
"A: named reference file missing from SMPTE delivery","Journal Article","2016","10.5594/j18664","10.5594-j18664","orig-research","Journal Article Repository/2016/7261654/7399457","T","mijr-125-01-48-ref.xml","false","false","false","8","true","true","5"
"A: named reference file missing from SMPTE delivery","Journal Article","2016","10.5594/j18665","10.5594-j18665","orig-research","Journal Article Repository/2016/7261654/7399457","T","mijr-125-01-Online_Shibata-ref.xml","false","false","false","13","true","true","13"
"A: named reference file missing from SMPTE delivery","Journal Article","2016","10.5594/j18666","10.5594-j18666","orig-research","Journal Article Repository/2016/7261654/7399457","T","mijr-125-01-Online_Sparenburg-ref.xml","false","false","false","8","true","true","8"
"A: named reference file missing from SMPTE delivery","Journal Article","2016","10.5594/j18685","10.5594-j18685","orig-research","Journal Article Repository/2016/7261654/7436716","T","mijr-125-02-16-ref.xml","false","false","false","19","true","true","19"
"A: named reference file missing from SMPTE delivery","Journal Article","2016","10.5594/j18686","10.5594-j18686","orig-research","Journal Article Repository/2016/7261654/7436716","T","mijr-125-02-24-ref.xml","false","false","false","24","true","true","24"
"A: named reference file missing from SMPTE delivery","Journal Article","2016","10.5594/j18687","10.5594-j18687","orig-research","Journal Article Repository/2016/7261654/7436716","T","mijr-125-02-30-ref.xml","false","false","false","6","true","true","6"
"A: named reference file missing from SMPTE delivery","Journal Article","2016","10.5594/j18688","10.5594-j18688","orig-research","Journal Article Repository/2016/7261654/7436716","T","mijr-125-02-45-ref.xml","false","false","false","21","true","true","21"
"A: named reference file missing from SMPTE delivery","Journal Article","2016","10.5594/j18689","10.5594-j18689","orig-research","Journal Article Repository/2016/7261654/7436716","T","mijr-125-02-50-ref.xml","false","false","false","27","true","true","27"
"A: named reference file missing from SMPTE delivery","Journal Article","2016","10.5594/j18690","10.5594-j18690","orig-research","Journal Article Repository/2016/7261654/7436716","T","mijr-125-02-Online_Hudson-ref.xml","false","false","false","31","true","true","31"
"A: named reference file missing from SMPTE delivery","Journal Article","2016","10.5594/j18691","10.5594-j18691","orig-research","Journal Article Repository/2016/7261654/7436716","T","mijr-125-02-Online_Levy-ref.xml","false","false","false","16","true","true","16"
"B: record lists no reference file, but references exist","Journal Article","2016","10.5594/JMI.2016.2527401","10.5594-JMI.2016.2527401","orig-research","Journal Article Repository/2016/7261654/7454893","F","","false","false","false","10","true","true","10"
"B: record lists no reference file, but references exist","Journal Article","2016","10.5594/JMI.2016.2527438","10.5594-JMI.2016.2527438","orig-research","Journal Article Repository/2016/7261654/7454893","F","","false","false","false","11","true","true","11"
"B: record lists no reference file, but references exist","Journal Article","2016","10.5594/JMI.2016.2531998","10.5594-JMI.2016.2531998","orig-research","Journal Article Repository/2016/7261654/7454893","F","","false","false","false","18","true","true","18"
"B: record lists no reference file, but references exist","Journal Article","2016","10.5594/JMI.2016.2532038","10.5594-JMI.2016.2532038","orig-research","Journal Article Repository/2016/7261654/7454893","F","","false","false","false","7","true","true","7"
"B: record lists no reference file, but references exist","Journal Article","2016","10.5594/JMI.2016.2532040","10.5594-JMI.2016.2532040","orig-research","Journal Article Repository/2016/7261654/7454893","F","","false","false","false","4","true","true","4"
"B: record lists no reference file, but references exist","Journal Article","2016","10.5594/JMI.2016.2532058","10.5594-JMI.2016.2532058","orig-research","Journal Article Repository/2016/7261654/7454893","F","","false","false","false","3","true","true","3"
"B: record lists no reference file, but references exist","Journal Article","2016","10.5594/JMI.2016.2534318","10.5594-JMI.2016.2534318","orig-research","Journal Article Repository/2016/7261654/7454893","F","","false","false","false","16","true","true","16"
"B: record lists no reference file, but references exist","Journal Article","2016","10.5594/JMI.2016.2547785","10.5594-JMI.2016.2547785","orig-research","Journal Article Repository/2016/7261654/7479590","F","","false","false","false","8","true","true","8"
"B: record lists no reference file, but references exist","Journal Article","2016","10.5594/JMI.2016.2547789","10.5594-JMI.2016.2547789","orig-research","Journal Article Repository/2016/7261654/7479590","F","","false","false","false","2","true","true","2"
"B: record lists no reference file, but references exist","Journal Article","2016","10.5594/JMI.2016.2547796","10.5594-JMI.2016.2547796","orig-research","Journal Article Repository/2016/7261654/7479590","F","","false","false","false","53","true","true","53"
"B: record lists no reference file, but references exist","Journal Article","2016","10.5594/JMI.2016.2548338","10.5594-JMI.2016.2548338","orig-research","Journal Article Repository/2016/7261654/7479590","F","","false","false","false","4","true","true","4"
"B: record lists no reference file, but references exist","Journal Article","2016","10.5594/JMI.2016.2548838","10.5594-JMI.2016.2548838","orig-research","Journal Article Repository/2016/7261654/7479590","F","","false","false","false","8","true","true","8"
"B: record lists no reference file, but references exist","Journal Article","2016","10.5594/JMI.2016.2548858","10.5594-JMI.2016.2548858","orig-research","Journal Article Repository/2016/7261654/7479590","F","","false","false","false","11","true","true","11"
"B: record lists no reference file, but references exist","Journal Article","2016","10.5594/JMI.2016.2552938","10.5594-JMI.2016.2552938","orig-research","Journal Article Repository/2016/7261654/7479590","F","","false","false","false","19","true","true","19"
"B: record lists no reference file, but references exist","Journal Article","2016","10.5594/JMI.2016.2563058","10.5594-JMI.2016.2563058","orig-research","Journal Article Repository/2016/7261654/7514283","F","","false","false","false","6","true","true","6"
"B: record lists no reference file, but references exist","Journal Article","2016","10.5594/JMI.2016.2563078","10.5594-JMI.2016.2563078","orig-research","Journal Article Repository/2016/7261654/7514283","F","","false","false","false","25","true","true","25"
"B: record lists no reference file, but references exist","Journal Article","2016","10.5594/JMI.2016.2569898","10.5594-JMI.2016.2569898","orig-research","Journal Article Repository/2016/7261654/7514283","F","","false","false","false","8","true","true","8"
"B: record lists no reference file, but references exist","Journal Article","2016","10.5594/JMI.2016.2569918","10.5594-JMI.2016.2569918","orig-research","Journal Article Repository/2016/7261654/7514283","F","","false","false","false","13","true","true","13"
"B: record lists no reference file, but references exist","Journal Article","2016","10.5594/JMI.2016.2569920","10.5594-JMI.2016.2569920","orig-research","Journal Article Repository/2016/7261654/7514283","F","","false","false","false","22","true","true","22"
"B: record lists no reference file, but references exist","Journal Article","2016","10.5594/JMI.2016.2575619","10.5594-JMI.2016.2575619","orig-research","Journal Article Repository/2016/7261654/7514283","F","","false","false","false","8","true","true","8"
"B: record lists no reference file, but references exist","Journal Article","2016","10.5594/JMI.2016.2579138","10.5594-JMI.2016.2579138","orig-research","Journal Article Repository/2016/7261654/7571196","F","","false","false","false","70","true","true","70"
"B: record lists no reference file, but references exist","Journal Article","2016","10.5594/JMI.2016.2581059","10.5594-JMI.2016.2581059","orig-research","Journal Article Repository/2016/7261654/7571196","F","","false","false","false","10","true","true","10"
"B: record lists no reference file, but references exist","Journal Article","2016","10.5594/JMI.2016.2581718","10.5594-JMI.2016.2581718","orig-research","Journal Article Repository/2016/7261654/7571196","F","","false","false","false","37","true","true","37"
"B: record lists no reference file, but references exist","Journal Article","2016","10.5594/JMI.2016.2583299","10.5594-JMI.2016.2583299","orig-research","Journal Article Repository/2016/7261654/7571196","F","","false","false","false","19","true","true","19"
"B: record lists no reference file, but references exist","Journal Article","2016","10.5594/JMI.2016.2587107","10.5594-JMI.2016.2587107","orig-research","Journal Article Repository/2016/7261654/7571196","F","","false","false","false","11","true","true","11"
"B: record lists no reference file, but references exist","Journal Article","2016","10.5594/JMI.2016.2589058","10.5594-JMI.2016.2589058","orig-research","Journal Article Repository/2016/7261654/7723944","F","","false","false","false","8","true","true","8"
"B: record lists no reference file, but references exist","Journal Article","2016","10.5594/JMI.2016.2589098","10.5594-JMI.2016.2589098","orig-research","Journal Article Repository/2016/7261654/7723944","F","","false","false","false","9","true","true","9"
"B: record lists no reference file, but references exist","Journal Article","2016","10.5594/JMI.2016.2589162","10.5594-JMI.2016.2589162","orig-research","Journal Article Repository/2016/7261654/7571196","F","","false","false","false","14","true","true","14"
"B: record lists no reference file, but references exist","Journal Article","2016","10.5594/JMI.2016.2602105","10.5594-JMI.2016.2602105","orig-research","Journal Article Repository/2016/7261654/7723944","F","","false","false","false","16","true","true","16"
"B: record lists no reference file, but references exist","Journal Article","2016","10.5594/JMI.2016.2602118","10.5594-JMI.2016.2602118","orig-research","Journal Article Repository/2016/7261654/7736163","F","","false","false","false","28","true","true","28"
"B: record lists no reference file, but references exist","Journal Article","2016","10.5594/JMI.2016.2602120","10.5594-JMI.2016.2602120","orig-research","Journal Article Repository/2016/7261654/7736163","F","","false","false","false","2","true","true","2"
"B: record lists no reference file, but references exist","Journal Article","2016","10.5594/JMI.2016.2602121","10.5594-JMI.2016.2602121","orig-research","Journal Article Repository/2016/7261654/7736163","F","","false","false","false","13","true","true","13"
"B: record lists no reference file, but references exist","Journal Article","2016","10.5594/JMI.2016.2614919","10.5594-JMI.2016.2614919","orig-research","Journal Article Repository/2016/7261654/7802653","F","","false","false","false","31","true","true","31"
"B: record lists no reference file, but references exist","Journal Article","2016","10.5594/JMI.2016.2615430","10.5594-JMI.2016.2615430","orig-research","Journal Article Repository/2016/7261654/7802653","F","","false","false","false","8","true","true","8"
"B: record lists no reference file, but references exist","Journal Article","2016","10.5594/JMI.2016.2619304","10.5594-JMI.2016.2619304","orig-research","Journal Article Repository/2016/7261654/7802653","F","","false","false","false","4","true","true","4"
"B: record lists no reference file, but references exist","Journal Article","2016","10.5594/JMI.2016.2619439","10.5594-JMI.2016.2619439","orig-research","Journal Article Repository/2016/7261654/7802653","F","","false","false","false","5","true","true","5"
"B: record lists no reference file, but references exist","Journal Article","2016","10.5594/JMI.2016.2619459","10.5594-JMI.2016.2619459","orig-research","Journal Article Repository/2016/7261654/7802653","F","","false","false","false","7","true","true","7"
"B: record lists no reference file, but references exist","Journal Article","2016","10.5594/JMI.2016.2619460","10.5594-JMI.2016.2619460","orig-research","Journal Article Repository/2016/7261654/7802653","F","","false","false","false","30","true","true","30"
"B: record lists no reference file, but references exist","Journal Article","2016","10.5594/JMI.2016.2623398","10.5594-JMI.2016.2623398","orig-research","Journal Article Repository/2016/7261654/7802653","F","","false","false","false","22","true","true","22"
"B: record lists no reference file, but references exist","Journal Article","2017","10.5594/JMI.2016.2632278","10.5594-JMI.2016.2632278","orig-research","Journal Article Repository/2017/7261654/7847455","F","","false","false","false","6","true","true","6"
"B: record lists no reference file, but references exist","Journal Article","2017","10.5594/JMI.2016.2632279","10.5594-JMI.2016.2632279","orig-research","Journal Article Repository/2017/7261654/7847455","F","","false","false","false","13","true","true","13"
"B: record lists no reference file, but references exist","Journal Article","2017","10.5594/JMI.2016.2632338","10.5594-JMI.2016.2632338","orig-research","Journal Article Repository/2017/7261654/7847455","F","","false","false","false","7","true","true","7"
"B: record lists no reference file, but references exist","Journal Article","2017","10.5594/JMI.2016.2632358","10.5594-JMI.2016.2632358","orig-research","Journal Article Repository/2017/7261654/7847455","F","","false","false","false","22","true","true","22"
"B: record lists no reference file, but references exist","Journal Article","2017","10.5594/JMI.2016.2632398","10.5594-JMI.2016.2632398","orig-research","Journal Article Repository/2017/7261654/7847455","F","","false","false","false","12","true","true","12"
"B: record lists no reference file, but references exist","Journal Article","2017","10.5594/JMI.2016.2640058","10.5594-JMI.2016.2640058","orig-research","Journal Article Repository/2017/7261654/7847455","F","","false","false","false","5","true","true","5"
"B: record lists no reference file, but references exist","Journal Article","2017","10.5594/JMI.2016.2643800","10.5594-JMI.2016.2643800","orig-research","Journal Article Repository/2017/7261654/7879435","F","","false","false","false","6","true","true","6"
"B: record lists no reference file, but references exist","Journal Article","2017","10.5594/JMI.2016.2643858","10.5594-JMI.2016.2643858","orig-research","Journal Article Repository/2017/7261654/7879435","F","","false","false","false","7","true","true","7"
"B: record lists no reference file, but references exist","Journal Article","2017","10.5594/JMI.2016.2643879","10.5594-JMI.2016.2643879","orig-research","Journal Article Repository/2017/7261654/7879435","F","","false","false","false","11","true","true","11"
"B: record lists no reference file, but references exist","Journal Article","2017","10.5594/JMI.2016.2643898","10.5594-JMI.2016.2643898","orig-research","Journal Article Repository/2017/7261654/7879435","F","","false","false","false","6","true","true","6"
"B: record lists no reference file, but references exist","Journal Article","2017","10.5594/JMI.2016.2643938","10.5594-JMI.2016.2643938","orig-research","Journal Article Repository/2017/7261654/7879435","F","","false","false","false","8","true","true","8"
"B: record lists no reference file, but references exist","Journal Article","2017","10.5594/JMI.2016.2643964","10.5594-JMI.2016.2643964","orig-research","Journal Article Repository/2017/7261654/7879435","F","","false","false","false","14","true","true","14"
"B: record lists no reference file, but references exist","Journal Article","2017","10.5594/JMI.2017.2660618","10.5594-JMI.2017.2660618","orig-research","Journal Article Repository/2017/7261654/7892098","F","","false","false","false","14","true","true","14"
"B: record lists no reference file, but references exist","Journal Article","2017","10.5594/JMI.2017.2660638","10.5594-JMI.2017.2660638","orig-research","Journal Article Repository/2017/7261654/7892098","F","","false","false","false","15","true","true","15"
"B: record lists no reference file, but references exist","Journal Article","2017","10.5594/JMI.2017.2660678","10.5594-JMI.2017.2660678","orig-research","Journal Article Repository/2017/7261654/7892098","F","","false","false","false","7","true","true","7"
"B: record lists no reference file, but references exist","Journal Article","2017","10.5594/JMI.2017.2660698","10.5594-JMI.2017.2660698","orig-research","Journal Article Repository/2017/7261654/7892098","F","","false","false","false","8","true","true","8"
"B: record lists no reference file, but references exist","Journal Article","2017","10.5594/JMI.2017.2660718","10.5594-JMI.2017.2660718","orig-research","Journal Article Repository/2017/7261654/7892098","F","","false","false","false","16","true","true","16"
"B: record lists no reference file, but references exist","Journal Article","2017","10.5594/JMI.2017.2660738","10.5594-JMI.2017.2660738","orig-research","Journal Article Repository/2017/7261654/7892098","F","","false","false","false","11","true","true","11"
"B: record lists no reference file, but references exist","Journal Article","2017","10.5594/JMI.2017.2665298","10.5594-JMI.2017.2665298","orig-research","Journal Article Repository/2017/7261654/7892098","F","","false","false","false","10","true","true","10"
"B: record lists no reference file, but references exist","Journal Article","2017","10.5594/JMI.2017.2673198","10.5594-JMI.2017.2673198","orig-research","Journal Article Repository/2017/7261654/7934834","F","","false","false","false","4","true","true","4"
"B: record lists no reference file, but references exist","Journal Article","2017","10.5594/JMI.2017.2673219","10.5594-JMI.2017.2673219","orig-research","Journal Article Repository/2017/7261654/7934834","F","","false","false","false","19","true","true","19"
"B: record lists no reference file, but references exist","Journal Article","2017","10.5594/JMI.2017.2673718","10.5594-JMI.2017.2673718","orig-research","Journal Article Repository/2017/7261654/7934834","F","","false","false","false","39","true","true","41"
"B: record lists no reference file, but references exist","Journal Article","2017","10.5594/JMI.2017.2677818","10.5594-JMI.2017.2677818","orig-research","Journal Article Repository/2017/7261654/7934834","F","","false","false","false","7","true","true","3"
"B: record lists no reference file, but references exist","Journal Article","2017","10.5594/JMI.2017.2677838","10.5594-JMI.2017.2677838","orig-research","Journal Article Repository/2017/7261654/7934834","F","","false","false","false","3","true","true","3"
"B: record lists no reference file, but references exist","Journal Article","2017","10.5594/JMI.2017.2680560","10.5594-JMI.2017.2680560","orig-research","Journal Article Repository/2017/7261654/7934834","F","","false","false","false","8","true","true","8"
"B: record lists no reference file, but references exist","Journal Article","2017","10.5594/JMI.2017.2681818","10.5594-JMI.2017.2681818","orig-research","Journal Article Repository/2017/7261654/7934834","F","","false","false","false","2","true","true","2"
"B: record lists no reference file, but references exist","Journal Article","2017","10.5594/JMI.2017.2692018","10.5594-JMI.2017.2692018","orig-research","Journal Article Repository/2017/7261654/8004447","F","","false","false","false","11","true","true","11"
"B: record lists no reference file, but references exist","Journal Article","2017","10.5594/JMI.2017.2698607","10.5594-JMI.2017.2698607","orig-research","Journal Article Repository/2017/7261654/7963900","F","","false","false","false","38","true","true","38"
"B: record lists no reference file, but references exist","Journal Article","2017","10.5594/JMI.2017.2698618","10.5594-JMI.2017.2698618","orig-research","Journal Article Repository/2017/7261654/7963900","F","","false","false","false","7","true","true","7"
"B: record lists no reference file, but references exist","Journal Article","2017","10.5594/JMI.2017.2703198","10.5594-JMI.2017.2703198","orig-research","Journal Article Repository/2017/7261654/7963900","F","","false","false","false","10","true","true","1"
"B: record lists no reference file, but references exist","Journal Article","2017","10.5594/JMI.2017.2703218","10.5594-JMI.2017.2703218","orig-research","Journal Article Repository/2017/7261654/8100758","F","","false","false","false","28","true","true","28"
"B: record lists no reference file, but references exist","Journal Article","2017","10.5594/JMI.2017.2703479","10.5594-JMI.2017.2703479","orig-research","Journal Article Repository/2017/7261654/7963900","F","","false","false","false","10","true","true","10"
"B: record lists no reference file, but references exist","Journal Article","2017","10.5594/JMI.2017.2709842","10.5594-JMI.2017.2709842","orig-research","Journal Article Repository/2017/7261654/8004447","F","","false","false","false","8","true","true","8"
"B: record lists no reference file, but references exist","Journal Article","2017","10.5594/JMI.2017.2709859","10.5594-JMI.2017.2709859","orig-research","Journal Article Repository/2017/7261654/8004447","F","","false","false","false","7","true","true","7"
"B: record lists no reference file, but references exist","Journal Article","2017","10.5594/JMI.2017.2711878","10.5594-JMI.2017.2711878","orig-research","Journal Article Repository/2017/7261654/8004447","F","","false","false","false","39","true","true","39"
"B: record lists no reference file, but references exist","Journal Article","2017","10.5594/JMI.2017.2711899","10.5594-JMI.2017.2711899","orig-research","Journal Article Repository/2017/7261654/8004447","F","","false","false","false","20","true","true","20"
"B: record lists no reference file, but references exist","Journal Article","2017","10.5594/JMI.2017.2712358","10.5594-JMI.2017.2712358","orig-research","Journal Article Repository/2017/7261654/8004447","F","","false","false","false","5","true","true","5"
"B: record lists no reference file, but references exist","Journal Article","2017","10.5594/JMI.2017.2724098","10.5594-JMI.2017.2724098","orig-research","Journal Article Repository/2017/7261654/8015203","F","","false","false","false","6","true","true","6"
"B: record lists no reference file, but references exist","Journal Article","2017","10.5594/JMI.2017.2732858","10.5594-JMI.2017.2732858","orig-research","Journal Article Repository/2017/7261654/8065094","F","","false","false","false","12","true","true","12"
"B: record lists no reference file, but references exist","Journal Article","2017","10.5594/JMI.2017.2732859","10.5594-JMI.2017.2732859","orig-research","Journal Article Repository/2017/7261654/8065094","F","","false","false","false","13","true","true","13"
"B: record lists no reference file, but references exist","Journal Article","2017","10.5594/JMI.2017.2732898","10.5594-JMI.2017.2732898","orig-research","Journal Article Repository/2017/7261654/8065094","F","","false","false","false","11","true","true","11"
"B: record lists no reference file, but references exist","Journal Article","2017","10.5594/JMI.2017.2733098","10.5594-JMI.2017.2733098","orig-research","Journal Article Repository/2017/7261654/8065094","F","","false","false","false","1","true","false",""
"B: record lists no reference file, but references exist","Journal Article","2017","10.5594/JMI.2017.2735662","10.5594-JMI.2017.2735662","orig-research","Journal Article Repository/2017/7261654/8065094","F","","false","false","false","12","true","true","12"
"B: record lists no reference file, but references exist","Journal Article","2017","10.5594/JMI.2017.2744578","10.5594-JMI.2017.2744578","orig-research","Journal Article Repository/2017/7261654/8100758","F","","false","false","false","12","true","true","12"
"B: record lists no reference file, but references exist","Journal Article","2017","10.5594/JMI.2017.2744918","10.5594-JMI.2017.2744918","orig-research","Journal Article Repository/2017/7261654/8100758","F","","false","false","false","10","true","true","10"
"B: record lists no reference file, but references exist","Journal Article","2017","10.5594/JMI.2017.2745378","10.5594-JMI.2017.2745378","orig-research","Journal Article Repository/2017/7261654/8100758","F","","false","false","false","11","true","true","11"
"B: record lists no reference file, but references exist","Journal Article","2017","10.5594/JMI.2017.2749919","10.5594-JMI.2017.2749919","orig-research","Journal Article Repository/2017/7261654/8100758","F","","false","false","false","10","true","true","10"
"B: record lists no reference file, but references exist","Journal Article","2017","10.5594/JMI.2017.2749938","10.5594-JMI.2017.2749938","orig-research","Journal Article Repository/2017/7261654/8100758","F","","false","false","false","9","true","true","9"
"B: record lists no reference file, but references exist","Journal Article","2018","10.5594/JMI.2017.2743838","10.5594-JMI.2017.2743838","orig-research","Journal Article Repository/2018/7261654/8304826","F","","false","false","false","18","true","true","18"
"B: record lists no reference file, but references exist","Journal Article","2018","10.5594/JMI.2017.2762098","10.5594-JMI.2017.2762098","orig-research","Journal Article Repository/2018/7261654/8272515","F","","false","false","false","6","true","true","6"
"B: record lists no reference file, but references exist","Journal Article","2018","10.5594/JMI.2017.2762528","10.5594-JMI.2017.2762528","orig-research","Journal Article Repository/2018/7261654/8272515","F","","false","false","false","9","true","true","9"
"B: record lists no reference file, but references exist","Journal Article","2018","10.5594/JMI.2017.2763838","10.5594-JMI.2017.2763838","orig-research","Journal Article Repository/2018/7261654/8272515","F","","false","false","false","8","true","true","8"
"B: record lists no reference file, but references exist","Journal Article","2018","10.5594/JMI.2017.2770334","10.5594-JMI.2017.2770334","orig-research","Journal Article Repository/2018/7261654/8272515","F","","false","false","false","41","true","true","41"
"B: record lists no reference file, but references exist","Journal Article","2018","10.5594/JMI.2017.2770338","10.5594-JMI.2017.2770338","orig-research","Journal Article Repository/2018/7261654/8272515","F","","false","false","false","5","true","true","5"
"B: record lists no reference file, but references exist","Journal Article","2018","10.5594/JMI.2017.2782418","10.5594-JMI.2017.2782418","orig-research","Journal Article Repository/2018/7261654/8304826","F","","false","false","false","17","true","true","17"
"B: record lists no reference file, but references exist","Journal Article","2018","10.5594/JMI.2017.2786422","10.5594-JMI.2017.2786422","orig-research","Journal Article Repository/2018/7261654/8304826","F","","false","false","false","16","true","true","16"
"B: record lists no reference file, but references exist","Journal Article","2018","10.5594/JMI.2017.2788738","10.5594-JMI.2017.2788738","orig-research","Journal Article Repository/2018/7261654/8304826","F","","false","false","false","15","true","true","15"
"B: record lists no reference file, but references exist","Journal Article","2018","10.5594/JMI.2018.2790658","10.5594-JMI.2018.2790658","orig-research","Journal Article Repository/2018/7261654/8304826","F","","false","false","false","12","true","true","12"
"B: record lists no reference file, but references exist","Journal Article","2018","10.5594/JMI.2018.2790698","10.5594-JMI.2018.2790698","orig-research","Journal Article Repository/2018/7261654/8304826","F","","false","false","false","13","true","true","13"
"B: record lists no reference file, but references exist","Journal Article","2018","10.5594/JMI.2018.2792758","10.5594-JMI.2018.2792758","orig-research","Journal Article Repository/2018/7261654/8323429","F","","false","false","false","14","true","true","14"
"B: record lists no reference file, but references exist","Journal Article","2018","10.5594/JMI.2018.2792759","10.5594-JMI.2018.2792759","orig-research","Journal Article Repository/2018/7261654/8323429","F","","false","false","false","17","true","true","17"
"B: record lists no reference file, but references exist","Journal Article","2018","10.5594/JMI.2018.2792761","10.5594-JMI.2018.2792761","orig-research","Journal Article Repository/2018/7261654/8323429","F","","false","false","false","16","true","true","2"
"B: record lists no reference file, but references exist","Journal Article","2018","10.5594/JMI.2018.2792798","10.5594-JMI.2018.2792798","orig-research","Journal Article Repository/2018/7261654/8323429","F","","false","false","false","6","true","true","6"
"B: record lists no reference file, but references exist","Journal Article","2018","10.5594/JMI.2018.2798478","10.5594-JMI.2018.2798478","orig-research","Journal Article Repository/2018/7261654/8323429","F","","false","false","false","8","true","true","8"
"B: record lists no reference file, but references exist","Journal Article","2018","10.5594/JMI.2018.2798518","10.5594-JMI.2018.2798518","orig-research","Journal Article Repository/2018/7261654/8323429","F","","false","false","false","21","true","true","21"
"B: record lists no reference file, but references exist","Journal Article","2018","10.5594/JMI.2018.2799778","10.5594-JMI.2018.2799778","orig-research","Journal Article Repository/2018/7261654/8323429","F","","false","false","false","30","true","true","30"
"B: record lists no reference file, but references exist","Journal Article","2018","10.5594/JMI.2018.2806499","10.5594-JMI.2018.2806499","orig-research","Journal Article Repository/2018/7261654/8352909","F","","false","false","false","12","true","true","12"
"B: record lists no reference file, but references exist","Journal Article","2018","10.5594/JMI.2018.2806518","10.5594-JMI.2018.2806518","orig-research","Journal Article Repository/2018/7261654/8352909","F","","false","false","false","6","true","true","6"
"B: record lists no reference file, but references exist","Journal Article","2018","10.5594/JMI.2018.2806519","10.5594-JMI.2018.2806519","orig-research","Journal Article Repository/2018/7261654/8352909","F","","false","false","false","11","true","true","11"
"B: record lists no reference file, but references exist","Journal Article","2018","10.5594/JMI.2018.2810021","10.5594-JMI.2018.2810021","orig-research","Journal Article Repository/2018/7261654/8370805","F","","false","false","false","10","true","true","10"
"B: record lists no reference file, but references exist","Journal Article","2018","10.5594/JMI.2018.2810022","10.5594-JMI.2018.2810022","orig-research","Journal Article Repository/2018/7261654/8470092","F","","false","false","false","17","true","true","17"
"B: record lists no reference file, but references exist","Journal Article","2018","10.5594/JMI.2018.2811343","10.5594-JMI.2018.2811343","orig-research","Journal Article Repository/2018/7261654/8352909","F","","false","false","false","4","true","true","4"
"B: record lists no reference file, but references exist","Journal Article","2018","10.5594/JMI.2018.2811599","10.5594-JMI.2018.2811599","orig-research","Journal Article Repository/2018/7261654/8352909","F","","false","false","false","9","true","true","9"
"B: record lists no reference file, but references exist","Journal Article","2018","10.5594/JMI.2018.2813198","10.5594-JMI.2018.2813198","orig-research","Journal Article Repository/2018/7261654/8370805","F","","false","false","false","9","true","true","9"
"B: record lists no reference file, but references exist","Journal Article","2018","10.5594/JMI.2018.2816879","10.5594-JMI.2018.2816879","orig-research","Journal Article Repository/2018/7261654/8370805","F","","false","false","false","23","true","true","23"
"B: record lists no reference file, but references exist","Journal Article","2018","10.5594/JMI.2018.2821419","10.5594-JMI.2018.2821419","orig-research","Journal Article Repository/2018/7261654/8370805","F","","false","false","false","10","true","true","3"
"B: record lists no reference file, but references exist","Journal Article","2018","10.5594/JMI.2018.2826941","10.5594-JMI.2018.2826941","orig-research","Journal Article Repository/2018/7261654/8395446","F","","false","false","false","10","true","true","10"
"B: record lists no reference file, but references exist","Journal Article","2018","10.5594/JMI.2018.2826942","10.5594-JMI.2018.2826942","orig-research","Journal Article Repository/2018/7261654/8395446","F","","false","false","false","4","true","true","4"
"B: record lists no reference file, but references exist","Journal Article","2018","10.5594/JMI.2018.2827181","10.5594-JMI.2018.2827181","orig-research","Journal Article Repository/2018/7261654/8395446","F","","false","false","false","16","true","true","5"
"B: record lists no reference file, but references exist","Journal Article","2018","10.5594/JMI.2018.2827278","10.5594-JMI.2018.2827278","orig-research","Journal Article Repository/2018/7261654/8395446","F","","false","false","false","25","true","true","25"
"B: record lists no reference file, but references exist","Journal Article","2018","10.5594/JMI.2018.2831078","10.5594-JMI.2018.2831078","orig-research","Journal Article Repository/2018/7261654/8395446","F","","false","false","false","8","true","true","8"
"B: record lists no reference file, but references exist","Journal Article","2018","10.5594/JMI.2018.2832578","10.5594-JMI.2018.2832578","orig-research","Journal Article Repository/2018/7261654/8395446","F","","false","false","false","2","true","true","2"
"B: record lists no reference file, but references exist","Journal Article","2018","10.5594/JMI.2018.2838779","10.5594-JMI.2018.2838779","orig-research","Journal Article Repository/2018/7261654/8424243","F","","false","false","false","14","true","true","14"
"B: record lists no reference file, but references exist","Journal Article","2018","10.5594/JMI.2018.2838780","10.5594-JMI.2018.2838780","orig-research","Journal Article Repository/2018/7261654/8424243","F","","false","false","false","2","true","true","2"
"B: record lists no reference file, but references exist","Journal Article","2018","10.5594/JMI.2018.2838798","10.5594-JMI.2018.2838798","orig-research","Journal Article Repository/2018/7261654/8424243","F","","false","false","false","8","true","true","8"
"B: record lists no reference file, but references exist","Journal Article","2018","10.5594/JMI.2018.2838818","10.5594-JMI.2018.2838818","orig-research","Journal Article Repository/2018/7261654/8424243","F","","false","false","false","24","true","true","24"
"B: record lists no reference file, but references exist","Journal Article","2018","10.5594/JMI.2018.2840618","10.5594-JMI.2018.2840618","orig-research","Journal Article Repository/2018/7261654/8424243","F","","false","false","false","8","true","true","8"
"B: record lists no reference file, but references exist","Journal Article","2018","10.5594/JMI.2018.2842598","10.5594-JMI.2018.2842598","orig-research","Journal Article Repository/2018/7261654/8424243","F","","false","false","false","13","true","true","13"
"B: record lists no reference file, but references exist","Journal Article","2018","10.5594/JMI.2018.2844569","10.5594-JMI.2018.2844569","orig-research","Journal Article Repository/2018/7261654/8532398","F","","false","false","false","22","true","true","22"
"B: record lists no reference file, but references exist","Journal Article","2018","10.5594/JMI.2018.2846098","10.5594-JMI.2018.2846098","orig-research","Journal Article Repository/2018/7261654/8444985","F","","false","false","false","12","true","true","12"
"B: record lists no reference file, but references exist","Journal Article","2018","10.5594/JMI.2018.2848038","10.5594-JMI.2018.2848038","orig-research","Journal Article Repository/2018/7261654/8444985","F","","false","false","false","12","true","true","12"
"B: record lists no reference file, but references exist","Journal Article","2018","10.5594/JMI.2018.2859120","10.5594-JMI.2018.2859120","orig-research","Journal Article Repository/2018/7261654/8470092","F","","false","false","false","2","true","true","2"
"B: record lists no reference file, but references exist","Journal Article","2018","10.5594/JMI.2018.2859138","10.5594-JMI.2018.2859138","orig-research","Journal Article Repository/2018/7261654/8470092","F","","false","false","false","5","true","true","5"
"B: record lists no reference file, but references exist","Journal Article","2018","10.5594/JMI.2018.2860499","10.5594-JMI.2018.2860499","orig-research","Journal Article Repository/2018/7261654/8470092","F","","false","false","false","60","true","true","60"
"B: record lists no reference file, but references exist","Journal Article","2018","10.5594/JMI.2018.2861438","10.5594-JMI.2018.2861438","orig-research","Journal Article Repository/2018/7261654/8470092","F","","false","false","false","32","true","true","32"
"B: record lists no reference file, but references exist","Journal Article","2018","10.5594/JMI.2018.2862098","10.5594-JMI.2018.2862098","orig-research","Journal Article Repository/2018/7261654/8470092","F","","false","false","false","9","true","true","9"
"B: record lists no reference file, but references exist","Journal Article","2018","10.5594/JMI.2018.2862647","10.5594-JMI.2018.2862647","orig-research","Journal Article Repository/2018/7261654/8470092","F","","false","false","false","12","true","true","12"
"B: record lists no reference file, but references exist","Journal Article","2018","10.5594/JMI.2018.2868435","10.5594-JMI.2018.2868435","orig-research","Journal Article Repository/2018/7261654/8532398","F","","false","false","false","11","true","true","11"
"B: record lists no reference file, but references exist","Journal Article","2018","10.5594/JMI.2018.2868436","10.5594-JMI.2018.2868436","orig-research","Journal Article Repository/2018/7261654/8532398","F","","false","false","false","9","true","true","9"
"B: record lists no reference file, but references exist","Journal Article","2018","10.5594/JMI.2018.2868437","10.5594-JMI.2018.2868437","orig-research","Journal Article Repository/2018/7261654/8532398","F","","false","false","false","2","true","true","2"
"B: record lists no reference file, but references exist","Journal Article","2018","10.5594/JMI.2018.2868438","10.5594-JMI.2018.2868438","orig-research","Journal Article Repository/2018/7261654/8532398","F","","false","false","false","2","true","true","2"
"B: record lists no reference file, but references exist","Journal Article","2018","10.5594/JMI.2018.2870019","10.5594-JMI.2018.2870019","orig-research","Journal Article Repository/2018/7261654/8532398","F","","false","false","false","7","true","true","7"
"B: record lists no reference file, but references exist","Journal Article","2018","10.5594/JMI.2018.2870475","10.5594-JMI.2018.2870475","orig-research","Journal Article Repository/2018/7261654/8532398","F","","false","false","false","8","true","true","8"
"B: record lists no reference file, but references exist","Journal Article","2019","10.5594/JMI.2018.2876072","10.5594-JMI.2018.2876072","orig-research","Journal Article Repository/2019/7261654/8632984","F","","false","false","false","0","true","true","7"
"B: record lists no reference file, but references exist","Journal Article","2019","10.5594/JMI.2018.2876781","10.5594-JMI.2018.2876781","orig-research","Journal Article Repository/2019/7261654/8632984","F","","false","false","false","0","true","true","5"
"B: record lists no reference file, but references exist","Journal Article","2019","10.5594/JMI.2018.2879260","10.5594-JMI.2018.2879260","orig-research","Journal Article Repository/2019/7261654/8632984","F","","false","false","false","21","true","true","21"
"B: record lists no reference file, but references exist","Journal Article","2019","10.5594/JMI.2018.2879261","10.5594-JMI.2018.2879261","orig-research","Journal Article Repository/2019/7261654/8632984","F","","false","false","false","0","true","true","12"
"B: record lists no reference file, but references exist","Journal Article","2019","10.5594/JMI.2018.2880364","10.5594-JMI.2018.2880364","orig-research","Journal Article Repository/2019/7261654/8632984","F","","false","false","false","0","true","true","14"
"B: record lists no reference file, but references exist","Journal Article","2019","10.5594/JMI.2018.2880366","10.5594-JMI.2018.2880366","orig-research","Journal Article Repository/2019/7261654/8632984","F","","false","false","false","0","true","true","4"
"B: record lists no reference file, but references exist","Journal Article","2019","10.5594/JMI.2018.2887160","10.5594-JMI.2018.2887160","orig-research","Journal Article Repository/2019/7261654/8651571","F","","false","false","false","4","true","true","4"
"B: record lists no reference file, but references exist","Journal Article","2019","10.5594/JMI.2018.2887161","10.5594-JMI.2018.2887161","orig-research","Journal Article Repository/2019/7261654/8651571","F","","false","false","false","3","true","true","3"
"B: record lists no reference file, but references exist","Journal Article","2019","10.5594/JMI.2018.2887250","10.5594-JMI.2018.2887250","orig-research","Journal Article Repository/2019/7261654/8651571","F","","false","false","false","12","true","true","12"
"B: record lists no reference file, but references exist","Journal Article","2019","10.5594/JMI.2018.2887251","10.5594-JMI.2018.2887251","orig-research","Journal Article Repository/2019/7261654/8700645","F","","false","false","false","10","true","true","10"
"B: record lists no reference file, but references exist","Journal Article","2019","10.5594/JMI.2018.2887288","10.5594-JMI.2018.2887288","orig-research","Journal Article Repository/2019/7261654/8651571","F","","false","false","false","17","true","true","17"
"B: record lists no reference file, but references exist","Journal Article","2019","10.5594/JMI.2018.2887289","10.5594-JMI.2018.2887289","orig-research","Journal Article Repository/2019/7261654/8651571","F","","false","false","false","18","true","true","18"
"B: record lists no reference file, but references exist","Journal Article","2019","10.5594/JMI.2019.2894226","10.5594-JMI.2019.2894226","orig-research","Journal Article Repository/2019/7261654/8673662","F","","false","false","false","16","true","true","16"
"B: record lists no reference file, but references exist","Journal Article","2019","10.5594/JMI.2019.2894227","10.5594-JMI.2019.2894227","orig-research","Journal Article Repository/2019/7261654/8673662","F","","false","false","false","13","true","true","8"
"B: record lists no reference file, but references exist","Journal Article","2019","10.5594/JMI.2019.2895582","10.5594-JMI.2019.2895582","orig-research","Journal Article Repository/2019/7261654/8673662","F","","false","false","false","12","true","true","12"
"B: record lists no reference file, but references exist","Journal Article","2019","10.5594/JMI.2019.2895583","10.5594-JMI.2019.2895583","orig-research","Journal Article Repository/2019/7261654/8673662","F","","false","false","false","13","true","true","13"
"B: record lists no reference file, but references exist","Journal Article","2019","10.5594/JMI.2019.2895703","10.5594-JMI.2019.2895703","orig-research","Journal Article Repository/2019/7261654/8673662","F","","false","false","false","15","true","true","15"
"B: record lists no reference file, but references exist","Journal Article","2019","10.5594/JMI.2019.2895795","10.5594-JMI.2019.2895795","orig-research","Journal Article Repository/2019/7261654/8673662","F","","false","false","false","7","true","true","1"
"B: record lists no reference file, but references exist","Journal Article","2019","10.5594/JMI.2019.2896016","10.5594-JMI.2019.2896016","orig-research","Journal Article Repository/2019/7261654/8673662","F","","false","false","false","6","true","true","6"
"B: record lists no reference file, but references exist","Journal Article","2019","10.5594/JMI.2019.2899230","10.5594-JMI.2019.2899230","orig-research","Journal Article Repository/2019/7261654/8700645","F","","false","false","false","7","true","true","7"
"B: record lists no reference file, but references exist","Journal Article","2019","10.5594/JMI.2019.2899712","10.5594-JMI.2019.2899712","orig-research","Journal Article Repository/2019/7261654/8700645","F","","false","false","false","18","true","true","18"
"B: record lists no reference file, but references exist","Journal Article","2019","10.5594/JMI.2019.2899713","10.5594-JMI.2019.2899713","orig-research","Journal Article Repository/2019/7261654/8700645","F","","false","false","false","11","true","true","11"
"B: record lists no reference file, but references exist","Journal Article","2019","10.5594/JMI.2019.2901188","10.5594-JMI.2019.2901188","orig-research","Journal Article Repository/2019/7261654/8700645","F","","false","false","false","5","true","true","5"
"B: record lists no reference file, but references exist","Journal Article","2019","10.5594/JMI.2019.2901208","10.5594-JMI.2019.2901208","orig-research","Journal Article Repository/2019/7261654/8700645","F","","false","false","false","22","true","true","22"
"B: record lists no reference file, but references exist","Journal Article","2019","10.5594/JMI.2019.2901209","10.5594-JMI.2019.2901209","orig-research","Journal Article Repository/2019/7261654/8700645","F","","false","false","false","9","true","true","9"
"B: record lists no reference file, but references exist","Journal Article","2019","10.5594/JMI.2019.2904374","10.5594-JMI.2019.2904374","orig-research","Journal Article Repository/2019/7261654/8725880","F","","false","false","false","3","true","true","3"
"B: record lists no reference file, but references exist","Journal Article","2019","10.5594/JMI.2019.2906813","10.5594-JMI.2019.2906813","orig-research","Journal Article Repository/2019/7261654/8725880","F","","false","false","false","14","true","true","14"
"B: record lists no reference file, but references exist","Journal Article","2019","10.5594/JMI.2019.2906835","10.5594-JMI.2019.2906835","orig-research","Journal Article Repository/2019/7261654/8725880","F","","false","false","false","14","true","true","14"
"B: record lists no reference file, but references exist","Journal Article","2019","10.5594/JMI.2019.2906836","10.5594-JMI.2019.2906836","orig-research","Journal Article Repository/2019/7261654/8725880","F","","false","false","false","13","true","true","13"
"B: record lists no reference file, but references exist","Journal Article","2019","10.5594/JMI.2019.2907349","10.5594-JMI.2019.2907349","orig-research","Journal Article Repository/2019/7261654/8725880","F","","false","false","false","2","true","true","2"
"B: record lists no reference file, but references exist","Journal Article","2019","10.5594/JMI.2019.2907350","10.5594-JMI.2019.2907350","orig-research","Journal Article Repository/2019/7261654/8725880","F","","false","false","false","9","true","true","9"
"B: record lists no reference file, but references exist","Journal Article","2019","10.5594/JMI.2019.2910704","10.5594-JMI.2019.2910704","orig-research","Journal Article Repository/2019/7261654/8742706","F","","false","false","false","15","true","true","15"
"B: record lists no reference file, but references exist","Journal Article","2019","10.5594/JMI.2019.2910705","10.5594-JMI.2019.2910705","orig-research","Journal Article Repository/2019/7261654/8742706","F","","false","false","false","11","true","true","11"
"B: record lists no reference file, but references exist","Journal Article","2019","10.5594/JMI.2019.2910706","10.5594-JMI.2019.2910706","orig-research","Journal Article Repository/2019/7261654/8742706","F","","false","false","false","17","true","true","17"
"B: record lists no reference file, but references exist","Journal Article","2019","10.5594/JMI.2019.2910983","10.5594-JMI.2019.2910983","orig-research","Journal Article Repository/2019/7261654/8742706","F","","false","false","false","1","true","false",""
"B: record lists no reference file, but references exist","Journal Article","2019","10.5594/JMI.2019.2912482","10.5594-JMI.2019.2912482","orig-research","Journal Article Repository/2019/7261654/8742706","F","","false","false","false","20","true","true","20"
"B: record lists no reference file, but references exist","Journal Article","2019","10.5594/JMI.2019.2914964","10.5594-JMI.2019.2914964","orig-research","Journal Article Repository/2019/7261654/8742706","F","","false","false","false","13","true","true","2"
"B: record lists no reference file, but references exist","Journal Article","2019","10.5594/JMI.2019.2917595","10.5594-JMI.2019.2917595","orig-research","Journal Article Repository/2019/7261654/8779765","F","","false","false","false","15","true","true","15"
"B: record lists no reference file, but references exist","Journal Article","2019","10.5594/JMI.2019.2917596","10.5594-JMI.2019.2917596","orig-research","Journal Article Repository/2019/7261654/8779765","F","","false","false","false","1","true","false",""
"B: record lists no reference file, but references exist","Journal Article","2019","10.5594/JMI.2019.2917597","10.5594-JMI.2019.2917597","orig-research","Journal Article Repository/2019/7261654/8779765","F","","false","false","false","19","true","true","19"
"B: record lists no reference file, but references exist","Journal Article","2019","10.5594/JMI.2019.2918035","10.5594-JMI.2019.2918035","orig-research","Journal Article Repository/2019/7261654/8779765","F","","false","false","false","5","true","true","5"
"B: record lists no reference file, but references exist","Journal Article","2019","10.5594/JMI.2019.2918036","10.5594-JMI.2019.2918036","orig-research","Journal Article Repository/2019/7261654/8779765","F","","false","false","false","18","true","true","18"
"B: record lists no reference file, but references exist","Journal Article","2019","10.5594/JMI.2019.2918037","10.5594-JMI.2019.2918037","orig-research","Journal Article Repository/2019/7261654/8779765","F","","false","false","false","9","true","true","9"
"B: record lists no reference file, but references exist","Journal Article","2019","10.5594/JMI.2019.2918980","10.5594-JMI.2019.2918980","orig-research","Journal Article Repository/2019/7261654/8807387","F","","false","false","false","7","true","true","7"
"B: record lists no reference file, but references exist","Journal Article","2019","10.5594/JMI.2019.2921413","10.5594-JMI.2019.2921413","orig-research","Journal Article Repository/2019/7261654/8807387","F","","false","false","false","4","true","true","4"
"B: record lists no reference file, but references exist","Journal Article","2019","10.5594/JMI.2019.2924303","10.5594-JMI.2019.2924303","orig-research","Journal Article Repository/2019/7261654/8807387","F","","false","false","false","6","true","true","6"
"B: record lists no reference file, but references exist","Journal Article","2019","10.5594/JMI.2019.2925205","10.5594-JMI.2019.2925205","orig-research","Journal Article Repository/2019/7261654/8807387","F","","false","false","false","6","true","true","6"
"B: record lists no reference file, but references exist","Journal Article","2019","10.5594/JMI.2019.2925261","10.5594-JMI.2019.2925261","orig-research","Journal Article Repository/2019/7261654/8807387","F","","false","false","false","1","true","true","6"
"B: record lists no reference file, but references exist","Journal Article","2019","10.5594/JMI.2019.2931600","10.5594-JMI.2019.2931600","orig-research","Journal Article Repository/2019/7261654/8846788","F","","false","false","false","5","true","true","1"
"B: record lists no reference file, but references exist","Journal Article","2019","10.5594/JMI.2019.2931859","10.5594-JMI.2019.2931859","orig-research","Journal Article Repository/2019/7261654/8846788","F","","false","false","false","13","true","true","4"
"B: record lists no reference file, but references exist","Journal Article","2019","10.5594/JMI.2019.2932163","10.5594-JMI.2019.2932163","orig-research","Journal Article Repository/2019/7261654/8846788","F","","false","false","false","8","true","true","8"
"B: record lists no reference file, but references exist","Journal Article","2019","10.5594/JMI.2019.2932207","10.5594-JMI.2019.2932207","orig-research","Journal Article Repository/2019/7261654/8846788","F","","false","false","false","8","true","true","8"
"B: record lists no reference file, but references exist","Journal Article","2019","10.5594/JMI.2019.2937723","10.5594-JMI.2019.2937723","orig-research","Journal Article Repository/2019/7261654/8901104","F","","false","false","false","26","true","true","26"
"B: record lists no reference file, but references exist","Journal Article","2019","10.5594/JMI.2019.2937736","10.5594-JMI.2019.2937736","orig-research","Journal Article Repository/2019/7261654/8901104","F","","false","false","false","27","true","true","27"
"B: record lists no reference file, but references exist","Journal Article","2019","10.5594/JMI.2019.2937737","10.5594-JMI.2019.2937737","orig-research","Journal Article Repository/2019/7261654/8901104","F","","false","false","false","16","true","true","16"
"B: record lists no reference file, but references exist","Journal Article","2019","10.5594/JMI.2019.2940860","10.5594-JMI.2019.2940860","orig-research","Journal Article Repository/2019/7261654/8901104","F","","false","false","false","9","true","true","9"
"B: record lists no reference file, but references exist","Journal Article","2019","10.5594/JMI.2019.2941361","10.5594-JMI.2019.2941361","orig-research","Journal Article Repository/2019/7261654/8901104","F","","false","false","false","11","true","true","11"
"B: record lists no reference file, but references exist","Journal Article","2019","10.5594/JMI.2019.2941362","10.5594-JMI.2019.2941362","orig-research","Journal Article Repository/2019/7261654/8901104","F","","false","false","false","27","true","true","27"
"B: record lists no reference file, but references exist","Journal Article","2020","10.5594/JMI.2019.2947989","10.5594-JMI.2019.2947989","orig-research","Journal Article Repository/2020/7261654/8964599","F","","false","false","false","15","true","true","15"
"B: record lists no reference file, but references exist","Journal Article","2020","10.5594/JMI.2019.2951250","10.5594-JMI.2019.2951250","orig-research","Journal Article Repository/2020/7261654/8964599","F","","false","false","false","4","true","true","4"
"B: record lists no reference file, but references exist","Journal Article","2020","10.5594/JMI.2019.2951267","10.5594-JMI.2019.2951267","orig-research","Journal Article Repository/2020/7261654/8964599","F","","false","false","false","14","true","true","14"
"B: record lists no reference file, but references exist","Journal Article","2020","10.5594/JMI.2019.2951827","10.5594-JMI.2019.2951827","orig-research","Journal Article Repository/2020/7261654/8964599","F","","false","false","false","4","true","true","4"
"B: record lists no reference file, but references exist","Journal Article","2020","10.5594/JMI.2019.2952632","10.5594-JMI.2019.2952632","orig-research","Journal Article Repository/2020/7261654/8964599","F","","false","false","false","12","true","true","8"
"B: record lists no reference file, but references exist","Journal Article","2020","10.5594/JMI.2019.2957687","10.5594-JMI.2019.2957687","orig-research","Journal Article Repository/2020/7261654/9068328","F","","false","false","false","15","true","true","8"
"B: record lists no reference file, but references exist","Journal Article","2020","10.5594/JMI.2019.2959173","10.5594-JMI.2019.2959173","orig-research","Journal Article Repository/2020/7261654/9028729","F","","false","false","false","6","true","true","6"
"B: record lists no reference file, but references exist","Journal Article","2020","10.5594/JMI.2019.2959967","10.5594-JMI.2019.2959967","orig-research","Journal Article Repository/2020/7261654/9028729","F","","false","false","false","18","true","true","11"
"B: record lists no reference file, but references exist","Journal Article","2020","10.5594/JMI.2020.2964181","10.5594-JMI.2020.2964181","orig-research","Journal Article Repository/2020/7261654/9028729","F","","false","false","false","17","true","true","17"
"B: record lists no reference file, but references exist","Journal Article","2020","10.5594/JMI.2020.2965022","10.5594-JMI.2020.2965022","orig-research","Journal Article Repository/2020/7261654/9028729","F","","false","false","false","7","true","true","7"
"B: record lists no reference file, but references exist","Journal Article","2020","10.5594/JMI.2020.2967204","10.5594-JMI.2020.2967204","orig-research","Journal Article Repository/2020/7261654/9028729","F","","false","false","false","15","true","true","15"
"B: record lists no reference file, but references exist","Journal Article","2020","10.5594/JMI.2020.2969762","10.5594-JMI.2020.2969762","orig-research","Journal Article Repository/2020/7261654/9068328","F","","false","false","false","1","true","false",""
"B: record lists no reference file, but references exist","Journal Article","2020","10.5594/JMI.2020.2969763","10.5594-JMI.2020.2969763","orig-research","Journal Article Repository/2020/7261654/9068328","F","","false","false","false","17","true","true","5"
"B: record lists no reference file, but references exist","Journal Article","2020","10.5594/JMI.2020.2971372","10.5594-JMI.2020.2971372","orig-research","Journal Article Repository/2020/7261654/9068328","F","","false","false","false","7","true","true","7"
"B: record lists no reference file, but references exist","Journal Article","2020","10.5594/JMI.2020.2973561","10.5594-JMI.2020.2973561","orig-research","Journal Article Repository/2020/7261654/9068328","F","","false","false","false","23","true","true","23"
"B: record lists no reference file, but references exist","Journal Article","2020","10.5594/JMI.2020.2979621","10.5594-JMI.2020.2979621","orig-research","Journal Article Repository/2020/7261654/9085456","F","","false","false","false","5","true","true","5"
"B: record lists no reference file, but references exist","Journal Article","2020","10.5594/JMI.2020.2979652","10.5594-JMI.2020.2979652","orig-research","Journal Article Repository/2020/7261654/9085456","F","","false","false","false","28","true","true","28"
"B: record lists no reference file, but references exist","Journal Article","2020","10.5594/JMI.2020.2980600","10.5594-JMI.2020.2980600","orig-research","Journal Article Repository/2020/7261654/9085456","F","","false","false","false","28","true","true","12"
"B: record lists no reference file, but references exist","Journal Article","2020","10.5594/JMI.2020.2982525","10.5594-JMI.2020.2982525","orig-research","Journal Article Repository/2020/7261654/9085456","F","","false","false","false","11","true","true","11"
"B: record lists no reference file, but references exist","Journal Article","2020","10.5594/JMI.2020.2984045","10.5594-JMI.2020.2984045","orig-research","Journal Article Repository/2020/7261654/9085456","F","","false","false","false","14","true","true","6"
"B: record lists no reference file, but references exist","Journal Article","2020","10.5594/JMI.2020.2984046","10.5594-JMI.2020.2984046","orig-research","Journal Article Repository/2020/7261654/9085456","F","","false","false","false","4","true","true","4"
"B: record lists no reference file, but references exist","Journal Article","2020","10.5594/JMI.2020.2986622","10.5594-JMI.2020.2986622","orig-research","Journal Article Repository/2020/7261654/9109586","F","","false","false","false","7","true","true","7"
"B: record lists no reference file, but references exist","Journal Article","2020","10.5594/JMI.2020.2990255","10.5594-JMI.2020.2990255","orig-research","Journal Article Repository/2020/7261654/9109586","F","","false","false","false","10","true","true","10"
"B: record lists no reference file, but references exist","Journal Article","2020","10.5594/JMI.2020.2990612","10.5594-JMI.2020.2990612","orig-research","Journal Article Repository/2020/7261654/9109586","F","","false","false","false","9","true","true","4"
"B: record lists no reference file, but references exist","Journal Article","2020","10.5594/JMI.2020.2991911","10.5594-JMI.2020.2991911","orig-research","Journal Article Repository/2020/7261654/9136808","F","","false","false","false","5","true","true","5"
"B: record lists no reference file, but references exist","Journal Article","2020","10.5594/JMI.2020.2991917","10.5594-JMI.2020.2991917","orig-research","Journal Article Repository/2020/7261654/9136808","F","","false","false","false","11","true","true","11"
"B: record lists no reference file, but references exist","Journal Article","2020","10.5594/JMI.2020.2993185","10.5594-JMI.2020.2993185","orig-research","Journal Article Repository/2020/7261654/9136808","F","","false","false","false","11","true","true","11"
"B: record lists no reference file, but references exist","Journal Article","2020","10.5594/JMI.2020.2993188","10.5594-JMI.2020.2993188","orig-research","Journal Article Repository/2020/7261654/9136808","F","","false","false","false","6","true","true","6"
"B: record lists no reference file, but references exist","Journal Article","2020","10.5594/JMI.2020.2995252","10.5594-JMI.2020.2995252","orig-research","Journal Article Repository/2020/7261654/9136808","F","","false","false","false","6","true","true","6"
"B: record lists no reference file, but references exist","Journal Article","2020","10.5594/JMI.2020.2996034","10.5594-JMI.2020.2996034","orig-research","Journal Article Repository/2020/7261654/9136808","F","","false","false","false","13","true","true","13"
"B: record lists no reference file, but references exist","Journal Article","2020","10.5594/JMI.2020.2999946","10.5594-JMI.2020.2999946","orig-research","Journal Article Repository/2020/7261654/9136808","F","","false","false","false","11","true","true","11"
"B: record lists no reference file, but references exist","Journal Article","2020","10.5594/JMI.2020.3000934","10.5594-JMI.2020.3000934","orig-research","Journal Article Repository/2020/7261654/9146749","F","","false","false","false","18","true","true","5"
"B: record lists no reference file, but references exist","Journal Article","2020","10.5594/JMI.2020.3001463","10.5594-JMI.2020.3001463","orig-research","Journal Article Repository/2020/7261654/9146749","F","","false","false","false","14","true","true","14"
"B: record lists no reference file, but references exist","Journal Article","2020","10.5594/JMI.2020.3001465","10.5594-JMI.2020.3001465","orig-research","Journal Article Repository/2020/7261654/9146749","F","","false","false","false","5","true","true","5"
"B: record lists no reference file, but references exist","Journal Article","2020","10.5594/JMI.2020.3001771","10.5594-JMI.2020.3001771","orig-research","Journal Article Repository/2020/7261654/9184288","F","","false","false","false","17","true","true","0"
"B: record lists no reference file, but references exist","Journal Article","2020","10.5594/JMI.2020.3001774","10.5594-JMI.2020.3001774","orig-research","Journal Article Repository/2020/7261654/9184288","F","","false","false","false","7","true","true","7"
"B: record lists no reference file, but references exist","Journal Article","2020","10.5594/JMI.2020.3001775","10.5594-JMI.2020.3001775","orig-research","Journal Article Repository/2020/7261654/9184288","F","","false","false","false","9","true","true","9"
"B: record lists no reference file, but references exist","Journal Article","2020","10.5594/JMI.2020.3001776","10.5594-JMI.2020.3001776","orig-research","Journal Article Repository/2020/7261654/9184288","F","","false","false","false","10","true","true","10"
"B: record lists no reference file, but references exist","Journal Article","2020","10.5594/JMI.2020.3001795","10.5594-JMI.2020.3001795","orig-research","Journal Article Repository/2020/7261654/9146749","F","","false","false","false","21","true","true","21"
"B: record lists no reference file, but references exist","Journal Article","2020","10.5594/JMI.2020.3001797","10.5594-JMI.2020.3001797","orig-research","Journal Article Repository/2020/7261654/9146749","F","","false","false","false","13","true","true","13"
"B: record lists no reference file, but references exist","Journal Article","2020","10.5594/JMI.2020.3001858","10.5594-JMI.2020.3001858","orig-research","Journal Article Repository/2020/7261654/9184288","F","","false","false","false","1","true","false",""
"B: record lists no reference file, but references exist","Journal Article","2020","10.5594/JMI.2020.3004899","10.5594-JMI.2020.3004899","orig-research","Journal Article Repository/2020/7261654/9184288","F","","false","false","false","11","true","true","11"
"B: record lists no reference file, but references exist","Journal Article","2020","10.5594/JMI.2020.3004919","10.5594-JMI.2020.3004919","orig-research","Journal Article Repository/2020/7261654/9184288","F","","false","false","false","23","true","true","23"
"B: record lists no reference file, but references exist","Journal Article","2020","10.5594/JMI.2020.3004954","10.5594-JMI.2020.3004954","orig-research","Journal Article Repository/2020/7261654/9184288","F","","false","false","false","0","true","true","10"
"B: record lists no reference file, but references exist","Journal Article","2020","10.5594/JMI.2020.3010390","10.5594-JMI.2020.3010390","orig-research","Journal Article Repository/2020/7261654/9204870","F","","false","false","false","34","true","true","34"
"B: record lists no reference file, but references exist","Journal Article","2020","10.5594/JMI.2020.3010391","10.5594-JMI.2020.3010391","orig-research","Journal Article Repository/2020/7261654/9204870","F","","false","false","false","13","true","true","12"
"B: record lists no reference file, but references exist","Journal Article","2020","10.5594/JMI.2020.3010399","10.5594-JMI.2020.3010399","orig-research","Journal Article Repository/2020/7261654/9204870","F","","false","false","false","14","true","true","14"
"B: record lists no reference file, but references exist","Journal Article","2020","10.5594/JMI.2020.3010400","10.5594-JMI.2020.3010400","orig-research","Journal Article Repository/2020/7261654/9204870","F","","false","false","false","13","true","true","13"
"B: record lists no reference file, but references exist","Journal Article","2020","10.5594/JMI.2020.3010401","10.5594-JMI.2020.3010401","orig-research","Journal Article Repository/2020/7261654/9204870","F","","false","false","false","10","true","true","8"
"B: record lists no reference file, but references exist","Journal Article","2020","10.5594/JMI.2020.3021566","10.5594-JMI.2020.3021566","orig-research","Journal Article Repository/2020/7261654/9256368","F","","false","false","false","3","true","true","3"
"B: record lists no reference file, but references exist","Journal Article","2020","10.5594/JMI.2020.3023371","10.5594-JMI.2020.3023371","orig-research","Journal Article Repository/2020/7261654/9256368","F","","false","false","false","19","true","true","19"
"B: record lists no reference file, but references exist","Journal Article","2020","10.5594/JMI.2020.3024080","10.5594-JMI.2020.3024080","orig-research","Journal Article Repository/2020/7261654/9256368","F","","false","false","false","4","true","true","4"
"B: record lists no reference file, but references exist","Journal Article","2020","10.5594/JMI.2020.3024516","10.5594-JMI.2020.3024516","orig-research","Journal Article Repository/2020/7261654/9256368","F","","false","false","false","11","true","true","11"
"B: record lists no reference file, but references exist","Journal Article","2020","10.5594/JMI.2020.3024519","10.5594-JMI.2020.3024519","orig-research","Journal Article Repository/2020/7261654/9256368","F","","false","false","false","9","true","true","9"
"B: record lists no reference file, but references exist","Journal Article","2021","10.5594/JMI.2020.3030171","10.5594-JMI.2020.3030171","orig-research","Journal Article Repository/2021/7261654/9335677","F","","false","false","false","13","true","true","10"
"B: record lists no reference file, but references exist","Journal Article","2021","10.5594/JMI.2020.3030175","10.5594-JMI.2020.3030175","orig-research","Journal Article Repository/2021/7261654/9335677","F","","false","false","false","10","true","true","10"
"B: record lists no reference file, but references exist","Journal Article","2021","10.5594/JMI.2020.3036711","10.5594-JMI.2020.3036711","orig-research","Journal Article Repository/2021/7261654/9335677","F","","false","false","false","14","true","true","9"
"B: record lists no reference file, but references exist","Journal Article","2021","10.5594/JMI.2020.3036733","10.5594-JMI.2020.3036733","orig-research","Journal Article Repository/2021/7261654/9335677","F","","false","false","false","4","true","true","4"
"B: record lists no reference file, but references exist","Journal Article","2021","10.5594/JMI.2020.3045839","10.5594-JMI.2020.3045839","orig-research","Journal Article Repository/2021/7261654/9335677","F","","false","false","false","16","true","true","16"
"B: record lists no reference file, but references exist","Journal Article","2021","10.5594/JMI.2021.3050646","10.5594-JMI.2021.3050646","orig-research","Journal Article Repository/2021/7261654/9363030","F","","false","false","false","7","true","true","7"
"B: record lists no reference file, but references exist","Journal Article","2021","10.5594/JMI.2021.3050660","10.5594-JMI.2021.3050660","orig-research","Journal Article Repository/2021/7261654/9363030","F","","false","false","false","20","true","true","20"
"B: record lists no reference file, but references exist","Journal Article","2021","10.5594/JMI.2021.3050671","10.5594-JMI.2021.3050671","orig-research","Journal Article Repository/2021/7261654/9363030","F","","false","false","false","7","true","true","7"
"B: record lists no reference file, but references exist","Journal Article","2021","10.5594/JMI.2021.3052544","10.5594-JMI.2021.3052544","orig-research","Journal Article Repository/2021/7261654/9363030","F","","false","false","false","9","true","true","9"
"B: record lists no reference file, but references exist","Journal Article","2021","10.5594/JMI.2021.3057695","10.5594-JMI.2021.3057695","orig-research","Journal Article Repository/2021/7261654/9395650","F","","false","false","false","12","true","true","12"
"B: record lists no reference file, but references exist","Journal Article","2021","10.5594/JMI.2021.3057703","10.5594-JMI.2021.3057703","orig-research","Journal Article Repository/2021/7261654/9395650","F","","false","false","false","29","true","true","10"
"B: record lists no reference file, but references exist","Journal Article","2021","10.5594/JMI.2021.3058397","10.5594-JMI.2021.3058397","orig-research","Journal Article Repository/2021/7261654/9395650","F","","false","false","false","12","true","true","12"
"B: record lists no reference file, but references exist","Journal Article","2021","10.5594/JMI.2021.3059344","10.5594-JMI.2021.3059344","orig-research","Journal Article Repository/2021/7261654/9395650","F","","false","false","false","57","true","true","57"
"B: record lists no reference file, but references exist","Journal Article","2021","10.5594/JMI.2021.3060823","10.5594-JMI.2021.3060823","orig-research","Journal Article Repository/2021/7261654/9395650","F","","false","false","false","3","true","true","3"
"B: record lists no reference file, but references exist","Journal Article","2021","10.5594/JMI.2021.3061787","10.5594-JMI.2021.3061787","orig-research","Journal Article Repository/2021/7261654/9395650","F","","false","false","false","27","true","true","27"
"B: record lists no reference file, but references exist","Journal Article","2021","10.5594/JMI.2021.3065415","10.5594-JMI.2021.3065415","orig-research","Journal Article Repository/2021/7261654/9424050","F","","false","false","false","29","true","true","9"
"B: record lists no reference file, but references exist","Journal Article","2021","10.5594/JMI.2021.3065442","10.5594-JMI.2021.3065442","orig-research","Journal Article Repository/2021/7261654/9424050","F","","false","false","false","33","true","true","12"
"B: record lists no reference file, but references exist","Journal Article","2021","10.5594/JMI.2021.3066183","10.5594-JMI.2021.3066183","orig-research","Journal Article Repository/2021/7261654/9424050","F","","false","false","false","10","true","true","5"
"B: record lists no reference file, but references exist","Journal Article","2021","10.5594/JMI.2021.3067941","10.5594-JMI.2021.3067941","orig-research","Journal Article Repository/2021/7261654/9424050","F","","false","false","false","29","true","true","15"
"B: record lists no reference file, but references exist","Journal Article","2021","10.5594/JMI.2021.3067960","10.5594-JMI.2021.3067960","orig-research","Journal Article Repository/2021/7261654/9424050","F","","false","false","false","46","true","true","46"
"B: record lists no reference file, but references exist","Journal Article","2021","10.5594/JMI.2021.3067962","10.5594-JMI.2021.3067962","orig-research","Journal Article Repository/2021/7261654/9424050","F","","false","false","false","27","true","true","27"
"B: record lists no reference file, but references exist","Journal Article","2021","10.5594/JMI.2021.3072377","10.5594-JMI.2021.3072377","orig-research","Journal Article Repository/2021/7261654/9446091","F","","false","false","false","4","true","true","4"
"B: record lists no reference file, but references exist","Journal Article","2021","10.5594/JMI.2021.3072560","10.5594-JMI.2021.3072560","orig-research","Journal Article Repository/2021/7261654/9446091","F","","false","false","false","5","true","true","5"
"B: record lists no reference file, but references exist","Journal Article","2021","10.5594/JMI.2021.3072678","10.5594-JMI.2021.3072678","orig-research","Journal Article Repository/2021/7261654/9446091","F","","false","false","false","21","true","true","21"
"B: record lists no reference file, but references exist","Journal Article","2021","10.5594/JMI.2021.3072684","10.5594-JMI.2021.3072684","orig-research","Journal Article Repository/2021/7261654/9446091","F","","false","false","false","15","true","true","7"
"B: record lists no reference file, but references exist","Journal Article","2021","10.5594/JMI.2021.3076568","10.5594-JMI.2021.3076568","orig-research","Journal Article Repository/2021/7261654/9446091","F","","false","false","false","7","true","true","7"
"B: record lists no reference file, but references exist","Journal Article","2021","10.5594/JMI.2021.3081165","10.5594-JMI.2021.3081165","orig-research","Journal Article Repository/2021/7261654/9469928","F","","false","false","false","17","true","true","17"
"B: record lists no reference file, but references exist","Journal Article","2021","10.5594/JMI.2021.3082992","10.5594-JMI.2021.3082992","orig-research","Journal Article Repository/2021/7261654/9469928","F","","false","false","false","34","true","true","34"
"B: record lists no reference file, but references exist","Journal Article","2021","10.5594/JMI.2021.3082993","10.5594-JMI.2021.3082993","orig-research","Journal Article Repository/2021/7261654/9469928","F","","false","false","false","4","true","true","4"
"B: record lists no reference file, but references exist","Journal Article","2021","10.5594/JMI.2021.3083077","10.5594-JMI.2021.3083077","orig-research","Journal Article Repository/2021/7261654/9469928","F","","false","false","false","21","true","true","8"
"B: record lists no reference file, but references exist","Journal Article","2021","10.5594/JMI.2021.3083557","10.5594-JMI.2021.3083557","orig-research","Journal Article Repository/2021/7261654/9469928","F","","false","false","false","9","true","true","6"
"B: record lists no reference file, but references exist","Journal Article","2021","10.5594/JMI.2021.3083560","10.5594-JMI.2021.3083560","orig-research","Journal Article Repository/2021/7261654/9508108","F","","false","false","false","20","true","true","13"
"B: record lists no reference file, but references exist","Journal Article","2021","10.5594/JMI.2021.3083571","10.5594-JMI.2021.3083571","orig-research","Journal Article Repository/2021/7261654/9508108","F","","false","false","false","21","true","true","21"
"B: record lists no reference file, but references exist","Journal Article","2021","10.5594/JMI.2021.3083901","10.5594-JMI.2021.3083901","orig-research","Journal Article Repository/2021/7261654/9508108","F","","false","false","false","23","true","true","23"
"B: record lists no reference file, but references exist","Journal Article","2021","10.5594/JMI.2021.3087806","10.5594-JMI.2021.3087806","orig-research","Journal Article Repository/2021/7261654/9508108","F","","false","false","false","11","true","true","4"
"B: record lists no reference file, but references exist","Journal Article","2021","10.5594/JMI.2021.3087824","10.5594-JMI.2021.3087824","orig-research","Journal Article Repository/2021/7261654/9508108","F","","false","false","false","20","true","true","20"
"B: record lists no reference file, but references exist","Journal Article","2021","10.5594/JMI.2021.3089760","10.5594-JMI.2021.3089760","orig-research","Journal Article Repository/2021/7261654/9540011","F","","false","false","false","15","true","true","15"
"B: record lists no reference file, but references exist","Journal Article","2021","10.5594/JMI.2021.3089771","10.5594-JMI.2021.3089771","orig-research","Journal Article Repository/2021/7261654/9540011","F","","false","false","false","7","true","true","7"
"B: record lists no reference file, but references exist","Journal Article","2021","10.5594/JMI.2021.3089772","10.5594-JMI.2021.3089772","orig-research","Journal Article Repository/2021/7261654/9540011","F","","false","false","false","8","true","true","3"
"B: record lists no reference file, but references exist","Journal Article","2021","10.5594/JMI.2021.3090176","10.5594-JMI.2021.3090176","orig-research","Journal Article Repository/2021/7261654/9508108","F","","false","false","false","5","true","true","5"
"B: record lists no reference file, but references exist","Journal Article","2021","10.5594/JMI.2021.3090913","10.5594-JMI.2021.3090913","orig-research","Journal Article Repository/2021/7261654/9563084","F","","false","false","false","10","true","true","10"
"B: record lists no reference file, but references exist","Journal Article","2021","10.5594/JMI.2021.3095091","10.5594-JMI.2021.3095091","orig-research","Journal Article Repository/2021/7261654/9540011","F","","false","false","false","9","true","true","7"
"B: record lists no reference file, but references exist","Journal Article","2021","10.5594/JMI.2021.3098382","10.5594-JMI.2021.3098382","orig-research","Journal Article Repository/2021/7261654/9540011","F","","false","false","false","18","true","true","18"
"B: record lists no reference file, but references exist","Journal Article","2021","10.5594/JMI.2021.3101580","10.5594-JMI.2021.3101580","orig-research","Journal Article Repository/2021/7261654/9540011","F","","false","false","false","13","true","true","20"
"B: record lists no reference file, but references exist","Journal Article","2021","10.5594/JMI.2021.3104381","10.5594-JMI.2021.3104381","orig-research","Journal Article Repository/2021/7261654/9563084","F","","false","false","false","8","true","true","6"
"B: record lists no reference file, but references exist","Journal Article","2021","10.5594/JMI.2021.3104396","10.5594-JMI.2021.3104396","orig-research","Journal Article Repository/2021/7261654/9563084","F","","false","false","false","4","true","true","4"
"B: record lists no reference file, but references exist","Journal Article","2021","10.5594/JMI.2021.3106125","10.5594-JMI.2021.3106125","orig-research","Journal Article Repository/2021/7261654/9563084","F","","false","false","false","17","true","true","17"
"B: record lists no reference file, but references exist","Journal Article","2021","10.5594/JMI.2021.3106162","10.5594-JMI.2021.3106162","orig-research","Journal Article Repository/2021/7261654/9563084","F","","false","false","false","90","true","true","77"
"B: record lists no reference file, but references exist","Journal Article","2021","10.5594/JMI.2021.3114778","10.5594-JMI.2021.3114778","orig-research","Journal Article Repository/2021/7261654/9631114","F","","false","false","false","4","true","true","11"
"B: record lists no reference file, but references exist","Journal Article","2021","10.5594/JMI.2021.3114847","10.5594-JMI.2021.3114847","orig-research","Journal Article Repository/2021/7261654/9631114","F","","false","false","false","42","true","true","42"
"B: record lists no reference file, but references exist","Journal Article","2021","10.5594/JMI.2021.3117065","10.5594-JMI.2021.3117065","orig-research","Journal Article Repository/2021/7261654/9631114","F","","false","false","false","8","true","true","8"
"B: record lists no reference file, but references exist","Journal Article","2021","10.5594/JMI.2021.3117095","10.5594-JMI.2021.3117095","orig-research","Journal Article Repository/2021/7261654/9631114","F","","false","false","false","10","true","true","10"
"B: record lists no reference file, but references exist","Journal Article","2021","10.5594/JMI.2021.3117125","10.5594-JMI.2021.3117125","orig-research","Journal Article Repository/2021/7261654/9631114","F","","false","false","false","15","true","true","15"
"B: record lists no reference file, but references exist","Journal Article","2022","10.5594/JMI.2021.3114757","10.5594-JMI.2021.3114757","orig-research","Journal Article Repository/2022/7261654/9691399","F","","false","false","false","31","true","true","31"
"B: record lists no reference file, but references exist","Journal Article","2022","10.5594/JMI.2021.3129884","10.5594-JMI.2021.3129884","orig-research","Journal Article Repository/2022/7261654/9691399","F","","false","false","false","23","true","true","23"
"B: record lists no reference file, but references exist","Journal Article","2022","10.5594/JMI.2021.3130941","10.5594-JMI.2021.3130941","orig-research","Journal Article Repository/2022/7261654/9691399","F","","false","false","false","36","true","true","36"
"B: record lists no reference file, but references exist","Journal Article","2022","10.5594/JMI.2021.3134756","10.5594-JMI.2021.3134756","orig-research","Journal Article Repository/2022/7261654/9691399","F","","false","false","false","10","true","true","10"
"B: record lists no reference file, but references exist","Journal Article","2022","10.5594/JMI.2022.3143607","10.5594-JMI.2022.3143607","orig-research","Journal Article Repository/2022/7261654/9732494","F","","false","false","false","25","true","true","7"
"B: record lists no reference file, but references exist","Journal Article","2022","10.5594/JMI.2022.3143608","10.5594-JMI.2022.3143608","orig-research","Journal Article Repository/2022/7261654/9732494","F","","false","false","false","12","true","true","12"
"B: record lists no reference file, but references exist","Journal Article","2022","10.5594/JMI.2022.3146520","10.5594-JMI.2022.3146520","orig-research","Journal Article Repository/2022/7261654/9732494","F","","false","false","false","22","true","true","22"
"B: record lists no reference file, but references exist","Journal Article","2022","10.5594/JMI.2022.3151144","10.5594-JMI.2022.3151144","orig-research","Journal Article Repository/2022/7261654/9749797","F","","false","false","false","11","true","true","11"
"B: record lists no reference file, but references exist","Journal Article","2022","10.5594/JMI.2022.3153646","10.5594-JMI.2022.3153646","orig-research","Journal Article Repository/2022/7261654/9749797","F","","false","false","false","8","true","true","8"
"B: record lists no reference file, but references exist","Journal Article","2022","10.5594/JMI.2022.3153662","10.5594-JMI.2022.3153662","orig-research","Journal Article Repository/2022/7261654/9749797","F","","false","false","false","17","true","true","17"
"B: record lists no reference file, but references exist","Journal Article","2022","10.5594/JMI.2022.3153664","10.5594-JMI.2022.3153664","orig-research","Journal Article Repository/2022/7261654/9749797","F","","false","false","false","12","true","true","12"
"B: record lists no reference file, but references exist","Journal Article","2022","10.5594/JMI.2022.3154836","10.5594-JMI.2022.3154836","orig-research","Journal Article Repository/2022/7261654/9749797","F","","false","false","false","10","true","true","10"
"B: record lists no reference file, but references exist","Journal Article","2022","10.5594/JMI.2022.3155759","10.5594-JMI.2022.3155759","orig-research","Journal Article Repository/2022/7261654/9749797","F","","false","false","false","13","true","true","13"
"B: record lists no reference file, but references exist","Journal Article","2022","10.5594/JMI.2022.3160541","10.5594-JMI.2022.3160541","orig-research","Journal Article Repository/2022/7261654/9772088","F","","false","false","false","40","true","true","40"
"B: record lists no reference file, but references exist","Journal Article","2022","10.5594/JMI.2022.3160560","10.5594-JMI.2022.3160560","orig-research","Journal Article Repository/2022/7261654/9772088","F","","false","false","false","13","true","true","13"
"B: record lists no reference file, but references exist","Journal Article","2022","10.5594/JMI.2022.3160793","10.5594-JMI.2022.3160793","orig-research","Journal Article Repository/2022/7261654/9772088","F","","false","false","false","13","true","true","13"
"B: record lists no reference file, but references exist","Journal Article","2022","10.5594/JMI.2022.3160801","10.5594-JMI.2022.3160801","orig-research","Journal Article Repository/2022/7261654/9772088","F","","false","false","false","12","true","true","2"
"B: record lists no reference file, but references exist","Journal Article","2022","10.5594/JMI.2022.3160804","10.5594-JMI.2022.3160804","orig-research","Journal Article Repository/2022/7261654/9772088","F","","false","false","false","16","true","true","16"
"B: record lists no reference file, but references exist","Journal Article","2022","10.5594/JMI.2022.3160832","10.5594-JMI.2022.3160832","orig-research","Journal Article Repository/2022/7261654/9772088","F","","false","false","false","15","true","true","15"
"B: record lists no reference file, but references exist","Journal Article","2022","10.5594/JMI.2022.3166161","10.5594-JMI.2022.3166161","orig-research","Journal Article Repository/2022/7261654/9789510","F","","false","false","false","43","true","true","43"
"B: record lists no reference file, but references exist","Journal Article","2022","10.5594/JMI.2022.3166200","10.5594-JMI.2022.3166200","orig-research","Journal Article Repository/2022/7261654/9789510","F","","false","false","false","16","true","true","16"
"B: record lists no reference file, but references exist","Journal Article","2022","10.5594/JMI.2022.3167776","10.5594-JMI.2022.3167776","orig-research","Journal Article Repository/2022/7261654/9789510","F","","false","false","false","3","true","true","3"
"B: record lists no reference file, but references exist","Journal Article","2022","10.5594/JMI.2022.3167779","10.5594-JMI.2022.3167779","orig-research","Journal Article Repository/2022/7261654/9789510","F","","false","false","false","11","true","true","3"
"B: record lists no reference file, but references exist","Journal Article","2022","10.5594/JMI.2022.3167782","10.5594-JMI.2022.3167782","orig-research","Journal Article Repository/2022/7261654/9789510","F","","false","false","false","23","true","true","23"
"B: record lists no reference file, but references exist","Journal Article","2022","10.5594/JMI.2022.3169748","10.5594-JMI.2022.3169748","orig-research","Journal Article Repository/2022/7261654/9789510","F","","false","false","false","5","true","true","5"
"B: record lists no reference file, but references exist","Journal Article","2022","10.5594/JMI.2022.3169754","10.5594-JMI.2022.3169754","orig-research","Journal Article Repository/2022/7261654/9789510","F","","false","false","false","10","true","true","6"
"B: record lists no reference file, but references exist","Journal Article","2022","10.5594/JMI.2022.3173621","10.5594-JMI.2022.3173621","orig-research","Journal Article Repository/2022/7261654/9804818","F","","false","false","false","2","true","true","2"
"B: record lists no reference file, but references exist","Journal Article","2022","10.5594/JMI.2022.3173625","10.5594-JMI.2022.3173625","orig-research","Journal Article Repository/2022/7261654/9804818","F","","false","false","false","18","true","true","18"
"B: record lists no reference file, but references exist","Journal Article","2022","10.5594/JMI.2022.3173650","10.5594-JMI.2022.3173650","orig-research","Journal Article Repository/2022/7261654/9804818","F","","false","false","false","7","true","true","7"
"B: record lists no reference file, but references exist","Journal Article","2022","10.5594/JMI.2022.3175955","10.5594-JMI.2022.3175955","orig-research","Journal Article Repository/2022/7261654/9804818","F","","false","false","false","5","true","true","5"
"B: record lists no reference file, but references exist","Journal Article","2022","10.5594/JMI.2022.3175990","10.5594-JMI.2022.3175990","orig-research","Journal Article Repository/2022/7261654/9804818","F","","false","false","false","18","true","true","18"
"B: record lists no reference file, but references exist","Journal Article","2022","10.5594/JMI.2022.3180777","10.5594-JMI.2022.3180777","orig-research","Journal Article Repository/2022/7261654/9851537","F","","false","false","false","55","true","true","55"
"B: record lists no reference file, but references exist","Journal Article","2022","10.5594/JMI.2022.3180798","10.5594-JMI.2022.3180798","orig-research","Journal Article Repository/2022/7261654/9851537","F","","false","false","false","14","true","true","14"
"B: record lists no reference file, but references exist","Journal Article","2022","10.5594/JMI.2022.3180825","10.5594-JMI.2022.3180825","orig-research","Journal Article Repository/2022/7261654/9851537","F","","false","false","false","26","true","true","26"
"B: record lists no reference file, but references exist","Journal Article","2022","10.5594/JMI.2022.3183668","10.5594-JMI.2022.3183668","orig-research","Journal Article Repository/2022/7261654/9851537","F","","false","false","false","9","true","true","9"
"B: record lists no reference file, but references exist","Journal Article","2022","10.5594/JMI.2022.3184708","10.5594-JMI.2022.3184708","orig-research","Journal Article Repository/2022/7261654/9868266","F","","false","false","false","1","true","false",""
"B: record lists no reference file, but references exist","Journal Article","2022","10.5594/JMI.2022.3184717","10.5594-JMI.2022.3184717","orig-research","Journal Article Repository/2022/7261654/9868266","F","","false","false","false","2","true","true","2"
"B: record lists no reference file, but references exist","Journal Article","2022","10.5594/JMI.2022.3184732","10.5594-JMI.2022.3184732","orig-research","Journal Article Repository/2022/7261654/9851537","F","","false","false","false","5","true","true","5"
"B: record lists no reference file, but references exist","Journal Article","2022","10.5594/JMI.2022.3184849","10.5594-JMI.2022.3184849","orig-research","Journal Article Repository/2022/7261654/9851537","F","","false","false","false","12","true","true","12"
"B: record lists no reference file, but references exist","Journal Article","2022","10.5594/JMI.2022.3186050","10.5594-JMI.2022.3186050","orig-research","Journal Article Repository/2022/7261654/9868266","F","","false","false","false","9","true","true","9"
"B: record lists no reference file, but references exist","Journal Article","2022","10.5594/JMI.2022.3186689","10.5594-JMI.2022.3186689","orig-research","Journal Article Repository/2022/7261654/9868266","F","","false","false","false","14","true","true","14"
"B: record lists no reference file, but references exist","Journal Article","2022","10.5594/JMI.2022.3188049","10.5594-JMI.2022.3188049","orig-research","Journal Article Repository/2022/7261654/9868266","F","","false","false","false","10","true","true","10"
"B: record lists no reference file, but references exist","Journal Article","2022","10.5594/JMI.2022.3189040","10.5594-JMI.2022.3189040","orig-research","Journal Article Repository/2022/7261654/9868266","F","","false","false","false","4","true","true","4"
"B: record lists no reference file, but references exist","Journal Article","2022","10.5594/JMI.2022.3190532","10.5594-JMI.2022.3190532","orig-research","Journal Article Repository/2022/7261654/9868266","F","","false","false","false","23","true","true","23"
"B: record lists no reference file, but references exist","Journal Article","2022","10.5594/JMI.2022.3190917","10.5594-JMI.2022.3190917","orig-research","Journal Article Repository/2022/7261654/9868266","F","","false","false","false","18","true","true","13"
"B: record lists no reference file, but references exist","Journal Article","2022","10.5594/JMI.2022.3192045","10.5594-JMI.2022.3192045","orig-research","Journal Article Repository/2022/7261654/9868266","F","","false","false","false","1","true","false",""
"B: record lists no reference file, but references exist","Journal Article","2022","10.5594/JMI.2022.3192061","10.5594-JMI.2022.3192061","orig-research","Journal Article Repository/2022/7261654/9868266","F","","false","false","false","23","true","true","24"
"B: record lists no reference file, but references exist","Journal Article","2022","10.5594/JMI.2022.3193428","10.5594-JMI.2022.3193428","orig-research","Journal Article Repository/2022/7261654/9868266","F","","false","false","false","4","true","true","4"
"B: record lists no reference file, but references exist","Journal Article","2022","10.5594/JMI.2022.3195276","10.5594-JMI.2022.3195276","orig-research","Journal Article Repository/2022/7261654/9906016","F","","false","false","false","15","true","true","15"
"B: record lists no reference file, but references exist","Journal Article","2022","10.5594/JMI.2022.3196726","10.5594-JMI.2022.3196726","orig-research","Journal Article Repository/2022/7261654/9906016","F","","false","false","false","41","true","true","41"
"B: record lists no reference file, but references exist","Journal Article","2022","10.5594/JMI.2022.3196729","10.5594-JMI.2022.3196729","orig-research","Journal Article Repository/2022/7261654/9962270","F","","false","false","false","0","true","true","21"
"B: record lists no reference file, but references exist","Journal Article","2022","10.5594/JMI.2022.3198485","10.5594-JMI.2022.3198485","orig-research","Journal Article Repository/2022/7261654/9906016","F","","false","false","false","7","true","true","7"
"B: record lists no reference file, but references exist","Journal Article","2022","10.5594/JMI.2022.3201926","10.5594-JMI.2022.3201926","orig-research","Journal Article Repository/2022/7261654/9906016","F","","false","false","false","8","true","true","8"
"B: record lists no reference file, but references exist","Journal Article","2022","10.5594/JMI.2022.3207814","10.5594-JMI.2022.3207814","orig-research","Journal Article Repository/2022/7261654/9962270","F","","false","false","false","0","true","true","3"
"B: record lists no reference file, but references exist","Journal Article","2022","10.5594/JMI.2022.3207816","10.5594-JMI.2022.3207816","orig-research","Journal Article Repository/2022/7261654/9962270","F","","false","false","false","0","true","true","15"
"B: record lists no reference file, but references exist","Journal Article","2022","10.5594/JMI.2022.3207817","10.5594-JMI.2022.3207817","orig-research","Journal Article Repository/2022/7261654/9962270","F","","false","false","false","0","true","true","11"
"B: record lists no reference file, but references exist","Journal Article","2022","10.5594/JMI.2022.3208274","10.5594-JMI.2022.3208274","orig-research","Journal Article Repository/2022/7261654/9962270","F","","false","false","false","4","true","true","4"
"B: record lists no reference file, but references exist","Journal Article","2023","10.5594/JMI.2022.3196732","10.5594-JMI.2022.3196732","orig-research","Journal Article Repository/2023/7261654/10026146","F","","false","false","false","0","true","true","35"
"B: record lists no reference file, but references exist","Journal Article","2023","10.5594/JMI.2022.3220730","10.5594-JMI.2022.3220730","orig-research","Journal Article Repository/2023/7261654/10026146","F","","false","false","false","0","true","true","4"
"B: record lists no reference file, but references exist","Journal Article","2023","10.5594/JMI.2022.3220738","10.5594-JMI.2022.3220738","orig-research","Journal Article Repository/2023/7261654/10026146","F","","false","false","false","0","true","true","38"
"B: record lists no reference file, but references exist","Journal Article","2023","10.5594/JMI.2022.3220794","10.5594-JMI.2022.3220794","orig-research","Journal Article Repository/2023/7261654/10026146","F","","false","false","false","0","true","true","5"
"B: record lists no reference file, but references exist","Journal Article","2023","10.5594/JMI.2022.3221122","10.5594-JMI.2022.3221122","orig-research","Journal Article Repository/2023/7261654/10026146","F","","false","false","false","0","true","true","4"
"B: record lists no reference file, but references exist","Journal Article","2023","10.5594/JMI.2022.3221288","10.5594-JMI.2022.3221288","orig-research","Journal Article Repository/2023/7261654/10026146","F","","false","false","false","0","true","true","17"
"B: record lists no reference file, but references exist","Journal Article","2023","10.5594/JMI.2023.3236001","10.5594-JMI.2023.3236001","orig-research","Journal Article Repository/2023/7261654/10058710","F","","false","false","false","17","true","true","17"
"B: record lists no reference file, but references exist","Journal Article","2023","10.5594/JMI.2023.3236015","10.5594-JMI.2023.3236015","orig-research","Journal Article Repository/2023/7261654/10058710","F","","false","false","false","38","true","true","38"
"B: record lists no reference file, but references exist","Journal Article","2023","10.5594/JMI.2023.3236021","10.5594-JMI.2023.3236021","orig-research","Journal Article Repository/2023/7261654/10058710","F","","false","false","false","14","true","true","14"
"B: record lists no reference file, but references exist","Journal Article","2023","10.5594/JMI.2023.3236022","10.5594-JMI.2023.3236022","orig-research","Journal Article Repository/2023/7261654/10058710","F","","false","false","false","2","true","true","2"
"B: record lists no reference file, but references exist","Journal Article","2023","10.5594/JMI.2023.3236033","10.5594-JMI.2023.3236033","orig-research","Journal Article Repository/2023/7261654/10058710","F","","false","false","false","12","true","true","12"
"B: record lists no reference file, but references exist","Journal Article","2023","10.5594/JMI.2023.3239646","10.5594-JMI.2023.3239646","orig-research","Journal Article Repository/2023/7261654/10058710","F","","false","false","false","6","true","true","6"
"B: record lists no reference file, but references exist","Journal Article","2023","10.5594/JMI.2023.3241298","10.5594-JMI.2023.3241298","orig-research","Journal Article Repository/2023/7261654/10058710","F","","false","false","false","39","true","true","39"
"B: record lists no reference file, but references exist","Journal Article","2023","10.5594/JMI.2023.3245675","10.5594-JMI.2023.3245675","orig-research","Journal Article Repository/2023/7261654/10089985","F","","false","false","false","38","true","true","38"
"B: record lists no reference file, but references exist","Journal Article","2023","10.5594/JMI.2023.3245685","10.5594-JMI.2023.3245685","orig-research","Journal Article Repository/2023/7261654/10089985","F","","false","false","false","31","true","true","31"
"B: record lists no reference file, but references exist","Journal Article","2023","10.5594/JMI.2023.3246764","10.5594-JMI.2023.3246764","orig-research","Journal Article Repository/2023/7261654/10089985","F","","false","false","false","15","true","true","15"
"B: record lists no reference file, but references exist","Journal Article","2023","10.5594/JMI.2023.3248614","10.5594-JMI.2023.3248614","orig-research","Journal Article Repository/2023/7261654/10089985","F","","false","false","false","13","true","true","13"
"B: record lists no reference file, but references exist","Journal Article","2023","10.5594/JMI.2023.3249359","10.5594-JMI.2023.3249359","orig-research","Journal Article Repository/2023/7261654/10089985","F","","false","false","false","23","true","true","23"
"B: record lists no reference file, but references exist","Journal Article","2023","10.5594/JMI.2023.3261399","10.5594-JMI.2023.3261399","orig-research","Journal Article Repository/2023/7261654/10122900","F","","false","false","false","9","true","true","9"
"B: record lists no reference file, but references exist","Journal Article","2023","10.5594/JMI.2023.3263499","10.5594-JMI.2023.3263499","orig-research","Journal Article Repository/2023/7261654/10122900","F","","false","false","false","27","true","true","27"
"B: record lists no reference file, but references exist","Journal Article","2023","10.5594/JMI.2023.3263505","10.5594-JMI.2023.3263505","orig-research","Journal Article Repository/2023/7261654/10122900","F","","false","false","false","7","true","true","7"
"B: record lists no reference file, but references exist","Journal Article","2023","10.5594/JMI.2023.3263888","10.5594-JMI.2023.3263888","orig-research","Journal Article Repository/2023/7261654/10122900","F","","false","false","false","27","true","true","13"
"B: record lists no reference file, but references exist","Journal Article","2023","10.5594/JMI.2023.3265122","10.5594-JMI.2023.3265122","orig-research","Journal Article Repository/2023/7261654/10145494","F","","false","false","false","4","true","true","4"
"B: record lists no reference file, but references exist","Journal Article","2023","10.5594/JMI.2023.3269750","10.5594-JMI.2023.3269750","orig-research","Journal Article Repository/2023/7261654/10145494","F","","false","false","false","8","true","true","3"
"B: record lists no reference file, but references exist","Journal Article","2023","10.5594/JMI.2023.3269752","10.5594-JMI.2023.3269752","orig-research","Journal Article Repository/2023/7261654/10145494","F","","false","false","false","32","true","true","32"
"B: record lists no reference file, but references exist","Journal Article","2023","10.5594/JMI.2023.3272054","10.5594-JMI.2023.3272054","orig-research","Journal Article Repository/2023/7261654/10145494","F","","false","false","false","6","true","true","6"
"B: record lists no reference file, but references exist","Journal Article","2023","10.5594/JMI.2023.3277092","10.5594-JMI.2023.3277092","orig-research","Journal Article Repository/2023/7261654/10171596","F","","false","false","false","12","true","true","12"
"B: record lists no reference file, but references exist","Journal Article","2023","10.5594/JMI.2023.3277107","10.5594-JMI.2023.3277107","orig-research","Journal Article Repository/2023/7261654/10171596","F","","false","false","false","22","true","true","22"
"B: record lists no reference file, but references exist","Journal Article","2023","10.5594/JMI.2023.3277943","10.5594-JMI.2023.3277943","orig-research","Journal Article Repository/2023/7261654/10171596","F","","false","false","false","10","true","true","8"
"B: record lists no reference file, but references exist","Journal Article","2023","10.5594/JMI.2023.3278792","10.5594-JMI.2023.3278792","orig-research","Journal Article Repository/2023/7261654/10319887","F","","false","false","false","10","true","true","10"
"B: record lists no reference file, but references exist","Journal Article","2023","10.5594/JMI.2023.3279421","10.5594-JMI.2023.3279421","orig-research","Journal Article Repository/2023/7261654/10171596","F","","false","false","false","30","true","true","30"
"B: record lists no reference file, but references exist","Journal Article","2023","10.5594/JMI.2023.3279467","10.5594-JMI.2023.3279467","orig-research","Journal Article Repository/2023/7261654/10171596","F","","false","false","false","15","true","true","15"
"B: record lists no reference file, but references exist","Journal Article","2023","10.5594/JMI.2023.3285235","10.5594-JMI.2023.3285235","orig-research","Journal Article Repository/2023/7261654/10196059","F","","false","false","false","5","true","true","5"
"B: record lists no reference file, but references exist","Journal Article","2023","10.5594/JMI.2023.3285245","10.5594-JMI.2023.3285245","orig-research","Journal Article Repository/2023/7261654/10196059","F","","false","false","false","46","true","true","25"
"B: record lists no reference file, but references exist","Journal Article","2023","10.5594/JMI.2023.3285282","10.5594-JMI.2023.3285282","orig-research","Journal Article Repository/2023/7261654/10196059","F","","false","false","false","8","true","true","9"
"B: record lists no reference file, but references exist","Journal Article","2023","10.5594/JMI.2023.3285284","10.5594-JMI.2023.3285284","orig-research","Journal Article Repository/2023/7261654/10196059","F","","false","false","false","16","true","true","16"
"B: record lists no reference file, but references exist","Journal Article","2023","10.5594/JMI.2023.3286845","10.5594-JMI.2023.3286845","orig-research","Journal Article Repository/2023/7261654/10196059","F","","false","false","false","23","true","true","23"
"B: record lists no reference file, but references exist","Journal Article","2023","10.5594/JMI.2023.3286874","10.5594-JMI.2023.3286874","orig-research","Journal Article Repository/2023/7261654/10196059","F","","false","false","false","11","true","true","11"
"B: record lists no reference file, but references exist","Journal Article","2023","10.5594/JMI.2023.3288908","10.5594-JMI.2023.3288908","orig-research","Journal Article Repository/2023/7261654/10243412","F","","false","false","false","9","true","true","9"
"B: record lists no reference file, but references exist","Journal Article","2023","10.5594/JMI.2023.3290304","10.5594-JMI.2023.3290304","orig-research","Journal Article Repository/2023/7261654/10243412","F","","false","false","false","25","true","true","25"
"B: record lists no reference file, but references exist","Journal Article","2023","10.5594/JMI.2023.3295466","10.5594-JMI.2023.3295466","orig-research","Journal Article Repository/2023/7261654/10243412","F","","false","false","false","26","true","true","26"
"B: record lists no reference file, but references exist","Journal Article","2023","10.5594/JMI.2023.3295479","10.5594-JMI.2023.3295479","orig-research","Journal Article Repository/2023/7261654/10243412","F","","false","false","false","11","true","true","11"
"B: record lists no reference file, but references exist","Journal Article","2023","10.5594/JMI.2023.3297228","10.5594-JMI.2023.3297228","orig-research","Journal Article Repository/2023/7261654/10243412","F","","false","false","false","13","true","true","13"
"B: record lists no reference file, but references exist","Journal Article","2023","10.5594/JMI.2023.3297238","10.5594-JMI.2023.3297238","orig-research","Journal Article Repository/2023/7261654/10243412","F","","false","false","false","13","true","true","4"
"B: record lists no reference file, but references exist","Journal Article","2023","10.5594/JMI.2023.3303499","10.5594-JMI.2023.3303499","orig-research","Journal Article Repository/2023/7261654/10271706","F","","false","false","false","21","true","true","21"
"B: record lists no reference file, but references exist","Journal Article","2023","10.5594/JMI.2023.3303530","10.5594-JMI.2023.3303530","orig-research","Journal Article Repository/2023/7261654/10271706","F","","false","false","false","10","true","true","10"
"B: record lists no reference file, but references exist","Journal Article","2023","10.5594/JMI.2023.3305004","10.5594-JMI.2023.3305004","orig-research","Journal Article Repository/2023/7261654/10271706","F","","false","false","false","15","true","true","15"
"B: record lists no reference file, but references exist","Journal Article","2023","10.5594/JMI.2023.3306516","10.5594-JMI.2023.3306516","orig-research","Journal Article Repository/2023/7261654/10271706","F","","false","false","false","13","true","true","10"
"B: record lists no reference file, but references exist","Journal Article","2023","10.5594/JMI.2023.3306579","10.5594-JMI.2023.3306579","orig-research","Journal Article Repository/2023/7261654/10271706","F","","false","false","false","35","true","true","17"
"B: record lists no reference file, but references exist","Journal Article","2023","10.5594/JMI.2023.3325513","10.5594-JMI.2023.3325513","orig-research","Journal Article Repository/2023/7261654/10319887","F","","false","false","false","32","true","true","19"
"B: record lists no reference file, but references exist","Journal Article","2023","10.5594/JMI.2023.3325858","10.5594-JMI.2023.3325858","orig-research","Journal Article Repository/2023/7261654/10319887","F","","false","false","false","8","true","true","8"
"C: no evidence of references","Conference Paper","2015","10.5594/M001596","10.5594-M001596","orig-research","Conference Repository/Conference Papers/2015/7398355/7398356","F","","false","false","false","0","true","false",""
"C: no evidence of references","Conference Paper","2015","10.5594/M001598","10.5594-M001598","orig-research","Conference Repository/Conference Papers/2015/7398355/7398356","F","","false","false","false","0","true","false",""
"C: no evidence of references","Conference Paper","2015","10.5594/M001599","10.5594-M001599","orig-research","Conference Repository/Conference Papers/2015/7398355/7398356","F","","false","false","false","0","true","false",""
"C: no evidence of references","Conference Paper","2015","10.5594/M001600","10.5594-M001600","orig-research","Conference Repository/Conference Papers/2015/7398355/7398356","F","","false","false","false","0","true","false",""
"C: no evidence of references","Conference Paper","2015","10.5594/M001603","10.5594-M001603","orig-research","Conference Repository/Conference Papers/2015/7398355/7398356","F","","false","false","false","0","true","false",""
"C: no evidence of references","Conference Paper","2015","10.5594/M001604","10.5594-M001604","orig-research","Conference Repository/Conference Papers/2015/7398355/7398356","F","","false","false","false","0","true","false",""
"C: no evidence of references","Conference Paper","2015","10.5594/M001611","10.5594-M001611","orig-research","Conference Repository/Conference Papers/2015/7398355/7398356","F","","false","false","false","0","true","false",""
"C: no evidence of references","Conference Paper","2015","10.5594/M001613","10.5594-M001613","orig-research","Conference Repository/Conference Papers/2015/7398355/7398356","F","","false","false","false","0","true","false",""
"C: no evidence of references","Conference Paper","2015","10.5594/M001615","10.5594-M001615","orig-research","Conference Repository/Conference Papers/2015/7398355/7398356","F","","false","false","false","0","true","false",""
"C: no evidence of references","Conference Paper","2015","10.5594/M001617","10.5594-M001617","orig-research","Conference Repository/Conference Papers/2015/7398355/7398356","F","","false","false","false","0","true","false",""
"C: no evidence of references","Conference Paper","2015","10.5594/M001629","10.5594-M001629","orig-research","Conference Repository/Conference Papers/2015/7399587/7399588","F","","false","false","false","0","true","false",""
"C: no evidence of references","Conference Paper","2015","10.5594/M001634","10.5594-M001634","orig-research","Conference Repository/Conference Papers/2015/7399587/7399588","F","","false","false","false","0","true","false",""
"C: no evidence of references","Conference Paper","2015","10.5594/M001641","10.5594-M001641","orig-research","Conference Repository/Conference Papers/2015/7399587/7399588","F","","false","false","false","0","true","false",""
"C: no evidence of references","Conference Paper","2015","10.5594/M001645","10.5594-M001645","orig-research","Conference Repository/Conference Papers/2015/7399587/7399588","F","","false","false","false","0","true","false",""
"C: no evidence of references","Conference Paper","2015","10.5594/M001646","10.5594-M001646","orig-research","Conference Repository/Conference Papers/2015/7399587/7399588","F","","false","false","false","0","true","false",""
"C: no evidence of references","Conference Paper","2015","10.5594/M001649","10.5594-M001649","orig-research","Conference Repository/Conference Papers/2015/7399587/7399588","F","","false","false","false","0","true","false",""
"C: no evidence of references","Conference Paper","2015","10.5594/M001657","10.5594-M001657","orig-research","Conference Repository/Conference Papers/2015/7399587/7399588","F","","false","false","false","0","true","false",""
"C: no evidence of references","Conference Paper","2015","10.5594/M001661","10.5594-M001661","orig-research","Conference Repository/Conference Papers/2015/7399587/7399588","F","","false","false","false","0","true","false",""
"C: no evidence of references","Conference Paper","2015","10.5594/M001662","10.5594-M001662","orig-research","Conference Repository/Conference Papers/2015/7399587/7399588","F","","false","false","false","0","true","false",""
"C: no evidence of references","Conference Paper","2015","10.5594/M001663","10.5594-M001663","orig-research","Conference Repository/Conference Papers/2015/7399587/7399588","F","","false","false","false","0","true","false",""
"C: no evidence of references","Conference Paper","2015","10.5594/M001664","10.5594-M001664","orig-research","Conference Repository/Conference Papers/2015/7399587/7399588","F","","false","false","false","0","true","false",""
"C: no evidence of references","Conference Paper","2015","10.5594/M001669","10.5594-M001669","orig-research","Conference Repository/Conference Papers/2015/7399587/7399588","F","","false","false","false","0","true","false",""
"C: no evidence of references","Conference Paper","2015","10.5594/M001674","10.5594-M001674","orig-research","Conference Repository/Conference Papers/2015/7399587/7399588","F","","false","false","false","0","true","false",""
"C: no evidence of references","Conference Paper","2015","10.5594/M001735","10.5594-M001735","orig-research","Conference Repository/Conference Papers/2015/8046174/8046175","F","","false","false","false","0","true","false",""
"C: no evidence of references","Conference Paper","2015","10.5594/M001737","10.5594-M001737","orig-research","Conference Repository/Conference Papers/2015/8046174/8046175","F","","false","false","false","0","true","false",""
"C: no evidence of references","Conference Paper","2015","10.5594/M001738","10.5594-M001738","orig-research","Conference Repository/Conference Papers/2015/8046174/8046175","F","","false","false","false","0","true","false",""
"C: no evidence of references","Conference Paper","2015","10.5594/M001739","10.5594-M001739","orig-research","Conference Repository/Conference Papers/2015/8046174/8046175","F","","false","false","false","0","true","false",""
"C: no evidence of references","Conference Paper","2015","10.5594/M001740","10.5594-M001740","orig-research","Conference Repository/Conference Papers/2015/8046174/8046175","F","","false","false","false","0","true","false",""
"C: no evidence of references","Conference Paper","2015","10.5594/M001743","10.5594-M001743","orig-research","Conference Repository/Conference Papers/2015/8046174/8046175","F","","false","false","false","0","true","false",""
"C: no evidence of references","Conference Paper","2015","10.5594/M001745","10.5594-M001745","orig-research","Conference Repository/Conference Papers/2015/8046174/8046175","F","","false","false","false","0","true","false",""
"C: no evidence of references","Conference Paper","2016","10.5594/M001678","10.5594-M001678","orig-research","Conference Repository/Conference Papers/2016/7819436/7819437","F","","false","false","false","0","true","false",""
"C: no evidence of references","Conference Paper","2016","10.5594/M001685","10.5594-M001685","orig-research","Conference Repository/Conference Papers/2016/7819436/7819437","F","","false","false","false","0","true","false",""
"C: no evidence of references","Conference Paper","2016","10.5594/M001688","10.5594-M001688","orig-research","Conference Repository/Conference Papers/2016/7819436/7819437","F","","false","false","false","0","true","false",""
"C: no evidence of references","Conference Paper","2016","10.5594/M001691","10.5594-M001691","orig-research","Conference Repository/Conference Papers/2016/7819436/7819437","F","","false","false","false","0","true","false",""
"C: no evidence of references","Conference Paper","2016","10.5594/M001704","10.5594-M001704","orig-research","Conference Repository/Conference Papers/2016/7819436/7819437","F","","false","false","false","0","true","false",""
"C: no evidence of references","Conference Paper","2016","10.5594/M001710","10.5594-M001710","orig-research","Conference Repository/Conference Papers/2016/7819436/7819437","F","","false","false","false","0","true","false",""
"C: no evidence of references","Conference Paper","2016","10.5594/M001714","10.5594-M001714","orig-research","Conference Repository/Conference Papers/2016/7819436/7819437","F","","false","false","false","0","true","false",""
"C: no evidence of references","Conference Paper","2016","10.5594/M001717","10.5594-M001717","orig-research","Conference Repository/Conference Papers/2016/7819436/7819437","F","","false","false","false","0","true","false",""
"C: no evidence of references","Conference Paper","2016","10.5594/M001724","10.5594-M001724","orig-research","Conference Repository/Conference Papers/2016/7819436/7819437","F","","false","false","false","0","true","false",""
"C: no evidence of references","Conference Paper","2017","10.5594/M001759","10.5594-M001759","orig-research","Conference Repository/Conference Papers/2017/8281382/8281383","F","","false","false","false","0","true","false",""
"C: no evidence of references","Conference Paper","2017","10.5594/M001761","10.5594-M001761","orig-research","Conference Repository/Conference Papers/2017/8281382/8281383","F","","false","false","false","0","true","false",""
"C: no evidence of references","Conference Paper","2017","10.5594/M001762","10.5594-M001762","orig-research","Conference Repository/Conference Papers/2017/8281382/8281383","F","","false","false","false","0","true","false",""
"C: no evidence of references","Conference Paper","2017","10.5594/M001771","10.5594-M001771","orig-research","Conference Repository/Conference Papers/2017/8281382/8281383","F","","false","false","false","0","true","false",""
"C: no evidence of references","Conference Paper","2017","10.5594/M001776","10.5594-M001776","orig-research","Conference Repository/Conference Papers/2017/8281382/8281383","F","","false","false","false","0","true","false",""
"C: no evidence of references","Conference Paper","2017","10.5594/M001784","10.5594-M001784","orig-research","Conference Repository/Conference Papers/2017/8281382/8281383","F","","false","false","false","0","true","false",""
"C: no evidence of references","Conference Paper","2017","10.5594/M001796","10.5594-M001796","orig-research","Conference Repository/Conference Papers/2017/8281382/8281383","F","","false","false","false","0","true","false",""
"C: no evidence of references","Conference Paper","2017","10.5594/M001804","10.5594-M001804","orig-research","Conference Repository/Conference Papers/2017/8281382/8281383","F","","false","false","false","0","true","false",""
"C: no evidence of references","Conference Paper","2018","10.5594/M001812","10.5594-M001812","orig-research","Conference Repository/Conference Papers/2018/8609866/8609867","F","","false","false","false","0","true","false",""
"C: no evidence of references","Conference Paper","2018","10.5594/M001813","10.5594-M001813","orig-research","Conference Repository/Conference Papers/2018/8609866/8609867","F","","false","false","false","0","true","false",""
"C: no evidence of references","Conference Paper","2018","10.5594/M001815","10.5594-M001815","orig-research","Conference Repository/Conference Papers/2018/8609866/8609867","F","","false","false","false","0","true","false",""
"C: no evidence of references","Conference Paper","2018","10.5594/M001848","10.5594-M001848","orig-research","Conference Repository/Conference Papers/2018/8609866/8609867","F","","false","false","false","0","true","false",""
"C: no evidence of references","Conference Paper","2018","10.5594/M001859","10.5594-M001859","orig-research","Conference Repository/Conference Papers/2018/8609866/8609867","F","","false","false","false","0","true","false",""
"C: no evidence of references","Conference Paper","2019","10.5594/M001872","10.5594-M001872","orig-research","Conference Repository/Conference Papers/2019/8977456/8977457","F","","false","false","false","0","true","false",""
"C: no evidence of references","Conference Paper","2019","10.5594/M001886","10.5594-M001886","orig-research","Conference Repository/Conference Papers/2019/8977456/8977457","F","","false","false","false","0","true","false",""
"C: no evidence of references","Conference Paper","2020","10.5594/M001901","10.5594-M001901","orig-research","Conference Repository/Conference Papers/2020/9490948/9490949","F","","false","false","false","0","true","false",""
"C: no evidence of references","Conference Paper","2020","10.5594/M001907","10.5594-M001907","orig-research","Conference Repository/Conference Papers/2020/9490948/9490949","F","","false","false","false","0","true","false",""
"C: no evidence of references","Conference Paper","2020","10.5594/M001918","10.5594-M001918","orig-research","Conference Repository/Conference Papers/2020/9490948/9490949","F","","false","false","false","0","true","false",""
"C: no evidence of references","Conference Paper","2020","10.5594/M001930","10.5594-M001930","orig-research","Conference Repository/Conference Papers/2020/9490948/9490949","F","","false","false","false","0","true","false",""
"C: no evidence of references","Conference Paper","2021","10.5594/M001935","10.5594-M001935","orig-research","Conference Repository/Conference Papers/2021/9779667/9779668","F","","false","false","false","","true","false",""
"C: no evidence of references","Conference Paper","2021","10.5594/M001937","10.5594-M001937","orig-research","Conference Repository/Conference Papers/2021/9779667/9779668","F","","false","false","false","","true","false",""
"C: no evidence of references","Conference Paper","2022","10.5594/M001956","10.5594-M001956","orig-research","Conference Repository/Conference Papers/2022/10012556/10012557","F","","false","false","false","0","true","false",""
"C: no evidence of references","Conference Paper","2022","10.5594/M001964","10.5594-M001964","orig-research","Conference Repository/Conference Papers/2022/10012556/10012557","F","","false","false","false","0","true","false",""
"C: no evidence of references","Conference Paper","2022","10.5594/M001965","10.5594-M001965","orig-research","Conference Repository/Conference Papers/2022/10012556/10012557","F","","false","false","false","0","true","false",""
"C: no evidence of references","Conference Paper","2022","10.5594/M001968","10.5594-M001968","orig-research","Conference Repository/Conference Papers/2022/10012556/10012557","F","","false","false","false","0","true","false",""
"C: no evidence of references","Conference Paper","2022","10.5594/M001975","10.5594-M001975","orig-research","Conference Repository/Conference Papers/2022/10012556/10012557","F","","false","false","false","0","true","false",""
"C: no evidence of references","Conference Paper","2022","10.5594/M001985","10.5594-M001985","orig-research","Conference Repository/Conference Papers/2022/10012556/10012557","F","","false","false","false","0","true","false",""
"C: no evidence of references","Conference Paper","2022","10.5594/M001992","10.5594-M001992","orig-research","Conference Repository/Conference Papers/2022/10012556/10012557","F","","false","false","false","0","true","false",""
"C: no evidence of references","Conference Paper","2023","10.5594/M001999","10.5594-M001999","orig-research","Conference Repository/Conference Papers/2023/10372504/10372505","F","","false","false","false","0","true","false",""
"C: no evidence of references","Journal Article","2015","10.5594/j18511","10.5594-j18511","orig-research","Journal Article Repository/2015/7261654/7309010","F","","false","false","false","0","true","false",""
"C: no evidence of references","Journal Article","2015","10.5594/j18517","10.5594-j18517","orig-research","Journal Article Repository/2015/7261654/7309010","F","","false","false","false","0","true","false",""
"C: no evidence of references","Journal Article","2015","10.5594/j18545","10.5594-j18545","orig-research","Journal Article Repository/2015/7261654/7306417","F","","false","false","false","0","true","false",""
"C: no evidence of references","Journal Article","2015","10.5594/j18571","10.5594-j18571","orig-research","Journal Article Repository/2015/7261654/7306443","F","","false","false","false","0","true","false",""
"C: no evidence of references","Journal Article","2015","10.5594/j18589a","10.5594-j18589a","orig-research","Journal Article Repository/2015/7261654/7306442","F","","false","false","false","0","true","false",""
"C: no evidence of references","Journal Article","2015","10.5594/j18589b","10.5594-j18589b","orig-research","Journal Article Repository/2015/7261654/7306442","F","","false","false","false","0","true","false",""
"C: no evidence of references","Journal Article","2015","10.5594/j18589c","10.5594-j18589c","orig-research","Journal Article Repository/2015/7261654/7306442","F","","false","false","false","0","true","false",""
"C: no evidence of references","Journal Article","2015","10.5594/j18589d","10.5594-j18589d","orig-research","Journal Article Repository/2015/7261654/7306442","F","","false","false","false","0","true","false",""
"C: no evidence of references","Journal Article","2015","10.5594/j18589e","10.5594-j18589e","orig-research","Journal Article Repository/2015/7261654/7306442","F","","false","false","false","0","true","false",""
"C: no evidence of references","Journal Article","2015","10.5594/j18589f","10.5594-j18589f","orig-research","Journal Article Repository/2015/7261654/7306442","F","","false","false","false","0","true","false",""
"C: no evidence of references","Journal Article","2015","10.5594/j18589g","10.5594-j18589g","orig-research","Journal Article Repository/2015/7261654/7306442","F","","false","false","false","0","true","false",""
"C: no evidence of references","Journal Article","2015","10.5594/j18589h","10.5594-j18589h","orig-research","Journal Article Repository/2015/7261654/7306442","F","","false","false","false","0","true","false",""
"C: no evidence of references","Journal Article","2015","10.5594/j18589i","10.5594-j18589i","orig-research","Journal Article Repository/2015/7261654/7306442","F","","false","false","false","0","true","false",""
"C: no evidence of references","Journal Article","2015","10.5594/j18589j","10.5594-j18589j","orig-research","Journal Article Repository/2015/7261654/7306442","F","","false","false","false","0","true","false",""
"C: no evidence of references","Journal Article","2015","10.5594/j18595","10.5594-j18595","orig-research","Journal Article Repository/2015/7261654/7306442","F","","false","false","false","0","true","false",""
"C: no evidence of references","Journal Article","2015","10.5594/j18620k","10.5594-j18620k","orig-research","Journal Article Repository/2015/7261654/7306389","F","","false","false","false","0","true","false",""
"C: no evidence of references","Journal Article","2016","10.5594/j18692","10.5594-j18692","orig-research","Journal Article Repository/2016/7261654/7436716","F","","false","false","false","0","true","false",""
"C: no evidence of references","Journal Article","2016","10.5594/JMI.2016.2571578","10.5594-JMI.2016.2571578","orig-research","Journal Article Repository/2016/7261654/7514283","F","","false","false","false","0","true","false",""
"C: no evidence of references","Journal Article","2016","10.5594/JMI.2016.2571579","10.5594-JMI.2016.2571579","orig-research","Journal Article Repository/2016/7261654/7514283","F","","false","false","false","0","true","false",""
"C: no evidence of references","Journal Article","2016","10.5594/JMI.2016.2578818","10.5594-JMI.2016.2578818","orig-research","Journal Article Repository/2016/7261654/7571196","F","","false","false","false","0","true","false",""
"C: no evidence of references","Journal Article","2016","10.5594/JMI.2016.2578819","10.5594-JMI.2016.2578819","orig-research","Journal Article Repository/2016/7261654/7571196","F","","false","false","false","0","true","false",""
"C: no evidence of references","Journal Article","2016","10.5594/JMI.2016.2579959","10.5594-JMI.2016.2579959","orig-research","Journal Article Repository/2016/7261654/7571196","F","","false","false","false","0","true","false",""
"C: no evidence of references","Journal Article","2016","10.5594/JMI.2016.2584298","10.5594-JMI.2016.2584298","orig-research","Journal Article Repository/2016/7261654/7571196","F","","false","false","false","0","true","false",""
"C: no evidence of references","Journal Article","2016","10.5594/JMI.2016.2584300","10.5594-JMI.2016.2584300","orig-research","Journal Article Repository/2016/7261654/7571196","F","","false","false","false","0","true","false",""
"C: no evidence of references","Journal Article","2016","10.5594/JMI.2016.2588958","10.5594-JMI.2016.2588958","orig-research","Journal Article Repository/2016/7261654/7571196","F","","false","false","false","0","true","false",""
"C: no evidence of references","Journal Article","2016","10.5594/JMI.2016.2589161","10.5594-JMI.2016.2589161","orig-research","Journal Article Repository/2016/7261654/7571196","F","","false","false","false","0","true","false",""
"C: no evidence of references","Journal Article","2016","10.5594/JMI.2016.2589618","10.5594-JMI.2016.2589618","orig-research","Journal Article Repository/2016/7261654/7723944","F","","false","false","false","0","true","false",""
"C: no evidence of references","Journal Article","2016","10.5594/JMI.2016.2592261","10.5594-JMI.2016.2592261","orig-research","Journal Article Repository/2016/7261654/7723944","F","","false","false","false","0","true","false",""
"C: no evidence of references","Journal Article","2016","10.5594/JMI.2016.2592279","10.5594-JMI.2016.2592279","orig-research","Journal Article Repository/2016/7261654/7723944","F","","false","false","false","0","true","false",""
"C: no evidence of references","Journal Article","2016","10.5594/JMI.2016.2592300","10.5594-JMI.2016.2592300","orig-research","Journal Article Repository/2016/7261654/7723944","F","","false","false","false","0","true","false",""
"C: no evidence of references","Journal Article","2016","10.5594/JMI.2016.2592338","10.5594-JMI.2016.2592338","orig-research","Journal Article Repository/2016/7261654/7723944","F","","false","false","false","0","true","false",""
"C: no evidence of references","Journal Article","2016","10.5594/JMI.2016.2593937","10.5594-JMI.2016.2593937","orig-research","Journal Article Repository/2016/7261654/7723944","F","","false","false","false","0","true","false",""
"C: no evidence of references","Journal Article","2016","10.5594/JMI.2016.2598689","10.5594-JMI.2016.2598689","orig-research","Journal Article Repository/2016/7261654/7723944","F","","false","false","false","0","true","false",""
"C: no evidence of references","Journal Article","2016","10.5594/JMI.2016.2599105","10.5594-JMI.2016.2599105","orig-research","Journal Article Repository/2016/7261654/7571196","F","","false","false","false","0","true","false",""
"C: no evidence of references","Journal Article","2016","10.5594/JMI.2016.2599118","10.5594-JMI.2016.2599118","orig-research","Journal Article Repository/2016/7261654/7571196","F","","false","false","false","0","true","false",""
"C: no evidence of references","Journal Article","2016","10.5594/JMI.2016.2602119","10.5594-JMI.2016.2602119","orig-research","Journal Article Repository/2016/7261654/7736163","F","","false","false","false","0","true","false",""
"C: no evidence of references","Journal Article","2016","10.5594/JMI.2016.2602122","10.5594-JMI.2016.2602122","orig-research","Journal Article Repository/2016/7261654/7736163","F","","false","false","false","0","true","false",""
"C: no evidence of references","Journal Article","2017","10.5594/JMI.2017.2698959","10.5594-JMI.2017.2698959","orig-research","Journal Article Repository/2017/7261654/7963900","F","","false","false","false","0","true","false",""
"C: no evidence of references","Journal Article","2017","10.5594/JMI.2017.2718859","10.5594-JMI.2017.2718859","orig-research","Journal Article Repository/2017/7261654/8015203","F","","false","false","false","0","true","false",""
"C: no evidence of references","Journal Article","2017","10.5594/JMI.2017.2718860","10.5594-JMI.2017.2718860","orig-research","Journal Article Repository/2017/7261654/8015203","F","","false","false","false","0","true","false",""
"C: no evidence of references","Journal Article","2017","10.5594/JMI.2017.2718862","10.5594-JMI.2017.2718862","orig-research","Journal Article Repository/2017/7261654/8015203","F","","false","false","false","0","true","false",""
"C: no evidence of references","Journal Article","2017","10.5594/JMI.2017.2721778","10.5594-JMI.2017.2721778","orig-research","Journal Article Repository/2017/7261654/8015203","F","","false","false","false","0","true","false",""
"C: no evidence of references","Journal Article","2017","10.5594/JMI.2017.2721798","10.5594-JMI.2017.2721798","orig-research","Journal Article Repository/2017/7261654/8015203","F","","false","false","false","0","true","false",""
"C: no evidence of references","Journal Article","2017","10.5594/JMI.2017.2723178","10.5594-JMI.2017.2723178","orig-research","Journal Article Repository/2017/7261654/8015203","F","","false","false","false","0","true","false",""
"C: no evidence of references","Journal Article","2017","10.5594/JMI.2017.2723198","10.5594-JMI.2017.2723198","orig-research","Journal Article Repository/2017/7261654/8015203","F","","false","false","false","0","true","false",""
"C: no evidence of references","Journal Article","2017","10.5594/JMI.2017.2724644","10.5594-JMI.2017.2724644","orig-research","Journal Article Repository/2017/7261654/8015203","F","","false","false","false","0","true","false",""
"C: no evidence of references","Journal Article","2017","10.5594/JMI.2017.2724645","10.5594-JMI.2017.2724645","orig-research","Journal Article Repository/2017/7261654/8015203","F","","false","false","false","0","true","false",""
"C: no evidence of references","Journal Article","2017","10.5594/JMI.2017.2724647","10.5594-JMI.2017.2724647","orig-research","Journal Article Repository/2017/7261654/8015203","F","","false","false","false","0","true","false",""
"C: no evidence of references","Journal Article","2017","10.5594/JMI.2017.2743839","10.5594-JMI.2017.2743839","orig-research","Journal Article Repository/2017/7261654/8100758","F","","false","false","false","0","true","false",""
"C: no evidence of references","Journal Article","2018","10.5594/JMI.2017.2762778","10.5594-JMI.2017.2762778","orig-research","Journal Article Repository/2018/7261654/8272515","F","","false","false","false","0","true","false",""
"C: no evidence of references","Journal Article","2018","10.5594/JMI.2017.2786421","10.5594-JMI.2017.2786421","orig-research","Journal Article Repository/2018/7261654/8304826","F","","false","false","false","0","true","false",""
"C: no evidence of references","Journal Article","2018","10.5594/JMI.2018.2813199","10.5594-JMI.2018.2813199","orig-research","Journal Article Repository/2018/7261654/8370805","F","","false","false","false","0","true","false",""
"C: no evidence of references","Journal Article","2018","10.5594/JMI.2018.2823038","10.5594-JMI.2018.2823038","orig-research","Journal Article Repository/2018/7261654/8370805","F","","false","false","false","0","true","false",""
"C: no evidence of references","Journal Article","2018","10.5594/JMI.2018.2832003","10.5594-JMI.2018.2832003","orig-research","Journal Article Repository/2018/7261654/8395446","F","","false","false","false","0","true","false",""
"C: no evidence of references","Journal Article","2018","10.5594/JMI.2018.2839918","10.5594-JMI.2018.2839918","orig-research","Journal Article Repository/2018/7261654/8444985","F","","false","false","false","0","true","false",""
"C: no evidence of references","Journal Article","2018","10.5594/JMI.2018.2839920","10.5594-JMI.2018.2839920","orig-research","Journal Article Repository/2018/7261654/8444985","F","","false","false","false","0","true","false",""
"C: no evidence of references","Journal Article","2018","10.5594/JMI.2018.2841207","10.5594-JMI.2018.2841207","orig-research","Journal Article Repository/2018/7261654/8444985","F","","false","false","false","0","true","false",""
"C: no evidence of references","Journal Article","2018","10.5594/JMI.2018.2841218","10.5594-JMI.2018.2841218","orig-research","Journal Article Repository/2018/7261654/8444985","F","","false","false","false","0","true","false",""
"C: no evidence of references","Journal Article","2018","10.5594/JMI.2018.2845638","10.5594-JMI.2018.2845638","orig-research","Journal Article Repository/2018/7261654/8444985","F","","false","false","false","0","true","false",""
"C: no evidence of references","Journal Article","2018","10.5594/JMI.2018.2847568","10.5594-JMI.2018.2847568","orig-research","Journal Article Repository/2018/7261654/8444985","F","","false","false","false","0","true","false",""
"C: no evidence of references","Journal Article","2018","10.5594/JMI.2018.2847998","10.5594-JMI.2018.2847998","orig-research","Journal Article Repository/2018/7261654/8444985","F","","false","false","false","0","true","false",""
"C: no evidence of references","Journal Article","2018","10.5594/JMI.2018.2849658","10.5594-JMI.2018.2849658","orig-research","Journal Article Repository/2018/7261654/8444985","F","","false","false","false","0","true","false",""
"C: no evidence of references","Journal Article","2018","10.5594/JMI.2018.2849659","10.5594-JMI.2018.2849659","orig-research","Journal Article Repository/2018/7261654/8444985","F","","false","false","false","0","true","false",""
"C: no evidence of references","Journal Article","2018","10.5594/JMI.2018.2850398","10.5594-JMI.2018.2850398","orig-research","Journal Article Repository/2018/7261654/8444985","F","","false","false","false","0","true","false",""
"C: no evidence of references","Journal Article","2018","10.5594/JMI.2018.2850418","10.5594-JMI.2018.2850418","orig-research","Journal Article Repository/2018/7261654/8444985","F","","false","false","false","0","true","false",""
"C: no evidence of references","Journal Article","2018","10.5594/JMI.2018.2850998","10.5594-JMI.2018.2850998","orig-research","Journal Article Repository/2018/7261654/8444985","F","","false","false","false","0","true","false",""
"C: no evidence of references","Journal Article","2018","10.5594/JMI.2018.2851118","10.5594-JMI.2018.2851118","orig-research","Journal Article Repository/2018/7261654/8444985","F","","false","false","false","0","true","false",""
"C: no evidence of references","Journal Article","2019","10.5594/JMI.2018.2887287","10.5594-JMI.2018.2887287","orig-research","Journal Article Repository/2019/7261654/8651571","F","","false","false","false","0","true","false",""
"C: no evidence of references","Journal Article","2019","10.5594/JMI.2019.2918975","10.5594-JMI.2019.2918975","orig-research","Journal Article Repository/2019/7261654/8807387","F","","false","false","false","0","true","false",""
"C: no evidence of references","Journal Article","2019","10.5594/JMI.2019.2918976","10.5594-JMI.2019.2918976","orig-research","Journal Article Repository/2019/7261654/8807387","F","","false","false","false","0","true","false",""
"C: no evidence of references","Journal Article","2019","10.5594/JMI.2019.2919088","10.5594-JMI.2019.2919088","orig-research","Journal Article Repository/2019/7261654/8807387","F","","false","false","false","0","true","false",""
"C: no evidence of references","Journal Article","2019","10.5594/JMI.2019.2919208","10.5594-JMI.2019.2919208","orig-research","Journal Article Repository/2019/7261654/8807387","F","","false","false","false","0","true","false",""
"C: no evidence of references","Journal Article","2019","10.5594/JMI.2019.2920767","10.5594-JMI.2019.2920767","orig-research","Journal Article Repository/2019/7261654/8807387","F","","false","false","false","0","true","false",""
"C: no evidence of references","Journal Article","2019","10.5594/JMI.2019.2922085","10.5594-JMI.2019.2922085","orig-research","Journal Article Repository/2019/7261654/8807387","F","","false","false","false","0","true","false",""
"C: no evidence of references","Journal Article","2019","10.5594/JMI.2019.2924298","10.5594-JMI.2019.2924298","orig-research","Journal Article Repository/2019/7261654/8807387","F","","false","false","false","0","true","false",""
"C: no evidence of references","Journal Article","2019","10.5594/JMI.2019.2924299","10.5594-JMI.2019.2924299","orig-research","Journal Article Repository/2019/7261654/8807387","F","","false","false","false","0","true","false",""
"C: no evidence of references","Journal Article","2019","10.5594/JMI.2019.2924336","10.5594-JMI.2019.2924336","orig-research","Journal Article Repository/2019/7261654/8807387","F","","false","false","false","0","true","false",""
"C: no evidence of references","Journal Article","2019","10.5594/JMI.2019.2924813","10.5594-JMI.2019.2924813","orig-research","Journal Article Repository/2019/7261654/8807387","F","","false","false","false","0","true","false",""
"C: no evidence of references","Journal Article","2019","10.5594/JMI.2019.2924814","10.5594-JMI.2019.2924814","orig-research","Journal Article Repository/2019/7261654/8807387","F","","false","false","false","0","true","false",""
"C: no evidence of references","Journal Article","2019","10.5594/JMI.2019.2925232","10.5594-JMI.2019.2925232","orig-research","Journal Article Repository/2019/7261654/8807387","F","","false","false","false","0","true","false",""
"C: no evidence of references","Journal Article","2019","10.5594/JMI.2019.2932209","10.5594-JMI.2019.2932209","orig-research","Journal Article Repository/2019/7261654/8846788","F","","false","false","false","0","true","false",""
"C: no evidence of references","Journal Article","2019","10.5594/JMI.2019.2933757","10.5594-JMI.2019.2933757","orig-research","Journal Article Repository/2019/7261654/8846788","F","","false","false","false","0","true","false",""
"C: no evidence of references","Journal Article","2020","10.5594/JMI.2020.2976257","10.5594-JMI.2020.2976257","orig-research","Journal Article Repository/2020/7261654/9068328","F","","false","false","false","0","true","false",""
"C: no evidence of references","Journal Article","2020","10.5594/JMI.2020.2990613","10.5594-JMI.2020.2990613","orig-research","Journal Article Repository/2020/7261654/9109586","F","","false","false","false","0","true","false",""
"C: no evidence of references","Journal Article","2020","10.5594/JMI.2020.2995253","10.5594-JMI.2020.2995253","orig-research","Journal Article Repository/2020/7261654/9136808","F","","false","false","false","0","true","false",""
"C: no evidence of references","Journal Article","2020","10.5594/JMI.2020.3001773","10.5594-JMI.2020.3001773","orig-research","Journal Article Repository/2020/7261654/9184288","F","","false","false","false","0","true","false",""
"C: no evidence of references","Journal Article","2020","10.5594/JMI.2020.3001777","10.5594-JMI.2020.3001777","orig-research","Journal Article Repository/2020/7261654/9184288","F","","false","false","false","0","true","false",""
"C: no evidence of references","Journal Article","2020","10.5594/JMI.2020.3002297","10.5594-JMI.2020.3002297","orig-research","Journal Article Repository/2020/7261654/9184288","F","","false","false","false","0","true","false",""
"C: no evidence of references","Journal Article","2020","10.5594/JMI.2020.3002304","10.5594-JMI.2020.3002304","orig-research","Journal Article Repository/2020/7261654/9184288","F","","false","false","false","0","true","false",""
"C: no evidence of references","Journal Article","2020","10.5594/JMI.2020.3002305","10.5594-JMI.2020.3002305","orig-research","Journal Article Repository/2020/7261654/9184288","F","","false","false","false","0","true","false",""
"C: no evidence of references","Journal Article","2020","10.5594/JMI.2020.3002306","10.5594-JMI.2020.3002306","orig-research","Journal Article Repository/2020/7261654/9184288","F","","false","false","false","0","true","false",""
"C: no evidence of references","Journal Article","2020","10.5594/JMI.2020.3002673","10.5594-JMI.2020.3002673","orig-research","Journal Article Repository/2020/7261654/9184288","F","","false","false","false","0","true","false",""
"C: no evidence of references","Journal Article","2020","10.5594/JMI.2020.3002675","10.5594-JMI.2020.3002675","orig-research","Journal Article Repository/2020/7261654/9184288","F","","false","false","false","0","true","false",""
"C: no evidence of references","Journal Article","2020","10.5594/JMI.2020.3002676","10.5594-JMI.2020.3002676","orig-research","Journal Article Repository/2020/7261654/9184288","F","","false","false","false","0","true","false",""
"C: no evidence of references","Journal Article","2020","10.5594/JMI.2020.3003201","10.5594-JMI.2020.3003201","orig-research","Journal Article Repository/2020/7261654/9184288","F","","false","false","false","0","true","false",""
"C: no evidence of references","Journal Article","2020","10.5594/JMI.2020.3003202","10.5594-JMI.2020.3003202","orig-research","Journal Article Repository/2020/7261654/9184288","F","","false","false","false","0","true","false",""
"C: no evidence of references","Journal Article","2020","10.5594/JMI.2020.3008352","10.5594-JMI.2020.3008352","orig-research","Journal Article Repository/2020/7261654/9184288","F","","false","false","false","0","true","false",""
"C: no evidence of references","Journal Article","2020","10.5594/JMI.2020.3008549","10.5594-JMI.2020.3008549","orig-research","Journal Article Repository/2020/7261654/9184288","F","","false","false","false","0","true","false",""
"C: no evidence of references","Journal Article","2020","10.5594/JMI.2020.3009548","10.5594-JMI.2020.3009548","orig-research","Journal Article Repository/2020/7261654/9184288","F","","false","false","false","0","true","false",""
"C: no evidence of references","Journal Article","2020","10.5594/JMI.2020.3009549","10.5594-JMI.2020.3009549","orig-research","Journal Article Repository/2020/7261654/9184288","F","","false","false","false","0","true","false",""
"C: no evidence of references","Journal Article","2020","10.5594/JMI.2020.3011530","10.5594-JMI.2020.3011530","orig-research","Journal Article Repository/2020/7261654/9184288","F","","false","false","false","0","true","false",""
"C: no evidence of references","Journal Article","2020","10.5594/JMI.2020.3024028","10.5594-JMI.2020.3024028","orig-research","Journal Article Repository/2020/7261654/9256368","F","","false","false","false","0","true","false",""
"C: no evidence of references","Journal Article","2021","10.5594/JMI.2021.3050661","10.5594-JMI.2021.3050661","orig-research","Journal Article Repository/2021/7261654/9363030","F","","false","false","false","0","true","false",""
"C: no evidence of references","Journal Article","2021","10.5594/JMI.2021.3090160","10.5594-JMI.2021.3090160","orig-research","Journal Article Repository/2021/7261654/9540011","F","","false","false","false","0","true","false",""
"C: no evidence of references","Journal Article","2021","10.5594/JMI.2021.3090162","10.5594-JMI.2021.3090162","orig-research","Journal Article Repository/2021/7261654/9540011","F","","false","false","false","0","true","false",""
"C: no evidence of references","Journal Article","2021","10.5594/JMI.2021.3090169","10.5594-JMI.2021.3090169","orig-research","Journal Article Repository/2021/7261654/9540011","F","","false","false","false","0","true","false",""
"C: no evidence of references","Journal Article","2021","10.5594/JMI.2021.3090926","10.5594-JMI.2021.3090926","orig-research","Journal Article Repository/2021/7261654/9540011","F","","false","false","false","0","true","false",""
"C: no evidence of references","Journal Article","2021","10.5594/JMI.2021.3091199","10.5594-JMI.2021.3091199","orig-research","Journal Article Repository/2021/7261654/9540011","F","","false","false","false","0","true","false",""
"C: no evidence of references","Journal Article","2021","10.5594/JMI.2021.3091211","10.5594-JMI.2021.3091211","orig-research","Journal Article Repository/2021/7261654/9540011","F","","false","false","false","0","true","false",""
"C: no evidence of references","Journal Article","2021","10.5594/JMI.2021.3091217","10.5594-JMI.2021.3091217","orig-research","Journal Article Repository/2021/7261654/9540011","F","","false","false","false","0","true","false",""
"C: no evidence of references","Journal Article","2021","10.5594/JMI.2021.3092776","10.5594-JMI.2021.3092776","orig-research","Journal Article Repository/2021/7261654/9540011","F","","false","false","false","0","true","false",""
"C: no evidence of references","Journal Article","2021","10.5594/JMI.2021.3092782","10.5594-JMI.2021.3092782","orig-research","Journal Article Repository/2021/7261654/9540011","F","","false","false","false","0","true","false",""
"C: no evidence of references","Journal Article","2021","10.5594/JMI.2021.3095058","10.5594-JMI.2021.3095058","orig-research","Journal Article Repository/2021/7261654/9540011","F","","false","false","false","0","true","false",""
"C: no evidence of references","Journal Article","2021","10.5594/JMI.2021.3095079","10.5594-JMI.2021.3095079","orig-research","Journal Article Repository/2021/7261654/9540011","F","","false","false","false","0","true","false",""
"C: no evidence of references","Journal Article","2021","10.5594/JMI.2021.3096791","10.5594-JMI.2021.3096791","orig-research","Journal Article Repository/2021/7261654/9540011","F","","false","false","false","0","true","false",""
"C: no evidence of references","Journal Article","2021","10.5594/JMI.2021.3096866","10.5594-JMI.2021.3096866","orig-research","Journal Article Repository/2021/7261654/9540011","F","","false","false","false","0","true","false",""
"C: no evidence of references","Journal Article","2021","10.5594/JMI.2021.3100880","10.5594-JMI.2021.3100880","orig-research","Journal Article Repository/2021/7261654/9540011","F","","false","false","false","0","true","false",""
"C: no evidence of references","Journal Article","2021","10.5594/JMI.2021.3101566","10.5594-JMI.2021.3101566","orig-research","Journal Article Repository/2021/7261654/9540011","F","","false","false","false","0","true","false",""
"C: no evidence of references","Journal Article","2022","10.5594/JMI.2021.3130943","10.5594-JMI.2021.3130943","orig-research","Journal Article Repository/2022/7261654/9691399","F","","false","false","false","0","true","false",""
"C: no evidence of references","Journal Article","2022","10.5594/JMI.2021.3134997","10.5594-JMI.2021.3134997","orig-research","Journal Article Repository/2022/7261654/9691399","F","","false","false","false","0","true","false",""
"C: no evidence of references","Journal Article","2022","10.5594/JMI.2022.3144011","10.5594-JMI.2022.3144011","orig-research","Journal Article Repository/2022/7261654/9732494","F","","false","false","false","0","true","false",""
"C: no evidence of references","Journal Article","2022","10.5594/JMI.2022.3146466","10.5594-JMI.2022.3146466","orig-research","Journal Article Repository/2022/7261654/9732494","F","","false","false","false","0","true","false",""
"C: no evidence of references","Journal Article","2022","10.5594/JMI.2022.3184702","10.5594-JMI.2022.3184702","orig-research","Journal Article Repository/2022/7261654/9868266","F","","false","false","false","0","true","false",""
"C: no evidence of references","Journal Article","2022","10.5594/JMI.2022.3184715","10.5594-JMI.2022.3184715","orig-research","Journal Article Repository/2022/7261654/9868266","F","","false","false","false","0","true","false",""
"C: no evidence of references","Journal Article","2022","10.5594/JMI.2022.3186059","10.5594-JMI.2022.3186059","orig-research","Journal Article Repository/2022/7261654/9868266","F","","false","false","false","0","true","false",""
"C: no evidence of references","Journal Article","2022","10.5594/JMI.2022.3187691","10.5594-JMI.2022.3187691","orig-research","Journal Article Repository/2022/7261654/9868266","F","","false","false","false","0","true","false",""
"C: no evidence of references","Journal Article","2022","10.5594/JMI.2022.3188047","10.5594-JMI.2022.3188047","orig-research","Journal Article Repository/2022/7261654/9868266","F","","false","false","false","0","true","false",""
"C: no evidence of references","Journal Article","2022","10.5594/JMI.2022.3190520","10.5594-JMI.2022.3190520","orig-research","Journal Article Repository/2022/7261654/9868266","F","","false","false","false","0","true","false",""
"C: no evidence of references","Journal Article","2022","10.5594/JMI.2022.3190918","10.5594-JMI.2022.3190918","orig-research","Journal Article Repository/2022/7261654/9868266","F","","false","false","false","0","true","false",""
"C: no evidence of references","Journal Article","2022","10.5594/JMI.2022.3192057","10.5594-JMI.2022.3192057","orig-research","Journal Article Repository/2022/7261654/9868266","F","","false","false","false","0","true","false",""
"C: no evidence of references","Journal Article","2022","10.5594/JMI.2022.3192059","10.5594-JMI.2022.3192059","orig-research","Journal Article Repository/2022/7261654/9868266","F","","false","false","false","0","true","false",""
"C: no evidence of references","Journal Article","2022","10.5594/JMI.2022.3192073","10.5594-JMI.2022.3192073","orig-research","Journal Article Repository/2022/7261654/9868266","F","","false","false","false","0","true","false",""
"C: no evidence of references","Journal Article","2022","10.5594/JMI.2022.3192841","10.5594-JMI.2022.3192841","orig-research","Journal Article Repository/2022/7261654/9868266","F","","false","false","false","0","true","false",""
"C: no evidence of references","Journal Article","2022","10.5594/JMI.2022.3195253","10.5594-JMI.2022.3195253","orig-research","Journal Article Repository/2022/7261654/9906016","F","","false","false","false","0","true","false",""
"C: no evidence of references","Journal Article","2022","10.5594/JMI.2022.3196438","10.5594-JMI.2022.3196438","orig-research","Journal Article Repository/2022/7261654/9868266","F","","false","false","false","0","true","false",""
"C: no evidence of references","Journal Article","2022","10.5594/JMI.2022.3207811","10.5594-JMI.2022.3207811","orig-research","Journal Article Repository/2022/7261654/9962270","F","","false","false","false","0","true","false",""
"C: no evidence of references","Journal Article","2023","10.5594/JMI.2023.3288905","10.5594-JMI.2023.3288905","orig-research","Journal Article Repository/2023/7261654/10243412","F","","false","false","false","0","true","false",""
"C: no evidence of references","Journal Article","2023","10.5594/JMI.2023.3288906","10.5594-JMI.2023.3288906","orig-research","Journal Article Repository/2023/7261654/10243412","F","","false","false","false","0","true","false",""
"C: no evidence of references","Journal Article","2023","10.5594/JMI.2023.3288913","10.5594-JMI.2023.3288913","orig-research","Journal Article Repository/2023/7261654/10243412","F","","false","false","false","0","true","false",""
"C: no evidence of references","Journal Article","2023","10.5594/JMI.2023.3292951","10.5594-JMI.2023.3292951","orig-research","Journal Article Repository/2023/7261654/10243412","F","","false","false","false","0","true","false",""
"C: no evidence of references","Journal Article","2023","10.5594/JMI.2023.3293141","10.5594-JMI.2023.3293141","orig-research","Journal Article Repository/2023/7261654/10243412","F","","false","false","false","0","true","false",""
"C: no evidence of references","Journal Article","2023","10.5594/JMI.2023.3295458","10.5594-JMI.2023.3295458","orig-research","Journal Article Repository/2023/7261654/10243412","F","","false","false","false","0","true","false",""
"C: no evidence of references","Journal Article","2023","10.5594/JMI.2023.3295459","10.5594-JMI.2023.3295459","orig-research","Journal Article Repository/2023/7261654/10243412","F","","false","false","false","0","true","false",""
"C: no evidence of references","Journal Article","2023","10.5594/JMI.2023.3295469","10.5594-JMI.2023.3295469","orig-research","Journal Article Repository/2023/7261654/10243412","F","","false","false","false","0","true","false",""
"C: no evidence of references","Journal Article","2023","10.5594/JMI.2023.3295481","10.5594-JMI.2023.3295481","orig-research","Journal Article Repository/2023/7261654/10243412","F","","false","false","false","0","true","false",""
"C: no evidence of references","Journal Article","2023","10.5594/JMI.2023.3296119","10.5594-JMI.2023.3296119","orig-research","Journal Article Repository/2023/7261654/10243412","F","","false","false","false","0","true","false",""
"C: no evidence of references","Journal Article","2023","10.5594/JMI.2023.3296121","10.5594-JMI.2023.3296121","orig-research","Journal Article Repository/2023/7261654/10243412","F","","false","false","false","0","true","false",""
"C: no evidence of references","Journal Article","2023","10.5594/JMI.2023.3296834","10.5594-JMI.2023.3296834","orig-research","Journal Article Repository/2023/7261654/10243412","F","","false","false","false","0","true","false",""
"C: no evidence of references","Journal Article","2023","10.5594/JMI.2023.3297239","10.5594-JMI.2023.3297239","orig-research","Journal Article Repository/2023/7261654/10243412","F","","false","false","false","0","true","false",""
"C: no evidence of references","Journal Article","2023","10.5594/JMI.2023.3297240","10.5594-JMI.2023.3297240","orig-research","Journal Article Repository/2023/7261654/10243412","F","","false","false","false","0","true","false",""
"C: no evidence of references","Journal Article","2023","10.5594/JMI.2023.3300016","10.5594-JMI.2023.3300016","orig-research","Journal Article Repository/2023/7261654/10243412","F","","false","false","false","0","true","false",""
"C: no evidence of references","Journal Article","2023","10.5594/JMI.2023.3321102","10.5594-JMI.2023.3321102","orig-research","Journal Article Repository/2023/7261654/10319887","F","","false","false","false","0","true","false",""
