path,shape,doi,title,articleType,year,articleId
_source/SMPTE/Conference Repository/Conference Papers/1969/7261454/7261455/07261456.xml,publication,10.5594/M00918,Foreword,orig-research,1969,0b000064849f99b9
_source/SMPTE/Conference Repository/Conference Papers/1969/7261454/7261455/07261457.xml,publication,10.5594/M00919,Super 8: Whither Bound&#x003F;,orig-research,1969,0b000064849f99ba
_source/SMPTE/Conference Repository/Conference Papers/1969/7261454/7261455/07261458.xml,publication,10.5594/M00920,The Evolution of Quality in 8mm Prints,orig-research,1969,0b000064849f99bb
_source/SMPTE/Conference Repository/Conference Papers/1969/7261454/7261455/07261459.xml,publication,10.5594/M00921,8mm Cartridge/Cassette/Film Standardization,orig-research,1969,0b000064849f99bc
_source/SMPTE/Conference Repository/Conference Papers/1969/7261454/7261455/07261460.xml,publication,10.5594/M00922,Parameters for Super 8 Optical Sound,orig-research,1969,0b000064849f99bd
_source/SMPTE/Conference Repository/Conference Papers/1969/7261454/7261455/07261461.xml,publication,10.5594/M00923,16mm and Super 8: Noncompetitive Media,orig-research,1969,0b000064849f99be
_source/SMPTE/Conference Repository/Conference Papers/1969/7261454/7261455/07261462.xml,publication,10.5594/M00924,Lack of Standardization on Hardware in Super 8,orig-research,1969,0b000064849f99f1
_source/SMPTE/Conference Repository/Conference Papers/1969/7261454/7261455/07261463.xml,publication,10.5594/M00925,8mm Printing Systems,orig-research,1969,0b000064849f99f2
_source/SMPTE/Conference Repository/Conference Papers/1969/7261454/7261455/07261464.xml,publication,10.5594/M00926,A Super 8 Projection Cartridge System for Automatic Loading and Operation,orig-research,1969,0b000064849f99f3
_source/SMPTE/Conference Repository/Conference Papers/1969/7261454/7261455/07261465.xml,publication,10.5594/M00927,The Future of Super 8 in the Department of Defense,orig-research,1969,0b000064849f99f4
_source/SMPTE/Conference Repository/Conference Papers/1969/7261454/7261455/07261466.xml,publication,10.5594/M00928,Super 8: A Producer&#x0027;s Viewpoint,orig-research,1969,0b000064849f99f5
_source/SMPTE/Conference Repository/Conference Papers/1969/7261454/7261455/07261467.xml,publication,10.5594/M00929,The Standardization of the Super 8 System,orig-research,1969,0b000064849f99f6
_source/SMPTE/Conference Repository/Conference Papers/1969/7261454/7261455/07261468.xml,publication,10.5594/M00930,The Possibilities and Advantages of 8mm Film in the Educational Field,orig-research,1969,0b000064849f99f7
_source/SMPTE/Conference Repository/Conference Papers/1969/7261454/7261455/07261469.xml,publication,10.5594/M00931,Loop Projectors and Optical Sound,orig-research,1969,0b000064849f99f8
_source/SMPTE/Conference Repository/Conference Papers/1969/7261454/7261455/07261470.xml,publication,10.5594/M00932,The Bell &#x0026; Howell 8mm Cartridge Projection System,orig-research,1969,0b000064849f99f9
_source/SMPTE/Conference Repository/Conference Papers/1969/7261454/7261455/07261471.xml,publication,10.5594/M00933,Panel Discussion: Super 8 Production Techniques,orig-research,1969,0b000064849f99fa
_source/SMPTE/Conference Repository/Conference Papers/1969/7261454/7261455/07261472.xml,publication,10.5594/M00934,Standards on the Super 8 System,orig-research,1969,0b000064849f9a2d
_source/SMPTE/Conference Repository/Conference Papers/1969/7261454/7261455/07261473.xml,publication,10.5594/M00935,Bibliography,orig-research,1969,0b000064849f9a2e
_source/SMPTE/Conference Repository/Conference Papers/1970/7261391/7261392/07261393.xml,publication,10.5594/M00688,Foreword,orig-research,1970,0b000064849f9842
_source/SMPTE/Conference Repository/Conference Papers/1970/7261391/7261392/07261394.xml,publication,10.5594/M00689,"Remarks before the SMPTE, October 8, 1970",orig-research,1970,0b000064849f9843
_source/SMPTE/Conference Repository/Conference Papers/1970/7261391/7261392/07261395.xml,publication,10.5594/M00690,Broadband Communications: A View from the CAT-bird Seat,orig-research,1970,0b000064849f9844
_source/SMPTE/Conference Repository/Conference Papers/1970/7261391/7261392/07261396.xml,publication,10.5594/M00691,Panel Discussion: The Coming Software Explosion for Cable Television,orig-research,1970,0b000064849f9845
_source/SMPTE/Conference Repository/Conference Papers/1970/7261391/7261392/07261397.xml,publication,10.5594/M00692,"Ground Stations, the CATV Satellite Interface",orig-research,1970,0b000064849f9846
_source/SMPTE/Conference Repository/Conference Papers/1970/7261391/7261392/07261398.xml,publication,10.5594/M00693,Local Programing on Film for Cable Television,orig-research,1970,0b000064849f9847
_source/SMPTE/Conference Repository/Conference Papers/1970/7261391/7261392/07261399.xml,publication,10.5594/M00694,Cable Television Needs a Complete Super-8 Film System,orig-research,1970,0b000064849f9848
_source/SMPTE/Conference Repository/Conference Papers/1970/7261391/7261392/07261400.xml,publication,10.5594/M00695,Automatic Programing for Cable Television,orig-research,1970,0b000064849f9849
_source/SMPTE/Conference Repository/Conference Papers/1970/7261391/7261392/07261401.xml,publication,10.5594/M00696,Suggested Technical Standards for CATV Program Origination,orig-research,1970,0b000064849f984a
_source/SMPTE/Conference Repository/Conference Papers/1970/7261391/7261392/07261402.xml,publication,10.5594/M00697,Chrominance/Luminance Crosstalk in Cable Television Demodulators,orig-research,1970,0b000064849f987d
_source/SMPTE/Conference Repository/Conference Papers/1970/7261391/7261392/07261403.xml,publication,10.5594/M00698,A Color Camera Designed for Cable Television,orig-research,1970,0b000064849f987e
_source/SMPTE/Conference Repository/Conference Papers/1970/7261391/7261392/07261404.xml,publication,10.5594/M00699,Simplified Color Slide TV Camera System for Cable Television,orig-research,1970,0b000064849f987f
_source/SMPTE/Conference Repository/Conference Papers/1970/7261391/7261392/07261405.xml,publication,10.5594/M00700,Operation and Control of the Professional-Type Color Camera through CATV Cable,orig-research,1970,0b000064849f9880
_source/SMPTE/Conference Repository/Conference Papers/1970/7261391/7261392/07261406.xml,publication,10.5594/M00701,Coaxial Cable for Municipal Services,orig-research,1970,0b000064849f9881
_source/SMPTE/Conference Repository/Conference Papers/1970/7261391/7261392/07261407.xml,publication,10.5594/M00702,Utility Meter Reading and the Realization of Two-Way Communications,orig-research,1970,0b000064849f9882
_source/SMPTE/Conference Repository/Conference Papers/1970/7261391/7261392/07261408.xml,publication,10.5594/M00703,Applications for a Bidirectional Broadband Coaxial Cable Communications System,orig-research,1970,0b000064849f9883
_source/SMPTE/Conference Repository/Conference Papers/1970/7261391/7261392/07261409.xml,publication,10.5594/M00704,Interactive Television&#x2014;What it Means to Cable Television,orig-research,1970,0b000064849f9884
_source/SMPTE/Conference Repository/Conference Papers/1970/7261391/7261392/07261410.xml,publication,10.5594/M00705,How Receiver Design Affects Cable Television Performance Specifications,orig-research,1970,0b000064849f9885
_source/SMPTE/Conference Repository/Conference Papers/1970/7261391/7261392/07261411.xml,publication,10.5594/M00706,Receiver/Cable Television Problems and Case Histories,orig-research,1970,0b000064849f9886
_source/SMPTE/Conference Repository/Conference Papers/1970/7261391/7261392/07261412.xml,publication,10.5594/M00707,Panel Discussion: Receiver/Cable Television Interface,orig-research,1970,0b000064849f98c3
_source/SMPTE/Conference Repository/Conference Papers/1971/7261274/7261275/07261276.xml,publication,10.5594/M00176,Foreword,orig-research,1971,0b000064849f9568
_source/SMPTE/Conference Repository/Conference Papers/1971/7261274/7261275/07261277.xml,publication,10.5594/M00177,Socio-Economic Aspects of Videoplayer Systems &#x2014; A Perspective,orig-research,1971,0b000064849f9569
_source/SMPTE/Conference Repository/Conference Papers/1971/7261274/7261275/07261278.xml,publication,10.5594/M00178,Video Cassettes &#x2014; The New Medium,orig-research,1971,0b000064849f956a
_source/SMPTE/Conference Repository/Conference Papers/1971/7261274/7261275/07261279.xml,publication,10.5594/M00179,Video Cassettes &#x2014; Boom or Bust&#x003F;,orig-research,1971,0b000064849f956b
_source/SMPTE/Conference Repository/Conference Papers/1971/7261274/7261275/07261280.xml,publication,10.5594/M00180,Some Reflections on Cassettes and Video Cassettes,orig-research,1971,0b000064849f956c
_source/SMPTE/Conference Repository/Conference Papers/1971/7261274/7261275/07261281.xml,publication,10.5594/M00181,Techniques for Storage and Reproduction of Audio-Visual and Television Programs,orig-research,1971,0b000064849f956d
_source/SMPTE/Conference Repository/Conference Papers/1971/7261274/7261275/07261282.xml,publication,10.5594/M00182,High-Speed Contact Duplication of Video Magnetic Tapes,orig-research,1971,0b000064849f95a0
_source/SMPTE/Conference Repository/Conference Papers/1971/7261274/7261275/07261283.xml,publication,10.5594/M00183,Videoplayer Compatibility with Television Receivers,orig-research,1971,0b000064849f95a1
_source/SMPTE/Conference Repository/Conference Papers/1971/7261274/7261275/07261284.xml,publication,10.5594/M00184,Compatibility and Standardization of Various Systems of Video Cassettes,orig-research,1971,0b000064849f95a2
_source/SMPTE/Conference Repository/Conference Papers/1971/7261274/7261275/07261285.xml,publication,10.5594/M00185,Quebec 1971 and Information by Images,orig-research,1971,0b000064849f95a3
_source/SMPTE/Conference Repository/Conference Papers/1971/7261274/7261275/07261286.xml,publication,10.5594/M00186,"Audio-Visual Methods of Self-Education in the Health Sciences or &#x201C;What You Want, when You Want it, where You Want it, and as Often as You Need it&#x201D;",orig-research,1971,0b000064849f95a4
_source/SMPTE/Conference Repository/Conference Papers/1971/7261274/7261275/07261287.xml,publication,10.5594/M00187,Cable Television Prospects for Cassette Systems,orig-research,1971,0b000064849f95a5
_source/SMPTE/Conference Repository/Conference Papers/1971/7261274/7261275/07261288.xml,publication,10.5594/M00188,Industrial Applications of Videoplayer Systems,orig-research,1971,0b000064849f95a6
_source/SMPTE/Conference Repository/Conference Papers/1971/7261274/7261275/07261289.xml,publication,10.5594/M00189,Another Chance for the Individual (Home Utilization of Video Cassettes),orig-research,1971,0b000064849f95a7
_source/SMPTE/Conference Repository/Conference Papers/1971/7261274/7261275/07261290.xml,publication,10.5594/M00190,The Design Concept of the Sony Color Video Cassette Total System,orig-research,1971,0b000064849f95a8
_source/SMPTE/Conference Repository/Conference Papers/1971/7261274/7261275/07261291.xml,publication,10.5594/M00191,"Super-8 Film: A Universal Input to Video Cassette and Television Systems, Part I: Application Concepts",orig-research,1971,0b000064849f95a9
_source/SMPTE/Conference Repository/Conference Papers/1971/7261274/7261275/07261292.xml,publication,10.5594/M00192,"Super-8 Film: A Universal Input to Video Cassette and Television Systems, Part II: Technical Consideration",orig-research,1971,0b000064849f95dc
_source/SMPTE/Conference Repository/Conference Papers/1971/7261274/7261275/07261293.xml,publication,10.5594/M00193,Color Recording on the Video Disc,orig-research,1971,0b000064849f95dd
_source/SMPTE/Conference Repository/Conference Papers/1971/7261274/7261275/07261294.xml,publication,10.5594/M00194,Panel Discussions: Perspective and Utilization,orig-research,1971,0b000064849f95de
_source/SMPTE/Conference Repository/Conference Papers/1976/7261474/7261475/07261476.xml,publication,10.5594/M00547,Introduction,orig-research,1976,0b000064849f9a31
_source/SMPTE/Conference Repository/Conference Papers/1976/7261474/7261475/07261477.xml,publication,10.5594/M00548,Assembling an Electronic News Gathering System,orig-research,1976,0b000064849f9a32
_source/SMPTE/Conference Repository/Conference Papers/1976/7261474/7261475/07261478.xml,publication,10.5594/M00549,WAGA and ENG,orig-research,1976,0b000064849f9a33
_source/SMPTE/Conference Repository/Conference Papers/1976/7261474/7261475/07261479.xml,publication,10.5594/M00550,Microcam I: A New Concept in the Design of a Portable Color Camera for Broadcast Applications,orig-research,1976,0b000064849f9a34
_source/SMPTE/Conference Repository/Conference Papers/1976/7261474/7261475/07261480.xml,publication,10.5594/M00551,Mini-Cameras,orig-research,1976,0b000064849f9a35
_source/SMPTE/Conference Repository/Conference Papers/1976/7261474/7261475/07261481.xml,publication,10.5594/M00552,A Single Package Portable Color Camera for ENG,orig-research,1976,0b000064849f9a36
_source/SMPTE/Conference Repository/Conference Papers/1976/7261474/7261475/07261482.xml,publication,10.5594/M00553,Micro-Power LSI&#x0027;d Hand Held Color Camera for ENG System,orig-research,1976,0b000064849f9a69
_source/SMPTE/Conference Repository/Conference Papers/1976/7261474/7261475/07261483.xml,publication,10.5594/M00554,New Developments in Electronic News Gathering Equipment,orig-research,1976,0b000064849f9a6a
_source/SMPTE/Conference Repository/Conference Papers/1976/7261474/7261475/07261484.xml,publication,10.5594/M00555,Experimental Production Use of the Canadian Domestic Satellite,orig-research,1976,0b000064849f9a6b
_source/SMPTE/Conference Repository/Conference Papers/1976/7261474/7261475/07261485.xml,publication,10.5594/M00556,Television News Gathering &#x2014; A Balanced Approach,orig-research,1976,0b000064849f9a6c
_source/SMPTE/Conference Repository/Conference Papers/1976/7261474/7261475/07261486.xml,publication,10.5594/M00557,Spectra-TAC Systems for Electronic Newsgathering,orig-research,1976,0b000064849f9a6d
_source/SMPTE/Conference Repository/Conference Papers/1976/7261474/7261475/07261487.xml,publication,10.5594/M00558,Review of Electronic News Gathering Antennas with Multiple Polarization,orig-research,1976,0b000064849f9a6e
_source/SMPTE/Conference Repository/Conference Papers/1976/7261474/7261475/07261488.xml,publication,10.5594/M00559,Microwave Concepts for Electronic News Gathering,orig-research,1976,0b000064849f9a6f
_source/SMPTE/Conference Repository/Conference Papers/1976/7261474/7261475/07261489.xml,publication,10.5594/M00560,Electronic Journalism Editing at NBC,orig-research,1976,0b000064849f9a70
_source/SMPTE/Conference Repository/Conference Papers/1976/7261474/7261475/07261490.xml,publication,10.5594/M00561,"ENG Editing on Helical Video Cassettes: An Inexpensive New Non-Timecode System that is Fast, Flexible and Accurate",orig-research,1976,0b000064849f9a71
_source/SMPTE/Conference Repository/Conference Papers/1976/7261474/7261475/07261491.xml,publication,10.5594/M00562,Transcript of the Panel Discussion on Electronic Newgathering,orig-research,1976,0b000064849f9a72
_source/SMPTE/Conference Repository/Conference Papers/1978/7261295/7261296/07261297.xml,publication,10.5594/M00572,Editor&#x0027;s Foreword,orig-research,1978,0b000064849f95e1
_source/SMPTE/Conference Repository/Conference Papers/1978/7261295/7261296/07261298.xml,publication,10.5594/M00573,An Overview of One-Inch Helical Video Recording,orig-research,1978,0b000064849f95e2
_source/SMPTE/Conference Repository/Conference Papers/1978/7261295/7261296/07261299.xml,publication,10.5594/M00574,Proposed SMPTE Type C Helical-Scan Recording Format: A Subcommittee Report,orig-research,1978,0b000064849f95e3
_source/SMPTE/Conference Repository/Conference Papers/1978/7261295/7261296/07261300.xml,publication,10.5594/M00575,The Development of National Standardization of the One-Inch Helical Video Tape Recording Systems,orig-research,1978,0b000064849f95e4
_source/SMPTE/Conference Repository/Conference Papers/1978/7261295/7261296/07261301.xml,publication,10.5594/M00576,BCN Digital Store: An Economical Accessory for Production and Post Production,orig-research,1978,0b000064849f95e5
_source/SMPTE/Conference Repository/Conference Papers/1978/7261295/7261296/07261302.xml,publication,10.5594/M00577,"Technical Description of Sony&#x0027;s Portable One-Inch Machine, the BVH 500: First Discussion of its Technical Parameters",orig-research,1978,0b000064849f9618
_source/SMPTE/Conference Repository/Conference Papers/1978/7261295/7261296/07261303.xml,publication,10.5594/M00578,Mechanical Design Considerations for Helical-Scan Videotape Recorders,orig-research,1978,0b000064849f9619
_source/SMPTE/Conference Repository/Conference Papers/1978/7261295/7261296/07261304.xml,publication,10.5594/M00579,Outdoor Program Production Utilizing Compact Equipment,orig-research,1978,0b000064849f961a
_source/SMPTE/Conference Repository/Conference Papers/1978/7261295/7261296/07261305.xml,publication,10.5594/M00580,User&#x0027;s Experience with Type B &#x201C;BCN Helical&#x201D; Portable and Studio Editing VTR,orig-research,1978,0b000064849f961b
_source/SMPTE/Conference Repository/Conference Papers/1978/7261295/7261296/07261306.xml,publication,10.5594/M00581,Videotape Program Production at CBS Studio Center,orig-research,1978,0b000064849f961c
_source/SMPTE/Conference Repository/Conference Papers/1978/7261295/7261296/07261307.xml,publication,10.5594/M00582,A New Edit Room Using One-Inch Non-Segmented Helical VTRs,orig-research,1978,0b000064849f961d
_source/SMPTE/Conference Repository/Conference Papers/1978/7261295/7261296/07261308.xml,publication,10.5594/M00583,Post-Production Experience with the Ampex VPR-1 High-Band Video Tape Recorder,orig-research,1978,0b000064849f961e
_source/SMPTE/Conference Repository/Conference Papers/1978/7261295/7261296/07261309.xml,publication,10.5594/M00584,Post Production and Production Using One-Inch Helical Videotape and VTRs,orig-research,1978,0b000064849f961f
_source/SMPTE/Conference Repository/Conference Papers/1978/7261295/7261296/07261310.xml,publication,10.5594/M00585,Transcript of the Panel Discussion on One-Inch Helical Video Recording,orig-research,1978,0b000064849f9620
_source/SMPTE/Conference Repository/Conference Papers/1978/7261314/7261315/07261316.xml,publication,10.5594/M001118,Editor&#x0027;s Foreword,orig-research,1978,0b000064849f9658
_source/SMPTE/Conference Repository/Conference Papers/1978/7261314/7261315/07261317.xml,publication,10.5594/M00413,The ANTIOPE Broadcast Teletext System,orig-research,1978,0b000064849f9659
_source/SMPTE/Conference Repository/Conference Papers/1978/7261314/7261315/07261318.xml,publication,10.5594/M00414,Optical Television Link Employing a Digitally Modulated Laser,orig-research,1978,0b000064849f965a
_source/SMPTE/Conference Repository/Conference Papers/1978/7261314/7261315/07261319.xml,publication,10.5594/M00415,A Monolithic Video A/D Converter,orig-research,1978,0b000064849f965b
_source/SMPTE/Conference Repository/Conference Papers/1978/7261314/7261315/07261320.xml,publication,10.5594/M00416,Digital Processing in the DPS-1,orig-research,1978,0b000064849f965c
_source/SMPTE/Conference Repository/Conference Papers/1978/7261314/7261315/07261321.xml,publication,10.5594/M00417,The Near-Term Future for Digital Television&#x2014;A Panel Discussion from the 120th SMPTE Conference,orig-research,1978,0b000064849f965d
_source/SMPTE/Conference Repository/Conference Papers/1979/7261553/7261554/07261555.xml,publication,10.5594/M00412,Editor&#x0027;s Foreword,orig-research,1979,0b000064849f9c27
_source/SMPTE/Conference Repository/Conference Papers/1979/7261553/7261554/07261556.xml,publication,10.5594/M00418,The Expanding World of Digital Video Effects,orig-research,1979,0b000064849f9c28
_source/SMPTE/Conference Repository/Conference Papers/1979/7261553/7261554/07261557.xml,publication,10.5594/M00419,The Use of the Computer in Animation Production,orig-research,1979,0b000064849f9c29
_source/SMPTE/Conference Repository/Conference Papers/1979/7261553/7261554/07261558.xml,publication,10.5594/M00420,Some Experiments in Television Graphics and Animation Using a Digital Image Memory,orig-research,1979,0b000064849f9c2a
_source/SMPTE/Conference Repository/Conference Papers/1979/7261553/7261554/07261559.xml,publication,10.5594/M00421,Color Graphics and Animation by Mini-Computer,orig-research,1979,0b000064849f9c2b
_source/SMPTE/Conference Repository/Conference Papers/1979/7261553/7261554/07261560.xml,publication,10.5594/M00422,The Mosaic Keyer,orig-research,1979,0b000064849f9c2c
_source/SMPTE/Conference Repository/Conference Papers/1979/7261553/7261554/07261561.xml,publication,10.5594/M00423,Low Bit-Rate System for Digital Coding of the Television Signal,orig-research,1979,0b000064849f9c2d
_source/SMPTE/Conference Repository/Conference Papers/1979/7261553/7261554/07261562.xml,publication,10.5594/M00424,Separate Components Digital Video Recording is Needed and Possible,orig-research,1979,0b000064849f9c61
_source/SMPTE/Conference Repository/Conference Papers/1979/7261553/7261554/07261563.xml,publication,10.5594/M00425,Digital Video Recording &#x2014; A Progress Report,orig-research,1979,0b000064849f9c62
_source/SMPTE/Conference Repository/Conference Papers/1979/7261553/7261554/07261564.xml,publication,10.5594/M00426,Digital Video Recording &#x2014; What will it Do for the Broadcaster&#x003F;,orig-research,1979,0b000064849f9c63
_source/SMPTE/Conference Repository/Conference Papers/1979/7261553/7261554/07261565.xml,publication,10.5594/M00427,Digital Video Recording &#x2014; A Panel Discussion from the 13th SMPTE Television Conference,orig-research,1979,0b000064849f9c64
_source/SMPTE/Conference Repository/Conference Papers/1980/7261311/7261312/07261313.xml,publication,10.5594/M00453,Transcript of the Digital 1980 SMPTE Workshop NAB Convention &#x2014; Las Vegas &#x2014; 14 April 1980,orig-research,1980,0b000064849f9655
_source/SMPTE/Conference Repository/Conference Papers/1980/7261566/7261567/07261568.xml,publication,10.5594/M00428,Editor&#x0027;s Foreword,orig-research,1980,0b000064849f9c67
_source/SMPTE/Conference Repository/Conference Papers/1980/7261566/7261567/07261569.xml,publication,10.5594/M00429,Integrated Circuits for TV in the Digital Decade,orig-research,1980,0b000064849f9c68
_source/SMPTE/Conference Repository/Conference Papers/1980/7261566/7261567/07261570.xml,publication,10.5594/M00430,The All-Digital Television Studio,orig-research,1980,0b000064849f9c69
_source/SMPTE/Conference Repository/Conference Papers/1980/7261566/7261567/07261571.xml,publication,10.5594/M00431,Report of the Committee on New Technology,orig-research,1980,0b000064849f9c6a
_source/SMPTE/Conference Repository/Conference Papers/1980/7261566/7261567/07261572.xml,publication,10.5594/M00432,When are Digits Going to Meet the Action&#x003F;,orig-research,1980,0b000064849f9ca0
_source/SMPTE/Conference Repository/Conference Papers/1980/7261566/7261567/07261573.xml,publication,10.5594/M00433,Digital Audio Formats for Recording and Digital Communications,orig-research,1980,0b000064849f9ca1
_source/SMPTE/Conference Repository/Conference Papers/1980/7261566/7261567/07261574.xml,publication,10.5594/M00434,An Overview of Progress toward the Digital TV Plant,orig-research,1980,0b000064849f9ca2
_source/SMPTE/Conference Repository/Conference Papers/1980/7261566/7261567/07261575.xml,publication,10.5594/M00435,Digital Video Processing&#x2014;1980,orig-research,1980,0b000064849f9ca3
_source/SMPTE/Conference Repository/Conference Papers/1980/7261566/7261567/07261576.xml,publication,10.5594/M00436,Component versus Composite Coding for Television Signal Processing,orig-research,1980,0b000064849f9ca4
_source/SMPTE/Conference Repository/Conference Papers/1980/7261566/7261567/07261577.xml,publication,10.5594/M00437,Three Dimensional Spectrum and Processing of Digital NTSC Color Signals,orig-research,1980,0b000064849f9ca5
_source/SMPTE/Conference Repository/Conference Papers/1980/7261566/7261567/07261578.xml,publication,10.5594/M00438,Current and Future Developments in Digital Switching and Effects,orig-research,1980,0b000064849f9ca6
_source/SMPTE/Conference Repository/Conference Papers/1980/7261566/7261567/07261579.xml,publication,10.5594/M00439,Software-Based Digital Signal Processing,orig-research,1980,0b000064849f9ca7
_source/SMPTE/Conference Repository/Conference Papers/1980/7261566/7261567/07261580.xml,publication,10.5594/M00440,Multifunction Digital Video Processor,orig-research,1980,0b000064849f9ca8
_source/SMPTE/Conference Repository/Conference Papers/1980/7261566/7261567/07261581.xml,publication,10.5594/M00441,Network Distribution of Digital Television Signals,orig-research,1980,0b000064849f9ca9
_source/SMPTE/Conference Repository/Conference Papers/1980/7261566/7261567/07261582.xml,publication,10.5594/M00442,Overview of Broadcast Teletext Systems for NTSC Television Standards,orig-research,1980,0b000064849f9cdc
_source/SMPTE/Conference Repository/Conference Papers/1980/7261566/7261567/07261583.xml,publication,10.5594/M00443,Progress Report of the Subcommittee on Teletext of the EIA Broadcast Television Systems Committee,orig-research,1980,0b000064849f9cdd
_source/SMPTE/Conference Repository/Conference Papers/1980/7261566/7261567/07261584.xml,publication,10.5594/M00444,Architecture of the French LSI Set for Antiope Teletext Decoders,orig-research,1980,0b000064849f9cde
_source/SMPTE/Conference Repository/Conference Papers/1980/7261566/7261567/07261585.xml,publication,10.5594/M00445,The Users View of Teletext Systems,orig-research,1980,0b000064849f9cdf
_source/SMPTE/Conference Repository/Conference Papers/1980/7261566/7261567/07261586.xml,publication,10.5594/M00446,Digital Recording: What is to be Done&#x003F;,orig-research,1980,0b000064849f9ce0
_source/SMPTE/Conference Repository/Conference Papers/1980/7261566/7261567/07261587.xml,publication,10.5594/M00447,Digital Audio Recording for Television: Some Choices,orig-research,1980,0b000064849f9ce1
_source/SMPTE/Conference Repository/Conference Papers/1980/7261566/7261567/07261588.xml,publication,10.5594/M00448,Digital Video Recording in the 625-Line System,orig-research,1980,0b000064849f9ce2
_source/SMPTE/Conference Repository/Conference Papers/1980/7261566/7261567/07261589.xml,publication,10.5594/M00449,Experimental Digital VTR with Tri-Level Recording and Fire Code Error Correction,orig-research,1980,0b000064849f9ce3
_source/SMPTE/Conference Repository/Conference Papers/1980/7261566/7261567/07261590.xml,publication,10.5594/M00450,Digital Video Recording&#x2014;Some Experiments and Future Considerations,orig-research,1980,0b000064849f9ce4
_source/SMPTE/Conference Repository/Conference Papers/1980/7261566/7261567/07261591.xml,publication,10.5594/M00451,Recent Advances in Digital Video Recording,orig-research,1980,0b000064849f9ce5
_source/SMPTE/Conference Repository/Conference Papers/1980/7261566/7261567/07261592.xml,publication,10.5594/M00452,Progress Report of the &#x201C;SMPTE Study Group on Digital Television Tape Recording&#x201D;,orig-research,1980,0b000064849f9d22
_source/SMPTE/Conference Repository/Conference Papers/1980/7261566/7261567/07261593.xml,publication,10.5594/M00454,Glossary of Digital Television Terms,orig-research,1980,0b000064849f9d23
_source/SMPTE/Conference Repository/Conference Papers/1981/7261628/7261629/07261630.xml,publication,10.5594/M00643,Foreword,orig-research,1981,0b000064849f9de8
_source/SMPTE/Conference Repository/Conference Papers/1981/7261628/7261629/07261631.xml,publication,10.5594/M00644,A New Channel Code for Magnetic Digital Recording,orig-research,1981,0b000064849f9de9
_source/SMPTE/Conference Repository/Conference Papers/1981/7261628/7261629/07261632.xml,publication,10.5594/M00645,Recent Developments in Error Concealment Techniques,orig-research,1981,0b000064849f9e1c
_source/SMPTE/Conference Repository/Conference Papers/1981/7261628/7261629/07261633.xml,publication,10.5594/M00646,A Format for Digital Television Tape Recording,orig-research,1981,0b000064849f9e1d
_source/SMPTE/Conference Repository/Conference Papers/1981/7261628/7261629/07261634.xml,publication,10.5594/M00647,Digital Video Tape Recording with Increased Packing Density&#x2014;Progress Report,orig-research,1981,0b000064849f9e1e
_source/SMPTE/Conference Repository/Conference Papers/1981/7261628/7261629/07261635.xml,publication,10.5594/M00648,Aspects and Considerations about the Mechanical Format of Digital VTRs,orig-research,1981,0b000064849f9e1f
_source/SMPTE/Conference Repository/Conference Papers/1981/7261628/7261629/07261636.xml,publication,10.5594/M00649,Mechanical Tape Format Considerations for Digital Television Recording,orig-research,1981,0b000064849f9e20
_source/SMPTE/Conference Repository/Conference Papers/1981/7261628/7261629/07261637.xml,publication,10.5594/M00650,Formats for Digital Video Tape Recorders,orig-research,1981,0b000064849f9e21
_source/SMPTE/Conference Repository/Conference Papers/1981/7261628/7261629/07261638.xml,publication,10.5594/M00651,D.V.T.R. Editing Considerations for Multiplexed Audio vs. Separate Audio Edge Tracks,orig-research,1981,0b000064849f9e22
_source/SMPTE/Conference Repository/Conference Papers/1981/7261628/7261629/07261639.xml,publication,10.5594/M00652,Digital Television Error Correction without Overhead Bits,orig-research,1981,0b000064849f9e23
_source/SMPTE/Conference Repository/Conference Papers/1981/7261628/7261629/07261640.xml,publication,10.5594/M00653,Reflections of a Camera Designer,orig-research,1981,0b000064849f9e24
_source/SMPTE/Conference Repository/Conference Papers/1981/7261628/7261629/07261641.xml,publication,10.5594/M00654,A Super Camera Using Saticon and Built-in Computer Control System,orig-research,1981,0b000064849f9e25
_source/SMPTE/Conference Repository/Conference Papers/1981/7261628/7261629/07261642.xml,publication,10.5594/M00655,Advances in EFP Camera Design,orig-research,1981,0b000064849f9e58
_source/SMPTE/Conference Repository/Conference Papers/1981/7261628/7261629/07261643.xml,publication,10.5594/M00656,A New High Resolution Plumbicon Tube,orig-research,1981,0b000064849f9e59
_source/SMPTE/Conference Repository/Conference Papers/1981/7261628/7261629/07261644.xml,publication,10.5594/M00657,Lag Reduction and Lag Characteristics of Television Camera Tube Signals,orig-research,1981,0b000064849f9e5a
_source/SMPTE/Conference Repository/Conference Papers/1981/7261628/7261629/07261645.xml,publication,10.5594/M00658,Multiplex Sound Television Broadcasting in Japan,orig-research,1981,0b000064849f9e5b
_source/SMPTE/Conference Repository/Conference Papers/1981/7261628/7261629/07261646.xml,publication,10.5594/M00659,Questions on the Orientation of Research in HDTV in the 80&#x0027;s,orig-research,1981,0b000064849f9e5c
_source/SMPTE/Conference Repository/Conference Papers/1981/7261628/7261629/07261647.xml,publication,10.5594/M00660,High Definition Television Studies on Compatible Basis with Present Standards,orig-research,1981,0b000064849f9e5d
_source/SMPTE/Conference Repository/Conference Papers/1981/7261628/7261629/07261648.xml,publication,10.5594/M00661,The NHK High-Resolution Wide-Screen Television System,orig-research,1981,0b000064849f9e5e
_source/SMPTE/Conference Repository/Conference Papers/1981/7261628/7261629/07261649.xml,publication,10.5594/M00662,Systems Engineering Considerations in the All Digital Television Production and Transmission Center,orig-research,1981,0b000064849f9e5f
_source/SMPTE/Conference Repository/Conference Papers/1981/7261628/7261629/07261650.xml,publication,10.5594/M00663,Digital Decoding of PAL and NTSC Signals Using Field Delay Comb Filters and Line-Locked Sampling,orig-research,1981,0b000064849f9e60
_source/SMPTE/Conference Repository/Conference Papers/1981/7261628/7261629/07261651.xml,publication,10.5594/M00664,Test Signals in the Digital Domain,orig-research,1981,0b000064849f9e61
_source/SMPTE/Conference Repository/Conference Papers/1981/7261628/7261629/07261652.xml,publication,10.5594/M00665,Worldwide Standardization &#x2014; Now or Never,orig-research,1981,0b000064849f9e9e
_source/SMPTE/Conference Repository/Conference Papers/1981/7261628/7261629/07261653.xml,publication,10.5594/M00666,Panel Discussion on Digital Video Component Tests,orig-research,1981,0b000064849f9e9f
_source/SMPTE/Conference Repository/Conference Papers/1982/7261492/7261493/07261494.xml,publication,10.5594/M00616,Foreword,orig-research,1982,0b000064849f9aa7
_source/SMPTE/Conference Repository/Conference Papers/1982/7261492/7261493/07261495.xml,publication,10.5594/M00617,Digitally&#x2014;What&#x0027;s Up&#x003F; A Report on Progress and Directions from the Working Group on Digital Video Standards,orig-research,1982,0b000064849f9aa8
_source/SMPTE/Conference Repository/Conference Papers/1982/7261492/7261493/07261496.xml,publication,10.5594/M00618,New Integrated Circuits for Video Digital Filters,orig-research,1982,0b000064849f9aa9
_source/SMPTE/Conference Repository/Conference Papers/1982/7261492/7261493/07261497.xml,publication,10.5594/M00619,Code Utilization for Component-Coded Digital Video,orig-research,1982,0b000064849f9aaa
_source/SMPTE/Conference Repository/Conference Papers/1982/7261492/7261493/07261498.xml,publication,10.5594/M00620,Digital Television Tape Recording: Forming a Format,orig-research,1982,0b000064849f9aab
_source/SMPTE/Conference Repository/Conference Papers/1982/7261492/7261493/07261499.xml,publication,10.5594/M00621,The Art of Digital Techniques in the Broadcast Studio,orig-research,1982,0b000064849f9aac
_source/SMPTE/Conference Repository/Conference Papers/1982/7261492/7261493/07261500.xml,publication,10.5594/M00622,Development and Applications of Measuring Equipment for Precise Registration of Levels of Television Signals,orig-research,1982,0b000064849f9aad
_source/SMPTE/Conference Repository/Conference Papers/1982/7261492/7261493/07261501.xml,publication,10.5594/M00623,Optimization of a High-Quality Color Camera for ENG/EFP Purposes,orig-research,1982,0b000064849f9aae
_source/SMPTE/Conference Repository/Conference Papers/1982/7261492/7261493/07261502.xml,publication,10.5594/M00624,TV Stereo and Bilingual Service of NHK,orig-research,1982,0b000064849f9ae1
_source/SMPTE/Conference Repository/Conference Papers/1982/7261492/7261493/07261503.xml,publication,10.5594/M00625,Optimum Use of One-Inch Type C Audio Channels,orig-research,1982,0b000064849f9ae2
_source/SMPTE/Conference Repository/Conference Papers/1982/7261492/7261493/07261504.xml,publication,10.5594/M00626,A Review of Issues Related to the Choice of Sample Rates for Digital Audio,orig-research,1982,0b000064849f9ae3
_source/SMPTE/Conference Repository/Conference Papers/1982/7261492/7261493/07261505.xml,publication,10.5594/M00627,Management of Audio Samples in Digital Television Recording,orig-research,1982,0b000064849f9ae4
_source/SMPTE/Conference Repository/Conference Papers/1982/7261492/7261493/07261506.xml,publication,10.5594/M00628,Status Report&#x2014;SMPTE Working Group T14.10 Standardization of Digital Control for Television Equipment,orig-research,1982,0b000064849f9ae5
_source/SMPTE/Conference Repository/Conference Papers/1982/7261492/7261493/07261507.xml,publication,10.5594/M00629,A Serial Communications Architecture for Real-Time Digital Control,orig-research,1982,0b000064849f9ae6
_source/SMPTE/Conference Repository/Conference Papers/1982/7261492/7261493/07261508.xml,publication,10.5594/M00630,Serial Data Machine Control System,orig-research,1982,0b000064849f9ae7
_source/SMPTE/Conference Repository/Conference Papers/1982/7261492/7261493/07261509.xml,publication,10.5594/M00631,Network of 60 Microcomputers Automates PBS Multichannel Satellite Program Distribution,orig-research,1982,0b000064849f9ae8
_source/SMPTE/Conference Repository/Conference Papers/1982/7261492/7261493/07261510.xml,publication,10.5594/M00632,A General Purpose Machine Control System,orig-research,1982,0b000064849f9ae9
_source/SMPTE/Conference Repository/Conference Papers/1982/7261492/7261493/07261511.xml,publication,10.5594/M00633,VIMACS&#x2014;A Vertical Interval Machine Control System,orig-research,1982,0b000064849f9aea
_source/SMPTE/Conference Repository/Conference Papers/1982/7261492/7261493/07261512.xml,publication,10.5594/M00634,A Rationalized Approach to Broadcast Automation,orig-research,1982,0b000064849f9b1d
_source/SMPTE/Conference Repository/Conference Papers/1982/7261492/7261493/07261513.xml,publication,10.5594/M00635,Television Station Automation: The Station&#x0027;s Viewpoint,orig-research,1982,0b000064849f9b1e
_source/SMPTE/Conference Repository/Conference Papers/1982/7261492/7261493/07261514.xml,publication,10.5594/M00636,High-Definition Television and Compatibility with Existing Standards,orig-research,1982,0b000064849f9b1f
_source/SMPTE/Conference Repository/Conference Papers/1982/7261492/7261493/07261515.xml,publication,10.5594/M00637,An Evolutionary Approach to High Definition Television,orig-research,1982,0b000064849f9b20
_source/SMPTE/Conference Repository/Conference Papers/1982/7261492/7261493/07261516.xml,publication,10.5594/M00638,Color Picture Display System for High-Definition Television,orig-research,1982,0b000064849f9b21
_source/SMPTE/Conference Repository/Conference Papers/1982/7261492/7261493/07261517.xml,publication,10.5594/M00639,High-Resolution Optical Systems for High-Definition Television,orig-research,1982,0b000064849f9b22
_source/SMPTE/Conference Repository/Conference Papers/1982/7261492/7261493/07261518.xml,publication,10.5594/M00640,A Compatible High Fidelity TV Standard for Satellite Broadcasting,orig-research,1982,0b000064849f9b23
_source/SMPTE/Conference Repository/Conference Papers/1982/7261492/7261493/07261519.xml,publication,10.5594/M00641,Development of a VTR for High-Definition Television,orig-research,1982,0b000064849f9b24
_source/SMPTE/Conference Repository/Conference Papers/1982/7261492/7261493/07261520.xml,publication,10.5594/M00642,Panel Discussion on Multichannel Television Audio: Participants in Panel Discussion,orig-research,1982,0b000064849f9b25
_source/SMPTE/Conference Repository/Conference Papers/1983/7261521/7261522/07261523.xml,publication,10.5594/M00586,Foreword,orig-research,1983,0b000064849f9b64
_source/SMPTE/Conference Repository/Conference Papers/1983/7261521/7261522/07261524.xml,publication,10.5594/M00587,Preface,orig-research,1983,0b000064849f9b65
_source/SMPTE/Conference Repository/Conference Papers/1983/7261521/7261522/07261525.xml,publication,10.5594/M00588,New Chrominance and Luminance Components for Multiplexed Component Video Signals in HDTV Systems,orig-research,1983,0b000064849f9b66
_source/SMPTE/Conference Repository/Conference Papers/1983/7261521/7261522/07261526.xml,publication,10.5594/M00589,The HDTV Camera - Fighting the Resolution/Noise Battle,orig-research,1983,0b000064849f9b67
_source/SMPTE/Conference Repository/Conference Papers/1983/7261521/7261522/07261527.xml,publication,10.5594/M00590,A High Definition Still Frame Television System,orig-research,1983,0b000064849f9b68
_source/SMPTE/Conference Repository/Conference Papers/1983/7261521/7261522/07261528.xml,publication,10.5594/M00591,Extended Definition Television with High Picture Quality,orig-research,1983,0b000064849f9b69
_source/SMPTE/Conference Repository/Conference Papers/1983/7261521/7261522/07261529.xml,publication,10.5594/M00592,Compatible Systems for High Quality Television,orig-research,1983,0b000064849f9b6a
_source/SMPTE/Conference Repository/Conference Papers/1983/7261521/7261522/07261530.xml,publication,10.5594/M00593,Switching and Distribution of High Resolution RGB Video Signals,orig-research,1983,0b000064849f9b6b
_source/SMPTE/Conference Repository/Conference Papers/1983/7261521/7261522/07261531.xml,publication,10.5594/M00594,Computer Graphics Animation Methods,orig-research,1983,0b000064849f9b6c
_source/SMPTE/Conference Repository/Conference Papers/1983/7261521/7261522/07261532.xml,publication,10.5594/M00595,Tools for Interactive Picture Processing Systems,orig-research,1983,0b000064849f9ba2
_source/SMPTE/Conference Repository/Conference Papers/1983/7261521/7261522/07261533.xml,publication,10.5594/M00596,Arithmetic Control Algorithms for Digital Video Effects,orig-research,1983,0b000064849f9ba3
_source/SMPTE/Conference Repository/Conference Papers/1983/7261521/7261522/07261534.xml,publication,10.5594/M00597,The Technical Director&#x0027;s Interface to Digital Video Effects,orig-research,1983,0b000064849f9ba4
_source/SMPTE/Conference Repository/Conference Papers/1983/7261521/7261522/07261535.xml,publication,10.5594/M00598,Menu-Driven User Interfaces for Videographics,orig-research,1983,0b000064849f9ba5
_source/SMPTE/Conference Repository/Conference Papers/1983/7261521/7261522/07261536.xml,publication,10.5594/M00599,The Computer Controlled Frame Buffer as a Production Tool,orig-research,1983,0b000064849f9ba6
_source/SMPTE/Conference Repository/Conference Papers/1983/7261521/7261522/07261537.xml,publication,10.5594/M00600,The Type &#x201C;C&#x201D; Format &#x2026; a Moving Target,orig-research,1983,0b000064849f9ba7
_source/SMPTE/Conference Repository/Conference Papers/1983/7261521/7261522/07261538.xml,publication,10.5594/M00601,A Second Generation &#x201C;Type C&#x201D; One-Inch VTR,orig-research,1983,0b000064849f9ba8
_source/SMPTE/Conference Repository/Conference Papers/1983/7261521/7261522/07261539.xml,publication,10.5594/M00602,"Analogue Components, Multiplexed Components and Digital Components - Friends or Foes&#x003F;",orig-research,1983,0b000064849f9ba9
_source/SMPTE/Conference Repository/Conference Papers/1983/7261521/7261522/07261540.xml,publication,10.5594/M00603,An Introduction to Analog Component Recording,orig-research,1983,0b000064849f9baa
_source/SMPTE/Conference Repository/Conference Papers/1983/7261521/7261522/07261541.xml,publication,10.5594/M00604,Digital Video Recording: New Results in Channel Coding and Error Protection,orig-research,1983,0b000064849f9bab
_source/SMPTE/Conference Repository/Conference Papers/1983/7261521/7261522/07261542.xml,publication,10.5594/M00605,8-9 Block Code: A DC-Free Channel Code for Digital Magnetic Recording,orig-research,1983,0b000064849f9bde
_source/SMPTE/Conference Repository/Conference Papers/1983/7261521/7261522/07261543.xml,publication,10.5594/M00606,Broadcast Quality Video/Audio Recording System with VHS Cassette and Head Scanning System,orig-research,1983,0b000064849f9bdf
_source/SMPTE/Conference Repository/Conference Papers/1983/7261521/7261522/07261544.xml,publication,10.5594/M00607,Progress Report on EBU-SMPTE Serial Data Control of TV Equipment,orig-research,1983,0b000064849f9be0
_source/SMPTE/Conference Repository/Conference Papers/1983/7261521/7261522/07261545.xml,publication,10.5594/M00608,How Not to be Frightened by Microprocessors,orig-research,1983,0b000064849f9be1
_source/SMPTE/Conference Repository/Conference Papers/1983/7261521/7261522/07261546.xml,publication,10.5594/M00609,An Intelligent Time Code Peripheral for Computer Based Video Tape Editing Systems,orig-research,1983,0b000064849f9be2
_source/SMPTE/Conference Repository/Conference Papers/1983/7261521/7261522/07261547.xml,publication,10.5594/M00610,Diagnostics for a Microprocessor Based Video Tape Recorder,orig-research,1983,0b000064849f9be3
_source/SMPTE/Conference Repository/Conference Papers/1983/7261521/7261522/07261548.xml,publication,10.5594/M00611,Product Evolution through Software: The RCA TK-47 Studio Camera - a Case History,orig-research,1983,0b000064849f9be4
_source/SMPTE/Conference Repository/Conference Papers/1983/7261521/7261522/07261549.xml,publication,10.5594/M00612,A Microprocessor Based Camera Remote Control Unit,orig-research,1983,0b000064849f9be5
_source/SMPTE/Conference Repository/Conference Papers/1983/7261521/7261522/07261550.xml,publication,10.5594/M00613,Microprocessor Control Achieves Design Flexibility for Video Production Switchers,orig-research,1983,0b000064849f9be6
_source/SMPTE/Conference Repository/Conference Papers/1983/7261521/7261522/07261551.xml,publication,10.5594/M00614,The Evolution of a Comprehensive Computer Support System for the Television Operation,orig-research,1983,0b000064849f9be7
_source/SMPTE/Conference Repository/Conference Papers/1983/7261521/7261522/07261552.xml,publication,10.5594/M00615,Digital Diagnostics: How Much should the Patient Tell&#x003F;,orig-research,1983,0b000064849f9c24
_source/SMPTE/Conference Repository/Conference Papers/1985/7261594/7261595/07261596.xml,publication,10.5594/M00791,Foreword,orig-research,1985,0b000064849f9d26
_source/SMPTE/Conference Repository/Conference Papers/1985/7261594/7261595/07261597.xml,publication,10.5594/M00792,Preface,orig-research,1985,0b000064849f9d27
_source/SMPTE/Conference Repository/Conference Papers/1985/7261594/7261595/07261598.xml,publication,10.5594/M00793,Digital Component TV Made Simple for Everyone,orig-research,1985,0b000064849f9d28
_source/SMPTE/Conference Repository/Conference Papers/1985/7261594/7261595/07261599.xml,publication,10.5594/M00794,Digital Production Switchers,orig-research,1985,0b000064849f9d29
_source/SMPTE/Conference Repository/Conference Papers/1985/7261594/7261595/07261600.xml,publication,10.5594/M00795,Digital Television Tape Recording: A Report of Progress toward a Standard,orig-research,1985,0b000064849f9d2a
_source/SMPTE/Conference Repository/Conference Papers/1985/7261594/7261595/07261601.xml,publication,10.5594/M00796,The All-Digital Studio is Here,orig-research,1985,0b000064849f9d2b
_source/SMPTE/Conference Repository/Conference Papers/1985/7261594/7261595/07261602.xml,publication,10.5594/M00797,Digital Video Standards: A Progress Report,orig-research,1985,0b000064849f9d5e
_source/SMPTE/Conference Repository/Conference Papers/1985/7261594/7261595/07261603.xml,publication,10.5594/M00798,Component Color Production Switchers Analog and Digital Trade-Offs,orig-research,1985,0b000064849f9d5f
_source/SMPTE/Conference Repository/Conference Papers/1985/7261594/7261595/07261604.xml,publication,10.5594/M00799,Component Processing in Time Base Correctors and Post-Production Switchers,orig-research,1985,0b000064849f9d60
_source/SMPTE/Conference Repository/Conference Papers/1985/7261594/7261595/07261605.xml,publication,10.5594/M00800,SMAC Codec Multiplexers and Demultiplexers,orig-research,1985,0b000064849f9d61
_source/SMPTE/Conference Repository/Conference Papers/1985/7261594/7261595/07261606.xml,publication,10.5594/M00801,New and Unique Method for Measuring Video Analogue Component Signal Parameters,orig-research,1985,0b000064849f9d62
_source/SMPTE/Conference Repository/Conference Papers/1985/7261594/7261595/07261607.xml,publication,10.5594/M00802,Improved PAL by a Combination of NTSC-SECAM-PAL,orig-research,1985,0b000064849f9d63
_source/SMPTE/Conference Repository/Conference Papers/1985/7261594/7261595/07261608.xml,publication,10.5594/M00803,B-MAC &#x2014; A Transmission Standard for PAY DBS,orig-research,1985,0b000064849f9d64
_source/SMPTE/Conference Repository/Conference Papers/1985/7261594/7261595/07261609.xml,publication,10.5594/M00804,The D2-MAC Packet System for All Transmission Channels,orig-research,1985,0b000064849f9d65
_source/SMPTE/Conference Repository/Conference Papers/1985/7261594/7261595/07261610.xml,publication,10.5594/M00805,Technical History of Home VTR Development,orig-research,1985,0b000064849f9d66
_source/SMPTE/Conference Repository/Conference Papers/1985/7261594/7261595/07261611.xml,publication,10.5594/M00806,Editing with the D.R.A.W. Videodisc,orig-research,1985,0b000064849f9d67
_source/SMPTE/Conference Repository/Conference Papers/1985/7261594/7261595/07261612.xml,publication,10.5594/M00807,Resolution Considerations in Using CCD Imagers in Broadcast-Quality Cameras,orig-research,1985,0b000064849f9d9a
_source/SMPTE/Conference Repository/Conference Papers/1985/7261594/7261595/07261613.xml,publication,10.5594/M00808,Super Motion System,orig-research,1985,0b000064849f9d9b
_source/SMPTE/Conference Repository/Conference Papers/1985/7261594/7261595/07261614.xml,publication,10.5594/M00809,Enhanced Television &#x2014; A Progressive Experience,orig-research,1985,0b000064849f9d9c
_source/SMPTE/Conference Repository/Conference Papers/1985/7261594/7261595/07261615.xml,publication,10.5594/M00810,Optical Video Disc for High Definition Television by the MUSE,orig-research,1985,0b000064849f9d9d
_source/SMPTE/Conference Repository/Conference Papers/1985/7261594/7261595/07261616.xml,publication,10.5594/M00811,A Possible Digital VTR for HDTV,orig-research,1985,0b000064849f9d9e
_source/SMPTE/Conference Repository/Conference Papers/1985/7261594/7261595/07261617.xml,publication,10.5594/M00812,Major Parameters of HDTV,orig-research,1985,0b000064849f9d9f
_source/SMPTE/Conference Repository/Conference Papers/1985/7261594/7261595/07261618.xml,publication,10.5594/M00813,High Definition Production Standards&#x2014;Interlace or Progressive&#x003F;,orig-research,1985,0b000064849f9da0
_source/SMPTE/Conference Repository/Conference Papers/1985/7261594/7261595/07261619.xml,publication,10.5594/M00814,Stereo Audio in Television,orig-research,1985,0b000064849f9da1
_source/SMPTE/Conference Repository/Conference Papers/1985/7261594/7261595/07261620.xml,publication,10.5594/M00815,"Stereo/Multichannel Audio in Production and Broadcasting: Expectations, Experiments and Future Trends",orig-research,1985,0b000064849f9da2
_source/SMPTE/Conference Repository/Conference Papers/1985/7261594/7261595/07261621.xml,publication,10.5594/M00816,The Digital Television Tape Recorder &#x2014; Audio and Data Recording Aspects,orig-research,1985,0b000064849f9da3
_source/SMPTE/Conference Repository/Conference Papers/1985/7261594/7261595/07261622.xml,publication,10.5594/M00817,Digital Stereo Sound with Terrestrial Television,orig-research,1985,0b000064849f9de0
_source/SMPTE/Conference Repository/Conference Papers/1985/7261594/7261595/07261623.xml,publication,10.5594/M00818,Implementing the BTSC Companding System for Multichannel TV Sound,orig-research,1985,0b000064849f9de1
_source/SMPTE/Conference Repository/Conference Papers/1985/7261594/7261595/07261624.xml,publication,10.5594/M00819,An Audio Broadcast System Using Delta Modulation,orig-research,1985,0b000064849f9de2
_source/SMPTE/Conference Repository/Conference Papers/1985/7261594/7261595/07261625.xml,publication,10.5594/M00820,A Digital Audio Time Base Corrector for Linear Magnetic Recording,orig-research,1985,0b000064849f9de3
_source/SMPTE/Conference Repository/Conference Papers/1985/7261594/7261595/07261626.xml,publication,10.5594/M00821,Forging a HDTV System for Production and Post Production &#x2014; A Working Group Report,orig-research,1985,0b000064849f9de4
_source/SMPTE/Conference Repository/Conference Papers/1985/7261594/7261595/07261627.xml,publication,10.5594/M00822,"Component Video Panel Discussion Feb. 15, 1985, San Francisco",orig-research,1985,0b000064849f9de5
_source/SMPTE/Conference Repository/Conference Papers/1986/7268263/7268264/07268265.xml,publication,10.5594/M00761,Preface,orig-research,1986,0b00006484a05ec2
_source/SMPTE/Conference Repository/Conference Papers/1986/7268263/7268264/07268266.xml,publication,10.5594/M00762,Introduction to the Papers on the Type D-1 Digital Video Recorder,orig-research,1986,0b00006484a05ec3
_source/SMPTE/Conference Repository/Conference Papers/1986/7268263/7268264/07268267.xml,publication,10.5594/M00763,Digital Television Recording &#x2014; History and Background,orig-research,1986,0b00006484a05ec4
_source/SMPTE/Conference Repository/Conference Papers/1986/7268263/7268264/07268268.xml,publication,10.5594/M00764,The User Requirements for the 4:2:2 Component Digital VTR,orig-research,1986,0b00006484a05ec5
_source/SMPTE/Conference Repository/Conference Papers/1986/7268263/7268264/07268269.xml,publication,10.5594/M00765,Type D-1 Digital Television Tape Recorder: An Overview,orig-research,1986,0b00006484a05ec6
_source/SMPTE/Conference Repository/Conference Papers/1986/7268263/7268264/07268270.xml,publication,10.5594/M00766,Magnetic Media for DTTR,orig-research,1986,0b00006484a05ec7
_source/SMPTE/Conference Repository/Conference Papers/1986/7268263/7268264/07268271.xml,publication,10.5594/M00767,SMPTE Type D-1 Cassette Design Considerations,orig-research,1986,0b00006484a05ec8
_source/SMPTE/Conference Repository/Conference Papers/1986/7268263/7268264/07268272.xml,publication,10.5594/M00768,The SMPTE D-1 Format and Possible Scanner Configurations,orig-research,1986,0b00006484a05ec9
_source/SMPTE/Conference Repository/Conference Papers/1986/7268263/7268264/07268273.xml,publication,10.5594/M00769,The D-1 DTTR: The Design for the Electrical Part of the Standard,orig-research,1986,0b00006484a05eca
_source/SMPTE/Conference Repository/Conference Papers/1986/7268263/7268264/07268274.xml,publication,10.5594/M00770,"Picture Quality Criteria, Error Statistics and Error Correction for the D-1 Format DVTR",orig-research,1986,0b00006484a05f07
_source/SMPTE/Conference Repository/Conference Papers/1986/7268263/7268264/07268275.xml,publication,10.5594/M00771,Formatting and Coding the Audio in the DTTR,orig-research,1986,0b00006484a05f08
_source/SMPTE/Conference Repository/Conference Papers/1986/7268263/7268264/07268276.xml,publication,10.5594/M00772,SMPTE Type D-1 Digital Television Recorder &#x2014; Error Control,orig-research,1986,0b00006484a05f09
_source/SMPTE/Conference Repository/Conference Papers/1986/7268263/7268264/07268277.xml,publication,10.5594/M00773,Video Data Shuffling for the 4:2:2 DVTR,orig-research,1986,0b00006484a05f0a
_source/SMPTE/Conference Repository/Conference Papers/1986/7268263/7268264/07268278.xml,publication,10.5594/M00774,Optimization of the D-1 DTTR Standard by Simulation Techniques,orig-research,1986,0b00006484a05f0b
_source/SMPTE/Conference Repository/Conference Papers/1986/7268263/7268264/07268279.xml,publication,10.5594/M00775,Measurement Methods and Diagnostic Techniques for DTTR,orig-research,1986,0b00006484a05f0c
_source/SMPTE/Conference Repository/Conference Papers/1986/7268263/7268264/07268280.xml,publication,10.5594/M00776,Development of Small High-performance Studio VTR,orig-research,1986,0b00006484a05f0d
_source/SMPTE/Conference Repository/Conference Papers/1986/7268263/7268264/07268281.xml,publication,10.5594/M00777,Digital Audio Recording in M II Format VTR,orig-research,1986,0b00006484a05f0e
_source/SMPTE/Conference Repository/Conference Papers/1986/7268263/7268264/07268282.xml,publication,10.5594/M00778,A New Small Format VTR Using an 8mm Cassette,orig-research,1986,0b00006484a05f0f
_source/SMPTE/Conference Repository/Conference Papers/1986/7268263/7268264/07268283.xml,publication,10.5594/M00779,Considerations for Improvement of HDTV Digital VTR,orig-research,1986,0b00006484a05f10
_source/SMPTE/Conference Repository/Conference Papers/1986/7268263/7268264/07268284.xml,publication,10.5594/M00780,The BTSC Multichannel Television Sound System,orig-research,1986,0b00006484a05f43
_source/SMPTE/Conference Repository/Conference Papers/1986/7268263/7268264/07268285.xml,publication,10.5594/M00781,Production Facilities for MTS,orig-research,1986,0b00006484a05f44
_source/SMPTE/Conference Repository/Conference Papers/1986/7268263/7268264/07268286.xml,publication,10.5594/M00782,&#x201C;Harry&#x201D; and the SMPTE Digital Standard in the Edit Suite,orig-research,1986,0b00006484a05f45
_source/SMPTE/Conference Repository/Conference Papers/1986/7268263/7268264/07268287.xml,publication,10.5594/M00783,Standards and Recommended Practices,orig-research,1986,0b00006484a05f46
_source/SMPTE/Conference Repository/Conference Papers/1986/7268263/7268264/07268288.xml,publication,10.5594/M00784,Proposed American National Standard for Component Digital Video Recording&#x2013;19-mm type D-1 Cassette&#x2013;Tape Record,orig-research,1986,0b00006484a05f47
_source/SMPTE/Conference Repository/Conference Papers/1986/7268263/7268264/07268289.xml,publication,10.5594/M00785,Proposed: SMPTE Engineering Guideline: Tape Transport Geometry Parameters for 19-mm Type D-1 Cassette for Component Digital Video Recording,orig-research,1986,0b00006484a05f48
_source/SMPTE/Conference Repository/Conference Papers/1986/7268263/7268264/07268290.xml,publication,10.5594/M00786,Recording of Digital Television,orig-research,1986,0b00006484a05f49
_source/SMPTE/Conference Repository/Conference Papers/1986/7268263/7268264/07268291.xml,publication,10.5594/M00787,Recording of Digital Television,orig-research,1986,0b00006484a05f4a
_source/SMPTE/Conference Repository/Conference Papers/1986/7268263/7268264/07268292.xml,publication,10.5594/M00788,Journeying Forth with the MAGNUM Group&#x2026;: A Few Milestones along the Way to Digital Television Tape Recording,orig-research,1986,0b00006484a05f4b
_source/SMPTE/Conference Repository/Conference Papers/1986/7268263/7268264/07268293.xml,publication,10.5594/M00789,Bases of the EBU Standard on Magnetic Recording of Digital Component Video Signals,orig-research,1986,0b00006484a05f4c
_source/SMPTE/Conference Repository/Conference Papers/1986/7268263/7268264/07268294.xml,publication,10.5594/M00790,Standardization of the Digital Television Tape Recorder within the Framework of the CCIR,orig-research,1986,0b00006484a05f7f
_source/SMPTE/Conference Repository/Conference Papers/1987/7268107/7268108/07268109.xml,publication,10.5594/M00871,Foreword,orig-research,1987,0b00006484a05ab4
_source/SMPTE/Conference Repository/Conference Papers/1987/7268107/7268108/07268110.xml,publication,10.5594/M00872,Preface,orig-research,1987,0b00006484a05ab5
_source/SMPTE/Conference Repository/Conference Papers/1987/7268107/7268108/07268111.xml,publication,10.5594/M00873,Opening Address&#x2014;21st Television Conference,orig-research,1987,0b00006484a05ab6
_source/SMPTE/Conference Repository/Conference Papers/1987/7268107/7268108/07268112.xml,publication,10.5594/M00874,Today&#x0027;s Videographic Environment&#x2014;An Overview,orig-research,1987,0b00006484a05ab7
_source/SMPTE/Conference Repository/Conference Papers/1987/7268107/7268108/07268113.xml,publication,10.5594/M00875,The Video Computer: Image Computing in the Studio,orig-research,1987,0b00006484a05ab8
_source/SMPTE/Conference Repository/Conference Papers/1987/7268107/7268108/07268114.xml,publication,10.5594/M00876,Variable-Resolution Rendering System Extends Television Animation Graphics to Film and Print Media,orig-research,1987,0b00006484a05b11
_source/SMPTE/Conference Repository/Conference Papers/1987/7268107/7268108/07268115.xml,publication,10.5594/M00877,R-DAT Format Overview,orig-research,1987,0b00006484a05b12
_source/SMPTE/Conference Repository/Conference Papers/1987/7268107/7268108/07268116.xml,publication,10.5594/M00878,Operational Experiences and Future Expectations from the M-II Format,orig-research,1987,0b00006484a05b13
_source/SMPTE/Conference Repository/Conference Papers/1987/7268107/7268108/07268117.xml,publication,10.5594/M00879,CBS Experience with Small Format Videotape and the Implications for the Future,orig-research,1987,0b00006484a05b14
_source/SMPTE/Conference Repository/Conference Papers/1987/7268107/7268108/07268118.xml,publication,10.5594/M00880,High Performance Half-Inch Metal Tape for M-II Videocassettes,orig-research,1987,0b00006484a05b15
_source/SMPTE/Conference Repository/Conference Papers/1987/7268107/7268108/07268119.xml,publication,10.5594/M00881,Development of Component Digital VTRs and the Future Potential of the D-1 Format,orig-research,1987,0b00006484a05b16
_source/SMPTE/Conference Repository/Conference Papers/1987/7268107/7268108/07268120.xml,publication,10.5594/M00882,The Composite Digital Format and its Applications,orig-research,1987,0b00006484a05b17
_source/SMPTE/Conference Repository/Conference Papers/1987/7268107/7268108/07268121.xml,publication,10.5594/M00883,Video Research for the Human Viewer,orig-research,1987,0b00006484a05b18
_source/SMPTE/Conference Repository/Conference Papers/1987/7268107/7268108/07268122.xml,publication,10.5594/M00884,Technical Research and Development for the Growth of Tomorrow&#x0027;s Broadcasting Business,orig-research,1987,0b00006484a05b19
_source/SMPTE/Conference Repository/Conference Papers/1987/7268107/7268108/07268123.xml,publication,10.5594/M00885,"Television Engineering Research in the BBC, Today and Tomorrow",orig-research,1987,0b00006484a05b1a
_source/SMPTE/Conference Repository/Conference Papers/1987/7268107/7268108/07268124.xml,publication,10.5594/M00886,The Big Screen is Closer than you Think,orig-research,1987,0b00006484a05b4d
_source/SMPTE/Conference Repository/Conference Papers/1987/7268107/7268108/07268125.xml,publication,10.5594/M00887,TV Research in CCETT: To and through the 90s,orig-research,1987,0b00006484a05b4e
_source/SMPTE/Conference Repository/Conference Papers/1987/7268107/7268108/07268126.xml,publication,10.5594/M00888,Improved Television Systems: NTSC and Beyond,orig-research,1987,0b00006484a05b4f
_source/SMPTE/Conference Repository/Conference Papers/1987/7268107/7268108/07268127.xml,publication,10.5594/M00889,Evolution during Revolution,orig-research,1987,0b00006484a05b50
_source/SMPTE/Conference Repository/Conference Papers/1987/7268107/7268108/07268128.xml,publication,10.5594/M00890,Cultivating the Wasteland with Technology,orig-research,1987,0b00006484a05b51
_source/SMPTE/Conference Repository/Conference Papers/1987/7268107/7268108/07268129.xml,publication,10.5594/M00891,Television: The Challenge of the Future,orig-research,1987,0b00006484a05b52
_source/SMPTE/Conference Repository/Conference Papers/1987/7268107/7268108/07268130.xml,publication,10.5594/M00892,New Technology and the Broadcaster,orig-research,1987,0b00006484a05b53
_source/SMPTE/Conference Repository/Conference Papers/1987/7268107/7268108/07268131.xml,publication,10.5594/M00893,"New Frontiers, the Next 15 Years",orig-research,1987,0b00006484a05b54
_source/SMPTE/Conference Repository/Conference Papers/1988/7268199/7268200/07268201.xml,publication,10.5594/M00517,Foreword,orig-research,1988,0b00006484a05d0e
_source/SMPTE/Conference Repository/Conference Papers/1988/7268199/7268200/07268202.xml,publication,10.5594/M00518,Preface,orig-research,1988,0b00006484a05d0f
_source/SMPTE/Conference Repository/Conference Papers/1988/7268199/7268200/07268203.xml,publication,10.5594/M00519,Opening Address&#x2014;22nd Television Conference,orig-research,1988,0b00006484a05d10
_source/SMPTE/Conference Repository/Conference Papers/1988/7268199/7268200/07268204.xml,publication,10.5594/M00520,Luncheon Address: Isn&#x0027;t this where We Came In&#x003F;,orig-research,1988,0b00006484a05d43
_source/SMPTE/Conference Repository/Conference Papers/1988/7268199/7268200/07268205.xml,publication,10.5594/M00521,Video Recording Formats in Transition,orig-research,1988,0b00006484a05d44
_source/SMPTE/Conference Repository/Conference Papers/1988/7268199/7268200/07268206.xml,publication,10.5594/M00522,Technical Challenges of a New Small-Format DVTR,orig-research,1988,0b00006484a05d45
_source/SMPTE/Conference Repository/Conference Papers/1988/7268199/7268200/07268207.xml,publication,10.5594/M00523,A New Approach to the D-1 Digital Tape Recorder,orig-research,1988,0b00006484a05d46
_source/SMPTE/Conference Repository/Conference Papers/1988/7268199/7268200/07268208.xml,publication,10.5594/M00524,The Application of High Hc Cobalt-Iron Oxide Tape for Digital Video Recording,orig-research,1988,0b00006484a05d47
_source/SMPTE/Conference Repository/Conference Papers/1988/7268199/7268200/07268209.xml,publication,10.5594/M00525,Diagnostics for a Composite Digital Video Tape Recorder,orig-research,1988,0b00006484a05d48
_source/SMPTE/Conference Repository/Conference Papers/1988/7268199/7268200/07268210.xml,publication,10.5594/M00526,Flickerless 3-D Laser Video Disc System,orig-research,1988,0b00006484a05d49
_source/SMPTE/Conference Repository/Conference Papers/1988/7268199/7268200/07268211.xml,publication,10.5594/M00527,Communications between Analogue Component Production Centers,orig-research,1988,0b00006484a05d4a
_source/SMPTE/Conference Repository/Conference Papers/1988/7268199/7268200/07268212.xml,publication,10.5594/M00528,Digital Interface Devices,orig-research,1988,0b00006484a05d4b
_source/SMPTE/Conference Repository/Conference Papers/1988/7268199/7268200/07268213.xml,publication,10.5594/M00529,Experience with an Experimental Digital Component Video Production Facility,orig-research,1988,0b00006484a05d4c
_source/SMPTE/Conference Repository/Conference Papers/1988/7268199/7268200/07268214.xml,publication,10.5594/M00530,Television Signal Transmission: Another Technology in Transition,orig-research,1988,0b00006484a05d8b
_source/SMPTE/Conference Repository/Conference Papers/1988/7268199/7268200/07268215.xml,publication,10.5594/M00531,"Single-Channel Backward-Compatible EDTV Systems<!--<xref ref-type=""fn"" rid=""fn1-10.5594_M00531"">1</xref>-->",orig-research,1988,0b00006484a05d8c
_source/SMPTE/Conference Repository/Conference Papers/1988/7268199/7268200/07268216.xml,publication,10.5594/M00532,Channel-Compatible 6-MHz HDTV Distribution Systems,orig-research,1988,0b00006484a05d8d
_source/SMPTE/Conference Repository/Conference Papers/1988/7268199/7268200/07268217.xml,publication,10.5594/M00533,HDTV - A Perspective for the Broadcaster,orig-research,1988,0b00006484a05d8e
_source/SMPTE/Conference Repository/Conference Papers/1988/7268199/7268200/07268218.xml,publication,10.5594/M00534,Advanced Television Standards,orig-research,1988,0b00006484a05d8f
_source/SMPTE/Conference Repository/Conference Papers/1988/7268199/7268200/07268219.xml,publication,10.5594/M00535,Computer-Aided Design in Facilities and System Integration,orig-research,1988,0b00006484a05d90
_source/SMPTE/Conference Repository/Conference Papers/1988/7268199/7268200/07268220.xml,publication,10.5594/M00536,"G.G. Israel Studios-Jerusalem, Ltd.: Concept and Design Stages",orig-research,1988,0b00006484a05d91
_source/SMPTE/Conference Repository/Conference Papers/1988/7268199/7268200/07268221.xml,publication,10.5594/M00537,Fault Diagnosis in the Digital Studio,orig-research,1988,0b00006484a05d92
_source/SMPTE/Conference Repository/Conference Papers/1988/7268199/7268200/07268222.xml,publication,10.5594/M00538,Challenges to the Development of a Standardized Professional Studio Color Picture Monitor,orig-research,1988,0b00006484a05d93
_source/SMPTE/Conference Repository/Conference Papers/1988/7268199/7268200/07268223.xml,publication,10.5594/M00539,Control-Room Design and Monitoring Considerations for Accurate Stereo Imaging,orig-research,1988,0b00006484a05d94
_source/SMPTE/Conference Repository/Conference Papers/1988/7268199/7268200/07268224.xml,publication,10.5594/M00540,Graphics for Engineering,orig-research,1988,0b00006484a05dc7
_source/SMPTE/Conference Repository/Conference Papers/1988/7268199/7268200/07268225.xml,publication,10.5594/M00541,Audio for Video: The Integration of Digital,orig-research,1988,0b00006484a05dc8
_source/SMPTE/Conference Repository/Conference Papers/1988/7268199/7268200/07268226.xml,publication,10.5594/M00542,Digital Audio in the Sirius-100,orig-research,1988,0b00006484a05dc9
_source/SMPTE/Conference Repository/Conference Papers/1988/7268199/7268200/07268227.xml,publication,10.5594/M00543,Controlling Audio Mixers in Video Post Production,orig-research,1988,0b00006484a05dca
_source/SMPTE/Conference Repository/Conference Papers/1988/7268199/7268200/07268228.xml,publication,10.5594/M00544,Real-Time Multi-Level Digital Compositing&#x2014;Quality Issues,orig-research,1988,0b00006484a05dcb
_source/SMPTE/Conference Repository/Conference Papers/1988/7268199/7268200/07268229.xml,publication,10.5594/M00545,System Considerations for Off-Line Disc Editing,orig-research,1988,0b00006484a05dcc
_source/SMPTE/Conference Repository/Conference Papers/1988/7268199/7268200/07268230.xml,publication,10.5594/M00546,VITC and Perfs,orig-research,1988,0b00006484a05dcd
_source/SMPTE/Conference Repository/Conference Papers/1989/7268231/7268232/07268233.xml,publication,10.5594/M00731,Foreword,orig-research,1989,0b00006484a05dd0
_source/SMPTE/Conference Repository/Conference Papers/1989/7268231/7268232/07268234.xml,publication,10.5594/M00732,Preface,orig-research,1989,0b00006484a05e03
_source/SMPTE/Conference Repository/Conference Papers/1989/7268231/7268232/07268235.xml,publication,10.5594/M00733,Opening Address&#x2014;23rd Television Conference,orig-research,1989,0b00006484a05e04
_source/SMPTE/Conference Repository/Conference Papers/1989/7268231/7268232/07268236.xml,publication,10.5594/M00734,System-Wide Integration of Analog and Digital Component Video in a Post-Production Environment,orig-research,1989,0b00006484a05e05
_source/SMPTE/Conference Repository/Conference Papers/1989/7268231/7268232/07268237.xml,publication,10.5594/M00735,Better Video through Digital Post-Production Techniques,orig-research,1989,0b00006484a05e06
_source/SMPTE/Conference Repository/Conference Papers/1989/7268231/7268232/07268238.xml,publication,10.5594/M00736,Naturalistic Camera Moves in Image Compositing,orig-research,1989,0b00006484a05e07
_source/SMPTE/Conference Repository/Conference Papers/1989/7268231/7268232/07268239.xml,publication,10.5594/M00737,The Gemini Process: A Theatrical-Quality Video-to-Film Transfer Process,orig-research,1989,0b00006484a05e08
_source/SMPTE/Conference Repository/Conference Papers/1989/7268231/7268232/07268240.xml,publication,10.5594/M00738,Component Digital Switching,orig-research,1989,0b00006484a05e09
_source/SMPTE/Conference Repository/Conference Papers/1989/7268231/7268232/07268241.xml,publication,10.5594/M00739,601 in Use,orig-research,1989,0b00006484a05e0a
_source/SMPTE/Conference Repository/Conference Papers/1989/7268231/7268232/07268242.xml,publication,10.5594/M00740,8-City DS3 Digital Video Trial&#x2014;Progress and Networking Features,orig-research,1989,0b00006484a05e0b
_source/SMPTE/Conference Repository/Conference Papers/1989/7268231/7268232/07268243.xml,publication,10.5594/M00741,"Objective Measurement Methods of Motion Artifacts for 45 Mbit, NTSC, DPCM, Bit-Reduction Video CODECS, Part 2",orig-research,1989,0b00006484a05e0c
_source/SMPTE/Conference Repository/Conference Papers/1989/7268231/7268232/07268244.xml,publication,10.5594/M00742,International Transmission of HDTV Signals,orig-research,1989,0b00006484a05e3f
_source/SMPTE/Conference Repository/Conference Papers/1989/7268231/7268232/07268245.xml,publication,10.5594/M00743,How to Use 4:2:2 in the 16/9 Aspect Ratio,orig-research,1989,0b00006484a05e40
_source/SMPTE/Conference Repository/Conference Papers/1989/7268231/7268232/07268246.xml,publication,10.5594/M00744,A Progress Report on Improved NTSC,orig-research,1989,0b00006484a05e41
_source/SMPTE/Conference Repository/Conference Papers/1989/7268231/7268232/07268247.xml,publication,10.5594/M00745,Reduction of Multipath Effects and Channel Distortion in Broadcast Television,orig-research,1989,0b00006484a05e42
_source/SMPTE/Conference Repository/Conference Papers/1989/7268231/7268232/07268248.xml,publication,10.5594/M00746,Surviving in Broadcasting&#x0027;s Standards &#x201C;M&#x00E9;nage &#x00E0; Trois&#x201D;,orig-research,1989,0b00006484a05e43
_source/SMPTE/Conference Repository/Conference Papers/1989/7268231/7268232/07268249.xml,publication,10.5594/M00747,EBU Activities in the Worldwide Search for HDTV Studio Standards,orig-research,1989,0b00006484a05e44
_source/SMPTE/Conference Repository/Conference Papers/1989/7268231/7268232/07268250.xml,publication,10.5594/M00748,Reducing Financial Aliasing in HDTV Production,orig-research,1989,0b00006484a05e45
_source/SMPTE/Conference Repository/Conference Papers/1989/7268231/7268232/07268251.xml,publication,10.5594/M00749,Second-Generation HDTV Camera,orig-research,1989,0b00006484a05e46
_source/SMPTE/Conference Repository/Conference Papers/1989/7268231/7268232/07268252.xml,publication,10.5594/M00750,Engineering and Program Production Experience with High-Definition Television,orig-research,1989,0b00006484a05e47
_source/SMPTE/Conference Repository/Conference Papers/1989/7268231/7268232/07268253.xml,publication,10.5594/M00751,"A Very High Resolution, 16.7 Million-Color HDTV Graphic System",orig-research,1989,0b00006484a05e48
_source/SMPTE/Conference Repository/Conference Papers/1989/7268231/7268232/07268254.xml,publication,10.5594/M00752,Compatible Hierarchy of Studio Standards,orig-research,1989,0b00006484a05e85
_source/SMPTE/Conference Repository/Conference Papers/1989/7268231/7268232/07268255.xml,publication,10.5594/M00753,NTSC Compatible Advanced Television System and Implications for Studio Standards,orig-research,1989,0b00006484a05e86
_source/SMPTE/Conference Repository/Conference Papers/1989/7268231/7268232/07268256.xml,publication,10.5594/M00754,Future HD Video Production,orig-research,1989,0b00006484a05e87
_source/SMPTE/Conference Repository/Conference Papers/1989/7268231/7268232/07268257.xml,publication,10.5594/M00755,The European Perspectives on HDTV,orig-research,1989,0b00006484a05e88
_source/SMPTE/Conference Repository/Conference Papers/1989/7268231/7268232/07268258.xml,publication,10.5594/M00756,"High-Definition Transmission, Signal Processing, and Display",orig-research,1989,0b00006484a05e89
_source/SMPTE/Conference Repository/Conference Papers/1989/7268231/7268232/07268259.xml,publication,10.5594/M00757,Spectrum Compatible High-Definition Television Transmission System,orig-research,1989,0b00006484a05e8a
_source/SMPTE/Conference Repository/Conference Papers/1989/7268231/7268232/07268260.xml,publication,10.5594/M00758,HDTV and Today&#x0027;s Broadcasting World,orig-research,1989,0b00006484a05e8b
_source/SMPTE/Conference Repository/Conference Papers/1989/7268231/7268232/07268261.xml,publication,10.5594/M00759,Evolutionary Approaches to Advanced Television&#x2014;Making the Migration Possible,orig-research,1989,0b00006484a05e8c
_source/SMPTE/Conference Repository/Conference Papers/1989/7268231/7268232/07268262.xml,publication,10.5594/M00760,A Compatible High-Definition Television System using the Noise-Margin Method of Hiding Enhancement Information,orig-research,1989,0b00006484a05e8d
_source/SMPTE/Conference Repository/Conference Papers/1991/7267983/7267984/07267985.xml,publication,10.5594/M00894,Foreword,orig-research,1991,0b00006484a0578f
_source/SMPTE/Conference Repository/Conference Papers/1991/7267983/7267984/07267986.xml,publication,10.5594/M00895,Preface,orig-research,1991,0b00006484a05790
_source/SMPTE/Conference Repository/Conference Papers/1991/7267983/7267984/07267987.xml,publication,10.5594/M00896,Opening Address &#x2013; 25th Television Conference,orig-research,1991,0b00006484a05791
_source/SMPTE/Conference Repository/Conference Papers/1991/7267983/7267984/07267988.xml,publication,10.5594/M00897,The Changing Role of the Television Engineer,orig-research,1991,0b00006484a05792
_source/SMPTE/Conference Repository/Conference Papers/1991/7267983/7267984/07267989.xml,publication,10.5594/M00898,The Past Quarter Century and the Next Decade of Video Tape Recording (Invited),orig-research,1991,0b00006484a05793
_source/SMPTE/Conference Repository/Conference Papers/1991/7267983/7267984/07267990.xml,publication,10.5594/M00899,Fiberoptic Circuit Transportation of Video Signals: A Solution without an Urgently Perceived Need,orig-research,1991,0b00006484a05794
_source/SMPTE/Conference Repository/Conference Papers/1991/7267983/7267984/07267991.xml,publication,10.5594/M00900,Multi-Channel Applications of Cart Machines,orig-research,1991,0b00006484a05795
_source/SMPTE/Conference Repository/Conference Papers/1991/7267983/7267984/07267992.xml,publication,10.5594/M00901,Progress Report from SMPTE Ad Hoc Group for ES-Net,orig-research,1991,0b00006484a05796
_source/SMPTE/Conference Repository/Conference Papers/1991/7267983/7267984/07267993.xml,publication,10.5594/M00902,Techniques for High-Accuracy Measurements in HDTV Systems,orig-research,1991,0b00006484a057db
_source/SMPTE/Conference Repository/Conference Papers/1991/7267983/7267984/07267994.xml,publication,10.5594/M00903,Fast Audio Measurements for Television Network and Satellite Service using Digital Techniques,orig-research,1991,0b00006484a057dc
_source/SMPTE/Conference Repository/Conference Papers/1991/7267983/7267984/07267995.xml,publication,10.5594/M00904,New Technology in Still Stores &#x2013; What are the Implications?,orig-research,1991,0b00006484a057dd
_source/SMPTE/Conference Repository/Conference Papers/1991/7267983/7267984/07267996.xml,publication,10.5594/M00905,A Study of the Most Suitable Level and Width of DTL-Signals for CCD Camera,orig-research,1991,0b00006484a057de
_source/SMPTE/Conference Repository/Conference Papers/1991/7267983/7267984/07267997.xml,publication,10.5594/M00906,"Development of the Super-HARP Camera, a Rival to the Human Eye, for the Next Generation of Broadcasting",orig-research,1991,0b00006484a057df
_source/SMPTE/Conference Repository/Conference Papers/1991/7267983/7267984/07267998.xml,publication,10.5594/M00907,A 1/2&#x2033; High Definition VCR with a Single-Channel Analog Baseband Recording Method,orig-research,1991,0b00006484a057e0
_source/SMPTE/Conference Repository/Conference Papers/1991/7267983/7267984/07267999.xml,publication,10.5594/M00908,&#x201C;Plotting a Course to an All Digital Television Facility&#x201D;,orig-research,1991,0b00006484a057e1
_source/SMPTE/Conference Repository/Conference Papers/1991/7267983/7267984/07268000.xml,publication,10.5594/M00909,Proposal for Error Detection and Handling in Studio Equipment,orig-research,1991,0b00006484a057e2
_source/SMPTE/Conference Repository/Conference Papers/1991/7267983/7267984/07268001.xml,publication,10.5594/M00910,Video Compression and Noise Reduction using Transform/Subband Coding and Adaptive Amplitude Modulation,orig-research,1991,0b00006484a057e3
_source/SMPTE/Conference Repository/Conference Papers/1991/7267983/7267984/07268002.xml,publication,10.5594/M00911,Clock Rate Conversion for Digital Video,orig-research,1991,0b00006484a057e4
_source/SMPTE/Conference Repository/Conference Papers/1991/7267983/7267984/07268003.xml,publication,10.5594/M00912,The All Digital Television Plant: It Seemed Like a Good Idea at the Time,orig-research,1991,0b00006484a05821
_source/SMPTE/Conference Repository/Conference Papers/1991/7267983/7267984/07268004.xml,publication,10.5594/M00913,The Opportunities of Signal Monitoring in a Large Serial Digital Plant,orig-research,1991,0b00006484a05822
_source/SMPTE/Conference Repository/Conference Papers/1991/7267983/7267984/07268005.xml,publication,10.5594/M00914,Experimental Digital VCR with New DCT-Based Bit-Rate Reduction and Channel Coding,orig-research,1991,0b00006484a05823
_source/SMPTE/Conference Repository/Conference Papers/1991/7267983/7267984/07268006.xml,publication,10.5594/M00915,Format Choices for the Future,orig-research,1991,0b00006484a05824
_source/SMPTE/Conference Repository/Conference Papers/1991/7267983/7267984/07268007.xml,publication,10.5594/M00916,Open Architecture Television,orig-research,1991,0b00006484a05825
_source/SMPTE/Conference Repository/Conference Papers/1991/7267983/7267984/07268008.xml,publication,10.5594/M00917,"Plasma Addressed Liquid Crystal (PALC), a New Flat-Panel Technology for Full-Color Video",orig-research,1991,0b00006484a05826
_source/SMPTE/Conference Repository/Conference Papers/1992/7268132/7268133/07268134.xml,publication,10.5594/M00708,Foreword,orig-research,1992,0b00006484a05b93
_source/SMPTE/Conference Repository/Conference Papers/1992/7268132/7268133/07268135.xml,publication,10.5594/M00709,Preface,orig-research,1992,0b00006484a05b94
_source/SMPTE/Conference Repository/Conference Papers/1992/7268132/7268133/07268136.xml,publication,10.5594/M00710,Opening Address,orig-research,1992,0b00006484a05b95
_source/SMPTE/Conference Repository/Conference Papers/1992/7268132/7268133/07268137.xml,publication,10.5594/M00711,The Ultimate Motion Imaging System,orig-research,1992,0b00006484a05b96
_source/SMPTE/Conference Repository/Conference Papers/1992/7268132/7268133/07268138.xml,publication,10.5594/M00712,The Computerization of the Video World and the Videozation of the Computer World,orig-research,1992,0b00006484a05b97
_source/SMPTE/Conference Repository/Conference Papers/1992/7268132/7268133/07268139.xml,publication,10.5594/M00713,Design of the A72 Digital Character Generator and its Implications,orig-research,1992,0b00006484a05b98
_source/SMPTE/Conference Repository/Conference Papers/1992/7268132/7268133/07268140.xml,publication,10.5594/M00714,High Quality Audio Compression for Broadcast and Computer Applications,orig-research,1992,0b00006484a05b99
_source/SMPTE/Conference Repository/Conference Papers/1992/7268132/7268133/07268141.xml,publication,10.5594/M00715,"A Tutorial on Picture and Sound Compression, and an Introduction to JPEG and MPEG: Or, a Little Data can Go a Long Way&#x0021;",orig-research,1992,0b00006484a05b9a
_source/SMPTE/Conference Repository/Conference Papers/1992/7268132/7268133/07268142.xml,publication,10.5594/M00716,Challenges in Full Motion Video/Audio for Personal Computers,orig-research,1992,0b00006484a05b9b
_source/SMPTE/Conference Repository/Conference Papers/1992/7268132/7268133/07268143.xml,publication,10.5594/M00717,Networked Mixed Media Computing,orig-research,1992,0b00006484a05b9c
_source/SMPTE/Conference Repository/Conference Papers/1992/7268132/7268133/07268144.xml,publication,10.5594/M00718,Digital Telecommunications for Digital Audio/Visual Production,orig-research,1992,0b00006484a05bcf
_source/SMPTE/Conference Repository/Conference Papers/1992/7268132/7268133/07268145.xml,publication,10.5594/M00719,The Enhanced Viewing Experience &#x2013; What Does it Take&#x003F;,orig-research,1992,0b00006484a05bd0
_source/SMPTE/Conference Repository/Conference Papers/1992/7268132/7268133/07268146.xml,publication,10.5594/M00720,The Design Challenges of Full-Motion Video for PC-Computer Systems,orig-research,1992,0b00006484a05bd1
_source/SMPTE/Conference Repository/Conference Papers/1992/7268132/7268133/07268147.xml,publication,10.5594/M00721,Digital Signal Processing with Separated Lows and Highs for TV Applications,orig-research,1992,0b00006484a05bd2
_source/SMPTE/Conference Repository/Conference Papers/1992/7268132/7268133/07268148.xml,publication,10.5594/M00722,Digital HDTV Compression Techniques for Terrestrial Broadcasting,orig-research,1992,0b00006484a05bd3
_source/SMPTE/Conference Repository/Conference Papers/1992/7268132/7268133/07268149.xml,publication,10.5594/M00723,HDTV and HRI - Avoiding the Collision and Applying Perspective to a Convergence,orig-research,1992,0b00006484a05bd4
_source/SMPTE/Conference Repository/Conference Papers/1992/7268132/7268133/07268150.xml,publication,10.5594/M00724,Enterprise-Wide (Network) Digital Automation Protocols: What&#x0027;s Happening&#x003F; What&#x0027;s Needed&#x003F;,orig-research,1992,0b00006484a05bd5
_source/SMPTE/Conference Repository/Conference Papers/1992/7268132/7268133/07268151.xml,publication,10.5594/M00725,Digital Image Exchange: File Format and Calibration,orig-research,1992,0b00006484a05bd6
_source/SMPTE/Conference Repository/Conference Papers/1992/7268132/7268133/07268152.xml,publication,10.5594/M00726,Lessons My Mother (Ma Bell) Taught Me about Compatible Variable Bit Rate Video,orig-research,1992,0b00006484a05bd7
_source/SMPTE/Conference Repository/Conference Papers/1992/7268132/7268133/07268153.xml,publication,10.5594/M00727,Weighing the Advantages of Scalable Digital Video,orig-research,1992,0b00006484a05bd8
_source/SMPTE/Conference Repository/Conference Papers/1992/7268132/7268133/07268154.xml,publication,10.5594/M00728,A Novel Image Compression Technique Using Modular Algorithm,orig-research,1992,0b00006484a05c15
_source/SMPTE/Conference Repository/Conference Papers/1992/7268132/7268133/07268155.xml,publication,10.5594/M00729,Factors that will Shape Future HDTV Technical Plants,orig-research,1992,0b00006484a05c16
_source/SMPTE/Conference Repository/Conference Papers/1992/7268132/7268133/07268156.xml,publication,10.5594/M00730,Improvement of Picture Quality in Nonstandard Speed Play of Digital VTR,orig-research,1992,0b00006484a05c17
_source/SMPTE/Conference Repository/Conference Papers/1993/7268339/7268340/07268341.xml,publication,10.5594/M00667,Keynote Address: Brave New Images,orig-research,1993,0b00006484a0608c
_source/SMPTE/Conference Repository/Conference Papers/1993/7268339/7268340/07268342.xml,publication,10.5594/M00668,Implementation of a Large Digital Routing System,orig-research,1993,0b00006484a0608d
_source/SMPTE/Conference Repository/Conference Papers/1993/7268339/7268340/07268343.xml,publication,10.5594/M00669,Design Considerations for Serial Digital Television Systems,orig-research,1993,0b00006484a0608e
_source/SMPTE/Conference Repository/Conference Papers/1993/7268339/7268340/07268344.xml,publication,10.5594/M00670,Digital Signal Distribution in a Combined Digital/Analog Environment,orig-research,1993,0b00006484a060c3
_source/SMPTE/Conference Repository/Conference Papers/1993/7268339/7268340/07268345.xml,publication,10.5594/M00671,Jitter Effects and Measurement in Serial Digital Television Signals,orig-research,1993,0b00006484a060c4
_source/SMPTE/Conference Repository/Conference Papers/1993/7268339/7268340/07268346.xml,publication,10.5594/M00672,"1,001 Questions to Ask before Buying a Non-Linear Editing System",orig-research,1993,0b00006484a060c5
_source/SMPTE/Conference Repository/Conference Papers/1993/7268339/7268340/07268347.xml,publication,10.5594/M00673,A Film Quality Digital Archiving &#x0026; Editing System,orig-research,1993,0b00006484a060c6
_source/SMPTE/Conference Repository/Conference Papers/1993/7268339/7268340/07268348.xml,publication,10.5594/M00674,The Preservation of the Fox Newsreel Library by Digital Means: A Progress Report,orig-research,1993,0b00006484a060c7
_source/SMPTE/Conference Repository/Conference Papers/1993/7268339/7268340/07268349.xml,publication,10.5594/M00675,Virtual Studio System for TV Program Production,orig-research,1993,0b00006484a060c8
_source/SMPTE/Conference Repository/Conference Papers/1993/7268339/7268340/07268350.xml,publication,10.5594/M00676,"PIXAR Image Computer: Specifications, Applications and Uses at the Advanced Television Test Center",orig-research,1993,0b00006484a060c9
_source/SMPTE/Conference Repository/Conference Papers/1993/7268339/7268340/07268351.xml,publication,10.5594/M00677,Technical and Logistical Issues in 3-D Character Animation,orig-research,1993,0b00006484a060ca
_source/SMPTE/Conference Repository/Conference Papers/1993/7268339/7268340/07268352.xml,publication,10.5594/M00678,Digital Television Effects and Control,orig-research,1993,0b00006484a060cb
_source/SMPTE/Conference Repository/Conference Papers/1993/7268339/7268340/07268353.xml,publication,10.5594/M00679,The Key Element of the PTV Satellite System of the Future,orig-research,1993,0b00006484a060cc
_source/SMPTE/Conference Repository/Conference Papers/1993/7268339/7268340/07268354.xml,publication,10.5594/M00680,&#x201C;The Integration of Testing &#x0026; Maintenance Management Techniques for Television&#x201D;,orig-research,1993,0b00006484a06109
_source/SMPTE/Conference Repository/Conference Papers/1993/7268339/7268340/07268355.xml,publication,10.5594/M00681,Use of the ATTC/Tektronix Format Converter in ATV Testing,orig-research,1993,0b00006484a0610a
_source/SMPTE/Conference Repository/Conference Papers/1993/7268339/7268340/07268356.xml,publication,10.5594/M00682,Double Scan Playback - A Novel Technique for Increasing the Error Handling Capability in Digital VTRs,orig-research,1993,0b00006484a0610b
_source/SMPTE/Conference Repository/Conference Papers/1993/7268339/7268340/07268357.xml,publication,10.5594/M00683,Merging Digital Technology into an Analogue World,orig-research,1993,0b00006484a0610c
_source/SMPTE/Conference Repository/Conference Papers/1993/7268339/7268340/07268358.xml,publication,10.5594/M00684,"Numbers, Numbers Everywhere&#x0021;",orig-research,1993,0b00006484a0610d
_source/SMPTE/Conference Repository/Conference Papers/1993/7268339/7268340/07268359.xml,publication,10.5594/M00685,Smart Color for Digital Imaging,orig-research,1993,0b00006484a0610e
_source/SMPTE/Conference Repository/Conference Papers/1993/7268339/7268340/07268360.xml,publication,10.5594/M00686,Technology for Accurate Color,orig-research,1993,0b00006484a0610f
_source/SMPTE/Conference Repository/Conference Papers/1993/7268339/7268340/07268361.xml,publication,10.5594/M00687,Fiber Optical Interconnection in Television Cameras,orig-research,1993,0b00006484a06110
_source/SMPTE/Conference Repository/Conference Papers/1994/7268009/7268010/07268011.xml,publication,10.5594/M00848,Foreword,orig-research,1994,0b00006484a05829
_source/SMPTE/Conference Repository/Conference Papers/1994/7268009/7268010/07268012.xml,publication,10.5594/M00849,Visual Investigation on the Head-Tape Interface in a HDTV Digital Baseband VCR,orig-research,1994,0b00006484a0582a
_source/SMPTE/Conference Repository/Conference Papers/1994/7268009/7268010/07268013.xml,publication,10.5594/M00850,Scalable Speed Search Technique for Digital VCRs,orig-research,1994,0b00006484a0585d
_source/SMPTE/Conference Repository/Conference Papers/1994/7268009/7268010/07268014.xml,publication,10.5594/M00851,An Image Enhancer for a Small HDTV CCD Camera,orig-research,1994,0b00006484a0585e
_source/SMPTE/Conference Repository/Conference Papers/1994/7268009/7268010/07268015.xml,publication,10.5594/M00852,Performance Evaluation: From NTSC to Digitally Compressed Video,orig-research,1994,0b00006484a0585f
_source/SMPTE/Conference Repository/Conference Papers/1994/7268009/7268010/07268016.xml,publication,10.5594/M00853,Development of Studio Apparatus Supporting System,orig-research,1994,0b00006484a05860
_source/SMPTE/Conference Repository/Conference Papers/1994/7268009/7268010/07268017.xml,publication,10.5594/M00854,Monitoring and Diagnostics in Digital Television Systems,orig-research,1994,0b00006484a05861
_source/SMPTE/Conference Repository/Conference Papers/1994/7268009/7268010/07268018.xml,publication,10.5594/M00855,"Digital Multi-Media: Now that I&#x0027;ve Got it, where Do I Put it&#x003F;",orig-research,1994,0b00006484a05862
_source/SMPTE/Conference Repository/Conference Papers/1994/7268009/7268010/07268019.xml,publication,10.5594/M00856,The Merging of Computers and Video: Using Ethernet and SCSI for Digital Video I/O,orig-research,1994,0b00006484a05863
_source/SMPTE/Conference Repository/Conference Papers/1994/7268009/7268010/07268020.xml,publication,10.5594/M00857,Delivery of TV over Existing Phone Lines,orig-research,1994,0b00006484a05864
_source/SMPTE/Conference Repository/Conference Papers/1994/7268009/7268010/07268021.xml,publication,10.5594/M00858,Subjective Testing of Broadcasting Quality Compressed Video,orig-research,1994,0b00006484a05865
_source/SMPTE/Conference Repository/Conference Papers/1994/7268009/7268010/07268022.xml,publication,10.5594/M00859,The A.R.T. System&#x2122;: Artificial Reality Television System&#x2122;,orig-research,1994,0b00006484a05866
_source/SMPTE/Conference Repository/Conference Papers/1994/7268009/7268010/07268023.xml,publication,10.5594/M00860,"Video on Demand: Architecture, Systems, and Applications",orig-research,1994,0b00006484a058a3
_source/SMPTE/Conference Repository/Conference Papers/1994/7268009/7268010/07268024.xml,publication,10.5594/M00861,Synchronous Digital Fiber Optic Networks for Multi-Channel Video Transmission,orig-research,1994,0b00006484a058a4
_source/SMPTE/Conference Repository/Conference Papers/1994/7268009/7268010/07268025.xml,publication,10.5594/M00862,Hierarchical TV Transmission by Spread&#x2013;Spectrum Multiplexing,orig-research,1994,0b00006484a058a5
_source/SMPTE/Conference Repository/Conference Papers/1994/7268009/7268010/07268026.xml,publication,10.5594/M00863,From Post Production to the Cinema of the Future: Part One: Post Production,orig-research,1994,0b00006484a058a6
_source/SMPTE/Conference Repository/Conference Papers/1994/7268009/7268010/07268027.xml,publication,10.5594/M00864,&#x201C;Integrating Television into the Digital Telecommunications Network&#x201D;,orig-research,1994,0b00006484a058a7
_source/SMPTE/Conference Repository/Conference Papers/1994/7268009/7268010/07268028.xml,publication,10.5594/M00865,"525, 1:1, Progressive Scanning Television Camera with 16:9 Aspect Ratio",orig-research,1994,0b00006484a058a8
_source/SMPTE/Conference Repository/Conference Papers/1994/7268009/7268010/07268029.xml,publication,10.5594/M00866,Intelligent Robot Camera,orig-research,1994,0b00006484a058a9
_source/SMPTE/Conference Repository/Conference Papers/1994/7268009/7268010/07268030.xml,publication,10.5594/M00867,Resolution Independent Film Scanning: How Independent is Independent&#x003F;: For Presentation at 1994 SMPTE Advanced Television &#x0026; Electronic Imaging Conference,orig-research,1994,0b00006484a058aa
_source/SMPTE/Conference Repository/Conference Papers/1994/7268009/7268010/07268031.xml,publication,10.5594/M00868,Desktop Systems Supporting Role in Traditional Production Environments,orig-research,1994,0b00006484a058ab
_source/SMPTE/Conference Repository/Conference Papers/1994/7268009/7268010/07268032.xml,publication,10.5594/M00869,Towards a Descriptive Language Codifying the Video Synchronization Signal,orig-research,1994,0b00006484a058ac
_source/SMPTE/Conference Repository/Conference Papers/1994/7268009/7268010/07268033.xml,publication,10.5594/M00870,Universal Broadband Networx&#x2122;,orig-research,1994,0b00006484a058e9
_source/SMPTE/Conference Repository/Conference Papers/1994/7268157/7268158/07268159.xml,publication,10.5594/M001120,Environmental Process Development,orig-research,1994,0b00006484a05c1a
_source/SMPTE/Conference Repository/Conference Papers/1994/7268157/7268158/07268160.xml,publication,10.5594/M001121,Latest Technology and Developments in Film Cleaning,orig-research,1994,0b00006484a05c1b
_source/SMPTE/Conference Repository/Conference Papers/1994/7268157/7268158/07268161.xml,publication,10.5594/M001122,Images from Mould: The Treatment of 26 Million Feet of Wet and Mouldy Film,orig-research,1994,0b00006484a05c1c
_source/SMPTE/Conference Repository/Conference Papers/1994/7268157/7268158/07268162.xml,publication,10.5594/M001123,Molecular Sieves - An Aid to Film Preservation,orig-research,1994,0b00006484a05c1d
_source/SMPTE/Conference Repository/Conference Papers/1994/7268157/7268158/07268163.xml,publication,10.5594/M001124,The AQ 235W - Panasonics New 16:9/4:3 Switchable Camera,orig-research,1994,0b00006484a05c1e
_source/SMPTE/Conference Repository/Conference Papers/1994/7268157/7268158/07268164.xml,publication,10.5594/M001125,A New High Speed Motion Picture Film,orig-research,1994,0b00006484a05c51
_source/SMPTE/Conference Repository/Conference Papers/1994/7268157/7268158/07268165.xml,publication,10.5594/M001126,Completing the EXR System,orig-research,1994,0b00006484a05c52
_source/SMPTE/Conference Repository/Conference Papers/1994/7268157/7268158/07268166.xml,publication,10.5594/M001127,The Evolution of Lighting Control Systems,orig-research,1994,0b00006484a05c53
_source/SMPTE/Conference Repository/Conference Papers/1994/7268157/7268158/07268167.xml,publication,10.5594/M001128,Fluorescent Lighting Systems for Television and Motion Pictures,orig-research,1994,0b00006484a05c54
_source/SMPTE/Conference Repository/Conference Papers/1994/7268157/7268158/07268168.xml,publication,10.5594/M001129,The New Production Company,orig-research,1994,0b00006484a05c55
_source/SMPTE/Conference Repository/Conference Papers/1994/7268157/7268158/07268169.xml,publication,10.5594/M001130,A Review and Assessment of Digital Production Techniques,orig-research,1994,0b00006484a05c56
_source/SMPTE/Conference Repository/Conference Papers/1994/7268157/7268158/07268170.xml,publication,10.5594/M001131,Film Restoration Using Digital Technology - The Snow White Story,orig-research,1994,0b00006484a05c57
_source/SMPTE/Conference Repository/Conference Papers/1994/7268157/7268158/07268171.xml,publication,10.5594/M001132,"Now it&#x0027;s Digital, We can Do Anything&#x003F;",orig-research,1994,0b00006484a05c58
_source/SMPTE/Conference Repository/Conference Papers/1994/7268157/7268158/07268172.xml,publication,10.5594/M001133,Considerations for Digital Video Storage Systems,orig-research,1994,0b00006484a05c59
_source/SMPTE/Conference Repository/Conference Papers/1994/7268157/7268158/07268173.xml,publication,10.5594/M001134,European High Definition - Double 4:2:2 Architecture,orig-research,1994,0b00006484a05c5a
_source/SMPTE/Conference Repository/Conference Papers/1994/7268157/7268158/07268174.xml,publication,10.5594/M001135,Technical Overview of the D5 Format,orig-research,1994,0b00006484a05c8d
_source/SMPTE/Conference Repository/Conference Papers/1994/7268157/7268158/07268175.xml,publication,10.5594/M001136,Advanced Digital Camcorder Design,orig-research,1994,0b00006484a05c8e
_source/SMPTE/Conference Repository/Conference Papers/1994/7268157/7268158/07268176.xml,publication,10.5594/M001137,Post Production Editing for Today and Tomorrow,orig-research,1994,0b00006484a05c8f
_source/SMPTE/Conference Repository/Conference Papers/1994/7268157/7268158/07268177.xml,publication,10.5594/M001138,Resolving the Conflit between Timeline and EDL,orig-research,1994,0b00006484a05c90
_source/SMPTE/Conference Repository/Conference Papers/1994/7268157/7268158/07268178.xml,publication,10.5594/M001139,Digital Courier - Transmitting Rushes for Non Linear Editing,orig-research,1994,0b00006484a05c91
_source/SMPTE/Conference Repository/Conference Papers/1994/7268157/7268158/07268179.xml,publication,10.5594/M001140,An On-Line True Random Access Edit System,orig-research,1994,0b00006484a05c92
_source/SMPTE/Conference Repository/Conference Papers/1994/7268157/7268158/07268180.xml,publication,10.5594/M001141,Converging Technologies and Newton&#x0027;s Third Law of Motion,orig-research,1994,0b00006484a05c93
_source/SMPTE/Conference Repository/Conference Papers/1994/7268157/7268158/07268181.xml,publication,10.5594/M001142,Digital Sound Manipulation for Film and Television and its Role in Affecting Emotions,orig-research,1994,0b00006484a05c94
_source/SMPTE/Conference Repository/Conference Papers/1994/7268157/7268158/07268182.xml,publication,10.5594/M001143,Automated Telecine Syncing and Data Base Management for Electronic Film Post,orig-research,1994,0b00006484a05c95
_source/SMPTE/Conference Repository/Conference Papers/1994/7268157/7268158/07268183.xml,publication,10.5594/M001144,The Advantages and Flexibility of Flying Spot Scanners for Film to Video Transfers,orig-research,1994,0b00006484a05c96
_source/SMPTE/Conference Repository/Conference Papers/1994/7268157/7268158/07268184.xml,publication,10.5594/M001145,Propagation and Demographic Analysis for a Broadcast Environment,orig-research,1994,0b00006484a05cc9
_source/SMPTE/Conference Repository/Conference Papers/1994/7268157/7268158/07268185.xml,publication,10.5594/M001146,Protection Ratios for Digital Terrestrial TV in Australia,orig-research,1994,0b00006484a05cca
_source/SMPTE/Conference Repository/Conference Papers/1994/7268157/7268158/07268186.xml,publication,10.5594/M001147,An Automated On-Air System,orig-research,1994,0b00006484a05ccb
_source/SMPTE/Conference Repository/Conference Papers/1994/7268157/7268158/07268187.xml,publication,10.5594/M001148,16&#x00D7;9 - The Challenge for the Broadcasters,orig-research,1994,0b00006484a05ccc
_source/SMPTE/Conference Repository/Conference Papers/1994/7268157/7268158/07268188.xml,publication,10.5594/M001149,Lillehammer &#x0027;94 in High Definition,orig-research,1994,0b00006484a05ccd
_source/SMPTE/Conference Repository/Conference Papers/1994/7268157/7268158/07268189.xml,publication,10.5594/M001150,Multi-Channel Digital Broadcasting,orig-research,1994,0b00006484a05cce
_source/SMPTE/Conference Repository/Conference Papers/1994/7268157/7268158/07268190.xml,publication,10.5594/M001151,MPEG-2 Out of the Blue&#x0021; (Or Lets Put an MPEG on a Square Chip),orig-research,1994,0b00006484a05ccf
_source/SMPTE/Conference Repository/Conference Papers/1994/7268157/7268158/07268191.xml,publication,10.5594/M001152,Recording Image Data Compressed Signals on Magnetic Media,orig-research,1994,0b00006484a05cd0
_source/SMPTE/Conference Repository/Conference Papers/1994/7268157/7268158/07268192.xml,publication,10.5594/M001153,Subjective Viewing Testing of MPEG-2,orig-research,1994,0b00006484a05cd1
_source/SMPTE/Conference Repository/Conference Papers/1994/7268157/7268158/07268193.xml,publication,10.5594/M001154,A Graded Entropy Test Sequence Series for Subjective Video Quality Assessment,orig-research,1994,0b00006484a05cd2
_source/SMPTE/Conference Repository/Conference Papers/1994/7268157/7268158/07268194.xml,publication,10.5594/M001155,Effective Nearly Lossless Compression of Digital Video Sequences,orig-research,1994,0b00006484a05d07
_source/SMPTE/Conference Repository/Conference Papers/1994/7268157/7268158/07268195.xml,publication,10.5594/M001156,Introduction to Vision 1250,orig-research,1994,0b00006484a05d08
_source/SMPTE/Conference Repository/Conference Papers/1994/7268157/7268158/07268196.xml,publication,10.5594/M001157,The Big Picture around the Little Picture,orig-research,1994,0b00006484a05d09
_source/SMPTE/Conference Repository/Conference Papers/1994/7268157/7268158/07268197.xml,publication,10.5594/M001158,The Market Place for HDTV and Wide Screen Product,orig-research,1994,0b00006484a05d0a
_source/SMPTE/Conference Repository/Conference Papers/1994/7268157/7268158/07268198.xml,publication,10.5594/M001159,High Definition Production in Arts and Documentaries,orig-research,1994,0b00006484a05d0b
_source/SMPTE/Conference Repository/Conference Papers/1994/7268362/7268363/07268364.xml,publication,10.5594/M001276,Preface,orig-research,1994,0b00006484a06145
_source/SMPTE/Conference Repository/Conference Papers/1994/7268362/7268363/07268365.xml,publication,10.5594/M001277,Introduction,orig-research,1994,0b00006484a06146
_source/SMPTE/Conference Repository/Conference Papers/1994/7268362/7268363/07268366.xml,publication,10.5594/M001278,An Overview of the DTTB Model,orig-research,1994,0b00006484a06147
_source/SMPTE/Conference Repository/Conference Papers/1994/7268362/7268363/07268367.xml,publication,10.5594/M001279,Video Compression Techniques and Multilevel Approaches,orig-research,1994,0b00006484a06148
_source/SMPTE/Conference Repository/Conference Papers/1994/7268362/7268363/07268368.xml,publication,10.5594/M001280,"MPEG Overview<!--<xref ref-type=""other"" rid=""fn1-10.5594_M001280"">1</xref>-->",orig-research,1994,0b00006484a06149
_source/SMPTE/Conference Repository/Conference Papers/1994/7268362/7268363/07268369.xml,publication,10.5594/M001281,The Service Multiplex,orig-research,1994,0b00006484a0614a
_source/SMPTE/Conference Repository/Conference Papers/1994/7268362/7268363/07268370.xml,publication,10.5594/M001282,Encipherment and Conditional Access,orig-research,1994,0b00006484a0614b
_source/SMPTE/Conference Repository/Conference Papers/1994/7268362/7268363/07268371.xml,publication,10.5594/M001283,Planning Factors and Their Influence on System Aspects,orig-research,1994,0b00006484a0614c
_source/SMPTE/Conference Repository/Conference Papers/1994/7268362/7268363/07268372.xml,publication,10.5594/M001284,Digital Television Broadcasting: Issues for Successful Implementation,orig-research,1994,0b00006484a0614d
_source/SMPTE/Conference Repository/Conference Papers/1994/7268362/7268363/07268373.xml,publication,10.5594/M001285,Digital Television Broadcasting &#x2013; A Swedish Perspective,orig-research,1994,0b00006484a0614e
_source/SMPTE/Conference Repository/Conference Papers/1994/7268362/7268363/07268374.xml,publication,10.5594/M001286,ITU/SMPTE Tutorial Workshop on Digital Terrestrial Television Broadcasting Panel Discussion Opening Remarks,orig-research,1994,0b00006484a06181
_source/SMPTE/Conference Repository/Conference Papers/1994/7268362/7268363/07268375.xml,publication,10.5594/M001287,Receiver Characteristics,orig-research,1994,0b00006484a06182
_source/SMPTE/Conference Repository/Conference Papers/1994/7268362/7268363/07268376.xml,publication,10.5594/M001288,Modulation and Channel Coding for ATV Terrestrial Transmission,orig-research,1994,0b00006484a06183
_source/SMPTE/Conference Repository/Conference Papers/1994/7268362/7268363/07268377.xml,publication,10.5594/M001289,Error Management in Digital Terrestrial Television Broadcasting,orig-research,1994,0b00006484a06184
_source/SMPTE/Conference Repository/Conference Papers/1994/7268362/7268363/07268378.xml,publication,10.5594/M001290,Channel Coding Approaches and Consequences - Single and Dual Carriers,orig-research,1994,0b00006484a06185
_source/SMPTE/Conference Repository/Conference Papers/1994/7268362/7268363/07268379.xml,publication,10.5594/M001291,Digital Terrestrial Television Using the COFDM Technique,orig-research,1994,0b00006484a06186
_source/SMPTE/Conference Repository/Conference Papers/1994/7268362/7268363/07268380.xml,publication,10.5594/M001292,Displays &#x0026; Colorimetry for Future Television,orig-research,1994,0b00006484a06187
_source/SMPTE/Conference Repository/Conference Papers/1994/7268362/7268363/07268381.xml,publication,10.5594/M001293,Digital Television System Scalability and Interoperability,orig-research,1994,0b00006484a06188
_source/SMPTE/Conference Repository/Conference Papers/1995/7268080/7268081/07268082.xml,publication,10.5594/M00823,Foreword,orig-research,1995,0b00006484a059ea
_source/SMPTE/Conference Repository/Conference Papers/1995/7268080/7268081/07268083.xml,publication,10.5594/M00824,Preface,orig-research,1995,0b00006484a05a1e
_source/SMPTE/Conference Repository/Conference Papers/1995/7268080/7268081/07268084.xml,publication,10.5594/M00825,Video&#x2014;For here or to Go&#x003F;: Using Compression and Packetization in Television Production Facilities,orig-research,1995,0b00006484a05a1f
_source/SMPTE/Conference Repository/Conference Papers/1995/7268080/7268081/07268085.xml,publication,10.5594/M00826,A Proposal for Compatibly Improving the Scrambling of SMPTE 259M,orig-research,1995,0b00006484a05a20
_source/SMPTE/Conference Repository/Conference Papers/1995/7268080/7268081/07268086.xml,publication,10.5594/M00827,The Art of Video Encoding: Optimizing MPEG Video Compression through Human-Assist Methods,orig-research,1995,0b00006484a05a21
_source/SMPTE/Conference Repository/Conference Papers/1995/7268080/7268081/07268087.xml,publication,10.5594/M00828,Switching Facilities in MPEG-2: Necessary but Not Sufficient,orig-research,1995,0b00006484a05a22
_source/SMPTE/Conference Repository/Conference Papers/1995/7268080/7268081/07268088.xml,publication,10.5594/M00829,Video Compression: The Need for Testing,orig-research,1995,0b00006484a05a23
_source/SMPTE/Conference Repository/Conference Papers/1995/7268080/7268081/07268089.xml,publication,10.5594/M00830,An Innovative Approach to MPEG Mastering,orig-research,1995,0b00006484a05a24
_source/SMPTE/Conference Repository/Conference Papers/1995/7268080/7268081/07268090.xml,publication,10.5594/M00831,The SMPTE D-6 Digital Recording Format,orig-research,1995,0b00006484a05a25
_source/SMPTE/Conference Repository/Conference Papers/1995/7268080/7268081/07268091.xml,publication,10.5594/M00832,1280 &#x00D7; 720 Progressive - A Re-Evaluation,orig-research,1995,0b00006484a05a26
_source/SMPTE/Conference Repository/Conference Papers/1995/7268080/7268081/07268092.xml,publication,10.5594/M00833,European HD Video Coverage of Lillehammer Olympic Games &#x2032;94 in the Context of the European Widescreen Market,orig-research,1995,0b00006484a05a27
_source/SMPTE/Conference Repository/Conference Papers/1995/7268080/7268081/07268093.xml,publication,10.5594/M00834,Wide-Color-Gamut System,orig-research,1995,0b00006484a05a67
_source/SMPTE/Conference Repository/Conference Papers/1995/7268080/7268081/07268094.xml,publication,10.5594/M00835,Report on the Technology Test of the Cinema of the Future,orig-research,1995,0b00006484a05a68
_source/SMPTE/Conference Repository/Conference Papers/1995/7268080/7268081/07268095.xml,publication,10.5594/M00836,Digital to Analog Conversion&#x2014;Data and Filter Requirements,orig-research,1995,0b00006484a05a69
_source/SMPTE/Conference Repository/Conference Papers/1995/7268080/7268081/07268096.xml,publication,10.5594/M00837,A Proposal for Open Architecture Digital Communication Systems Based on Standard Media Publishing Apertures,orig-research,1995,0b00006484a05a6a
_source/SMPTE/Conference Repository/Conference Papers/1995/7268080/7268081/07268097.xml,publication,10.5594/M00838,A Digital Editing Suite in an Analogue Environment,orig-research,1995,0b00006484a05a6b
_source/SMPTE/Conference Repository/Conference Papers/1995/7268080/7268081/07268098.xml,publication,10.5594/M00839,Mastery Learning as a Foundation for Technology Training,orig-research,1995,0b00006484a05a6c
_source/SMPTE/Conference Repository/Conference Papers/1995/7268080/7268081/07268099.xml,publication,10.5594/M00840,A Guided Tour of Colour Space,orig-research,1995,0b00006484a05a6d
_source/SMPTE/Conference Repository/Conference Papers/1995/7268080/7268081/07268100.xml,publication,10.5594/M00841,Are RAIDs Redundant&#x003F;,orig-research,1995,0b00006484a05a6e
_source/SMPTE/Conference Repository/Conference Papers/1995/7268080/7268081/07268101.xml,publication,10.5594/M00842,Non-Compressed NTSC Digital Video Disk Recorder,orig-research,1995,0b00006484a05a6f
_source/SMPTE/Conference Repository/Conference Papers/1995/7268080/7268081/07268102.xml,publication,10.5594/M00843,MPEG Compression of High Frame Rate Progressively Scanned Images,orig-research,1995,0b00006484a05a70
_source/SMPTE/Conference Repository/Conference Papers/1995/7268080/7268081/07268103.xml,publication,10.5594/M00844,Simple Scalable Video Compression Using 3-D Subband Coding,orig-research,1995,0b00006484a05aaf
_source/SMPTE/Conference Repository/Conference Papers/1995/7268080/7268081/07268104.xml,publication,10.5594/M00845,ISDB and its Transmission System,orig-research,1995,0b00006484a05ab0
_source/SMPTE/Conference Repository/Conference Papers/1995/7268080/7268081/07268105.xml,publication,10.5594/M00846,Digital Acquisition without Compromise-the Missing Link,orig-research,1995,0b00006484a05ab1
_source/SMPTE/Conference Repository/Conference Papers/1995/7268080/7268081/07268106.xml,publication,10.5594/M00847,New Foundations for Video Technology: Which Ones Do We Build on and Why&#x003F;,orig-research,1995,0b00006484a05ab2
_source/SMPTE/Conference Repository/Conference Papers/1995/7268295/7268296/07268297.xml,publication,10.5594/M00475,Preface,orig-research,1995,0b00006484a05f82
_source/SMPTE/Conference Repository/Conference Papers/1995/7268295/7268296/07268298.xml,publication,10.5594/M00476,Digital Triaxial Transmission Provides Total Digital Studio Camera System,orig-research,1995,0b00006484a05f83
_source/SMPTE/Conference Repository/Conference Papers/1995/7268295/7268296/07268299.xml,publication,10.5594/M00477,Transmission Test Using a 42GHz-Band HDTV Digital FPU,orig-research,1995,0b00006484a05f84
_source/SMPTE/Conference Repository/Conference Papers/1995/7268295/7268296/07268300.xml,publication,10.5594/M00478,A Digital Solution for Cost-Effective ENG,orig-research,1995,0b00006484a05f85
_source/SMPTE/Conference Repository/Conference Papers/1995/7268295/7268296/07268301.xml,publication,10.5594/M00479,Concepts for Nonlinear Field Acquisition for Broadcast Operations and DNG Systems,orig-research,1995,0b00006484a05f86
_source/SMPTE/Conference Repository/Conference Papers/1995/7268295/7268296/07268302.xml,publication,10.5594/M00480,Professional Video under 32-Bit Windows&#x2122; Operating Systems,orig-research,1995,0b00006484a05f87
_source/SMPTE/Conference Repository/Conference Papers/1995/7268295/7268296/07268303.xml,publication,10.5594/M00481,Video Applications in the Era of Computer Networks - Computer &#x0026; Video &#x003D; Multimedia&#x003F;,orig-research,1995,0b00006484a05f88
_source/SMPTE/Conference Repository/Conference Papers/1995/7268295/7268296/07268304.xml,publication,10.5594/M00482,Stream-Based Computing and Future Television,orig-research,1995,0b00006484a05fbb
_source/SMPTE/Conference Repository/Conference Papers/1995/7268295/7268296/07268305.xml,publication,10.5594/M00483,A Server-Based Post Production System,orig-research,1995,0b00006484a05fbc
_source/SMPTE/Conference Repository/Conference Papers/1995/7268295/7268296/07268306.xml,publication,10.5594/M00484,The Impact of Nonlinear Editing on the Post-Production Process,orig-research,1995,0b00006484a05fbd
_source/SMPTE/Conference Repository/Conference Papers/1995/7268295/7268296/07268307.xml,publication,10.5594/M00485,Moving Uncompressed Video Faster than Real Time,orig-research,1995,0b00006484a05fbe
_source/SMPTE/Conference Repository/Conference Papers/1995/7268295/7268296/07268308.xml,publication,10.5594/M00486,Timing and Synchronization Using MPEG-2 Transport Streams,orig-research,1995,0b00006484a05fbf
_source/SMPTE/Conference Repository/Conference Papers/1995/7268295/7268296/07268309.xml,publication,10.5594/M00487,Digital Video and Audio Transmission Alternatives,orig-research,1995,0b00006484a05fc0
_source/SMPTE/Conference Repository/Conference Papers/1995/7268295/7268296/07268310.xml,publication,10.5594/M00488,Practical Implementation of an Optical Network in Broadcast Stations,orig-research,1995,0b00006484a05fc1
_source/SMPTE/Conference Repository/Conference Papers/1995/7268295/7268296/07268311.xml,publication,10.5594/M00489,Factors in Preserving Video Quality in Postproduction When Cascading Compressed Video Systems,orig-research,1995,0b00006484a05fc2
_source/SMPTE/Conference Repository/Conference Papers/1995/7268295/7268296/07268312.xml,publication,10.5594/M00490,Objective Assessment of Single and Concatenated Compression Codecs,orig-research,1995,0b00006484a05fc3
_source/SMPTE/Conference Repository/Conference Papers/1995/7268295/7268296/07268313.xml,publication,10.5594/M00491,Statistical Analysis of Picture Quality for Digital TV Employing MPEG-2 Video Standard,orig-research,1995,0b00006484a05fc4
_source/SMPTE/Conference Repository/Conference Papers/1995/7268295/7268296/07268314.xml,publication,10.5594/M00492,Understanding the Video Server,orig-research,1995,0b00006484a06001
_source/SMPTE/Conference Repository/Conference Papers/1995/7268295/7268296/07268315.xml,publication,10.5594/M00493,A New Digital Video Tape Recording System for Professional Use,orig-research,1995,0b00006484a06002
_source/SMPTE/Conference Repository/Conference Papers/1995/7268295/7268296/07268316.xml,publication,10.5594/M00494,DVCPRO: A Comprehensive Format Overview,orig-research,1995,0b00006484a06003
_source/SMPTE/Conference Repository/Conference Papers/1995/7268295/7268296/07268317.xml,publication,10.5594/M00495,"W-VHS, a New HDTV Video Recording Format",orig-research,1995,0b00006484a06004
_source/SMPTE/Conference Repository/Conference Papers/1995/7268295/7268296/07268318.xml,publication,10.5594/M00496,MultiMedia Compact Disc: System Requirements and Channel Coding,orig-research,1995,0b00006484a06005
_source/SMPTE/Conference Repository/Conference Papers/1995/7268295/7268296/07268319.xml,publication,10.5594/M00497,A Dockable Digital Disk Recorder,orig-research,1995,0b00006484a06006
_source/SMPTE/Conference Repository/Conference Papers/1995/7268295/7268296/07268320.xml,publication,10.5594/M00498,Multi-Channel RAM &#x0026; DISK Recorders for Sports Coverage,orig-research,1995,0b00006484a06007
_source/SMPTE/Conference Repository/Conference Papers/1995/7268295/7268296/07268321.xml,publication,10.5594/M00499,Study Group on SMPTE Documentation of Television Recording Formats Employing Compression Techniques (V16.06),orig-research,1995,0b00006484a06008
_source/SMPTE/Conference Repository/Conference Papers/1995/7268295/7268296/07268322.xml,publication,10.5594/M00500,High Resolution Realtime Scanning - Why it is Necessary,orig-research,1995,0b00006484a06009
_source/SMPTE/Conference Repository/Conference Papers/1995/7268295/7268296/07268323.xml,publication,10.5594/M00501,"Computer Bus, Coax and Fiber Media Utilization in Multiple Function, Multiformat Digital Facilities Design",orig-research,1995,0b00006484a0600a
_source/SMPTE/Conference Repository/Conference Papers/1995/7268295/7268296/07268324.xml,publication,10.5594/M00502,Broadcasting Digital Video Lessons Learned: Transmitting MPEG-1 Video over a Microwave Relay System,orig-research,1995,0b00006484a06047
_source/SMPTE/Conference Repository/Conference Papers/1995/7268295/7268296/07268325.xml,publication,10.5594/M00503,Effects of ATM Transmission Errors on MPEG-2 Decoded Quality of Service,orig-research,1995,0b00006484a06048
_source/SMPTE/Conference Repository/Conference Papers/1995/7268295/7268296/07268326.xml,publication,10.5594/M00504,&#x201C;Delivering the Image Electronically&#x201D;,orig-research,1995,0b00006484a06049
_source/SMPTE/Conference Repository/Conference Papers/1995/7268295/7268296/07268327.xml,publication,10.5594/M00505,Integrated Narrowband/Broadband Access Architecture,orig-research,1995,0b00006484a0604a
_source/SMPTE/Conference Repository/Conference Papers/1995/7268295/7268296/07268328.xml,publication,10.5594/M00506,"PBS Delivers Digital Compressed Video, Audio and Data",orig-research,1995,0b00006484a0604b
_source/SMPTE/Conference Repository/Conference Papers/1995/7268295/7268296/07268329.xml,publication,10.5594/M00507,Advanced Approach to Universal Video Format Conversion,orig-research,1995,0b00006484a0604c
_source/SMPTE/Conference Repository/Conference Papers/1995/7268295/7268296/07268330.xml,publication,10.5594/M00508,"Computer Images Implemented, Displayed and Re-Edited in Post-Production",orig-research,1995,0b00006484a0604d
_source/SMPTE/Conference Repository/Conference Papers/1995/7268295/7268296/07268331.xml,publication,10.5594/M00509,Utilizing &#x201C;Synthe-Vision&#x201D; for Drama Production,orig-research,1995,0b00006484a0604e
_source/SMPTE/Conference Repository/Conference Papers/1995/7268295/7268296/07268332.xml,publication,10.5594/M00510,Virtual Sound Sources in the Total Surround Sound System,orig-research,1995,0b00006484a0604f
_source/SMPTE/Conference Repository/Conference Papers/1995/7268295/7268296/07268333.xml,publication,10.5594/M00511,An SDTV Decoder with HDTV Capability: &#x201C;An All-Format ATV Decoder&#x201D;,orig-research,1995,0b00006484a06050
_source/SMPTE/Conference Repository/Conference Papers/1995/7268295/7268296/07268334.xml,publication,10.5594/M00512,Analysis of Electronic Cinema Projection with the Texas Instruments Digital Micromirror Device&#x2122; Display System,orig-research,1995,0b00006484a06085
_source/SMPTE/Conference Repository/Conference Papers/1995/7268295/7268296/07268335.xml,publication,10.5594/M00513,High Efficiency Light-Valve Projectors and High Efficiency Laser Light Sources,orig-research,1995,0b00006484a06086
_source/SMPTE/Conference Repository/Conference Papers/1995/7268295/7268296/07268336.xml,publication,10.5594/M00514,The History of the Perfect Aspect Ratio,orig-research,1995,0b00006484a06087
_source/SMPTE/Conference Repository/Conference Papers/1995/7268295/7268296/07268337.xml,publication,10.5594/M00515,LLK 3 - A New Sound Camera Based on Laser Beam Exposure,orig-research,1995,0b00006484a06088
_source/SMPTE/Conference Repository/Conference Papers/1995/7268295/7268296/07268338.xml,publication,10.5594/M00516,Optimizing the Digital Video Publishing Process: Coupling MPEG Video Encoding to Video Editing,orig-research,1995,0b00006484a06089
_source/SMPTE/Conference Repository/Conference Papers/1996/7263230/7263231/07263232.xml,publication,10.5594/M00093,Foreword,orig-research,1996,0b000064849fc822
_source/SMPTE/Conference Repository/Conference Papers/1996/7263230/7263231/07263233.xml,publication,10.5594/M00094,Improvement of Motion Judder on Converted Images by Telecine at the TV Station,orig-research,1996,0b000064849fc823
_source/SMPTE/Conference Repository/Conference Papers/1996/7263230/7263231/07263234.xml,publication,10.5594/M00095,The Development of a 1920&#x00D7;1080 Pixel Color CCD Camera Progressively Scanned at 60 Frames Per Second,orig-research,1996,0b000064849fc824
_source/SMPTE/Conference Repository/Conference Papers/1996/7263230/7263231/07263235.xml,publication,10.5594/M00096,"Contrast, Color &#x0026; Light in Film and Video Projection",orig-research,1996,0b000064849fc825
_source/SMPTE/Conference Repository/Conference Papers/1996/7263230/7263231/07263236.xml,publication,10.5594/M00097,An Engineering Approach to Consistent Images: Control of Video and Film Image Quality in TV Production,orig-research,1996,0b000064849fc826
_source/SMPTE/Conference Repository/Conference Papers/1996/7263230/7263231/07263237.xml,publication,10.5594/M00098,The Lost History of Film Formats,orig-research,1996,0b000064849fc827
_source/SMPTE/Conference Repository/Conference Papers/1996/7263230/7263231/07263238.xml,publication,10.5594/M00099,Post Production Synergy of Video and Film with Archival Quality,orig-research,1996,0b000064849fc828
_source/SMPTE/Conference Repository/Conference Papers/1996/7263230/7263231/07263239.xml,publication,10.5594/M00100,Servers Expectations Versus Reality,orig-research,1996,0b000064849fc829
_source/SMPTE/Conference Repository/Conference Papers/1996/7263230/7263231/07263240.xml,publication,10.5594/M00101,Media Pool - Flexible Video Server Design for Television Broadcasting,orig-research,1996,0b000064849fc87b
_source/SMPTE/Conference Repository/Conference Papers/1996/7263230/7263231/07263241.xml,publication,10.5594/M00102,Video Servers: &#x201C;Shared Storage&#x201D; for Cost Effective Real-time Access,orig-research,1996,0b000064849fc87c
_source/SMPTE/Conference Repository/Conference Papers/1996/7263230/7263231/07263242.xml,publication,10.5594/M00103,Automated Video Indexing for On-Demand Retrieval from Very Large Video Libraries,orig-research,1996,0b000064849fc87d
_source/SMPTE/Conference Repository/Conference Papers/1996/7263230/7263231/07263243.xml,publication,10.5594/M00104,Implementing Server-Based Systems in the Broadcast Environment,orig-research,1996,0b000064849fc87e
_source/SMPTE/Conference Repository/Conference Papers/1996/7263230/7263231/07263244.xml,publication,10.5594/M00105,A Studio Compression Format for HDTV Applications,orig-research,1996,0b000064849fc87f
_source/SMPTE/Conference Repository/Conference Papers/1996/7263230/7263231/07263245.xml,publication,10.5594/M00106,Bitstream Transcoding in the Studio,orig-research,1996,0b000064849fc880
_source/SMPTE/Conference Repository/Conference Papers/1996/7263230/7263231/07263246.xml,publication,10.5594/M00107,Controlling the Virtual Broadcast Studio,orig-research,1996,0b000064849fc881
_source/SMPTE/Conference Repository/Conference Papers/1996/7263230/7263231/07263247.xml,publication,10.5594/M00108,A New Approach to Transporting Program Content,orig-research,1996,0b000064849fc882
_source/SMPTE/Conference Repository/Conference Papers/1996/7263230/7263231/07263248.xml,publication,10.5594/M00109,Using Intelligent Nodes and Fiber Optics to Control the Next Generation of Digital Television (DTV) Transmitters,orig-research,1996,0b000064849fc883
_source/SMPTE/Conference Repository/Conference Papers/1996/7263230/7263231/07263249.xml,publication,10.5594/M00110,Methods for Evaluation of Digital Television Picture Quality,orig-research,1996,0b000064849fc884
_source/SMPTE/Conference Repository/Conference Papers/1996/7263230/7263231/07263250.xml,publication,10.5594/M00111,Thorough Control System&#x2122;: A Method of Color-Accurate and Contrast Consistent Film Transfer to Video Dailies,orig-research,1996,0b000064849fc8c1
_source/SMPTE/Conference Repository/Conference Papers/1996/7263230/7263231/07263251.xml,publication,10.5594/M00112,"Twelve Bit Acquisition, the Next Step in Digital Broadcast Cameras",orig-research,1996,0b000064849fc8c2
_source/SMPTE/Conference Repository/Conference Papers/1996/7263230/7263231/07263252.xml,publication,10.5594/M00113,Distributed Digital Post-Production,orig-research,1996,0b000064849fc8c3
_source/SMPTE/Conference Repository/Conference Papers/1996/7263230/7263231/07263253.xml,publication,10.5594/M00114,High Speed Data Recording: Digital VTRs Find New Applications,orig-research,1996,0b000064849fc8c4
_source/SMPTE/Conference Repository/Conference Papers/1996/7263230/7263231/07263254.xml,publication,10.5594/M00115,"A Unified Hybrid Recorder: Combining Hard Disk Drives, Betacam SX, and Analog Betacam",orig-research,1996,0b000064849fc8c5
_source/SMPTE/Conference Repository/Conference Papers/1996/7263230/7263231/07263255.xml,publication,10.5594/M00116,Surviving in the Format Jungle,orig-research,1996,0b000064849fc8c6
_source/SMPTE/Conference Repository/Conference Papers/1996/7263230/7263231/07263256.xml,publication,10.5594/M00117,Toward a Universal Data Format for the Preservation of Media,orig-research,1996,0b000064849fc8c7
_source/SMPTE/Conference Repository/Conference Papers/1996/7263230/7263231/07263257.xml,publication,10.5594/M00118,"CCIR 601, Future File Image or the Last Universal Video Standard&#x003F;",orig-research,1996,0b000064849fc8c8
_source/SMPTE/Conference Repository/Conference Papers/1996/7263230/7263231/07263258.xml,publication,10.5594/M00119,Database Applications for Server-Centered News Production,orig-research,1996,0b000064849fc8c9
_source/SMPTE/Conference Repository/Conference Papers/1996/7263230/7263231/07263259.xml,publication,10.5594/M00120,A Common Information Structure for Broadcast Applications,orig-research,1996,0b000064849fc8ca
_source/SMPTE/Conference Repository/Conference Papers/1996/7263230/7263231/07263260.xml,publication,10.5594/M00121,"The Professional Video Industry Needs a Standard, Over-The-Top Digital Audio/Video Expansion Bus",orig-research,1996,0b000064849fc900
_source/SMPTE/Conference Repository/Conference Papers/1996/7263230/7263231/07263261.xml,publication,10.5594/M00122,PC-Based Open Architecture Standards: An Overview,orig-research,1996,0b000064849fc901
_source/SMPTE/Conference Repository/Conference Papers/1996/7263230/7263231/07263262.xml,publication,10.5594/M00123,Broadcasting and Processing of Program Guides for Digital TV,orig-research,1996,0b000064849fc902
_source/SMPTE/Conference Repository/Conference Papers/1996/7263230/7263231/07263263.xml,publication,10.5594/M00124,A Virtual Studio-Set System of High Speed and High Functional Performance Realized with Dedicated Hardware,orig-research,1996,0b000064849fc903
_source/SMPTE/Conference Repository/Conference Papers/1996/7263230/7263231/07263264.xml,publication,10.5594/M00125,Developing New Program Production Techniques Using the &#x201C;Virtual Set&#x201D; and the Motion Capture System at NHK,orig-research,1996,0b000064849fc904
_source/SMPTE/Conference Repository/Conference Papers/1996/7263230/7263231/07263265.xml,publication,10.5594/M00126,"Practical Studio Productions Using High Quality, Low Cost, Virtual Sets",orig-research,1996,0b000064849fc905
_source/SMPTE/Conference Repository/Conference Papers/1996/7263230/7263231/07263266.xml,publication,10.5594/M00127,Three-Way Loudspeaker Systems for Motion Picture Use,orig-research,1996,0b000064849fc906
_source/SMPTE/Conference Repository/Conference Papers/1996/7263230/7263231/07263267.xml,publication,10.5594/M00128,Monitoring Sound in the One-Person Environment,orig-research,1996,0b000064849fc907
_source/SMPTE/Conference Repository/Conference Papers/1996/7263230/7263231/07263268.xml,publication,10.5594/M00129,Elements of a New Authoring System for Digital Video Disk (DVD),orig-research,1996,0b000064849fc908
_source/SMPTE/Conference Repository/Conference Papers/1996/7263230/7263231/07263269.xml,publication,10.5594/M00130,Compression to Disc Building: DVD for Movies,orig-research,1996,0b000064849fc909
_source/SMPTE/Conference Repository/Conference Papers/1996/7263230/7263231/07263270.xml,publication,10.5594/M00131,Picture Quality Editing for Variable Rate Compressed Video,orig-research,1996,0b000064849fc93c
_source/SMPTE/Conference Repository/Conference Papers/1996/7263230/7263231/07263271.xml,publication,10.5594/M00132,DVD Premastering: A Facility&#x0027;s Perspective,orig-research,1996,0b000064849fc93d
_source/SMPTE/Conference Repository/Conference Papers/1996/7263230/7263231/07263272.xml,publication,10.5594/M00133,Video Testing in Modern Television Systems,orig-research,1996,0b000064849fc93e
_source/SMPTE/Conference Repository/Conference Papers/1996/7263230/7263231/07263273.xml,publication,10.5594/M00134,The Unified World Environment: Using 3-D Databases as an Aid to Visual Effects Production,orig-research,1996,0b000064849fc93f
_source/SMPTE/Conference Repository/Conference Papers/1996/7263230/7263231/07263274.xml,publication,10.5594/M00135,Contemporary Techniques for Digital Compositing in Motion Pictures,orig-research,1996,0b000064849fc940
_source/SMPTE/Conference Repository/Conference Papers/1996/7263230/7263231/07263275.xml,publication,10.5594/M00136,The Studio of the Future - the Future of the Studio,orig-research,1996,0b000064849fc941
_source/SMPTE/Conference Repository/Conference Papers/1996/7263230/7263231/07263276.xml,publication,10.5594/M00137,Traveling Mattes: Above and below the Waterline,orig-research,1996,0b000064849fc942
_source/SMPTE/Conference Repository/Conference Papers/1996/7263230/7263231/07263277.xml,publication,10.5594/M00138,Second Generation HDTV Switcher,orig-research,1996,0b000064849fc943
_source/SMPTE/Conference Repository/Conference Papers/1996/7263230/7263231/07263278.xml,publication,10.5594/M00139,Optical Restoration of Faded 35mm Color Negative,orig-research,1996,0b000064849fc944
_source/SMPTE/Conference Repository/Conference Papers/1996/7263230/7263231/07263279.xml,publication,10.5594/M00140,Film Storage &#x2022; What&#x0027;s Coming&#x003F;,orig-research,1996,0b000064849fc945
_source/SMPTE/Conference Repository/Conference Papers/1996/7263280/7263281/07263282.xml,publication,10.5594/M001229,Opening Remarks,orig-research,1996,0b000064849fc986
_source/SMPTE/Conference Repository/Conference Papers/1996/7263280/7263281/07263283.xml,publication,10.5594/M001230,Keynote Address: The Vision of HDTV,orig-research,1996,0b000064849fc987
_source/SMPTE/Conference Repository/Conference Papers/1996/7263280/7263281/07263284.xml,publication,10.5594/M001231,Basic Function of Integrated TV Services for ISDB,orig-research,1996,0b000064849fc988
_source/SMPTE/Conference Repository/Conference Papers/1996/7263280/7263281/07263285.xml,publication,10.5594/M001232,An Implementation of the Media Processing Unit for Multimedia Communication Terminal,orig-research,1996,0b000064849fc989
_source/SMPTE/Conference Repository/Conference Papers/1996/7263280/7263281/07263286.xml,publication,10.5594/M001233,A Medical Application of High Sensitivity HARP HDTV Camera: Imaging Micro-Vessels in Various Organs,orig-research,1996,0b000064849fc98a
_source/SMPTE/Conference Repository/Conference Papers/1996/7263280/7263281/07263287.xml,publication,10.5594/M001234,Controlled Access System for HDTV,orig-research,1996,0b000064849fc98b
_source/SMPTE/Conference Repository/Conference Papers/1996/7263280/7263281/07263288.xml,publication,10.5594/M001235,Motion Estimation using Region-Based Segmentation Methods,orig-research,1996,0b000064849fc98c
_source/SMPTE/Conference Repository/Conference Papers/1996/7263280/7263281/07263289.xml,publication,10.5594/M001236,Motion Estimation Method using the Spatio-Temporal Characteristics of Moving Objects,orig-research,1996,0b000064849fc98d
_source/SMPTE/Conference Repository/Conference Papers/1996/7263280/7263281/07263290.xml,publication,10.5594/M001237,Advanced Motion Estimation and Motion Compensated De-Interlacing,orig-research,1996,0b000064849fc9c0
_source/SMPTE/Conference Repository/Conference Papers/1996/7263280/7263281/07263291.xml,publication,10.5594/M001238,Motion Compensation by Adaptive Vector Quantization,orig-research,1996,0b000064849fc9c1
_source/SMPTE/Conference Repository/Conference Papers/1996/7263280/7263281/07263292.xml,publication,10.5594/M001239,A New Intra-Frame Solution for HDTV to SDTV Down-Conversion,orig-research,1996,0b000064849fc9c2
_source/SMPTE/Conference Repository/Conference Papers/1996/7263280/7263281/07263293.xml,publication,10.5594/M001240,Analog Implementation of Vector Quantization,orig-research,1996,0b000064849fc9c3
_source/SMPTE/Conference Repository/Conference Papers/1996/7263280/7263281/07263294.xml,publication,10.5594/M001241,Hardware Architectures for Vector Quantization in Very Low Bit-Rate Image Coding,orig-research,1996,0b000064849fc9c4
_source/SMPTE/Conference Repository/Conference Papers/1996/7263280/7263281/07263295.xml,publication,10.5594/M001242,A Programmable Video DSP Architecture for HDTV Applications,orig-research,1996,0b000064849fc9c5
_source/SMPTE/Conference Repository/Conference Papers/1996/7263280/7263281/07263296.xml,publication,10.5594/M001243,A Programmable and Scalable Architecture for Real Time Audio and Video Processing,orig-research,1996,0b000064849fc9c6
_source/SMPTE/Conference Repository/Conference Papers/1996/7263280/7263281/07263297.xml,publication,10.5594/M001244,A Parallel Processing Architecture for HDTV Encoding System,orig-research,1996,0b000064849fc9c7
_source/SMPTE/Conference Repository/Conference Papers/1996/7263280/7263281/07263298.xml,publication,10.5594/M001245,Edge-Preserving Recovery of Damaged Blocks for Block-Based Image Coding,orig-research,1996,0b000064849fc9c8
_source/SMPTE/Conference Repository/Conference Papers/1996/7263280/7263281/07263299.xml,publication,10.5594/M001246,An Improved Source Splitting Scheme for Conditional Run-Level Coding of DCT Coefficients,orig-research,1996,0b000064849fc9c9
_source/SMPTE/Conference Repository/Conference Papers/1996/7263280/7263281/07263300.xml,publication,10.5594/M001247,DCT Image Coding Employing Emphasis,orig-research,1996,0b000064849fca06
_source/SMPTE/Conference Repository/Conference Papers/1996/7263280/7263281/07263301.xml,publication,10.5594/M001248,A Research of Multiresolution Image Sequence Coding System Based on Wavelet Transform,orig-research,1996,0b000064849fca07
_source/SMPTE/Conference Repository/Conference Papers/1996/7263280/7263281/07263302.xml,publication,10.5594/M001249,Spatio-Temporal Scalable Coding of Interlaced Video Sequences,orig-research,1996,0b000064849fca08
_source/SMPTE/Conference Repository/Conference Papers/1996/7263280/7263281/07263303.xml,publication,10.5594/M001250,A New Intra-Frame Coding Algorithm for Image Compression,orig-research,1996,0b000064849fca09
_source/SMPTE/Conference Repository/Conference Papers/1996/7263280/7263281/07263304.xml,publication,10.5594/M001251,Interfacing HDTV and Motion Picture for the Electronic Movie-Theatre,orig-research,1996,0b000064849fca0a
_source/SMPTE/Conference Repository/Conference Papers/1996/7263280/7263281/07263305.xml,publication,10.5594/M001252,Non Linear Effects in High Density Optical Recording,orig-research,1996,0b000064849fca0b
_source/SMPTE/Conference Repository/Conference Papers/1996/7263280/7263281/07263306.xml,publication,10.5594/M001253,Hardware Architectures for Vector Quantization in Very Low Bit-Rate Image Coding,orig-research,1996,0b000064849fca0c
_source/SMPTE/Conference Repository/Conference Papers/1996/7263280/7263281/07263307.xml,publication,10.5594/M001254,Mathematical Modelling of Prefiltering and Postfiltering Processes in the CCD Camera,orig-research,1996,0b000064849fca0d
_source/SMPTE/Conference Repository/Conference Papers/1996/7263280/7263281/07263308.xml,publication,10.5594/M001255,A Development of 1/2-in. HDTV Digital VTR Incorporating Bit Rate Reduction Technology,orig-research,1996,0b000064849fca0e
_source/SMPTE/Conference Repository/Conference Papers/1996/7263280/7263281/07263309.xml,publication,10.5594/M001256,Services-on-Demand Laboratory Demonstrator with PC-Based Set-Top-Boxes,orig-research,1996,0b000064849fca0f
_source/SMPTE/Conference Repository/Conference Papers/1996/7263280/7263281/07263310.xml,publication,10.5594/M001257,Multibest: Multiple Vector Interpolation for Vector-Quantization Based Image Compression,orig-research,1996,0b000064849fca4c
_source/SMPTE/Conference Repository/Conference Papers/1996/7263280/7263281/07263311.xml,publication,10.5594/M001258,A Wavelet Image Compression Scheme using PVQ,orig-research,1996,0b000064849fca4d
_source/SMPTE/Conference Repository/Conference Papers/1996/7263280/7263281/07263312.xml,publication,10.5594/M001259,Projection VQ Applied to Video Sequence Encoding,orig-research,1996,0b000064849fca4e
_source/SMPTE/Conference Repository/Conference Papers/1996/7263280/7263281/07263313.xml,publication,10.5594/M001260,A Conditional Entropy Coded Tree Structured Vector Quantizer for Video Coding,orig-research,1996,0b000064849fca4f
_source/SMPTE/Conference Repository/Conference Papers/1996/7263280/7263281/07263314.xml,publication,10.5594/M001261,A New NTSC Co-Channel Interference Rejection Filter with Coded 6-VSB Modulation for Improved ATV Coverage,orig-research,1996,0b000064849fca50
_source/SMPTE/Conference Repository/Conference Papers/1996/7263280/7263281/07263315.xml,publication,10.5594/M001262,A Prototype VLSI Solution for Digital Terrestrial TV Receivers Conforming to the DVB-T Standard,orig-research,1996,0b000064849fca51
_source/SMPTE/Conference Repository/Conference Papers/1996/7263280/7263281/07263316.xml,publication,10.5594/M001263,Blind Equalization of COFDM Systems Based on the Minimization of a Quadratic Criterion,orig-research,1996,0b000064849fca52
_source/SMPTE/Conference Repository/Conference Papers/1996/7263280/7263281/07263317.xml,publication,10.5594/M001264,Results of Laboratory and Field Tests of a COFDM Modem for ATV Transmission in 6 MHz Channels,orig-research,1996,0b000064849fca53
_source/SMPTE/Conference Repository/Conference Papers/1996/7263280/7263281/07263318.xml,publication,10.5594/M001265,Digital Transmission of HDTV via CS using MPEG2 CODEC,orig-research,1996,0b000064849fca54
_source/SMPTE/Conference Repository/Conference Papers/1996/7263280/7263281/07263319.xml,publication,10.5594/M001266,An Overview of the ATSC Digital Television Standard,orig-research,1996,0b000064849fca55
_source/SMPTE/Conference Repository/Conference Papers/1996/7263280/7263281/07263320.xml,publication,10.5594/M001267,Advancing the Digital HDTV Grand Alliance System from the Test Laboratory to the Real World,orig-research,1996,0b000064849fca92
_source/SMPTE/Conference Repository/Conference Papers/1996/7263280/7263281/07263321.xml,publication,10.5594/M001268,Field Test Results of the ATSC VSB Transmission System,orig-research,1996,0b000064849fca93
_source/SMPTE/Conference Repository/Conference Papers/1996/7263280/7263281/07263322.xml,publication,10.5594/M001269,Subjective Evaluation of the digital HDTV Grand Alliance System,orig-research,1996,0b000064849fca94
_source/SMPTE/Conference Repository/Conference Papers/1996/7263280/7263281/07263323.xml,publication,10.5594/M001270,Evolution of Infrastructures Towards 16/9 Digital and High Definition,orig-research,1996,0b000064849fca95
_source/SMPTE/Conference Repository/Conference Papers/1996/7263280/7263281/07263324.xml,publication,10.5594/M001271,HDTV in the U.S. &#x2013; Progress Towards Commercial Service,orig-research,1996,0b000064849fca96
_source/SMPTE/Conference Repository/Conference Papers/1996/7263280/7263281/07263325.xml,publication,10.5594/M001272,Strategy for Promotion of HDTV Service and for Implementation of Digital Broadcasting in Japan,orig-research,1996,0b000064849fca97
_source/SMPTE/Conference Repository/Conference Papers/1996/7263280/7263281/07263326.xml,publication,10.5594/M001273,SSCQE (Single Stimulus Continuous Quality Evaluation): A New Subjective Assessment Method Introduced in ITU-R Recommendation 500-7: Presentation and Results,orig-research,1996,0b000064849fca98
_source/SMPTE/Conference Repository/Conference Papers/1996/7263280/7263281/07263327.xml,publication,10.5594/M001274,Stereo Image Coding: Effects of Stereo Mismatches on Image-Quality,orig-research,1996,0b000064849fca99
_source/SMPTE/Conference Repository/Conference Papers/1996/7263280/7263281/07263328.xml,publication,10.5594/M001275,The Video Z-buffer: A Concept for Facilitating Monoscopic Image Compression by Exploiting the 3-D Stereoscopic Depth Map,orig-research,1996,0b000064849fca9a
_source/SMPTE/Conference Repository/Conference Papers/1996/7268058/7268059/07268060.xml,publication,10.5594/M00455,Foreword,orig-research,1996,0b00006484a0596b
_source/SMPTE/Conference Repository/Conference Papers/1996/7268058/7268059/07268061.xml,publication,10.5594/M00456,New DSP-Based Studio Platform,orig-research,1996,0b00006484a0596c
_source/SMPTE/Conference Repository/Conference Papers/1996/7268058/7268059/07268062.xml,publication,10.5594/M00457,The Integrated Broadcast Facility,orig-research,1996,0b00006484a0596d
_source/SMPTE/Conference Repository/Conference Papers/1996/7268058/7268059/07268063.xml,publication,10.5594/M00458,"Issues of Contention: Challenges in a Digital, Server Based, Broadcasting Environment",orig-research,1996,0b00006484a059a0
_source/SMPTE/Conference Repository/Conference Papers/1996/7268058/7268059/07268064.xml,publication,10.5594/M00459,"The &#x201C;Time Machine&#x201D; Increases, Decreases and/or Shifts Time",orig-research,1996,0b00006484a059a1
_source/SMPTE/Conference Repository/Conference Papers/1996/7268058/7268059/07268065.xml,publication,10.5594/M00460,FARAD: A Storage System for Random Real-Time Data,orig-research,1996,0b00006484a059a2
_source/SMPTE/Conference Repository/Conference Papers/1996/7268058/7268059/07268066.xml,publication,10.5594/M00461,Optical Video Disk Recorder with Large Storage Capacity using Small Size Phase-Change Media,orig-research,1996,0b00006484a059a3
_source/SMPTE/Conference Repository/Conference Papers/1996/7268058/7268059/07268067.xml,publication,10.5594/M00462,Practical Implementation of Advanced Television: Update 1996,orig-research,1996,0b00006484a059a4
_source/SMPTE/Conference Repository/Conference Papers/1996/7268058/7268059/07268068.xml,publication,10.5594/M00463,Switching and Splicing of MPEG-2 Transport Streams,orig-research,1996,0b00006484a059a5
_source/SMPTE/Conference Repository/Conference Papers/1996/7268058/7268059/07268069.xml,publication,10.5594/M00464,Aspects of Testing in the Convergence of Television and Telecommunications,orig-research,1996,0b00006484a059a6
_source/SMPTE/Conference Repository/Conference Papers/1996/7268058/7268059/07268070.xml,publication,10.5594/M00465,Distributed Facility Control via Ancillary Data,orig-research,1996,0b00006484a059a7
_source/SMPTE/Conference Repository/Conference Papers/1996/7268058/7268059/07268071.xml,publication,10.5594/M00466,Video and UTP,orig-research,1996,0b00006484a059a8
_source/SMPTE/Conference Repository/Conference Papers/1996/7268058/7268059/07268072.xml,publication,10.5594/M00467,Delivery of Distance Learning Content Across High-Speed and Low-Speed LANs in a Campus Environment,orig-research,1996,0b00006484a059a9
_source/SMPTE/Conference Repository/Conference Papers/1996/7268058/7268059/07268073.xml,publication,10.5594/M00468,The Generation and Delivery of Distance Learning Courses via Analogue and Digital Transmission Modes within the U. S. and Worldwide,orig-research,1996,0b00006484a059e1
_source/SMPTE/Conference Repository/Conference Papers/1996/7268058/7268059/07268074.xml,publication,10.5594/M00469,Benefits of Motion Picture Delivery via the Internet,orig-research,1996,0b00006484a059e2
_source/SMPTE/Conference Repository/Conference Papers/1996/7268058/7268059/07268075.xml,publication,10.5594/M00470,Single-Chip 16.7-Million Color PDP Display Controller,orig-research,1996,0b00006484a059e3
_source/SMPTE/Conference Repository/Conference Papers/1996/7268058/7268059/07268076.xml,publication,10.5594/M00471,Digital Light Processing&#x2122;: The Convergence of Television and Computer Display,orig-research,1996,0b00006484a059e4
_source/SMPTE/Conference Repository/Conference Papers/1996/7268058/7268059/07268077.xml,publication,10.5594/M00472,Temporal and Resolution Layering in Advanced Television,orig-research,1996,0b00006484a059e5
_source/SMPTE/Conference Repository/Conference Papers/1996/7268058/7268059/07268078.xml,publication,10.5594/M00473,Picture Quality Assessment in Video Compression,orig-research,1996,0b00006484a059e6
_source/SMPTE/Conference Repository/Conference Papers/1996/7268058/7268059/07268079.xml,publication,10.5594/M00474,"Motion Portrayal, Eye Tracking, and Emerging Display Technology",orig-research,1996,0b00006484a059e7
_source/SMPTE/Conference Repository/Conference Papers/1997/7265895/7265896/07265897.xml,publication,10.5594/M00563,Foreword,orig-research,1997,0b00006484a021bf
_source/SMPTE/Conference Repository/Conference Papers/1997/7265895/7265896/07265898.xml,publication,10.5594/M00564,&#x201C;A Review of the Fuji Super F-Series of Motion Picture Products&#x201D;,orig-research,1997,0b00006484a021c0
_source/SMPTE/Conference Repository/Conference Papers/1997/7265895/7265896/07265899.xml,publication,10.5594/M00565,Traditional Film Restoration Techniques in a Digital World,orig-research,1997,0b00006484a021c1
_source/SMPTE/Conference Repository/Conference Papers/1997/7265895/7265896/07265900.xml,publication,10.5594/M00566,Bedknobs and Broomsticks: Using a Distressed Work Print as a Color Master Positive,orig-research,1997,0b00006484a021c2
_source/SMPTE/Conference Repository/Conference Papers/1997/7265895/7265896/07265901.xml,publication,10.5594/M00567,The Gamma &#x0026; Density &#x201C;Thorough Control System&#x201D;&#x2122; as Used in Post Production,orig-research,1997,0b00006484a021c3
_source/SMPTE/Conference Repository/Conference Papers/1997/7265895/7265896/07265902.xml,publication,10.5594/M00568,The Digital Enhancement of High-Resolution Multi-Format Cinema Imagery,orig-research,1997,0b00006484a021c4
_source/SMPTE/Conference Repository/Conference Papers/1997/7265895/7265896/07265903.xml,publication,10.5594/M00569,Truetime&#x00AE;: An Alternative Approach to the Marriage of Film and Video,orig-research,1997,0b00006484a021c5
_source/SMPTE/Conference Repository/Conference Papers/1997/7265895/7265896/07265904.xml,publication,10.5594/M00570,New Techniques for Measurement of On-Screen Projection System Characteristics,orig-research,1997,0b00006484a0220b
_source/SMPTE/Conference Repository/Conference Papers/1997/7265895/7265896/07265905.xml,publication,10.5594/M00571,Optimizing Film-to-Screen Images with Integrated Projection Systems,orig-research,1997,0b00006484a0220c
_source/SMPTE/Conference Repository/Conference Papers/1997/7265906/7265907/07265908.xml,publication,10.5594/M00195,Foreword,orig-research,1997,0b00006484a0220f
_source/SMPTE/Conference Repository/Conference Papers/1997/7265906/7265907/07265909.xml,publication,10.5594/M00196,Preface,orig-research,1997,0b00006484a02210
_source/SMPTE/Conference Repository/Conference Papers/1997/7265906/7265907/07265910.xml,publication,10.5594/M00197,Unconnected Islands for Video Editing is a Thing of the Past,orig-research,1997,0b00006484a02211
_source/SMPTE/Conference Repository/Conference Papers/1997/7265906/7265907/07265911.xml,publication,10.5594/M00198,Crossing the Line: Bridging Traditional and Digital Post Production Processes,orig-research,1997,0b00006484a02212
_source/SMPTE/Conference Repository/Conference Papers/1997/7265906/7265907/07265912.xml,publication,10.5594/M00199,The Current Limitations of Personal Computers in Replacing Traditional Video Production Equipment,orig-research,1997,0b00006484a02213
_source/SMPTE/Conference Repository/Conference Papers/1997/7265906/7265907/07265913.xml,publication,10.5594/M00200,NLE System Design Using Mathematically Lossless Motion-JPEG,orig-research,1997,0b00006484a02214
_source/SMPTE/Conference Repository/Conference Papers/1997/7265906/7265907/07265914.xml,publication,10.5594/M00201,Worlds Collide: The Integration of &#x201C;Black Box&#x201D; Technology into Nonlinear Video Editing Systems,orig-research,1997,0b00006484a02248
_source/SMPTE/Conference Repository/Conference Papers/1997/7265906/7265907/07265915.xml,publication,10.5594/M00202,Microsoft ActiveMovie: A New Media Architecture,orig-research,1997,0b00006484a02249
_source/SMPTE/Conference Repository/Conference Papers/1997/7265906/7265907/07265916.xml,publication,10.5594/M00203,"DV Format and IEEE-1394: Higher Quality, Lower Cost Non-Linear Video Editing",orig-research,1997,0b00006484a0224a
_source/SMPTE/Conference Repository/Conference Papers/1997/7265906/7265907/07265917.xml,publication,10.5594/M00204,High Speed Internet Access Using Cable Modems with Telephone Return,orig-research,1997,0b00006484a0224b
_source/SMPTE/Conference Repository/Conference Papers/1997/7265906/7265907/07265918.xml,publication,10.5594/M00205,Fibre Channel Network Offers Gigabit Speed for Broadcast Industry,orig-research,1997,0b00006484a0224c
_source/SMPTE/Conference Repository/Conference Papers/1997/7265906/7265907/07265919.xml,publication,10.5594/M00206,A Visual Compositing Syntax for Ancillary Data Broadcasting,orig-research,1997,0b00006484a0224d
_source/SMPTE/Conference Repository/Conference Papers/1997/7265906/7265907/07265920.xml,publication,10.5594/M00207,Issues to be Considered&#x2014;The Implementation of a Digital Distribution System by the Commercial Broadcast Networks,orig-research,1997,0b00006484a0224e
_source/SMPTE/Conference Repository/Conference Papers/1997/7265906/7265907/07265921.xml,publication,10.5594/M00208,Digital Video Servers for the Television Industry Potential Applications/Features to Consider,orig-research,1997,0b00006484a0224f
_source/SMPTE/Conference Repository/Conference Papers/1997/7265906/7265907/07265922.xml,publication,10.5594/M00209,Advances in Server Technology,orig-research,1997,0b00006484a02250
_source/SMPTE/Conference Repository/Conference Papers/1997/7265906/7265907/07265923.xml,publication,10.5594/M00210,Mysteries of Digital Video Disk Arrays,orig-research,1997,0b00006484a02251
_source/SMPTE/Conference Repository/Conference Papers/1997/7265906/7265907/07265924.xml,publication,10.5594/M00211,A Portable Field Editing System for Electronic News Gathering (ENG),orig-research,1997,0b00006484a02284
_source/SMPTE/Conference Repository/Conference Papers/1997/7265906/7265907/07265925.xml,publication,10.5594/M00212,Development of an SMPTE Standard for the Digital Interface between the ATV Transport Multiplexer and the VSB Transmitter,orig-research,1997,0b00006484a02285
_source/SMPTE/Conference Repository/Conference Papers/1997/7265906/7265907/07265926.xml,publication,10.5594/M00213,Crystal Image: Bridging the Gap between Cinematography and Digital Image Processing,orig-research,1997,0b00006484a02286
_source/SMPTE/Conference Repository/Conference Papers/1997/7265906/7265907/07265927.xml,publication,10.5594/M00214,Cost vs. Quality in ATV Receivers,orig-research,1997,0b00006484a02287
_source/SMPTE/Conference Repository/Conference Papers/1997/7265906/7265907/07265928.xml,publication,10.5594/M00215,HDTV Camcorder&#x2013;And the March to Marketplace Reality,orig-research,1997,0b00006484a02288
_source/SMPTE/Conference Repository/Conference Papers/1997/7265906/7265907/07265929.xml,publication,10.5594/M00216,Digital HDTV: Why Bits are Not Just Bits,orig-research,1997,0b00006484a02289
_source/SMPTE/Conference Repository/Conference Papers/1997/7265906/7265907/07265930.xml,publication,10.5594/M00217,A Report on the Technology Tests of Advanced Video Services &#x2013; MPEG2,orig-research,1997,0b00006484a0228a
_source/SMPTE/Conference Repository/Conference Papers/1997/7265906/7265907/07265931.xml,publication,10.5594/M00218,525-line Progressive Scan Digital Broadcasting System via Satellite,orig-research,1997,0b00006484a0228b
_source/SMPTE/Conference Repository/Conference Papers/1997/7265979/7265980/07265981.xml,publication,10.5594/M00232,1920 &#x00D7; 1080 Pixel Color Camera with a Progressive Scan Output at 60 FPS,orig-research,1997,0b00006484a02424
_source/SMPTE/Conference Repository/Conference Papers/1997/7265979/7265980/07265982.xml,publication,10.5594/M00233,Digital Video Origination Versus Film Origination: A Comparative Test,orig-research,1997,0b00006484a02425
_source/SMPTE/Conference Repository/Conference Papers/1997/7265979/7265980/07265983.xml,publication,10.5594/M00234,The Three E&#x0027;s of Digital Cinematography,orig-research,1997,0b00006484a02426
_source/SMPTE/Conference Repository/Conference Papers/1997/7265979/7265980/07265984.xml,publication,10.5594/M00235,Acquisition and Management of Digital Assets for the Transitioning Broadcast Facility,orig-research,1997,0b00006484a02427
_source/SMPTE/Conference Repository/Conference Papers/1997/7265979/7265980/07265985.xml,publication,10.5594/M00236,HDTV Production Formats for the New DTV Standard,orig-research,1997,0b00006484a02428
_source/SMPTE/Conference Repository/Conference Papers/1997/7265979/7265980/07265986.xml,publication,10.5594/M00237,The Future of Online Editing,orig-research,1997,0b00006484a02429
_source/SMPTE/Conference Repository/Conference Papers/1997/7265979/7265980/07265987.xml,publication,10.5594/M00238,Architecture and Design of a High Definition Television Production Switcher,orig-research,1997,0b00006484a0242a
_source/SMPTE/Conference Repository/Conference Papers/1997/7265979/7265980/07265988.xml,publication,10.5594/M00239,HDTV Post Production: Solutions for Today and Tomorrow,orig-research,1997,0b00006484a0242b
_source/SMPTE/Conference Repository/Conference Papers/1997/7265979/7265980/07265989.xml,publication,10.5594/M00240,"Distribution and Emission of Multi-Channel Audio Programs, and Implications for Post Production",orig-research,1997,0b00006484a02470
_source/SMPTE/Conference Repository/Conference Papers/1997/7265979/7265980/07265990.xml,publication,10.5594/M00241,Digital Audio Post Production for ATV,orig-research,1997,0b00006484a02471
_source/SMPTE/Conference Repository/Conference Papers/1997/7265979/7265980/07265991.xml,publication,10.5594/M00242,MPEG Splicing: Tutorial and Proposed SMPTE Standard,orig-research,1997,0b00006484a02472
_source/SMPTE/Conference Repository/Conference Papers/1997/7265979/7265980/07265992.xml,publication,10.5594/M00243,Reducing Aspect Ratio Aliasing in a Dual 16 &#x00D7; 9/4 &#x00D7; 3 Environment,orig-research,1997,0b00006484a02473
_source/SMPTE/Conference Repository/Conference Papers/1997/7265979/7265980/07265993.xml,publication,10.5594/M00244,"Practical Application of Objective Picture Quality Measurements<!--<xref ref-type=""other"" rid=""fn1-10.5594_M00244"">1</xref>-->",orig-research,1997,0b00006484a02474
_source/SMPTE/Conference Repository/Conference Papers/1997/7265979/7265980/07265994.xml,publication,10.5594/M00245,Temporally Continuous Evaluation of the Quality of Digitally Coded Sequences,orig-research,1997,0b00006484a02475
_source/SMPTE/Conference Repository/Conference Papers/1997/7265979/7265980/07265995.xml,publication,10.5594/M00246,Building Tomorrow&#x0027;s DTV Facility Today: A Real World Case Study,orig-research,1997,0b00006484a02476
_source/SMPTE/Conference Repository/Conference Papers/1997/7265979/7265980/07265996.xml,publication,10.5594/M00247,Compressed Video File Transfer for Professional Broadcasting,orig-research,1997,0b00006484a02477
_source/SMPTE/Conference Repository/Conference Papers/1997/7265979/7265980/07265997.xml,publication,10.5594/M00248,Converting Standards in the Digital Future,orig-research,1997,0b00006484a02478
_source/SMPTE/Conference Repository/Conference Papers/1997/7265979/7265980/07265998.xml,publication,10.5594/M00249,Hybrid Television and Computer Systems,orig-research,1997,0b00006484a02479
_source/SMPTE/Conference Repository/Conference Papers/1997/7265979/7265980/07265999.xml,publication,10.5594/M00250,An Open Model for Audio Elementary Stream Encoding in a DTV Distribution Chain,orig-research,1997,0b00006484a024b6
_source/SMPTE/Conference Repository/Conference Papers/1997/7265979/7265980/07266000.xml,publication,10.5594/M00251,Comparison of MPEG-2 and M-JPEG Video Coding at Low Bit Rates,orig-research,1997,0b00006484a024b7
_source/SMPTE/Conference Repository/Conference Papers/1997/7265979/7265980/07266001.xml,publication,10.5594/M00252,Design and Implementation of the ATSC Demonstration of HDTV at NAB&#x0027;97,orig-research,1997,0b00006484a024b8
_source/SMPTE/Conference Repository/Conference Papers/1997/7265979/7265980/07266002.xml,publication,10.5594/M00253,New Technology Prompts Expansion of the Use of Digital Fiber Optics: Networking for Collaborative Production Efforts,orig-research,1997,0b00006484a024b9
_source/SMPTE/Conference Repository/Conference Papers/1997/7265979/7265980/07266003.xml,publication,10.5594/M00254,Comparative Analysis of Full Bandwidth Versus Compressed HDTV Routing,orig-research,1997,0b00006484a024ba
_source/SMPTE/Conference Repository/Conference Papers/1997/7265979/7265980/07266004.xml,publication,10.5594/M00255,Resolution Comparison of Digital (NTSC) Television vs. Digital HDTV,orig-research,1997,0b00006484a024bb
_source/SMPTE/Conference Repository/Conference Papers/1997/7265979/7265980/07266005.xml,publication,10.5594/M00256,Vertical Resolution,orig-research,1997,0b00006484a024bc
_source/SMPTE/Conference Repository/Conference Papers/1997/7265979/7265980/07266006.xml,publication,10.5594/M00257,Digital Video Microwave Systems for STL and ENG Applications &#x0026; Test Results,orig-research,1997,0b00006484a024bd
_source/SMPTE/Conference Repository/Conference Papers/1997/7265979/7265980/07266007.xml,publication,10.5594/M00258,Transporting Production/Mastering-Quality Digital Video Signals through the Public Network using SONET/SDH and ATM Technology,orig-research,1997,0b00006484a024be
_source/SMPTE/Conference Repository/Conference Papers/1997/7265979/7265980/07266008.xml,publication,10.5594/M00259,Film Scanning for DTV &#x0026; Beyond,orig-research,1997,0b00006484a024bf
_source/SMPTE/Conference Repository/Conference Papers/1997/7265979/7265980/07266009.xml,publication,10.5594/M00260,Film Steers Though Sea of Video Standards,orig-research,1997,0b00006484a024f2
_source/SMPTE/Conference Repository/Conference Papers/1997/7265979/7265980/07266010.xml,publication,10.5594/M00261,"Super 35, is it Super 35?",orig-research,1997,0b00006484a024f3
_source/SMPTE/Conference Repository/Conference Papers/1998/7265932/7265933/07265934.xml,publication,10.5594/M00262,Implementation of Intranet Scene Preview for Feature Animation,orig-research,1998,0b00006484a022c3
_source/SMPTE/Conference Repository/Conference Papers/1998/7265932/7265933/07265935.xml,publication,10.5594/M00263,New Technology on Fujicolor Negative Film,orig-research,1998,0b00006484a022c4
_source/SMPTE/Conference Repository/Conference Papers/1998/7265932/7265933/07265936.xml,publication,10.5594/M00264,A Verification System for Cinematographer Image Generation Tools,orig-research,1998,0b00006484a022c5
_source/SMPTE/Conference Repository/Conference Papers/1998/7265932/7265933/07265937.xml,publication,10.5594/M00265,"Contemporary DTV Acquisition &#x2013; Some Perspectives on the Related Standards, the Technologies, and the Creative",orig-research,1998,0b00006484a022c6
_source/SMPTE/Conference Repository/Conference Papers/1998/7265932/7265933/07265938.xml,publication,10.5594/M00266,Video Compression: The Case of the Reluctant Reality,orig-research,1998,0b00006484a022c7
_source/SMPTE/Conference Repository/Conference Papers/1998/7265932/7265933/07265939.xml,publication,10.5594/M00267,Aspects of Digital HDTV Coding,orig-research,1998,0b00006484a022c8
_source/SMPTE/Conference Repository/Conference Papers/1998/7265932/7265933/07265940.xml,publication,10.5594/M00268,Factors to Consider when Choosing an MPEG-2 Encoder,orig-research,1998,0b00006484a022c9
_source/SMPTE/Conference Repository/Conference Papers/1998/7265932/7265933/07265941.xml,publication,10.5594/M00269,Transport Stream Splicing for Broadcast Networks,orig-research,1998,0b00006484a022ca
_source/SMPTE/Conference Repository/Conference Papers/1998/7265932/7265933/07265942.xml,publication,10.5594/M00270,Fast Transcoding of Compressed Bitstreams by Reusing Incoming Motion Vectors,orig-research,1998,0b00006484a02319
_source/SMPTE/Conference Repository/Conference Papers/1998/7265932/7265933/07265943.xml,publication,10.5594/M00271,WRAL-HD DTV Complete Field Testing Report,orig-research,1998,0b00006484a0231a
_source/SMPTE/Conference Repository/Conference Papers/1998/7265932/7265933/07265944.xml,publication,10.5594/M00272,Optimization of DTV Signals within a Transmission Plant,orig-research,1998,0b00006484a0231b
_source/SMPTE/Conference Repository/Conference Papers/1998/7265932/7265933/07265945.xml,publication,10.5594/M00273,Approaches to Planning and Deploying MRC&#x0027;s Innovative Dual (Analog and Digital) Carrier Microwave System,orig-research,1998,0b00006484a0231c
_source/SMPTE/Conference Repository/Conference Papers/1998/7265932/7265933/07265946.xml,publication,10.5594/M00274,Globo TV&#x0027;s HDTV Experimental Transmission,orig-research,1998,0b00006484a0231d
_source/SMPTE/Conference Repository/Conference Papers/1998/7265932/7265933/07265947.xml,publication,10.5594/M00275,Capacity Requirements of Video Servers in Broadcast Television Facilities,orig-research,1998,0b00006484a0231e
_source/SMPTE/Conference Repository/Conference Papers/1998/7265932/7265933/07265948.xml,publication,10.5594/M00276,Wrappers and Metadata Progress Report,orig-research,1998,0b00006484a0231f
_source/SMPTE/Conference Repository/Conference Papers/1998/7265932/7265933/07265949.xml,publication,10.5594/M00277,Advanced Television System Considerations for Compression,orig-research,1998,0b00006484a02320
_source/SMPTE/Conference Repository/Conference Papers/1998/7265932/7265933/07265950.xml,publication,10.5594/M00278,Compatible 1080P Display Using 1080I Transmission,orig-research,1998,0b00006484a02321
_source/SMPTE/Conference Repository/Conference Papers/1998/7265932/7265933/07265951.xml,publication,10.5594/M00279,Networking Infrastructure for DTV,orig-research,1998,0b00006484a02322
_source/SMPTE/Conference Repository/Conference Papers/1998/7265932/7265933/07265952.xml,publication,10.5594/M00280,Format-Independent Post Production,orig-research,1998,0b00006484a0235f
_source/SMPTE/Conference Repository/Conference Papers/1998/7265932/7265933/07265953.xml,publication,10.5594/M00281,Presenting Widescreen and Standard Services Side by Side: The BBC Experience,orig-research,1998,0b00006484a02360
_source/SMPTE/Conference Repository/Conference Papers/1998/7265932/7265933/07265954.xml,publication,10.5594/M00282,"Native 720 Progressive Transfers Using the Data Transfer Method &#x2014; Or, How I Learned to Avoid Interlace and Love the Supercomputer",orig-research,1998,0b00006484a02361
_source/SMPTE/Conference Repository/Conference Papers/1998/7265932/7265933/07265955.xml,publication,10.5594/M00283,Improving Microphone Equalization for Dialog,orig-research,1998,0b00006484a02362
_source/SMPTE/Conference Repository/Conference Papers/1998/7265932/7265933/07265956.xml,publication,10.5594/M00284,Discreet Multi-Channel Audio for Post and Broadcast,orig-research,1998,0b00006484a02363
_source/SMPTE/Conference Repository/Conference Papers/1998/7265932/7265933/07265957.xml,publication,10.5594/M00285,Program Presentation Using ATSC Audio Systems,orig-research,1998,0b00006484a02364
_source/SMPTE/Conference Repository/Conference Papers/1998/7265932/7265933/07265958.xml,publication,10.5594/M00286,Metadata Issues for ATSC Audio,orig-research,1998,0b00006484a02365
_source/SMPTE/Conference Repository/Conference Papers/1998/7265932/7265933/07265959.xml,publication,10.5594/M00287,"Digital Communications for Sound and Images: State of the Art, Fall 1998",orig-research,1998,0b00006484a02366
_source/SMPTE/Conference Repository/Conference Papers/1998/7265932/7265933/07265960.xml,publication,10.5594/M00288,5.1 Audio &#x2013; The Final Frontier of DTV,orig-research,1998,0b00006484a02367
_source/SMPTE/Conference Repository/Conference Papers/1998/7265932/7265933/07265961.xml,publication,10.5594/M00289,Automatic Luminance Distribution Tuning for High Intensity Xenon Lamp Consoles in Motion Picture Film Projection,orig-research,1998,0b00006484a02368
_source/SMPTE/Conference Repository/Conference Papers/1998/7265932/7265933/07265962.xml,publication,10.5594/M00290,Living with Video Servers in a Digital Broadcast Facility,orig-research,1998,0b00006484a0239b
_source/SMPTE/Conference Repository/Conference Papers/1998/7265932/7265933/07265963.xml,publication,10.5594/M00291,Right-Sized Server Solutions: Blueprint for Efficiency,orig-research,1998,0b00006484a0239c
_source/SMPTE/Conference Repository/Conference Papers/1998/7265932/7265933/07265964.xml,publication,10.5594/M00292,Open Broadcast Networking,orig-research,1998,0b00006484a0239d
_source/SMPTE/Conference Repository/Conference Papers/1998/7265932/7265933/07265965.xml,publication,10.5594/M00293,A Broadcaster&#x0027;s Guide to WAN Connectivity,orig-research,1998,0b00006484a0239e
_source/SMPTE/Conference Repository/Conference Papers/1998/7265932/7265933/07265966.xml,publication,10.5594/M00294,Adding Hyperlinks to Digital Television,orig-research,1998,0b00006484a0239f
_source/SMPTE/Conference Repository/Conference Papers/1998/7265932/7265933/07265967.xml,publication,10.5594/M00295,Application of DLP&#x2122; Technology to Digital Electronic Cinema&#x2014;A Progress Report,orig-research,1998,0b00006484a023a0
_source/SMPTE/Conference Repository/Conference Papers/1998/7265932/7265933/07265968.xml,publication,10.5594/M00296,Improving the Quality of Film to Digital Transfers for Digital Cinema,orig-research,1998,0b00006484a023a1
_source/SMPTE/Conference Repository/Conference Papers/1998/7265932/7265933/07265969.xml,publication,10.5594/M00297,A DVB-Compliant Electronic Cinema Solution,orig-research,1998,0b00006484a023a2
_source/SMPTE/Conference Repository/Conference Papers/1998/7265932/7265933/07265970.xml,publication,10.5594/M00298,Component Serial Digital Video Transport over Wavelength-Multiplexed Fiber Optic Systems,orig-research,1998,0b00006484a023a3
_source/SMPTE/Conference Repository/Conference Papers/1998/7265932/7265933/07265971.xml,publication,10.5594/M00299,Making Digital Cinema Actually Happen &#x2013; What it Takes and Who&#x0027;s Going to Do It,orig-research,1998,0b00006484a023a4
_source/SMPTE/Conference Repository/Conference Papers/1998/7265932/7265933/07265972.xml,publication,10.5594/M00300,"Objective Picture Quality Measurements: Expectations Today and Tomorrow<!--<xref ref-type=""other"" rid=""fn1-10.5594_M00300"">1</xref>-->",orig-research,1998,0b00006484a023e1
_source/SMPTE/Conference Repository/Conference Papers/1998/7265932/7265933/07265973.xml,publication,10.5594/M00301,Perceptual Effects of Noise in Digital Video Compression,orig-research,1998,0b00006484a023e2
_source/SMPTE/Conference Repository/Conference Papers/1998/7265932/7265933/07265974.xml,publication,10.5594/M00302,Equipment and Stategies for Signal Quality Monitoring for Digital Television Networks,orig-research,1998,0b00006484a023e3
_source/SMPTE/Conference Repository/Conference Papers/1998/7265932/7265933/07265975.xml,publication,10.5594/M00303,Assessing the Quality of Compressed Pictures Using a Perceptual Model,orig-research,1998,0b00006484a023e4
_source/SMPTE/Conference Repository/Conference Papers/1998/7265932/7265933/07265976.xml,publication,10.5594/M00304,The Video Quality Experts Group: Evaluates Objective Methods of Video Image Quality Assessment,orig-research,1998,0b00006484a023e5
_source/SMPTE/Conference Repository/Conference Papers/1998/7265932/7265933/07265977.xml,publication,10.5594/M00305,Test Card &#x201C;M&#x201D;-Bitstreams for DVB Test and Measurement,orig-research,1998,0b00006484a023e6
_source/SMPTE/Conference Repository/Conference Papers/1998/7265932/7265933/07265978.xml,publication,10.5594/M00306,Testing Applications in Uncompressed HDTV Signals,orig-research,1998,0b00006484a023e7
_source/SMPTE/Conference Repository/Conference Papers/1999/7266011/7266012/07266013.xml,publication,10.5594/M00307,Color in 1080p24 and Electronic Cinema: Converting between R&#x2032;G&#x2032;B&#x2032; and 4:2:2,orig-research,1999,0b00006484a024f6
_source/SMPTE/Conference Repository/Conference Papers/1999/7266011/7266012/07266014.xml,publication,10.5594/M00308,Managing the Content Explosion with 24P Universal Editing &#x002B; Mastering,orig-research,1999,0b00006484a024f7
_source/SMPTE/Conference Repository/Conference Papers/1999/7266011/7266012/07266015.xml,publication,10.5594/M00309,"Technical Aspects of the New World of Multi-Format DTV Embodying Progressive, Interlaced, and Segmented Frame Video Format",orig-research,1999,0b00006484a024f8
_source/SMPTE/Conference Repository/Conference Papers/1999/7266011/7266012/07266016.xml,publication,10.5594/M00310,Discreet: The Universal Mastering Format for Post-Production Finishing: 1080p/24,orig-research,1999,0b00006484a024f9
_source/SMPTE/Conference Repository/Conference Papers/1999/7266011/7266012/07266017.xml,publication,10.5594/M00311,Navigating the Rapids of DTV Standards Conversion,orig-research,1999,0b00006484a024fa
_source/SMPTE/Conference Repository/Conference Papers/1999/7266011/7266012/07266018.xml,publication,10.5594/M00312,"High Definition Stripping, Genlock, and Timing Regeneration for Multiple Formats of High Definition Video &#x0026; Film",orig-research,1999,0b00006484a024fb
_source/SMPTE/Conference Repository/Conference Papers/1999/7266011/7266012/07266019.xml,publication,10.5594/M00313,Quality in HDTV Post,orig-research,1999,0b00006484a0252e
_source/SMPTE/Conference Repository/Conference Papers/1999/7266011/7266012/07266020.xml,publication,10.5594/M00314,Loop Bandwidth Optimization and Jitter Measurement Techniques for Serial HDTV Systems,orig-research,1999,0b00006484a0252f
_source/SMPTE/Conference Repository/Conference Papers/1999/7266011/7266012/07266021.xml,publication,10.5594/M00315,HD/DTV and the Closed Captioning Food Chain,orig-research,1999,0b00006484a02530
_source/SMPTE/Conference Repository/Conference Papers/1999/7266011/7266012/07266022.xml,publication,10.5594/M00316,"If You&#x0027;re No Longer Using Your Father&#x0027;s Video Editor, Why Are You Still Using His Router&#x003F;",orig-research,1999,0b00006484a02531
_source/SMPTE/Conference Repository/Conference Papers/1999/7266011/7266012/07266023.xml,publication,10.5594/M00317,Ultrahigh-Sensitivity Color HDTV Camera for Shooting Heavenly Bodies,orig-research,1999,0b00006484a02532
_source/SMPTE/Conference Repository/Conference Papers/1999/7266011/7266012/07266024.xml,publication,10.5594/M00318,NASA&#x0027;s Myriad Uses of Digital Video,orig-research,1999,0b00006484a02533
_source/SMPTE/Conference Repository/Conference Papers/1999/7266011/7266012/07266025.xml,publication,10.5594/M00319,Implementation of SMPTE Metadata for Advanced Authoring Applications,orig-research,1999,0b00006484a02534
_source/SMPTE/Conference Repository/Conference Papers/1999/7266011/7266012/07266026.xml,publication,10.5594/M00320,Strategic Implications for Future Content Management Systems,orig-research,1999,0b00006484a02535
_source/SMPTE/Conference Repository/Conference Papers/1999/7266011/7266012/07266027.xml,publication,10.5594/M00321,Transitioning to File-Based Electronic Media Storage,orig-research,1999,0b00006484a02536
_source/SMPTE/Conference Repository/Conference Papers/1999/7266011/7266012/07266028.xml,publication,10.5594/M00322,An IEEE 1394-Based Architecture for Media Storage and Networking,orig-research,1999,0b00006484a02537
_source/SMPTE/Conference Repository/Conference Papers/1999/7266011/7266012/07266029.xml,publication,10.5594/M00323,Cinema Projection Distortion,orig-research,1999,0b00006484a02574
_source/SMPTE/Conference Repository/Conference Papers/1999/7266011/7266012/07266030.xml,publication,10.5594/M00324,A Comparison of Alternative High Definition Display Technologies to CRT,orig-research,1999,0b00006484a02575
_source/SMPTE/Conference Repository/Conference Papers/1999/7266011/7266012/07266031.xml,publication,10.5594/M00325,"Utilization Issues for Large, Consumer Video Displays",orig-research,1999,0b00006484a02576
_source/SMPTE/Conference Repository/Conference Papers/1999/7266011/7266012/07266032.xml,publication,10.5594/M00326,An Alternative Architecture for High Performance Display,orig-research,1999,0b00006484a02577
_source/SMPTE/Conference Repository/Conference Papers/1999/7266011/7266012/07266033.xml,publication,10.5594/M00327,Networking&#x2013;Requirements for Production and Post Production Applications,orig-research,1999,0b00006484a02578
_source/SMPTE/Conference Repository/Conference Papers/1999/7266011/7266012/07266034.xml,publication,10.5594/M00328,Global Contribution Video Networks: Criteria and Implementation,orig-research,1999,0b00006484a02579
_source/SMPTE/Conference Repository/Conference Papers/1999/7266011/7266012/07266035.xml,publication,10.5594/M00329,A Pragmatic Approach to Data Networks in Media Production,orig-research,1999,0b00006484a0257a
_source/SMPTE/Conference Repository/Conference Papers/1999/7266011/7266012/07266036.xml,publication,10.5594/M00330,Integrated Wide-Area ATM Solutions for Broadcasters and Production,orig-research,1999,0b00006484a0257b
_source/SMPTE/Conference Repository/Conference Papers/1999/7266011/7266012/07266037.xml,publication,10.5594/M00331,Real-Time Remote File System for Production,orig-research,1999,0b00006484a0257c
_source/SMPTE/Conference Repository/Conference Papers/1999/7266011/7266012/07266038.xml,publication,10.5594/M00332,MPEG-2 Video Archive System for Live-Broadcasting Using IP over ATM and a Study on Video Retrieval System for Large-Scale Archives,orig-research,1999,0b00006484a0257d
_source/SMPTE/Conference Repository/Conference Papers/1999/7266011/7266012/07266039.xml,publication,10.5594/M00333,Conversion of Film-Based Interlaced HD Material to Progressive: Harmony or Cacophony&#x003F;,orig-research,1999,0b00006484a025ba
_source/SMPTE/Conference Repository/Conference Papers/1999/7266011/7266012/07266040.xml,publication,10.5594/M00334,Smart Digital Video Interfaces Solve the Problem of Multiple Standards,orig-research,1999,0b00006484a025bb
_source/SMPTE/Conference Repository/Conference Papers/1999/7266011/7266012/07266041.xml,publication,10.5594/M00335,MPEG-2 Transcoding from the Production-Into the Emission Format,orig-research,1999,0b00006484a025bc
_source/SMPTE/Conference Repository/Conference Papers/1999/7266011/7266012/07266042.xml,publication,10.5594/M00336,Motion Compensated De-Interlacing: The Key to the Digital Video Transition,orig-research,1999,0b00006484a025bd
_source/SMPTE/Conference Repository/Conference Papers/1999/7266011/7266012/07266043.xml,publication,10.5594/M00337,A Picture Format Converter Using Motion Compensated De-Interlacing,orig-research,1999,0b00006484a025be
_source/SMPTE/Conference Repository/Conference Papers/1999/7266011/7266012/07266044.xml,publication,10.5594/M00338,Impact of 5.1 Audio in Television Production and Distribution,orig-research,1999,0b00006484a025bf
_source/SMPTE/Conference Repository/Conference Papers/1999/7266011/7266012/07266045.xml,publication,10.5594/M00339,DTV Audio Mixing for Maximum Impact and Compatibility,orig-research,1999,0b00006484a025c0
_source/SMPTE/Conference Repository/Conference Papers/1999/7266011/7266012/07266046.xml,publication,10.5594/M00340,Audio Metadata Authoring and System Integration,orig-research,1999,0b00006484a025c1
_source/SMPTE/Conference Repository/Conference Papers/1999/7266011/7266012/07266047.xml,publication,10.5594/M00341,Audio-Video Synchronization Across DTV Transport Interfaces: The Impossible Dream&#x003F;,orig-research,1999,0b00006484a025c2
_source/SMPTE/Conference Repository/Conference Papers/1999/7266011/7266012/07266048.xml,publication,10.5594/M00342,The Latest Emulsion Technology on New Super F Series,orig-research,1999,0b00006484a025c3
_source/SMPTE/Conference Repository/Conference Papers/1999/7266011/7266012/07266049.xml,publication,10.5594/M00343,DVD Dailies: Creative Collaboration for Feature Film Makers,orig-research,1999,0b00006484a025f6
_source/SMPTE/Conference Repository/Conference Papers/1999/7266011/7266012/07266050.xml,publication,10.5594/M00344,A New Film Scanning Machine for Film in a Digital World,orig-research,1999,0b00006484a025f7
_source/SMPTE/Conference Repository/Conference Papers/1999/7266011/7266012/07266051.xml,publication,10.5594/M00345,Chemical Processing of Digital Soundtracks&#x2014;Future Challenges for the Laboratories,orig-research,1999,0b00006484a025f8
_source/SMPTE/Conference Repository/Conference Papers/1999/7266011/7266012/07266052.xml,publication,10.5594/M00346,"The Use of OE MPEG Profile for Production, Contribution and Distribution Networking",orig-research,1999,0b00006484a025f9
_source/SMPTE/Conference Repository/Conference Papers/1999/7266011/7266012/07266053.xml,publication,10.5594/M00347,Video Performance Measurements in DTV Transmission Systems,orig-research,1999,0b00006484a025fa
_source/SMPTE/Conference Repository/Conference Papers/1999/7266011/7266012/07266054.xml,publication,10.5594/M00348,Management and Control of Receivers in a Satellite Distribution Network,orig-research,1999,0b00006484a025fb
_source/SMPTE/Conference Repository/Conference Papers/1999/7266011/7266012/07266055.xml,publication,10.5594/M00349,Monitoring and Control for Digital Transmission Systems,orig-research,1999,0b00006484a025fc
_source/SMPTE/Conference Repository/Conference Papers/1999/7266056/7266057/07266058.xml,publication,10.5594/M001160,The In-Station Coaxial Transmission Line: What Changes and Why with HDTV&#x003F;,orig-research,1999,0b00006484a025ff
_source/SMPTE/Conference Repository/Conference Papers/1999/7266056/7266057/07266059.xml,publication,10.5594/M001161,Conversion of Digital Video Signals into a High Definition Transmission System,orig-research,1999,0b00006484a02632
_source/SMPTE/Conference Repository/Conference Papers/1999/7266056/7266057/07266060.xml,publication,10.5594/M001162,Production and Transmission Considerations in 1080i and DVB-T,orig-research,1999,0b00006484a02633
_source/SMPTE/Conference Repository/Conference Papers/1999/7266056/7266057/07266061.xml,publication,10.5594/M001163,High Definition Production in the USA,orig-research,1999,0b00006484a02634
_source/SMPTE/Conference Repository/Conference Papers/1999/7266056/7266057/07266062.xml,publication,10.5594/M001164,"High Definition Studios, OB Vans and Playout Centre",orig-research,1999,0b00006484a02635
_source/SMPTE/Conference Repository/Conference Papers/1999/7266056/7266057/07266063.xml,publication,10.5594/M001165,Dynamics Processing in Future Digital Transmission Environments: Maintaining Signal Quality and Level,orig-research,1999,0b00006484a02636
_source/SMPTE/Conference Repository/Conference Papers/1999/7266056/7266057/07266064.xml,publication,10.5594/M001166,Reception and Distribution of Terrestrially Delivered Digital Channels in the Existing Analogue Environment,orig-research,1999,0b00006484a02637
_source/SMPTE/Conference Repository/Conference Papers/1999/7266056/7266057/07266065.xml,publication,10.5594/M001167,DVB-T Hierarchical Modulation: An Opportunity for New Services&#x003F;,orig-research,1999,0b00006484a02638
_source/SMPTE/Conference Repository/Conference Papers/1999/7266056/7266057/07266066.xml,publication,10.5594/M001168,DVB-T Testing and Monitoring,orig-research,1999,0b00006484a02639
_source/SMPTE/Conference Repository/Conference Papers/1999/7266056/7266057/07266067.xml,publication,10.5594/M001169,Experiences in Establishing a Digital Transmission and Performance Verification of an OFDM Transmitter,orig-research,1999,0b00006484a0263a
_source/SMPTE/Conference Repository/Conference Papers/1999/7266056/7266057/07266068.xml,publication,10.5594/M001170,Planning and Regulatory Progress for Digital Terrestrial Implementation in the UK,orig-research,1999,0b00006484a0263b
_source/SMPTE/Conference Repository/Conference Papers/1999/7266056/7266057/07266069.xml,publication,10.5594/M001171,Mobile Reception of DVB-T,orig-research,1999,0b00006484a02678
_source/SMPTE/Conference Repository/Conference Papers/1999/7266056/7266057/07266070.xml,publication,10.5594/M001172,Solutions for DVB-T Systems,orig-research,1999,0b00006484a02679
_source/SMPTE/Conference Repository/Conference Papers/1999/7266056/7266057/07266071.xml,publication,10.5594/M001173,MPEG Multichannel Audio in DVB,orig-research,1999,0b00006484a0267a
_source/SMPTE/Conference Repository/Conference Papers/1999/7266056/7266057/07266072.xml,publication,10.5594/M001174,Contribution and Distribution of Multichannel Audio,orig-research,1999,0b00006484a0267b
_source/SMPTE/Conference Repository/Conference Papers/1999/7266056/7266057/07266073.xml,publication,10.5594/M001175,Dolby Digital Audio Delivery to the Consumer,orig-research,1999,0b00006484a0267c
_source/SMPTE/Conference Repository/Conference Papers/1999/7266056/7266057/07266074.xml,publication,10.5594/M001176,DVB in Australia,orig-research,1999,0b00006484a0267d
_source/SMPTE/Conference Repository/Conference Papers/1999/7266056/7266057/07266075.xml,publication,10.5594/M001177,The History of the Television Receiver and its Future Direction,orig-research,1999,0b00006484a0267e
_source/SMPTE/Conference Repository/Conference Papers/1999/7266056/7266057/07266076.xml,publication,10.5594/M001178,Migration from Analog to DTV &#x2026; Is it a Broadcasters Nightmare&#x003F;,orig-research,1999,0b00006484a0267f
_source/SMPTE/Conference Repository/Conference Papers/1999/7266056/7266057/07266077.xml,publication,10.5594/M001179,Wireless Data Broadcasting: An Evolution towards Mobility,orig-research,1999,0b00006484a02680
_source/SMPTE/Conference Repository/Conference Papers/1999/7266056/7266057/07266078.xml,publication,10.5594/M001180,A New Solution for Wireless Interactive TV Based on DVB-T Standard and SFDMA Technique,orig-research,1999,0b00006484a02681
_source/SMPTE/Conference Repository/Conference Papers/1999/7266056/7266057/07266079.xml,publication,10.5594/M001181,Interactive Services Protocol Standardisation for HFC and LMDS Networks: A Review,orig-research,1999,0b00006484a026b5
_source/SMPTE/Conference Repository/Conference Papers/1999/7266056/7266057/07266080.xml,publication,10.5594/M001182,Integrating DVB/MPEG2 Technology with IP Based Protocols and Applications into Satellite Architectures &#x2013; How can this Open a New Market for Satellite Multimedia Services&#x003F;,orig-research,1999,0b00006484a026b6
_source/SMPTE/Conference Repository/Conference Papers/1999/7266056/7266057/07266081.xml,publication,10.5594/M001183,ATVEF: A Specification for Interactive Television Based on Internet Standards,orig-research,1999,0b00006484a026b7
_source/SMPTE/Conference Repository/Conference Papers/1999/7266056/7266057/07266082.xml,publication,10.5594/M001184,Interactive Television: The Cusp of Convergence,orig-research,1999,0b00006484a026b8
_source/SMPTE/Conference Repository/Conference Papers/1999/7266056/7266057/07266083.xml,publication,10.5594/M001185,Netcasting &#x2013; Case Studies in the Industry,orig-research,1999,0b00006484a026b9
_source/SMPTE/Conference Repository/Conference Papers/1999/7266056/7266057/07266084.xml,publication,10.5594/M001186,At-Will Real Time Multichannel Servers &#x2013; An End to End News Solution with Archiving,orig-research,1999,0b00006484a026ba
_source/SMPTE/Conference Repository/Conference Papers/1999/7266056/7266057/07266085.xml,publication,10.5594/M001187,DVCPRO News/Production Server System with Native File Transfer,orig-research,1999,0b00006484a026bb
_source/SMPTE/Conference Repository/Conference Papers/1999/7266056/7266057/07266086.xml,publication,10.5594/M001188,The Use of OFDM in the ENG Market,orig-research,1999,0b00006484a026bc
_source/SMPTE/Conference Repository/Conference Papers/1999/7266056/7266057/07266087.xml,publication,10.5594/M001189,A Practical Integration of Key MPEG-2 Technologies,orig-research,1999,0b00006484a026bd
_source/SMPTE/Conference Repository/Conference Papers/1999/7266056/7266057/07266088.xml,publication,10.5594/M001190,"The Application of MPEG-2 MP@ML within TV-Centers - Mandatory, Useful or a Nuisance&#x003F;",orig-research,1999,0b00006484a026be
_source/SMPTE/Conference Repository/Conference Papers/1999/7266056/7266057/07266089.xml,publication,10.5594/M001191,Adaptive Encoders: The New Generation of MPEG-2 Encoders,orig-research,1999,0b00006484a026f1
_source/SMPTE/Conference Repository/Conference Papers/1999/7266056/7266057/07266090.xml,publication,10.5594/M001192,Architectures for High-Definition MPEG Encoders,orig-research,1999,0b00006484a026f2
_source/SMPTE/Conference Repository/Conference Papers/1999/7266056/7266057/07266091.xml,publication,10.5594/M001193,Considerations in Evaluating and Choosing HDTV MPEG-2 Encoders,orig-research,1999,0b00006484a026f3
_source/SMPTE/Conference Repository/Conference Papers/1999/7266056/7266057/07266092.xml,publication,10.5594/M001194,The Universal Preservation Format - A Dream or a Realistic Option&#x003F;,orig-research,1999,0b00006484a026f4
_source/SMPTE/Conference Repository/Conference Papers/1999/7266056/7266057/07266093.xml,publication,10.5594/M001195,Technical Product Update &#x2013; Vision 800T &#x2013; Highest Speed Stock in the Marketplace and Vision Print Films &#x2013; A New Range of Print Films,orig-research,1999,0b00006484a026f5
_source/SMPTE/Conference Repository/Conference Papers/1999/7266056/7266057/07266094.xml,publication,10.5594/M001196,Image Quality &#x2013; The Importance of Projecting a Quality Image &#x2013; Issues Associated with Electronic Projection,orig-research,1999,0b00006484a026f6
_source/SMPTE/Conference Repository/Conference Papers/1999/7266056/7266057/07266095.xml,publication,10.5594/M001197,The New DTV Production System,orig-research,1999,0b00006484a026f7
_source/SMPTE/Conference Repository/Conference Papers/1999/7266056/7266057/07266096.xml,publication,10.5594/M001198,The Kodak PreView System,orig-research,1999,0b00006484a026f8
_source/SMPTE/Conference Repository/Conference Papers/1999/7266056/7266057/07266097.xml,publication,10.5594/M001199,Film Visual Quality &#x2013; Alchemy is Not Dead,orig-research,1999,0b00006484a026f9
_source/SMPTE/Conference Repository/Conference Papers/1999/7266056/7266057/07266098.xml,publication,10.5594/M001200,Film Scanning for HD Post Production and Beyond,orig-research,1999,0b00006484a026fa
_source/SMPTE/Conference Repository/Conference Papers/1999/7266056/7266057/07266099.xml,publication,10.5594/M001201,Colour Calibration in Digital Film Systems,orig-research,1999,0b00006484a02737
_source/SMPTE/Conference Repository/Conference Papers/1999/7266056/7266057/07266100.xml,publication,10.5594/M001202,The 2K Grading Room &#x2013; Digital Intermediate Film,orig-research,1999,0b00006484a02738
_source/SMPTE/Conference Repository/Conference Papers/1999/7266056/7266057/07266101.xml,publication,10.5594/M001203,Recent Advances in Transfer and Manipulation of Film Images in the Data and HDTV Domains,orig-research,1999,0b00006484a02739
_source/SMPTE/Conference Repository/Conference Papers/1999/7266056/7266057/07266102.xml,publication,10.5594/M001204,Advances in Content Management and Protection,orig-research,1999,0b00006484a0273a
_source/SMPTE/Conference Repository/Conference Papers/1999/7266056/7266057/07266103.xml,publication,10.5594/M001205,API Standardisation for Digital Television,orig-research,1999,0b00006484a0273b
_source/SMPTE/Conference Repository/Conference Papers/1999/7266056/7266057/07266104.xml,publication,10.5594/M001206,HDTV &#x2013; What this Means for Microwave STL and ENG Applications,orig-research,1999,0b00006484a0273c
_source/SMPTE/Conference Repository/Conference Papers/1999/7266056/7266057/07266105.xml,publication,10.5594/M001207,Distribution Costs for Digital Television Networks,orig-research,1999,0b00006484a0273d
_source/SMPTE/Conference Repository/Conference Papers/1999/7266056/7266057/07266106.xml,publication,10.5594/M001208,Server Based Content Delivery Systems,orig-research,1999,0b00006484a0273e
_source/SMPTE/Conference Repository/Conference Papers/1999/7266056/7266057/07266107.xml,publication,10.5594/M001209,A Holistic Approach to Designing A/V Distribution Servers,orig-research,1999,0b00006484a0273f
_source/SMPTE/Conference Repository/Conference Papers/1999/7266056/7266057/07266108.xml,publication,10.5594/M001210,TV and More in the Next Millennium,orig-research,1999,0b00006484a02740
_source/SMPTE/Conference Repository/Conference Papers/1999/7266056/7266057/07266109.xml,publication,10.5594/M001211,Presenting the Sydney 2000 Games to a World Audience,orig-research,1999,0b00006484a02773
_source/SMPTE/Conference Repository/Conference Papers/1999/7266056/7266057/07266110.xml,publication,10.5594/M001212,Applied Metadata Management Systems for Post-Production,orig-research,1999,0b00006484a02774
_source/SMPTE/Conference Repository/Conference Papers/1999/7266056/7266057/07266111.xml,publication,10.5594/M001213,The Application of Storage Area Networks for Post-Production Environments,orig-research,1999,0b00006484a02775
_source/SMPTE/Conference Repository/Conference Papers/1999/7266056/7266057/07266112.xml,publication,10.5594/M001214,Dynamics Processing in Digital Production Environments: Maintaining Signal Quality and Level,orig-research,1999,0b00006484a02776
_source/SMPTE/Conference Repository/Conference Papers/1999/7266056/7266057/07266113.xml,publication,10.5594/M001215,Digital Television Monitoring Systems: Challenges and Opportunities,orig-research,1999,0b00006484a02777
_source/SMPTE/Conference Repository/Conference Papers/1999/7266056/7266057/07266114.xml,publication,10.5594/M001216,Moving Tape to Non-Linear,orig-research,1999,0b00006484a02778
_source/SMPTE/Conference Repository/Conference Papers/1999/7266056/7266057/07266115.xml,publication,10.5594/M001217,Becoming Digital: The Facility Migration into Digital and Multichannel Broadcast Television Operations,orig-research,1999,0b00006484a02779
_source/SMPTE/Conference Repository/Conference Papers/1999/7266056/7266057/07266116.xml,publication,10.5594/M001218,Digital Reality &#x2013; Engineering and Operating a Multi-Channel Digital Broadcast Platform,orig-research,1999,0b00006484a0277a
_source/SMPTE/Conference Repository/Conference Papers/1999/7266056/7266057/07266117.xml,publication,10.5594/M001219,Integration for Education,orig-research,1999,0b00006484a0277b
_source/SMPTE/Conference Repository/Conference Papers/1999/7266056/7266057/07266118.xml,publication,10.5594/M001220,The Broadcast Engineer Training for 2000 and Beyond,orig-research,1999,0b00006484a0277c
_source/SMPTE/Conference Repository/Conference Papers/1999/7266056/7266057/07266119.xml,publication,10.5594/M001221,Broadcast Engineering Courses and the Australian Qualifications Framework,orig-research,1999,0b00006484a027af
_source/SMPTE/Conference Repository/Conference Papers/1999/7266056/7266057/07266120.xml,publication,10.5594/M001222,Training of Broadcast Engineers in the Digital Era,orig-research,1999,0b00006484a027b0
_source/SMPTE/Conference Repository/Conference Papers/1999/7266056/7266057/07266121.xml,publication,10.5594/M001223,Technology and Teamwork &#x2013; HDTV at AFTRS,orig-research,1999,0b00006484a027b1
_source/SMPTE/Conference Repository/Conference Papers/1999/7266056/7266057/07266122.xml,publication,10.5594/M001224,Connecting SD and HD via Gigabit Ethernet in the Studio,orig-research,1999,0b00006484a027b2
_source/SMPTE/Conference Repository/Conference Papers/1999/7266056/7266057/07266123.xml,publication,10.5594/M001225,Distribution and Routing of Digital HDTV Signals in the Production Plant,orig-research,1999,0b00006484a027b3
_source/SMPTE/Conference Repository/Conference Papers/1999/7266056/7266057/07266124.xml,publication,10.5594/M001226,Multi-Format Signal Distribution and Synchronisation,orig-research,1999,0b00006484a027b4
_source/SMPTE/Conference Repository/Conference Papers/1999/7266056/7266057/07266125.xml,publication,10.5594/M001227,"A Multi-Frame Rate, Compression-Free, Video Recorder for Universal DTV Mastering in High Resolution",orig-research,1999,0b00006484a027b5
_source/SMPTE/Conference Repository/Conference Papers/1999/7266056/7266057/07266126.xml,publication,10.5594/M001228,Integrated Decision Support Environments in Distributed High-End Audio-Visual Content Creation: The Use of High Performance Computing and Networking,orig-research,1999,0b00006484a027b6
_source/SMPTE/Conference Repository/Conference Papers/1999/7267633/7267634/07267635.xml,publication,10.5594/M00936,"The LDK2000 Multistandard Camera, and the Evolution to DTV",orig-research,1999,0b00006484a04e85
_source/SMPTE/Conference Repository/Conference Papers/1999/7267633/7267634/07267636.xml,publication,10.5594/M00937,Technology for &#x201C;Big Resolution&#x201D; Solutions,orig-research,1999,0b00006484a04e86
_source/SMPTE/Conference Repository/Conference Papers/1999/7267633/7267634/07267637.xml,publication,10.5594/M00938,800MHz-Band OFDM UHF Link,orig-research,1999,0b00006484a04e87
_source/SMPTE/Conference Repository/Conference Papers/1999/7267633/7267634/07267638.xml,publication,10.5594/M00939,A SMPTE-292/OC-48c Video Network Access Unit (VNAU),orig-research,1999,0b00006484a04e88
_source/SMPTE/Conference Repository/Conference Papers/1999/7267633/7267634/07267639.xml,publication,10.5594/M00940,Multivideo-Server-Based News Exchange System,orig-research,1999,0b00006484a04e89
_source/SMPTE/Conference Repository/Conference Papers/1999/7267633/7267634/07267640.xml,publication,10.5594/M00941,Parallel Processing Solves the DTV Format Conversion Problem,orig-research,1999,0b00006484a04e8a
_source/SMPTE/Conference Repository/Conference Papers/1999/7267633/7267634/07267641.xml,publication,10.5594/M00942,Compression Formats and Interoperability: Picture Quality Aspects and Consequences for Future Networked Television Production,orig-research,1999,0b00006484a04e8b
_source/SMPTE/Conference Repository/Conference Papers/1999/7267633/7267634/07267642.xml,publication,10.5594/M00943,"Video Editing in the Modern Shared-Storage Environment: Specific Costs, Benefits, and History",orig-research,1999,0b00006484a04e8c
_source/SMPTE/Conference Repository/Conference Papers/1999/7267633/7267634/07267643.xml,publication,10.5594/M00944,A Universal Format Conversion Architecture for Simultaneous Video and Computer Generated Imagery Scaling,orig-research,1999,0b00006484a04ed3
_source/SMPTE/Conference Repository/Conference Papers/1999/7267633/7267634/07267644.xml,publication,10.5594/M00945,Applying SMPTE Metadata in Software Systems,orig-research,1999,0b00006484a04ed4
_source/SMPTE/Conference Repository/Conference Papers/1999/7267633/7267634/07267645.xml,publication,10.5594/M00946,The New Storage Paradigm for Multichannel Video Transmission,orig-research,1999,0b00006484a04ed5
_source/SMPTE/Conference Repository/Conference Papers/1999/7267633/7267634/07267646.xml,publication,10.5594/M00947,The Growing Needs for Automated System for Control and Management,orig-research,1999,0b00006484a04ed6
_source/SMPTE/Conference Repository/Conference Papers/1999/7267633/7267634/07267647.xml,publication,10.5594/M00948,Interconnectivity in the DTV Era: The Emergence of SDTI,orig-research,1999,0b00006484a04ed7
_source/SMPTE/Conference Repository/Conference Papers/1999/7267633/7267634/07267648.xml,publication,10.5594/M00949,HDTV &#x2013; The Limit of Copper Cable&#x003F;,orig-research,1999,0b00006484a04ed8
_source/SMPTE/Conference Repository/Conference Papers/1999/7267633/7267634/07267649.xml,publication,10.5594/M00950,The Connection Guide for HDTV,orig-research,1999,0b00006484a04ed9
_source/SMPTE/Conference Repository/Conference Papers/1999/7267633/7267634/07267650.xml,publication,10.5594/M00951,"Principle, Benefits and Applications of Variable Bit Rate Coding for Digital Video Broadcasting",orig-research,1999,0b00006484a04eda
_source/SMPTE/Conference Repository/Conference Papers/1999/7267633/7267634/07267651.xml,publication,10.5594/M00952,Statistical Multiplexing with Look-Ahead Using MPEG-2 Video Encoding,orig-research,1999,0b00006484a04edb
_source/SMPTE/Conference Repository/Conference Papers/1999/7267633/7267634/07267652.xml,publication,10.5594/M00953,Seamless Splicing for MPEG-2 Transport Stream Video Servers,orig-research,1999,0b00006484a04edc
_source/SMPTE/Conference Repository/Conference Papers/1999/7267633/7267634/07267653.xml,publication,10.5594/M00954,"The Public Network, Making it Work for Digital Video and Entertainment Production",orig-research,1999,0b00006484a04f19
_source/SMPTE/Conference Repository/Conference Papers/1999/7267633/7267634/07267654.xml,publication,10.5594/M00955,How Digital Broadcasting and Interactive Technologies are Changing the Future of Electronic Commerce over Broadcasting Networks,orig-research,1999,0b00006484a04f1a
_source/SMPTE/Conference Repository/Conference Papers/1999/7267633/7267634/07267655.xml,publication,10.5594/M00956,Protecting Content in the Digital Home,orig-research,1999,0b00006484a04f1b
_source/SMPTE/Conference Repository/Conference Papers/1999/7267633/7267634/07267656.xml,publication,10.5594/M00957,Interlace and Progressive Scan Comparisons Based on Visual Perception Data,orig-research,1999,0b00006484a04f1c
_source/SMPTE/Conference Repository/Conference Papers/1999/7267633/7267634/07267657.xml,publication,10.5594/M00958,Building Cross-Platform Media Workgroup Solutions,orig-research,1999,0b00006484a04f1d
_source/SMPTE/Conference Repository/Conference Papers/2000/7267630/7267631/07267632.xml,publication,10.5594/M001000,Measuring Return Loss on HDTV Cabling,orig-research,2000,0b00006484a05026
_source/SMPTE/Conference Repository/Conference Papers/2000/7267630/7267631/07267693.xml,publication,10.5594/M001001,The up Conversion Option,orig-research,2000,0b00006484a05027
_source/SMPTE/Conference Repository/Conference Papers/2000/7267630/7267631/07267694.xml,publication,10.5594/M001002,DVD Meets Internet (&#x0023;34-18),orig-research,2000,0b00006484a05028
_source/SMPTE/Conference Repository/Conference Papers/2000/7267630/7267631/07267695.xml,publication,10.5594/M00999,Video Testing in a DTV World,orig-research,2000,0b00006484a05029
_source/SMPTE/Conference Repository/Conference Papers/2000/7267756/7267757/07267758.xml,publication,10.5594/M00141,Advanced Television Broadcasting in a Digital Broadband Distribution Environment,orig-research,2000,0b00006484a051c6
_source/SMPTE/Conference Repository/Conference Papers/2000/7267756/7267757/07267759.xml,publication,10.5594/M00142,How ATM Networks Ensure a Transparent Transport of Real-Time Professional Broadcast Services,orig-research,2000,0b00006484a051c7
_source/SMPTE/Conference Repository/Conference Papers/2000/7267756/7267757/07267760.xml,publication,10.5594/M00143,&#x201C;Cable-Compatible&#x201D; Digital Television Receivers and &#x201C;Receiver-Compatible&#x201D; Digital Cable Television Systems,orig-research,2000,0b00006484a051fa
_source/SMPTE/Conference Repository/Conference Papers/2000/7267756/7267757/07267761.xml,publication,10.5594/M00144,"TrueCircuit&#x2122; Technology: Distribution of Video / Audio / Control and Meta Data via a Paradigm IP Network using QoS, High Bandwidth Efficiency, and Low Latency",orig-research,2000,0b00006484a051fb
_source/SMPTE/Conference Repository/Conference Papers/2000/7267756/7267757/07267762.xml,publication,10.5594/M00145,"Multi-Channel Serial Digital Video Transmission, Distribution, and Reception",orig-research,2000,0b00006484a051fc
_source/SMPTE/Conference Repository/Conference Papers/2000/7267756/7267757/07267763.xml,publication,10.5594/M00146,Time Division Multiplexing (TDM) Video and Data Streams into a 1.5Gb/s HDTV Stream,orig-research,2000,0b00006484a051fd
_source/SMPTE/Conference Repository/Conference Papers/2000/7267756/7267757/07267764.xml,publication,10.5594/M00147,The Future of the Moving Image,orig-research,2000,0b00006484a051fe
_source/SMPTE/Conference Repository/Conference Papers/2000/7267756/7267757/07267765.xml,publication,10.5594/M00148,4:4:4 Compression of Moving Pictures for Digital Cinema using the MPEG-2 Toolkit,orig-research,2000,0b00006484a051ff
_source/SMPTE/Conference Repository/Conference Papers/2000/7267756/7267757/07267766.xml,publication,10.5594/M00149,Balancing Technology in Digital Cinema Systems,orig-research,2000,0b00006484a05200
_source/SMPTE/Conference Repository/Conference Papers/2000/7267756/7267757/07267767.xml,publication,10.5594/M00150,Interactive Television Content Authoring,orig-research,2000,0b00006484a05201
_source/SMPTE/Conference Repository/Conference Papers/2000/7267756/7267757/07267768.xml,publication,10.5594/M00151,An Open Architecture and Realization for the Integration of Broadcast Digital Video and Personalized Online Media,orig-research,2000,0b00006484a05202
_source/SMPTE/Conference Repository/Conference Papers/2000/7267756/7267757/07267769.xml,publication,10.5594/M00152,SMPTE 334M Data there is a Whole Industry before Emission,orig-research,2000,0b00006484a05203
_source/SMPTE/Conference Repository/Conference Papers/2000/7267756/7267757/07267770.xml,publication,10.5594/M00153,Serving up Data for Enhanced DTV Programs,orig-research,2000,0b00006484a05240
_source/SMPTE/Conference Repository/Conference Papers/2000/7267756/7267757/07267771.xml,publication,10.5594/M00154,Data Broadcasting Solutions for Broadcasters,orig-research,2000,0b00006484a05241
_source/SMPTE/Conference Repository/Conference Papers/2000/7267756/7267757/07267772.xml,publication,10.5594/M00155,Paper Abstract,orig-research,2000,0b00006484a05242
_source/SMPTE/Conference Repository/Conference Papers/2000/7267756/7267757/07267773.xml,publication,10.5594/M00156,The Pro-MPEG/AAF Association Material Exchange Format (MXF),orig-research,2000,0b00006484a05243
_source/SMPTE/Conference Repository/Conference Papers/2000/7267756/7267757/07267774.xml,publication,10.5594/M00157,Archival Video Status?,orig-research,2000,0b00006484a05244
_source/SMPTE/Conference Repository/Conference Papers/2000/7267756/7267757/07267775.xml,publication,10.5594/M00158,Mastering and Archiving Uncompressed Digital Video Test Materials,orig-research,2000,0b00006484a05245
_source/SMPTE/Conference Repository/Conference Papers/2000/7267756/7267757/07267776.xml,publication,10.5594/M00159,A Very High Bit Rate Image Data Recorder,orig-research,2000,0b00006484a05246
_source/SMPTE/Conference Repository/Conference Papers/2000/7267756/7267757/07267777.xml,publication,10.5594/M00160,"2000 SMPTE Technical Conference and Exhibition: &#x201C;Digital Video Recorders: All-in-One Content Recording, Storage, Playback and Management System&#x201D;",orig-research,2000,0b00006484a05247
_source/SMPTE/Conference Repository/Conference Papers/2000/7267756/7267757/07267778.xml,publication,10.5594/M00161,Considerations for Moving to a Video Server Based Facility,orig-research,2000,0b00006484a05248
_source/SMPTE/Conference Repository/Conference Papers/2000/7267756/7267757/07267779.xml,publication,10.5594/M00162,The Present and Future of Channel Branding,orig-research,2000,0b00006484a05249
_source/SMPTE/Conference Repository/Conference Papers/2000/7267756/7267757/07267780.xml,publication,10.5594/M00163,A Multi-Format HDTV Camera Head,orig-research,2000,0b00006484a0527c
_source/SMPTE/Conference Repository/Conference Papers/2000/7267756/7267757/07267781.xml,publication,10.5594/M00164,The Technology of Enhanced Color Saturation: Kodak Ektachrome 100D Color Reversal Film/5285,orig-research,2000,0b00006484a0527d
_source/SMPTE/Conference Repository/Conference Papers/2000/7267756/7267757/07267782.xml,publication,10.5594/M00165,Images and Formats,orig-research,2000,0b00006484a0527e
_source/SMPTE/Conference Repository/Conference Papers/2000/7267756/7267757/07267783.xml,publication,10.5594/M00166,Removal of Spatial and Temporal Alias Artifacts in Format Conversion and Display,orig-research,2000,0b00006484a0527f
_source/SMPTE/Conference Repository/Conference Papers/2000/7267756/7267757/07267784.xml,publication,10.5594/M00167,Transcoding: A Step into the All-MPEG World,orig-research,2000,0b00006484a05280
_source/SMPTE/Conference Repository/Conference Papers/2000/7267756/7267757/07267785.xml,publication,10.5594/M00168,Blue Screen Matting using Curved Separating Surfaces,orig-research,2000,0b00006484a05281
_source/SMPTE/Conference Repository/Conference Papers/2000/7267756/7267757/07267786.xml,publication,10.5594/M00169,Diamond Audio &#x2014; Explained,orig-research,2000,0b00006484a05282
_source/SMPTE/Conference Repository/Conference Papers/2000/7267756/7267757/07267787.xml,publication,10.5594/M00170,Seamless Audio Splicing for ISO/IEC 13818 Transport Streams,orig-research,2000,0b00006484a05283
_source/SMPTE/Conference Repository/Conference Papers/2000/7267756/7267757/07267788.xml,publication,10.5594/M00171,"Audio in Cable, Broadcast, and Satellite Distribution Issues &#x0026; Solutions for the Digital Transition via Audio Metadata",orig-research,2000,0b00006484a05284
_source/SMPTE/Conference Repository/Conference Papers/2000/7267756/7267757/07267789.xml,publication,10.5594/M00172,Metadata for Enhanced Electronic Program Guides,orig-research,2000,0b00006484a05285
_source/SMPTE/Conference Repository/Conference Papers/2000/7267756/7267757/07267790.xml,publication,10.5594/M00173,A Platform for Constructing Distributed Asset Management Systems,orig-research,2000,0b00006484a052c2
_source/SMPTE/Conference Repository/Conference Papers/2000/7267756/7267757/07267791.xml,publication,10.5594/M00174,24-Frame and Multiple Frame-rate Post Systems and Equipment Design Considerations,orig-research,2000,0b00006484a052c3
_source/SMPTE/Conference Repository/Conference Papers/2000/7267756/7267757/07267792.xml,publication,10.5594/M00175,High Performance Electro-Optic Camera Prototype: 142<sup>nd</sup> Conference of the Society of Motion Picture and Television Engineers,orig-research,2000,0b00006484a052c4
_source/SMPTE/Conference Repository/Conference Papers/2001/7267696/7267697/07267698.xml,publication,10.5594/M00350,Content Processing for Data Broadcasting,orig-research,2001,0b00006484a0502c
_source/SMPTE/Conference Repository/Conference Papers/2001/7267696/7267697/07267699.xml,publication,10.5594/M00351,Broadband Services Using Databroadcasting and Point-to-Point Networks,orig-research,2001,0b00006484a0502d
_source/SMPTE/Conference Repository/Conference Papers/2001/7267696/7267697/07267700.xml,publication,10.5594/M00352,Datacasting Applications: Real World Experience,orig-research,2001,0b00006484a05072
_source/SMPTE/Conference Repository/Conference Papers/2001/7267696/7267697/07267701.xml,publication,10.5594/M00353,Data Broadcasting to a Trusted Client,orig-research,2001,0b00006484a05073
_source/SMPTE/Conference Repository/Conference Papers/2001/7267696/7267697/07267702.xml,publication,10.5594/M00354,Balancing Bandwidth and Bytes: Managing Storage and Transmission across a Datacast Network,orig-research,2001,0b00006484a05074
_source/SMPTE/Conference Repository/Conference Papers/2001/7267696/7267697/07267703.xml,publication,10.5594/M00355,i-DHSM: Dynamic Hierarchical Storage Manager: Media Management for Audiovisual Digital Archiving,orig-research,2001,0b00006484a05075
_source/SMPTE/Conference Repository/Conference Papers/2001/7267696/7267697/07267704.xml,publication,10.5594/M00356,"Abstract: Managing and Monitoring a Data Broadcast Network Presented by Sheila Joyce, Geocast Network Systems",orig-research,2001,0b00006484a05076
_source/SMPTE/Conference Repository/Conference Papers/2001/7267696/7267697/07267705.xml,publication,10.5594/M00357,An Object Server Supporting Metadata for Video Intensive Internet-Based Access,orig-research,2001,0b00006484a05077
_source/SMPTE/Conference Repository/Conference Papers/2001/7267696/7267697/07267706.xml,publication,10.5594/M00358,"Continuity Monitoring of Audio, Video and Data in a Multi-Channel Facility",orig-research,2001,0b00006484a05078
_source/SMPTE/Conference Repository/Conference Papers/2001/7267696/7267697/07267707.xml,publication,10.5594/M00359,The Role of a DTV Edge Server in Support of Data Broadcasting Applications,orig-research,2001,0b00006484a05079
_source/SMPTE/Conference Repository/Conference Papers/2001/7267696/7267697/07267708.xml,publication,10.5594/M00360,&#x201C;Infrastructure for an NTSC/ATSC-Supported Nationwide Data Broadcasting Service: Present and Future&#x201D;,orig-research,2001,0b00006484a0507a
_source/SMPTE/Conference Repository/Conference Papers/2001/7267696/7267697/07267709.xml,publication,10.5594/M00361,Transport B for Broadcasters: Boon or Bane&#x003F;,orig-research,2001,0b00006484a0507b
_source/SMPTE/Conference Repository/Conference Papers/2001/7267696/7267697/07267710.xml,publication,10.5594/M00362,An SNMP Agent for a DTV Data Server,orig-research,2001,0b00006484a050b8
_source/SMPTE/Conference Repository/Conference Papers/2001/7267696/7267697/07267711.xml,publication,10.5594/M00363,"&#x201C;Streaming Metadata, Applications and Challenges&#x201D;",orig-research,2001,0b00006484a050b9
_source/SMPTE/Conference Repository/Conference Papers/2001/7267696/7267697/07267712.xml,publication,10.5594/M00364,Metadata for the Long Term: The Universality of Language vs. Fixed Processes,orig-research,2001,0b00006484a050ba
_source/SMPTE/Conference Repository/Conference Papers/2001/7267696/7267697/07267713.xml,publication,10.5594/M00365,Designing Data Models for Asset Metadata,orig-research,2001,0b00006484a050bb
_source/SMPTE/Conference Repository/Conference Papers/2001/7267714/7267715/07267716.xml,publication,10.5594/M00959,Media Friendly Microprocessor Architectures and Tools: 143rd,orig-research,2001,0b00006484a050be
_source/SMPTE/Conference Repository/Conference Papers/2001/7267714/7267715/07267717.xml,publication,10.5594/M00960,CTVNEWS.com Case Study: Rich Media Content Management Meets Interactive News,orig-research,2001,0b00006484a050bf
_source/SMPTE/Conference Repository/Conference Papers/2001/7267714/7267715/07267718.xml,publication,10.5594/M00961,Digital Rights Management and Windows Media Player,orig-research,2001,0b00006484a050c0
_source/SMPTE/Conference Repository/Conference Papers/2001/7267714/7267715/07267719.xml,publication,10.5594/M00962,Two-Way Satellite Broadband: New High-Speed Connections for the Production and Post-Production Communities,orig-research,2001,0b00006484a050c1
_source/SMPTE/Conference Repository/Conference Papers/2001/7267714/7267715/07267720.xml,publication,10.5594/M00963,"Encrypted Satellite Multicast: Quality, Security, and Reliability Considerations Attending the Distribution of Television as Addressable Data",orig-research,2001,0b00006484a050f6
_source/SMPTE/Conference Repository/Conference Papers/2001/7267714/7267715/07267721.xml,publication,10.5594/M00964,Monitoring and Control of Audio-to-Video Delay in Broadcast Systems,orig-research,2001,0b00006484a050f7
_source/SMPTE/Conference Repository/Conference Papers/2001/7267714/7267715/07267722.xml,publication,10.5594/M00965,Overview of the CBC Radio Digital Archiving System,orig-research,2001,0b00006484a050f8
_source/SMPTE/Conference Repository/Conference Papers/2001/7267714/7267715/07267723.xml,publication,10.5594/M00966,Content Creation Utilizing Large-Scale Archive with Content ID and Original Time Code,orig-research,2001,0b00006484a050f9
_source/SMPTE/Conference Repository/Conference Papers/2001/7267714/7267715/07267724.xml,publication,10.5594/M00967,Protected Storage Area Networks for Broadcast Environments,orig-research,2001,0b00006484a050fa
_source/SMPTE/Conference Repository/Conference Papers/2001/7267714/7267715/07267725.xml,publication,10.5594/M00968,Fault Tolerance in a Distributed Media Server,orig-research,2001,0b00006484a050fb
_source/SMPTE/Conference Repository/Conference Papers/2001/7267714/7267715/07267726.xml,publication,10.5594/M00969,Enabling Network Interoperability between Video File Servers: The SMPTE 360M General eXchange Format (GXF),orig-research,2001,0b00006484a050fc
_source/SMPTE/Conference Repository/Conference Papers/2001/7267714/7267715/07267727.xml,publication,10.5594/M00970,Stream and File Formats &#x2013; Where are We Now&#x003F;,orig-research,2001,0b00006484a050fd
_source/SMPTE/Conference Repository/Conference Papers/2001/7267714/7267715/07267728.xml,publication,10.5594/M00971,The Material Exchange Format (MXF) and its Application,orig-research,2001,0b00006484a050fe
_source/SMPTE/Conference Repository/Conference Papers/2001/7267714/7267715/07267729.xml,publication,10.5594/M00972,Centralized Network Origination (CNO) White Paper,orig-research,2001,0b00006484a050ff
_source/SMPTE/Conference Repository/Conference Papers/2001/7267714/7267715/07267730.xml,publication,10.5594/M00973,Intelligent Infrastructure for New Digital Installations,orig-research,2001,0b00006484a05132
_source/SMPTE/Conference Repository/Conference Papers/2001/7267714/7267715/07267731.xml,publication,10.5594/M00974,Log &#x0023;74: Controlling Complex Broadcast Infrastructures,orig-research,2001,0b00006484a05133
_source/SMPTE/Conference Repository/Conference Papers/2001/7267714/7267715/07267732.xml,publication,10.5594/M00975,Color Space Conversion with 3-D LUT for Laser Film Recorder,orig-research,2001,0b00006484a05134
_source/SMPTE/Conference Repository/Conference Papers/2001/7267714/7267715/07267733.xml,publication,10.5594/M00976,A Tour up the Gray Scale Vector of the RGB Color Cube: How Computer Graphics Color Spaces Relate to Digital Video Color Difference Space,orig-research,2001,0b00006484a05135
_source/SMPTE/Conference Repository/Conference Papers/2001/7267714/7267715/07267734.xml,publication,10.5594/M00977,Application of the Latest Technologies to a New Fujicolor Negative Film,orig-research,2001,0b00006484a05136
_source/SMPTE/Conference Repository/Conference Papers/2001/7267714/7267715/07267735.xml,publication,10.5594/M00978,Design Improvements for Motion Picture Film Projectors,orig-research,2001,0b00006484a05137
_source/SMPTE/Conference Repository/Conference Papers/2001/7267714/7267715/07267736.xml,publication,10.5594/M00979,Using 35 mm Digital Intermediate to Provide 70 mm Quality in Theaters &#x2013; A Progress Report,orig-research,2001,0b00006484a05138
_source/SMPTE/Conference Repository/Conference Papers/2001/7267714/7267715/07267737.xml,publication,10.5594/M00980,Coding of Natural Audio in MPEG-4,orig-research,2001,0b00006484a05139
_source/SMPTE/Conference Repository/Conference Papers/2001/7267714/7267715/07267738.xml,publication,10.5594/M00981,&#x201C;Need for Integration of Physical and Virtual Media Asset Systems&#x201D;,orig-research,2001,0b00006484a0513a
_source/SMPTE/Conference Repository/Conference Papers/2001/7267714/7267715/07267739.xml,publication,10.5594/M00982,Development of Electronic Camera Systems Using Progressive Scanning,orig-research,2001,0b00006484a0513b
_source/SMPTE/Conference Repository/Conference Papers/2001/7267714/7267715/07267740.xml,publication,10.5594/M00983,Advanced Techniques for Conversion to and from p24,orig-research,2001,0b00006484a05178
_source/SMPTE/Conference Repository/Conference Papers/2001/7267714/7267715/07267741.xml,publication,10.5594/M00984,1080p/24 &#x2013; 2001 Review,orig-research,2001,0b00006484a05179
_source/SMPTE/Conference Repository/Conference Papers/2001/7267714/7267715/07267742.xml,publication,10.5594/M00985,The Search for a Universal Timing Reference Signal,orig-research,2001,0b00006484a0517a
_source/SMPTE/Conference Repository/Conference Papers/2001/7267714/7267715/07267743.xml,publication,10.5594/M00986,How to Easily Move and Utilize Film Images as Data in a Real-World Video Facility,orig-research,2001,0b00006484a0517b
_source/SMPTE/Conference Repository/Conference Papers/2001/7267714/7267715/07267744.xml,publication,10.5594/M00987,Video Content Management in Broadcast,orig-research,2001,0b00006484a0517c
_source/SMPTE/Conference Repository/Conference Papers/2001/7267714/7267715/07267745.xml,publication,10.5594/M00988,Case Study of an Early Adopter: The CNN Digital News Archive,orig-research,2001,0b00006484a0517d
_source/SMPTE/Conference Repository/Conference Papers/2001/7267714/7267715/07267746.xml,publication,10.5594/M00989,UMID Watermarking for Managing Metadata in Content Production,orig-research,2001,0b00006484a0517e
_source/SMPTE/Conference Repository/Conference Papers/2001/7267714/7267715/07267747.xml,publication,10.5594/M00990,"&#x201C;The Business of Digital Cinema&#x2014;the Exhibitors&#x2018; Perspective&#x201D;: Presented at the 143<sup>rd</sup> SMPTE Technical Conference and Exhibition New York, New York November 7, 2001",orig-research,2001,0b00006484a0517f
_source/SMPTE/Conference Repository/Conference Papers/2001/7267714/7267715/07267748.xml,publication,10.5594/M00991,Experimental Ultrahigh-Definition Color Camera System with Three 8M-pixel CCDs,orig-research,2001,0b00006484a05180
_source/SMPTE/Conference Repository/Conference Papers/2001/7267714/7267715/07267749.xml,publication,10.5594/M00992,"In Pursuit of the &#x201C;Agile Codec&#x201D; &#x2013; Parallel Processing Enables Flexible, Low-Cost Digital Cinema Solutions",orig-research,2001,0b00006484a05181
_source/SMPTE/Conference Repository/Conference Papers/2001/7267714/7267715/07267750.xml,publication,10.5594/M00993,The Laser Cathode Ray Tube &#x2013; A Paradigm Shift in Illumination,orig-research,2001,0b00006484a051be
_source/SMPTE/Conference Repository/Conference Papers/2001/7267714/7267715/07267751.xml,publication,10.5594/M00994,A Review of Survey Responses to High Quality Digital and Film Presentations,orig-research,2001,0b00006484a051bf
_source/SMPTE/Conference Repository/Conference Papers/2001/7267714/7267715/07267752.xml,publication,10.5594/M00995,Applying DRM Techniques to Video on the Internet: Characterizing Problems and Solutions,orig-research,2001,0b00006484a051c0
_source/SMPTE/Conference Repository/Conference Papers/2001/7267714/7267715/07267753.xml,publication,10.5594/M00996,"Satellite, Broadcast, and Broadband Networks Powered with Storage Area Networks (SAN)",orig-research,2001,0b00006484a051c1
_source/SMPTE/Conference Repository/Conference Papers/2001/7267714/7267715/07267754.xml,publication,10.5594/M00997,Real Time Video and Audio Content Delivery over IP Packet Networks - TrueCircuit&#x00AE; Implementations after One Year,orig-research,2001,0b00006484a051c2
_source/SMPTE/Conference Repository/Conference Papers/2001/7267714/7267715/07267755.xml,publication,10.5594/M00998,Extending Video Networks with IP and Ethernet,orig-research,2001,0b00006484a051c3
_source/SMPTE/Conference Repository/Conference Papers/2002/7268826/7268827/07268828.xml,publication,10.5594/M00219,A 1920&#x00D7;1080 60P System that is Compatible with a 1920&#x00D7;1080 30I Format,orig-research,2002,0b00006484a0826b
_source/SMPTE/Conference Repository/Conference Papers/2002/7268826/7268827/07268829.xml,publication,10.5594/M00220,"NASA Imaging for Safety, Science, and History",orig-research,2002,0b00006484a0826c
_source/SMPTE/Conference Repository/Conference Papers/2002/7268826/7268827/07268830.xml,publication,10.5594/M00221,Interaction of Image Quality Metrics,orig-research,2002,0b00006484a0826d
_source/SMPTE/Conference Repository/Conference Papers/2002/7268826/7268827/07268831.xml,publication,10.5594/M00222,Objective Image Quality Metrics for DCT-Based Video Compression,orig-research,2002,0b00006484a0826e
_source/SMPTE/Conference Repository/Conference Papers/2002/7268826/7268827/07268832.xml,publication,10.5594/M00223,"Image Quality in FootageQuest, an Online Footage Archive",orig-research,2002,0b00006484a0826f
_source/SMPTE/Conference Repository/Conference Papers/2002/7268826/7268827/07268953.xml,publication,10.5594/M00224,A Real Time Single Ended Algorithm for Objective Quality Monitoring of Compressed Video Signals,orig-research,2002,0b00006484a08270
_source/SMPTE/Conference Repository/Conference Papers/2002/7268826/7268827/07268954.xml,publication,10.5594/M00225,Noise Reduction Preprocessing for MPEG-2 Encoding,orig-research,2002,0b00006484a08271
_source/SMPTE/Conference Repository/Conference Papers/2002/7268826/7268827/07268955.xml,publication,10.5594/M00226,"Mapping KLV Packets into Synchronous MPEG-2 Program Streams<!--<xref ref-type=""other"" rid=""fn1-10.5594_M00226"">1</xref>-->",orig-research,2002,0b00006484a08272
_source/SMPTE/Conference Repository/Conference Papers/2002/7268826/7268827/07268956.xml,publication,10.5594/M00227,Retaining Image Quality in Archives and Implementing Related Tools for the Retrieval,orig-research,2002,0b00006484a082c1
_source/SMPTE/Conference Repository/Conference Papers/2002/7268826/7268827/07268957.xml,publication,10.5594/M00228,Image Transport Quality&#x003F; No Problem,orig-research,2002,0b00006484a082c2
_source/SMPTE/Conference Repository/Conference Papers/2002/7268826/7268827/07268958.xml,publication,10.5594/M00229,Issues in Transporting MPEG over IP,orig-research,2002,0b00006484a082c3
_source/SMPTE/Conference Repository/Conference Papers/2002/7268826/7268827/07268959.xml,publication,10.5594/M00230,Data Transport and Processing in a Digital Cinema Theatre System,orig-research,2002,0b00006484a082c4
_source/SMPTE/Conference Repository/Conference Papers/2002/7268826/7268827/07268960.xml,publication,10.5594/M00231,DLP Cinema&#x2122; Color Management,orig-research,2002,0b00006484a082c5
_source/SMPTE/Conference Repository/Conference Papers/2003/7268947/7268948/07268949.xml,publication,10.5594/M001003,High-Definition Video Coax beyond 3 GHz,orig-research,2003,0b00006484a08392
_source/SMPTE/Conference Repository/Conference Papers/2003/7268947/7268948/07268950.xml,publication,10.5594/M001004,Color Subpixel Rendering Projectors and Flat Panel Displays,orig-research,2003,0b00006484a08393
_source/SMPTE/Conference Repository/Conference Papers/2003/7268947/7268948/07268951.xml,publication,10.5594/M001005,A Layered Image Delivery Architecture for Digital Cinema,orig-research,2003,0b00006484a08394
_source/SMPTE/Conference Repository/Conference Papers/2003/7268947/7268948/07268952.xml,publication,10.5594/M001006,Storage Helps the Broadcast Industry Advance with New Technology,orig-research,2003,0b00006484a08395
_source/SMPTE/Conference Repository/Conference Papers/2003/7268947/7268948/07268973.xml,publication,10.5594/M001007,Techniques for Managing Variable Frame Rate Images,orig-research,2003,0b00006484a08396
_source/SMPTE/Conference Repository/Conference Papers/2003/7268947/7268948/07268974.xml,publication,10.5594/M001008,Local Storage Changes Everything,orig-research,2003,0b00006484a08397
_source/SMPTE/Conference Repository/Conference Papers/2004/7268988/7268989/07268990.xml,publication,10.5594/M001009,Will 1-Imager Cameras Ever Be Good Enough,orig-research,2004,0b00006484a08415
_source/SMPTE/Conference Repository/Conference Papers/2004/7268988/7268989/07268991.xml,publication,10.5594/M001010,Development Status of CMOS 1920&#x00D7;1080 Imaging System-on-Chip for 60p HDTV,orig-research,2004,0b00006484a08416
_source/SMPTE/Conference Repository/Conference Papers/2004/7268988/7268989/07268992.xml,publication,10.5594/M001011,HD-TRIAX: Pushing the Limits of Technology,orig-research,2004,0b00006484a08417
_source/SMPTE/Conference Repository/Conference Papers/2004/7268988/7268989/07268993.xml,publication,10.5594/M001012,The Evolution of Non-Linear Acquisition - One Perspective,orig-research,2004,0b00006484a08418
_source/SMPTE/Conference Repository/Conference Papers/2004/7268988/7268989/07268994.xml,publication,10.5594/M001013,Development of the Precision Focus Assistance System for the HDTV Zoom Lens,orig-research,2004,0b00006484a08419
_source/SMPTE/Conference Repository/Conference Papers/2004/7268988/7268989/07268995.xml,publication,10.5594/M001014,Six-Gigahertz Coaxial Cable,orig-research,2004,0b00006484a0841a
_source/SMPTE/Conference Repository/Conference Papers/2004/7268988/7268989/07268996.xml,publication,10.5594/M001015,"MPEG-1, MPEG-2 and Windows Media Video Codec Comparisons Using MSE Analysis",orig-research,2004,0b00006484a0841b
_source/SMPTE/Conference Repository/Conference Papers/2004/7268988/7268989/07268997.xml,publication,10.5594/M001016,"Image Optimization in Digital Cinema, HD, SD and NTSC Engineering and Production Perspectives",orig-research,2004,0b00006484a0841c
_source/SMPTE/Conference Repository/Conference Papers/2004/7268988/7268989/07268998.xml,publication,10.5594/M001017,Broadcast System Monitoring and Troubleshooting Using a Graphical User Interface,orig-research,2004,0b00006484a0841d
_source/SMPTE/Conference Repository/Conference Papers/2004/7268988/7268989/07268999.xml,publication,10.5594/M001018,Film Image Perception and Simulation,orig-research,2004,0b00006484a08450
_source/SMPTE/Conference Repository/Conference Papers/2004/7268988/7268989/07269000.xml,publication,10.5594/M001019,"Definition, Design and Analysis of Digital Intermediate Systems",orig-research,2004,0b00006484a08451
_source/SMPTE/Conference Repository/Conference Papers/2005/7268939/7268940/07268941.xml,publication,10.5594/M001112,JPEG2000 for Digital Cinema,orig-research,2005,0b00006484a08346
_source/SMPTE/Conference Repository/Conference Papers/2005/7268939/7268940/07268942.xml,publication,10.5594/M001113,Network and Advanced Compression: Systems Testing,orig-research,2005,0b00006484a08347
_source/SMPTE/Conference Repository/Conference Papers/2005/7268939/7268940/07268943.xml,publication,10.5594/M001114,Essential Elements of Triple Play: Classification and QoS at Full Strength,orig-research,2005,0b00006484a08348
_source/SMPTE/Conference Repository/Conference Papers/2005/7268939/7268940/07268944.xml,publication,10.5594/M001115,Delivering Clean Broadcast Video Over Converged IP Infrastructures,orig-research,2005,0b00006484a08349
_source/SMPTE/Conference Repository/Conference Papers/2005/7268939/7268940/07268945.xml,publication,10.5594/M001116,Securing Video Contribution &#x0026; Primary Distribution Over IP Networks,orig-research,2005,0b00006484a0834a
_source/SMPTE/Conference Repository/Conference Papers/2005/7268939/7268940/07268946.xml,publication,10.5594/M001117,Managed IT Services for Television News,orig-research,2005,0b00006484a0834b
_source/SMPTE/Conference Repository/Conference Papers/2005/7269001/7269002/07269003.xml,publication,10.5594/M00377,XDCAM&#x2122; Professional Disc System for SD/HD Broadcast and Professional Applications,orig-research,2005,0b00006484a08454
_source/SMPTE/Conference Repository/Conference Papers/2005/7269001/7269002/07269004.xml,publication,10.5594/M00378,Managing the High Definition (HD) Transition Bandwidth Requirements for ENG: Microwave Links from the Field,orig-research,2005,0b00006484a08455
_source/SMPTE/Conference Repository/Conference Papers/2005/7269001/7269002/07269005.xml,publication,10.5594/M00379,Building and End to End Workflow for HD News,orig-research,2005,0b00006484a08456
_source/SMPTE/Conference Repository/Conference Papers/2005/7269001/7269002/07269006.xml,publication,10.5594/M00380,HD Graphics &#x2013; What&#x0027;s the Big Deal&#x003F;,orig-research,2005,0b00006484a08457
_source/SMPTE/Conference Repository/Conference Papers/2005/7269001/7269002/07269007.xml,publication,10.5594/M00381,Shared Metadata in the Broadcast Environment,orig-research,2005,0b00006484a08458
_source/SMPTE/Conference Repository/Conference Papers/2005/7269001/7269002/07269008.xml,publication,10.5594/M00382,Schedule Metadata Flow &#x2013; The Times They are a Changin&#x0027;,orig-research,2005,0b00006484a08459
_source/SMPTE/Conference Repository/Conference Papers/2005/7269001/7269002/07269009.xml,publication,10.5594/M00383,What Grass Valley Learned from GXF and How it can Help Everyone,orig-research,2005,0b00006484a0848c
_source/SMPTE/Conference Repository/Conference Papers/2005/7269001/7269002/07269010.xml,publication,10.5594/M00384,MPEG2 Long GOP Mapping for MXF File Storage Applications,orig-research,2005,0b00006484a0848d
_source/SMPTE/Conference Repository/Conference Papers/2005/7269001/7269002/07269011.xml,publication,10.5594/M00385,Advanced MXF Practice and Future Directions,orig-research,2005,0b00006484a0848e
_source/SMPTE/Conference Repository/Conference Papers/2005/7269001/7269002/07269012.xml,publication,10.5594/M00386,Magnetic Tape Developments for HDV Recording w/MPEG-2 Compression,orig-research,2005,0b00006484a0848f
_source/SMPTE/Conference Repository/Conference Papers/2005/7269001/7269002/07269013.xml,publication,10.5594/M00387,The Optics of Small-Format HD Acquisition,orig-research,2005,0b00006484a08490
_source/SMPTE/Conference Repository/Conference Papers/2005/7269001/7269002/07269014.xml,publication,10.5594/M00388,HDV Meets HDCam &#x201C;In the Heart of Music&#x201D; Documenting the 2005 Van Cliburn Piano Competition,orig-research,2005,0b00006484a08491
_source/SMPTE/Conference Repository/Conference Papers/2005/7269001/7269002/07269015.xml,publication,10.5594/M00389,Storage I/O Acceleration for Real-Time Digital Media Production Environments,orig-research,2005,0b00006484a08492
_source/SMPTE/Conference Repository/Conference Papers/2005/7269001/7269002/07269016.xml,publication,10.5594/M00390,High Speed Holographic Data Storage at 100 Gbit/in<sup>2</sup>,orig-research,2005,0b00006484a08493
_source/SMPTE/Conference Repository/Conference Papers/2005/7269001/7269002/07269017.xml,publication,10.5594/M00391,Architecting Digital Content Storage Systems and Archives,orig-research,2005,0b00006484a08494
_source/SMPTE/Conference Repository/Conference Papers/2005/7269001/7269002/07269018.xml,publication,10.5594/M00392,High Definition Does Not Equal Two Times Standard Definition&#x0021;,orig-research,2005,0b00006484a08495
_source/SMPTE/Conference Repository/Conference Papers/2005/7269001/7269002/07269019.xml,publication,10.5594/M00393,Development of a Three CMOS 1080/300p HDTV High Speed Camera,orig-research,2005,0b00006484a084c8
_source/SMPTE/Conference Repository/Conference Papers/2005/7269001/7269002/07269020.xml,publication,10.5594/M00394,Development of a Compact Motion Control Camera System for HD Digital Broadcasting,orig-research,2005,0b00006484a084c9
_source/SMPTE/Conference Repository/Conference Papers/2005/7269001/7269002/07269021.xml,publication,10.5594/M00395,"The X-Curve, its Origins and History",orig-research,2005,0b00006484a084ca
_source/SMPTE/Conference Repository/Conference Papers/2005/7269001/7269002/07269022.xml,publication,10.5594/M00396,Cinema Sound Quality Redux,orig-research,2005,0b00006484a084cb
_source/SMPTE/Conference Repository/Conference Papers/2005/7269001/7269002/07269023.xml,publication,10.5594/M00397,DC-PCM: An Audio Packaging Proposal for D-Cinema,orig-research,2005,0b00006484a084cc
_source/SMPTE/Conference Repository/Conference Papers/2005/7269001/7269002/07269024.xml,publication,10.5594/M00398,The Introduction of Large Sensors for Digital Cine Acquisition Cameras,orig-research,2005,0b00006484a084cd
_source/SMPTE/Conference Repository/Conference Papers/2005/7269001/7269002/07269025.xml,publication,10.5594/M00399,Advanced Research in Ultra-High Density Non-magnetic On-Camera Storage,orig-research,2005,0b00006484a084ce
_source/SMPTE/Conference Repository/Conference Papers/2005/7269001/7269002/07269026.xml,publication,10.5594/M00400,CEA and Home Entertainment Networking Filling in the Gaps,orig-research,2005,0b00006484a084cf
_source/SMPTE/Conference Repository/Conference Papers/2005/7269001/7269002/07269027.xml,publication,10.5594/M00401,The Latest Technologies of Motion-Picture Color Negative Film,orig-research,2005,0b00006484a084d0
_source/SMPTE/Conference Repository/Conference Papers/2005/7269001/7269002/07269028.xml,publication,10.5594/M00402,Aliasing and Reconstruction Distortion in Digital Intermediates,orig-research,2005,0b00006484a084d1
_source/SMPTE/Conference Repository/Conference Papers/2005/7269001/7269002/07269029.xml,publication,10.5594/M00403,Designing Camera Origination Films for Scan-Only Applications in Television and Digital Intermediate,orig-research,2005,0b00006484a08504
_source/SMPTE/Conference Repository/Conference Papers/2005/7269001/7269002/07269030.xml,publication,10.5594/M00404,Motion Compensated Spatial-Temporal Reduction of Film Grain Noise in the Wavelet Domain,orig-research,2005,0b00006484a08505
_source/SMPTE/Conference Repository/Conference Papers/2005/7269001/7269002/07269031.xml,publication,10.5594/M00405,DRMs and High Value Video Content Business Models,orig-research,2005,0b00006484a08506
_source/SMPTE/Conference Repository/Conference Papers/2005/7269001/7269002/07269032.xml,publication,10.5594/M00406,D-Cinema Content Protection: A Brief Overview,orig-research,2005,0b00006484a08507
_source/SMPTE/Conference Repository/Conference Papers/2005/7269001/7269002/07269033.xml,publication,10.5594/M00407,Content Protection Interoperability Challenges and Opportunities in the Home Environment,orig-research,2005,0b00006484a08508
_source/SMPTE/Conference Repository/Conference Papers/2005/7269001/7269002/07269034.xml,publication,10.5594/M00408,No Turning Back &#x2013; IT &#x0026; IP in the Broadcast Environment,orig-research,2005,0b00006484a08509
_source/SMPTE/Conference Repository/Conference Papers/2005/7269001/7269002/07269035.xml,publication,10.5594/M00409,Video Quality Monitoring over IP Networks,orig-research,2005,0b00006484a0850a
_source/SMPTE/Conference Repository/Conference Papers/2005/7269001/7269002/07269036.xml,publication,10.5594/M00410,An Overview of TFT LCD Display Technology,orig-research,2005,0b00006484a0850b
_source/SMPTE/Conference Repository/Conference Papers/2005/7269001/7269002/07269037.xml,publication,10.5594/M00411,Full HD 1920 &#x00D7; 1080 Pixel Digital D-ILA&#x2122; Microdisplay Projector Technology,orig-research,2005,0b00006484a0850c
_source/SMPTE/Conference Repository/Conference Papers/2006/7268975/7268976/07268977.xml,publication,10.5594/M00366,Next Generation Transport for Broadcasters,orig-research,2006,0b00006484a0839a
_source/SMPTE/Conference Repository/Conference Papers/2006/7268975/7268976/07268978.xml,publication,10.5594/M00367,"Wide Dynamic Range, High Precision, Lossless Layered Coding Method",orig-research,2006,0b00006484a0839b
_source/SMPTE/Conference Repository/Conference Papers/2006/7268975/7268976/07268979.xml,publication,10.5594/M00368,Utilizing HDTV as Data for Space Flight,orig-research,2006,0b00006484a083ce
_source/SMPTE/Conference Repository/Conference Papers/2006/7268975/7268976/07268980.xml,publication,10.5594/M00369,10 Gigabit Networking for Audio and Video Applications,orig-research,2006,0b00006484a083cf
_source/SMPTE/Conference Repository/Conference Papers/2006/7268975/7268976/07268981.xml,publication,10.5594/M00370,Conference Proceedings,orig-research,2006,0b00006484a083d0
_source/SMPTE/Conference Repository/Conference Papers/2006/7268975/7268976/07268982.xml,publication,10.5594/M00371,Maintaining QoS of Video over IP Services,orig-research,2006,0b00006484a083d1
_source/SMPTE/Conference Repository/Conference Papers/2006/7268975/7268976/07268983.xml,publication,10.5594/M00372,3G: The Evolution of SDI,orig-research,2006,0b00006484a083d2
_source/SMPTE/Conference Repository/Conference Papers/2006/7268975/7268976/07268984.xml,publication,10.5594/M00373,JPEG2000 Rate Control for Digital Cinema,orig-research,2006,0b00006484a083d3
_source/SMPTE/Conference Repository/Conference Papers/2006/7268975/7268976/07268985.xml,publication,10.5594/M00374,Experience with SDI Contribution over IP Network,orig-research,2006,0b00006484a083d4
_source/SMPTE/Conference Repository/Conference Papers/2006/7268975/7268976/07268986.xml,publication,10.5594/M00375,Don&#x0027;t Believe Everything You See on (IP)TV: The Challenges of IPTV Today,orig-research,2006,0b00006484a083d5
_source/SMPTE/Conference Repository/Conference Papers/2006/7268975/7268976/07268987.xml,publication,10.5594/M00376,File-Based News Acquisition,orig-research,2006,0b00006484a083d6
_source/SMPTE/Conference Repository/Conference Papers/2008/7269233/7269234/07269235.xml,publication,10.5594/M001020,Computer Vision Technologies for Repurposing Multi-Distribution Systems,orig-research,2008,0b00006484a08a70
_source/SMPTE/Conference Repository/Conference Papers/2008/7269233/7269234/07269236.xml,publication,10.5594/M001021,Navigating the DTV Transition: How Broadcasters are Using AFD to Maintain Formatting Control of their Programming,orig-research,2008,0b00006484a08a71
_source/SMPTE/Conference Repository/Conference Papers/2008/7269233/7269234/07269237.xml,publication,10.5594/M001022,"1080P, What Does this Mean for Broadcasters in the Short-Term&#x003F;",orig-research,2008,0b00006484a08a72
_source/SMPTE/Conference Repository/Conference Papers/2008/7269233/7269234/07269238.xml,publication,10.5594/M001023,Considerations When Designing for the 3Gbps SDI Interface,orig-research,2008,0b00006484a08a73
_source/SMPTE/Conference Repository/Conference Papers/2008/7269233/7269234/07269239.xml,publication,10.5594/M001024,Secure Content Distribution on P2P Networks,orig-research,2008,0b00006484a08a74
_source/SMPTE/Conference Repository/Conference Papers/2008/7269233/7269234/07269240.xml,publication,10.5594/M001025,New Consumer Displays: The Challenge of Providing Content to Take Advantage of Them,orig-research,2008,0b00006484a08a75
_source/SMPTE/Conference Repository/Conference Papers/2008/7269233/7269234/07269241.xml,publication,10.5594/M001026,Defining the Future Consumer Video Format,orig-research,2008,0b00006484a08a76
_source/SMPTE/Conference Repository/Conference Papers/2008/7269233/7269234/07269242.xml,publication,10.5594/M001027,Efficient Lossless to Lossy Transcoding of JPEG2000 Codestreams for D-Cinema,orig-research,2008,0b00006484a08a77
_source/SMPTE/Conference Repository/Conference Papers/2008/7269233/7269234/07269243.xml,publication,10.5594/M001028,Digital Film Archival Using JPEG 2000 and MXF &#x2013; Formats and Practical Applications,orig-research,2008,0b00006484a08ac6
_source/SMPTE/Conference Repository/Conference Papers/2008/7269233/7269234/07269244.xml,publication,10.5594/M001029,H.264 Parameter Optimizations for Internet Based Distribution of High Quality Video,orig-research,2008,0b00006484a08ac7
_source/SMPTE/Conference Repository/Conference Papers/2008/7269233/7269234/07269245.xml,publication,10.5594/M001030,AVC-Intra 100 Mbps Compression in a File Based Master Archive,orig-research,2008,0b00006484a08ac8
_source/SMPTE/Conference Repository/Conference Papers/2008/7269233/7269234/07269246.xml,publication,10.5594/M001031,Supporting the March to 8K with Dirac and Dirac Pro (SMPTE VC2): The Dirac Family,orig-research,2008,0b00006484a08ac9
_source/SMPTE/Conference Repository/Conference Papers/2008/7269233/7269234/07269247.xml,publication,10.5594/M001032,Content ID: The Elephant in the Room,orig-research,2008,0b00006484a08aca
_source/SMPTE/Conference Repository/Conference Papers/2008/7269233/7269234/07269248.xml,publication,10.5594/M001033,Rich Metadata Description for Interactivity and Dynamic User-Generated Information,orig-research,2008,0b00006484a08acb
_source/SMPTE/Conference Repository/Conference Papers/2008/7269233/7269234/07269249.xml,publication,10.5594/M001034,The Impact of Technology upon Metadata Costs: Courvoisier or Cold Duck&#x003F;,orig-research,2008,0b00006484a08acc
_source/SMPTE/Conference Repository/Conference Papers/2008/7269233/7269234/07269250.xml,publication,10.5594/M001035,Building the Next-Generation Asset Management Solution,orig-research,2008,0b00006484a08acd
_source/SMPTE/Conference Repository/Conference Papers/2008/7269233/7269234/07269251.xml,publication,10.5594/M001036,Multimedia Semantics from MPEG-7 Metadata to Semantic Web Ontologies,orig-research,2008,0b00006484a08ace
_source/SMPTE/Conference Repository/Conference Papers/2008/7269233/7269234/07269252.xml,publication,10.5594/M001037,Rendering of Scene Data in Digital Cinema Workflows,orig-research,2008,0b00006484a08acf
_source/SMPTE/Conference Repository/Conference Papers/2008/7269233/7269234/07269253.xml,publication,10.5594/M001038,Implementation of the Academy Image Interchange Framework,orig-research,2008,0b00006484a08b02
_source/SMPTE/Conference Repository/Conference Papers/2008/7269233/7269234/07269254.xml,publication,10.5594/M001039,CBS Television Network HDTV Satellite News Gathering Requirements,orig-research,2008,0b00006484a08b03
_source/SMPTE/Conference Repository/Conference Papers/2008/7269233/7269234/07269255.xml,publication,10.5594/M001040,Getting the Shot: Advanced MPEG-4 AVC Encoding and Robust COFDM Modulation Deliver HD-ENG,orig-research,2008,0b00006484a08b04
_source/SMPTE/Conference Repository/Conference Papers/2008/7269233/7269234/07269256.xml,publication,10.5594/M001041,Draft Document: The Impact of Ubiquitous IP Connectivity on Electronic News Gathering and Remote Broadcast Infrastructure,orig-research,2008,0b00006484a08b05
_source/SMPTE/Conference Repository/Conference Papers/2008/7269233/7269234/07269257.xml,publication,10.5594/M001042,Stereoscopic Broadcasting and the Art of Motorcycle Maintenance,orig-research,2008,0b00006484a08b06
_source/SMPTE/Conference Repository/Conference Papers/2008/7269233/7269234/07269258.xml,publication,10.5594/M001043,Bringing Stereoscopic 3D into the Connected Home,orig-research,2008,0b00006484a08b07
_source/SMPTE/Conference Repository/Conference Papers/2008/7269233/7269234/07269259.xml,publication,10.5594/M001044,Business Continuity Planning for Disaster Recovery,orig-research,2008,0b00006484a08b08
_source/SMPTE/Conference Repository/Conference Papers/2008/7269233/7269234/07269260.xml,publication,10.5594/M001045,The Fundamental Elements of Media Workflows,orig-research,2008,0b00006484a08b09
_source/SMPTE/Conference Repository/Conference Papers/2008/7269233/7269234/07269261.xml,publication,10.5594/M001046,Service-Oriented Architecture (SOA) in Media Systems,orig-research,2008,0b00006484a08b0a
_source/SMPTE/Conference Repository/Conference Papers/2008/7269233/7269234/07269262.xml,publication,10.5594/M001047,Automating HD Workflows: Future Challenges for MXF,orig-research,2008,0b00006484a08b0b
_source/SMPTE/Conference Repository/Conference Papers/2008/7269233/7269234/07269263.xml,publication,10.5594/M001048,Mscope &#x2013; Anamorphic Capture with Dual CIF HD,orig-research,2008,0b00006484a08b48
_source/SMPTE/Conference Repository/Conference Papers/2008/7269233/7269234/07269264.xml,publication,10.5594/M001049,Capturing Lunar Footage and Utilization of Image Data: The HDTV Camera System Onboard the Lunar Explorer Kaguya (SELENE),orig-research,2008,0b00006484a08b49
_source/SMPTE/Conference Repository/Conference Papers/2008/7269233/7269234/07269265.xml,publication,10.5594/M001050,Compatibility of 48 and 24Hz Motion Images: A Problem and a Solution,orig-research,2008,0b00006484a08b4a
_source/SMPTE/Conference Repository/Conference Papers/2008/7269233/7269234/07269266.xml,publication,10.5594/M001051,The &#x201C;Esmeralda&#x201D; Stage: An Analytical Test Laboratory for Image Acquisition,orig-research,2008,0b00006484a08b4b
_source/SMPTE/Conference Repository/Conference Papers/2009/7269113/7269114/07269115.xml,publication,10.5594/M001294,Workflow-Driven Design in File-Based Systems,orig-research,2009,0b00006484a087aa
_source/SMPTE/Conference Repository/Conference Papers/2009/7269113/7269114/07269116.xml,publication,10.5594/M001295,Automation of Coordination: Business Process Management for Media Companies,orig-research,2009,0b00006484a087ab
_source/SMPTE/Conference Repository/Conference Papers/2009/7269113/7269114/07269117.xml,publication,10.5594/M001296,Beijing TV Station SOA Based Network Production System,orig-research,2009,0b00006484a087ac
_source/SMPTE/Conference Repository/Conference Papers/2009/7269113/7269114/07269118.xml,publication,10.5594/M001297,"Emerging Digital Post-Production File-Based Infrastructure, Workflow, and Process Enhancements for Theatrical and Episodic Television Content",orig-research,2009,0b00006484a087ad
_source/SMPTE/Conference Repository/Conference Papers/2009/7269113/7269114/07269119.xml,publication,10.5594/M001298,Decomposing Media Operations Leveraging Advanced Content and Metadata Storage Management Solutions,orig-research,2009,0b00006484a087ae
_source/SMPTE/Conference Repository/Conference Papers/2009/7269113/7269114/07269120.xml,publication,10.5594/M001299,On How Metadata Enables Enriched File-Based Production Workflows,orig-research,2009,0b00006484a087af
_source/SMPTE/Conference Repository/Conference Papers/2009/7269113/7269114/07269121.xml,publication,10.5594/M001300,Audio/Video Synchronization in Compressed Systems - A Status Report,orig-research,2009,0b00006484a087b0
_source/SMPTE/Conference Repository/Conference Papers/2009/7269113/7269114/07269122.xml,publication,10.5594/M001301,Program Loudness and Loudness Management,orig-research,2009,0b00006484a087e4
_source/SMPTE/Conference Repository/Conference Papers/2009/7269113/7269114/07269123.xml,publication,10.5594/M001302,Detection and Correction of Lip-Sync Errors Using Audio and Video Fingerprints,orig-research,2009,0b00006484a087e5
_source/SMPTE/Conference Repository/Conference Papers/2009/7269113/7269114/07269124.xml,publication,10.5594/M001303,Case Study: File Based Workflow from Acquisition to Air,orig-research,2009,0b00006484a087e6
_source/SMPTE/Conference Repository/Conference Papers/2009/7269113/7269114/07269125.xml,publication,10.5594/M001304,Taking File-Based Workflows to the Next Level: Project and Timeline Based Integrations,orig-research,2009,0b00006484a087e7
_source/SMPTE/Conference Repository/Conference Papers/2009/7269113/7269114/07269126.xml,publication,10.5594/M001305,Virtual File Systems for Dynamic Content in Digital Production Workflows: A Novel Approach to Integration of Video Applications and MAM Based Archives,orig-research,2009,0b00006484a087e8
_source/SMPTE/Conference Repository/Conference Papers/2009/7269113/7269114/07269127.xml,publication,10.5594/M001306,File Based Sports Production,orig-research,2009,0b00006484a087e9
_source/SMPTE/Conference Repository/Conference Papers/2009/7269113/7269114/07269128.xml,publication,10.5594/M001307,Selecting Production Parameters to Ensure that Picture Quality Accommodates the Intended and Possible Future Imaging Systems,orig-research,2009,0b00006484a087ea
_source/SMPTE/Conference Repository/Conference Papers/2009/7269113/7269114/07269129.xml,publication,10.5594/M001308,On-Set Generation of Color Corrected Dailies in Digital Cinema Production,orig-research,2009,0b00006484a087eb
_source/SMPTE/Conference Repository/Conference Papers/2009/7269113/7269114/07269130.xml,publication,10.5594/M001309,Proposal for Practical Screen Luminance Uniformity Measurement,orig-research,2009,0b00006484a087ec
_source/SMPTE/Conference Repository/Conference Papers/2009/7269113/7269114/07269131.xml,publication,10.5594/M001310,What will Replace the CRT for Professional Video Monitors&#x003F;,orig-research,2009,0b00006484a087ed
_source/SMPTE/Conference Repository/Conference Papers/2009/7269113/7269114/07269132.xml,publication,10.5594/M001311,Ultra High-Definition TV (UHDTV): Development of Next-Generation TV Video Equipment,orig-research,2009,0b00006484a0882a
_source/SMPTE/Conference Repository/Conference Papers/2009/7269113/7269114/07269133.xml,publication,10.5594/M001312,D-ILA&#x00AE; Full Resolution 8K Projector,orig-research,2009,0b00006484a0882b
_source/SMPTE/Conference Repository/Conference Papers/2009/7269113/7269114/07269134.xml,publication,10.5594/M001313,2009 Survey of Digital Storage in Professional Media and Entertainment,orig-research,2009,0b00006484a0882c
_source/SMPTE/Conference Repository/Conference Papers/2009/7269113/7269114/07269135.xml,publication,10.5594/M001314,Latest Developments in Content Management Standardization: The Content Management Interoperability Services (CMIS) Standard Proposal by OASIS,orig-research,2009,0b00006484a0882d
_source/SMPTE/Conference Repository/Conference Papers/2009/7269113/7269114/07269136.xml,publication,10.5594/M001315,The Importance of Media Verification for Effective Content Management Workflow,orig-research,2009,0b00006484a0882e
_source/SMPTE/Conference Repository/Conference Papers/2009/7269113/7269114/07269137.xml,publication,10.5594/M001316,Approaches to Non-Glasses-Based 3D Displays,orig-research,2009,0b00006484a0882f
_source/SMPTE/Conference Repository/Conference Papers/2009/7269113/7269114/07269138.xml,publication,10.5594/M001317,Stereo Coding with MVC,orig-research,2009,0b00006484a08830
_source/SMPTE/Conference Repository/Conference Papers/2009/7269113/7269114/07269139.xml,publication,10.5594/M001318,Building and Managing a File Based Wireless ENG Infrastructure,orig-research,2009,0b00006484a08831
_source/SMPTE/Conference Repository/Conference Papers/2009/7269113/7269114/07269140.xml,publication,10.5594/M001319,Getting HD Files from the Scene to Air in Record Time,orig-research,2009,0b00006484a08832
_source/SMPTE/Conference Repository/Conference Papers/2009/7269113/7269114/07269141.xml,publication,10.5594/M001320,Field-to-Air-to-Online-to-Mobile: Cross-Platform Integration and New Technology Approaches to News &#x0026; Sports System Design,orig-research,2009,0b00006484a08833
_source/SMPTE/Conference Repository/Conference Papers/2009/7269113/7269114/07269142.xml,publication,10.5594/M001321,Super-Performance 3 Gb/s in a Practical Application,orig-research,2009,0b00006484a08866
_source/SMPTE/Conference Repository/Conference Papers/2009/7269113/7269114/07269143.xml,publication,10.5594/M001322,Move to HD without Bandwidth Penalty; Perfecting HD Streaming,orig-research,2009,0b00006484a08867
_source/SMPTE/Conference Repository/Conference Papers/2009/7269113/7269114/07269144.xml,publication,10.5594/M001323,Keeping Video Quality Pristine throughout the Production Process: Introducing 10-bit 4:2:2 AVC/H.264 Encoding,orig-research,2009,0b00006484a08868
_source/SMPTE/Conference Repository/Conference Papers/2009/7269113/7269114/07269145.xml,publication,10.5594/M001324,"Balancing New and Old, Multi-Channel Encoders Delivering MPEG-2 and MPEG-4 AVC Workflow Efficiencies",orig-research,2009,0b00006484a08869
_source/SMPTE/Conference Repository/Conference Papers/2009/7269113/7269114/07269146.xml,publication,10.5594/M001325,Backhaul of Live Television Using JPEG2000 in MXF over RTP,orig-research,2009,0b00006484a0886a
_source/SMPTE/Conference Repository/Conference Papers/2009/7269113/7269114/07269147.xml,publication,10.5594/M001326,The Rollout of 3 Gb/s Infrastructures,orig-research,2009,0b00006484a0886b
_source/SMPTE/Conference Repository/Conference Papers/2009/7269113/7269114/07269148.xml,publication,10.5594/M001327,ABC&#x0027;s Bandwidth Independent Fiber Optic HD Central Switching Center,orig-research,2009,0b00006484a0886c
_source/SMPTE/Conference Repository/Conference Papers/2009/7269113/7269114/07269149.xml,publication,10.5594/M001328,Increasing Efficiency in Digital Distribution of Media - Concurrency and Conforming,orig-research,2009,0b00006484a0886d
_source/SMPTE/Conference Repository/Conference Papers/2009/7269113/7269114/07269150.xml,publication,10.5594/M001329,Error Concealment Methods for Improving HD Video Quality in Internet Transport,orig-research,2009,0b00006484a0886e
_source/SMPTE/Conference Repository/Conference Papers/2009/7269113/7269114/07269151.xml,publication,10.5594/M001330,The Evolution of Watermarking and Fingerprinting Technologies: From Protection to Monetization,orig-research,2009,0b00006484a0886f
_source/SMPTE/Conference Repository/Conference Papers/2009/7269113/7269114/07269152.xml,publication,10.5594/M001331,Using LED Backlight Display Technology to Provide Passive Forensic Marking for High Value Content,orig-research,2009,0b00006484a088ac
_source/SMPTE/Conference Repository/Conference Papers/2009/7269113/7269114/07269153.xml,publication,10.5594/M001332,Architecture for Embedding Audiovisual Feature Extraction Tools in Archives,orig-research,2009,0b00006484a088ad
_source/SMPTE/Conference Repository/Conference Papers/2009/7269113/7269114/07269154.xml,publication,10.5594/M001333,Automatic Flicker Removal by Digital Restoration Techniques,orig-research,2009,0b00006484a088ae
_source/SMPTE/Conference Repository/Conference Papers/2009/7269113/7269114/07269155.xml,publication,10.5594/M001334,Restoration of Damaged Korean Films by Using Various Image Processing Techniques,orig-research,2009,0b00006484a088af
_source/SMPTE/Conference Repository/Conference Papers/2009/7269113/7269114/07269156.xml,publication,10.5594/M001335,Basic Elements of ATSC Mobile DTV,orig-research,2009,0b00006484a088b0
_source/SMPTE/Conference Repository/Conference Papers/2009/7269113/7269114/07269157.xml,publication,10.5594/M001336,Dealing with IP for Mobile in an MPEG World,orig-research,2009,0b00006484a088b1
_source/SMPTE/Conference Repository/Conference Papers/2009/7269113/7269114/07269158.xml,publication,10.5594/M001337,A Bigger-Picture Perspective on the Small Screen and ATSC-Mobile Broadcasting,orig-research,2009,0b00006484a088b2
_source/SMPTE/Conference Repository/Conference Papers/2009/7269113/7269114/07269159.xml,publication,10.5594/M001338,U.S. Broadcaster Plans for Provision of ATSC Mobile DTV,orig-research,2009,0b00006484a088b3
_source/SMPTE/Conference Repository/Conference Papers/2009/7269113/7269114/07269160.xml,publication,10.5594/M001339,Is There a Future for Digital Terrestrial Television Broadcasting&#x003F; One Observer&#x0027;s View,orig-research,2009,0b00006484a088b4
_source/SMPTE/Conference Repository/Conference Papers/2009/7269113/7269114/07269161.xml,publication,10.5594/M001340,"A Systematic and Flexible Architecture for IP-Based Media Services: Broadcast Technical Research Institute, KBS (Korean Broadcasting System), Republic of Korea",orig-research,2009,0b00006484a088b5
_source/SMPTE/Conference Repository/Conference Papers/2009/7269113/7269114/07269162.xml,publication,10.5594/M001341,A New Single Camera System for Stereoscopic Image Acquisition,orig-research,2009,0b00006484a088f2
_source/SMPTE/Conference Repository/Conference Papers/2009/7269113/7269114/07269163.xml,publication,10.5594/M001342,"2D to 3D Conversion for Post Production, Advertizing and Legacy Titles",orig-research,2009,0b00006484a088f3
_source/SMPTE/Conference Repository/Conference Papers/2009/7269113/7269114/07269164.xml,publication,10.5594/M001343,Proposed New RGB Gamut Display with True Color Saturation and Value Scales,orig-research,2009,0b00006484a088f4
_source/SMPTE/Conference Repository/Conference Papers/2009/7269113/7269114/07269165.xml,publication,10.5594/M001344,Centralized Multi-Station Operation - Take 2,orig-research,2009,0b00006484a088f5
_source/SMPTE/Conference Repository/Conference Papers/2009/7269113/7269114/07269166.xml,publication,10.5594/M001345,I can See Clearly Now: A New Test Pattern for the Digital Age,orig-research,2009,0b00006484a088f6
_source/SMPTE/Conference Repository/Conference Papers/2009/7269113/7269114/07269167.xml,publication,10.5594/M001346,Automatic Content Based Video Quality Analysis for Media Production and Delivery Processes,orig-research,2009,0b00006484a088f7
_source/SMPTE/Conference Repository/Conference Papers/2009/7269113/7269114/07269168.xml,publication,10.5594/M001347,Broadcast Service Quality Monitoring Strategies,orig-research,2009,0b00006484a088f8
_source/SMPTE/Conference Repository/Conference Papers/2009/7269113/7269114/07269169.xml,publication,10.5594/M001348,Pitch Blue&#x2122;: A Real Time HDTV Store and Forward Program Delivery System,orig-research,2009,0b00006484a088f9
_source/SMPTE/Conference Repository/Conference Papers/2009/7269113/7269114/07269170.xml,publication,10.5594/M001349,The Use of Flowfield Motion Compensation for 3-D Stereoscopic Moving Image Compression,orig-research,2009,0b00006484a088fa
_source/SMPTE/Conference Repository/Conference Papers/2009/7269113/7269114/07269171.xml,publication,10.5594/M001350,Multi-Format Hybrid Transcoding Platform,orig-research,2009,0b00006484a088fb
_source/SMPTE/Conference Repository/Conference Papers/2010/7268962/7268963/07268964.xml,publication,10.5594/M001400,3D Shooting with a Single Digital Camera with the Use of 3D Lenses of the Stereoscopic System &#x201C;Stereo-70&#x201D;,orig-research,2010,0b00006484a085ca
_source/SMPTE/Conference Repository/Conference Papers/2010/7268962/7268963/07268965.xml,publication,10.5594/M001401,Simplicity vs. Flexibility; an Integrated System Approach to Stereography,orig-research,2010,0b00006484a085cb
_source/SMPTE/Conference Repository/Conference Papers/2010/7268962/7268963/07268966.xml,publication,10.5594/M001402,Spatial Phase Imaging,orig-research,2010,0b00006484a085cc
_source/SMPTE/Conference Repository/Conference Papers/2010/7268962/7268963/07268967.xml,publication,10.5594/M001403,Stereo Image Acquisition Using Camera Arrays,orig-research,2010,0b00006484a085cd
_source/SMPTE/Conference Repository/Conference Papers/2010/7268962/7268963/07268968.xml,publication,10.5594/M001404,ASC&#x0027;s 3D Flash LIDAR&#x2122; Camera: The Science behind ASC&#x0027;s 3D Depth Imaging Video Camera,orig-research,2010,0b00006484a085ce
_source/SMPTE/Conference Repository/Conference Papers/2010/7268962/7268963/07268969.xml,publication,10.5594/M001405,Visual Fatigue in Three-Dimensional Subtitle Projections,orig-research,2010,0b00006484a085cf
_source/SMPTE/Conference Repository/Conference Papers/2010/7268962/7268963/07268970.xml,publication,10.5594/M001406,"Sensitivity to Monocular Occlusions in Stereoscopic Imagery: Implications for S3D Content Creation, Distribution and Exhibition",orig-research,2010,0b00006484a085d0
_source/SMPTE/Conference Repository/Conference Papers/2010/7268962/7268963/07268971.xml,publication,10.5594/M001407,Visibility of Digital Video Artifacts in Stereoscopic 3D and Comparison to 2D,orig-research,2010,0b00006484a085d1
_source/SMPTE/Conference Repository/Conference Papers/2010/7268962/7268963/07268972.xml,publication,10.5594/M001408,Research on 3DTV at NHK STRL,orig-research,2010,0b00006484a08614
_source/SMPTE/Conference Repository/Conference Papers/2010/7268962/7268963/07269053.xml,publication,10.5594/M001409,Target Screensize for Stereoscopic Feature Film,orig-research,2010,0b00006484a08615
_source/SMPTE/Conference Repository/Conference Papers/2010/7268962/7268963/07269054.xml,publication,10.5594/M001410,Development of Tools and Workflow for &#x201C;Run-and-Gun&#x201D; Video Production in Stereoscopic 3D,orig-research,2010,0b00006484a08616
_source/SMPTE/Conference Repository/Conference Papers/2010/7268962/7268963/07269055.xml,publication,10.5594/M001411,Novel Stereoscopic Content Production Tools,orig-research,2010,0b00006484a08617
_source/SMPTE/Conference Repository/Conference Papers/2010/7268962/7268963/07269056.xml,publication,10.5594/M001412,Blu-Ray 3D&#x2122;,orig-research,2010,0b00006484a08618
_source/SMPTE/Conference Repository/Conference Papers/2010/7268962/7268963/07269057.xml,publication,10.5594/M001413,"What is Holographic Television, and will it Ever Be in My Living Room&#x003F;",orig-research,2010,0b00006484a08619
_source/SMPTE/Conference Repository/Conference Papers/2010/7268962/7268963/07269058.xml,publication,10.5594/M001414,Display Technologies for Consumer 3D TV Viewing Compared and Contrasted,orig-research,2010,0b00006484a0861a
_source/SMPTE/Conference Repository/Conference Papers/2010/7268962/7268963/07269059.xml,publication,10.5594/M001415,Quality Autostereoscopic Displays,orig-research,2010,0b00006484a0861b
_source/SMPTE/Conference Repository/Conference Papers/2010/7268962/7268963/07269060.xml,publication,10.5594/M001416,3D: How Video Compression Technology can Contribute,orig-research,2010,0b00006484a0861c
_source/SMPTE/Conference Repository/Conference Papers/2010/7268962/7268963/07269061.xml,publication,10.5594/M001417,MOBILE3DTV: Content Delivery Optimization over DVB-H System,orig-research,2010,0b00006484a0861d
_source/SMPTE/Conference Repository/Conference Papers/2010/7269062/7269063/07269064.xml,publication,10.5594/M001351,BXF Integration to an IT Based Automation System,orig-research,2010,0b00006484a0865e
_source/SMPTE/Conference Repository/Conference Papers/2010/7269062/7269063/07269065.xml,publication,10.5594/M001352,Petabytes in Motion: Ultra High Speed Transport of Media Files: A Theoretical Study and its Engineering Practice of Aspera fasp,orig-research,2010,0b00006484a0865f
_source/SMPTE/Conference Repository/Conference Papers/2010/7269062/7269063/07269066.xml,publication,10.5594/M001353,Delivering 3D Programming: A Snapshot into Realistic Technical Solutions,orig-research,2010,0b00006484a08660
_source/SMPTE/Conference Repository/Conference Papers/2010/7269062/7269063/07269067.xml,publication,10.5594/M001354,File-Based Workflows: Key Challenges in Real-World Facilities,orig-research,2010,0b00006484a08661
_source/SMPTE/Conference Repository/Conference Papers/2010/7269062/7269063/07269068.xml,publication,10.5594/M001355,A Codec for Content Masters,orig-research,2010,0b00006484a08662
_source/SMPTE/Conference Repository/Conference Papers/2010/7269062/7269063/07269069.xml,publication,10.5594/M001356,Enhancing Motion Picture Lens Performance by Digital Calibration and Correction,orig-research,2010,0b00006484a08663
_source/SMPTE/Conference Repository/Conference Papers/2010/7269062/7269063/07269070.xml,publication,10.5594/M001357,Designing a Film for Multiple Recorder Capability,orig-research,2010,0b00006484a08664
_source/SMPTE/Conference Repository/Conference Papers/2010/7269062/7269063/07269071.xml,publication,10.5594/M001358,Quality Metrics in Long-Term Preservation and Restoration Paradigms,orig-research,2010,0b00006484a08665
_source/SMPTE/Conference Repository/Conference Papers/2010/7269062/7269063/07269072.xml,publication,10.5594/M001359,Colour Correction and Matching between Scenes Using 3D LUT,orig-research,2010,0b00006484a08698
_source/SMPTE/Conference Repository/Conference Papers/2010/7269062/7269063/07269073.xml,publication,10.5594/M001360,Visionary Archive - Archiving Color Images to Single Strip B&#x0026;W 35mm Film,orig-research,2010,0b00006484a08699
_source/SMPTE/Conference Repository/Conference Papers/2010/7269062/7269063/07269074.xml,publication,10.5594/M001361,The Influence of the 3D Technology on the Film Esthetics and the Changed Film Experience of the Audience,orig-research,2010,0b00006484a0869a
_source/SMPTE/Conference Repository/Conference Papers/2010/7269062/7269063/07269075.xml,publication,10.5594/M001362,Non-Linear Video: A Cross-Platform Interactive Video System,orig-research,2010,0b00006484a0869b
_source/SMPTE/Conference Repository/Conference Papers/2010/7269062/7269063/07269076.xml,publication,10.5594/M001363,"An End-to-End Managed Media Archive Workflow for Scalability, Interoperability and Data Longevity",orig-research,2010,0b00006484a0869c
_source/SMPTE/Conference Repository/Conference Papers/2010/7269062/7269063/07269077.xml,publication,10.5594/M001364,Interoperable AV SYNC Systems in SMPTE 22TV LIP SYNC AHG (Content-Fingerprinting Based Audio-Video Synchronization),orig-research,2010,0b00006484a0869d
_source/SMPTE/Conference Repository/Conference Papers/2010/7269062/7269063/07269078.xml,publication,10.5594/M001365,Workflows for Embedding Content Protection Watermarks in Theatrical Soundtracks,orig-research,2010,0b00006484a0869e
_source/SMPTE/Conference Repository/Conference Papers/2010/7269062/7269063/07269079.xml,publication,10.5594/M001366,Stereoscopic 3D Contents Editing Workflow Using Depth Measurement and Compensation,orig-research,2010,0b00006484a0869f
_source/SMPTE/Conference Repository/Conference Papers/2010/7269062/7269063/07269080.xml,publication,10.5594/M001367,Live/File-Based Workflows Convergence for Multi-Screen Delivery Strategy,orig-research,2010,0b00006484a086a0
_source/SMPTE/Conference Repository/Conference Papers/2010/7269062/7269063/07269081.xml,publication,10.5594/M001368,Editing on Generic Storage over IT Networks,orig-research,2010,0b00006484a086a1
_source/SMPTE/Conference Repository/Conference Papers/2010/7269062/7269063/07269082.xml,publication,10.5594/M001369,System Monitoring: An Overview,orig-research,2010,0b00006484a086de
_source/SMPTE/Conference Repository/Conference Papers/2010/7269062/7269063/07269083.xml,publication,10.5594/M001370,Fingerprinting for Solving A/V Synchronization Issues within Broadcast Environments,orig-research,2010,0b00006484a086df
_source/SMPTE/Conference Repository/Conference Papers/2010/7269062/7269063/07269084.xml,publication,10.5594/M001371,High Density Interconnect Standards for Next Generation Broadcast Networks,orig-research,2010,0b00006484a086e0
_source/SMPTE/Conference Repository/Conference Papers/2010/7269062/7269063/07269085.xml,publication,10.5594/M001372,The New Connectivity - Is the BNC Connector Dead&#x003F;,orig-research,2010,0b00006484a086e1
_source/SMPTE/Conference Repository/Conference Papers/2010/7269062/7269063/07269086.xml,publication,10.5594/M001373,Ultra-Low-Delay H.264 Based Wireless HDTV Camera,orig-research,2010,0b00006484a086e2
_source/SMPTE/Conference Repository/Conference Papers/2010/7269062/7269063/07269087.xml,publication,10.5594/M001374,3D Standardization - A Status Report and Survey,orig-research,2010,0b00006484a086e3
_source/SMPTE/Conference Repository/Conference Papers/2010/7269062/7269063/07269088.xml,publication,10.5594/M001375,You Want that 3D Channel on Air When&#x003F;,orig-research,2010,0b00006484a086e4
_source/SMPTE/Conference Repository/Conference Papers/2010/7269062/7269063/07269089.xml,publication,10.5594/M001376,Advanced Monitoring Techniques for Data Centers Using Virtual Reality,orig-research,2010,0b00006484a086e5
_source/SMPTE/Conference Repository/Conference Papers/2010/7269062/7269063/07269090.xml,publication,10.5594/M001377,Next Generation Multichannel Television Station Monitoring,orig-research,2010,0b00006484a086e6
_source/SMPTE/Conference Repository/Conference Papers/2010/7269062/7269063/07269091.xml,publication,10.5594/M001378,"Optical SDI Networks: Evaluating Robustness, Performance and Reliability in Your SDI Network",orig-research,2010,0b00006484a086e7
_source/SMPTE/Conference Repository/Conference Papers/2010/7269062/7269063/07269092.xml,publication,10.5594/M001379,A Camera System Using Three 33-M-pixel CMOS Image Sensors for UHDTV2,orig-research,2010,0b00006484a0871a
_source/SMPTE/Conference Repository/Conference Papers/2010/7269062/7269063/07269093.xml,publication,10.5594/M001380,Development of Super Hi-Vision Compact Cameras and Recording System,orig-research,2010,0b00006484a0871b
_source/SMPTE/Conference Repository/Conference Papers/2010/7269062/7269063/07269094.xml,publication,10.5594/M001381,Improving Workflow Efficiency - The Challenges of True End-to-End Control and Monitoring,orig-research,2010,0b00006484a0871c
_source/SMPTE/Conference Repository/Conference Papers/2010/7269062/7269063/07269095.xml,publication,10.5594/M001382,Hybrid Routers: A New Era of Routing,orig-research,2010,0b00006484a0871d
_source/SMPTE/Conference Repository/Conference Papers/2010/7269062/7269063/07269096.xml,publication,10.5594/M001383,Digital Image Processing Techniques for Restoring Old Damaged Films and Their Applications to Korean Film Restoration,orig-research,2010,0b00006484a0871e
_source/SMPTE/Conference Repository/Conference Papers/2010/7269062/7269063/07269097.xml,publication,10.5594/M001384,System Monitoring: An Overview,orig-research,2010,0b00006484a0871f
_source/SMPTE/Conference Repository/Conference Papers/2010/7269062/7269063/07269098.xml,publication,10.5594/M001385,A Non-Conventional Approach to the Conversion of 2D Video and Film Content to Stereoscopic 3D,orig-research,2010,0b00006484a08720
_source/SMPTE/Conference Repository/Conference Papers/2010/7269062/7269063/07269099.xml,publication,10.5594/M001386,Identifying Good &#x0026; Bad 2D to 3D Conversion,orig-research,2010,0b00006484a08721
_source/SMPTE/Conference Repository/Conference Papers/2010/7269062/7269063/07269100.xml,publication,10.5594/M001387,A New Programming Methodology for Rapid Deployment of Computationally Intensive Broadcast Codecs,orig-research,2010,0b00006484a08722
_source/SMPTE/Conference Repository/Conference Papers/2010/7269062/7269063/07269101.xml,publication,10.5594/M001388,GPU Accelerated H.264 Video Compression for Broadcast,orig-research,2010,0b00006484a08723
_source/SMPTE/Conference Repository/Conference Papers/2010/7269062/7269063/07269102.xml,publication,10.5594/M001389,New Compute Components for Video Equipment,orig-research,2010,0b00006484a08761
_source/SMPTE/Conference Repository/Conference Papers/2010/7269062/7269063/07269103.xml,publication,10.5594/M001390,Introducing New Profiles for Broadcast Applications in the JPEG 2000 International Recommendation &#x007C; Standard,orig-research,2010,0b00006484a08762
_source/SMPTE/Conference Repository/Conference Papers/2010/7269062/7269063/07269104.xml,publication,10.5594/M001391,Migrating from MPEG-2 Video to MPEG-4 AVC,orig-research,2010,0b00006484a08763
_source/SMPTE/Conference Repository/Conference Papers/2010/7269062/7269063/07269105.xml,publication,10.5594/M001392,"Inside the Jokes: TV Search Technology Yields Creative, Comedic Screenwriting",orig-research,2010,0b00006484a08764
_source/SMPTE/Conference Repository/Conference Papers/2010/7269062/7269063/07269106.xml,publication,10.5594/M001393,Integrating New Technology and Conventional Playout Systems,orig-research,2010,0b00006484a08765
_source/SMPTE/Conference Repository/Conference Papers/2010/7269062/7269063/07269107.xml,publication,10.5594/M001394,European Broadcasters&#x0027; Requirements for Production Video Monitors,orig-research,2010,0b00006484a08766
_source/SMPTE/Conference Repository/Conference Papers/2010/7269062/7269063/07269108.xml,publication,10.5594/M001395,OLED; What is it and How Does it Work&#x003F;,orig-research,2010,0b00006484a08767
_source/SMPTE/Conference Repository/Conference Papers/2010/7269062/7269063/07269109.xml,publication,10.5594/M001396,Technology for Grade 1 LCDs,orig-research,2010,0b00006484a08768
_source/SMPTE/Conference Repository/Conference Papers/2010/7269062/7269063/07269110.xml,publication,10.5594/M001397,The Establishment of Adaptive LUT for Digital Cinema Projectors Based on ICC Profile,orig-research,2010,0b00006484a08769
_source/SMPTE/Conference Repository/Conference Papers/2010/7269062/7269063/07269111.xml,publication,10.5594/M001398,Method and Good Estimators for Projection Uniformity Measurement,orig-research,2010,0b00006484a0876a
_source/SMPTE/Conference Repository/Conference Papers/2010/7269062/7269063/07269112.xml,publication,10.5594/M001399,Written for Presentation at the SMPTE 2010 Technical Conference &#x0026; Expo,orig-research,2010,0b00006484a087a7
_source/SMPTE/Conference Repository/Conference Papers/2011/7269267/7269268/07269269.xml,publication,10.5594/M001052,"Tying it All Together &#x2014; A Watershed Moment in the Media Industry: SDI, Video Compression, MXF, AS-02, AS-03, IMF, FIMS, SMPTE 2022 All Explained in 200 Pages or Less",orig-research,2011,0b00006484a08b4e
_source/SMPTE/Conference Repository/Conference Papers/2011/7269267/7269268/07269270.xml,publication,10.5594/M001053,Potential LTFS Enhancements and the Relationships between LTFS and other Media Types,orig-research,2011,0b00006484a08b4f
_source/SMPTE/Conference Repository/Conference Papers/2011/7269267/7269268/07269271.xml,publication,10.5594/M001054,The Landscape of Media Application Deployment,orig-research,2011,0b00006484a08b50
_source/SMPTE/Conference Repository/Conference Papers/2011/7269267/7269268/07269272.xml,publication,10.5594/M001055,Mobile Devices &#x2014; The Next Wave of 3D Display,orig-research,2011,0b00006484a08b51
_source/SMPTE/Conference Repository/Conference Papers/2011/7269267/7269268/07269273.xml,publication,10.5594/M001056,Plasma Advancements as Evaluation-Grade Monitors,orig-research,2011,0b00006484a08b84
_source/SMPTE/Conference Repository/Conference Papers/2011/7269267/7269268/07269274.xml,publication,10.5594/M001057,The Validity and Relevance of Reference Displays,orig-research,2011,0b00006484a08b85
_source/SMPTE/Conference Repository/Conference Papers/2011/7269267/7269268/07269275.xml,publication,10.5594/M001058,Automated File-Based Quality Control: A Machine-Learning Approach,orig-research,2011,0b00006484a08b86
_source/SMPTE/Conference Repository/Conference Papers/2011/7269267/7269268/07269276.xml,publication,10.5594/M001059,File Based Workflows: Managing the Unmanageable,orig-research,2011,0b00006484a08b87
_source/SMPTE/Conference Repository/Conference Papers/2011/7269267/7269268/07269277.xml,publication,10.5594/M001060,Disparate Monitor Technologies and How to Calibrate Them,orig-research,2011,0b00006484a08b88
_source/SMPTE/Conference Repository/Conference Papers/2011/7269267/7269268/07269278.xml,publication,10.5594/M001061,Dealing with Consumer Display Interfaces in a Professional World,orig-research,2011,0b00006484a08b89
_source/SMPTE/Conference Repository/Conference Papers/2011/7269267/7269268/07269279.xml,publication,10.5594/M001062,A 200-Inch 3D-Glasses-Free High-Definition Projection Display,orig-research,2011,0b00006484a08b8a
_source/SMPTE/Conference Repository/Conference Papers/2011/7269267/7269268/07269280.xml,publication,10.5594/M001063,Digital Workflow Efficiency,orig-research,2011,0b00006484a08b8b
_source/SMPTE/Conference Repository/Conference Papers/2011/7269267/7269268/07269281.xml,publication,10.5594/M001064,UMID Applications in Practices,orig-research,2011,0b00006484a08b8c
_source/SMPTE/Conference Repository/Conference Papers/2011/7269267/7269268/07269282.xml,publication,10.5594/M001065,Media Hash List (MHL) Format Improving Data Integrity in Digital Cinematography,orig-research,2011,0b00006484a08b8d
_source/SMPTE/Conference Repository/Conference Papers/2011/7269267/7269268/07269283.xml,publication,10.5594/M001066,2010 Survey of Digital Storage in Professional Media and Entertainment,orig-research,2011,0b00006484a08bca
_source/SMPTE/Conference Repository/Conference Papers/2011/7269267/7269268/07269284.xml,publication,10.5594/M001067,Mastering the Integrity of Technical Information in Tapeless Production and Long-Term Archives,orig-research,2011,0b00006484a08bcb
_source/SMPTE/Conference Repository/Conference Papers/2011/7269267/7269268/07269285.xml,publication,10.5594/M001068,An Improvement to Media Discovery Service Using Image Identification Technique,orig-research,2011,0b00006484a08bcc
_source/SMPTE/Conference Repository/Conference Papers/2011/7269267/7269268/07269286.xml,publication,10.5594/M001069,Leveraging Video Services Management to Enhance Video Transport,orig-research,2011,0b00006484a08bcd
_source/SMPTE/Conference Repository/Conference Papers/2011/7269267/7269268/07269287.xml,publication,10.5594/M001070,1080p50/60 &#x0026; Beyond: Network Architectures for Wideband Video Transport,orig-research,2011,0b00006484a08bce
_source/SMPTE/Conference Repository/Conference Papers/2011/7269267/7269268/07269288.xml,publication,10.5594/M001071,"3Gb/s SDI for Transport of 3D, 4k and Beyond",orig-research,2011,0b00006484a08bcf
_source/SMPTE/Conference Repository/Conference Papers/2011/7269267/7269268/07269289.xml,publication,10.5594/M001072,Physiological and Psycho-Acoustic Basis for Multi-Resolution Frequency Response Analysis,orig-research,2011,0b00006484a08bd0
_source/SMPTE/Conference Repository/Conference Papers/2011/7269267/7269268/07269290.xml,publication,10.5594/M001073,Editing and Managing Multi-Channel Video &#x2014; A Light Field Approach,orig-research,2011,0b00006484a08bd1
_source/SMPTE/Conference Repository/Conference Papers/2011/7269267/7269268/07269291.xml,publication,10.5594/M001074,"Theoretical and Practical Limits to Wide Color Gamut Imaging in Objects, Reproducers, and Cameras",orig-research,2011,0b00006484a08bd2
_source/SMPTE/Conference Repository/Conference Papers/2011/7269267/7269268/07269292.xml,publication,10.5594/M001075,Optimum Image Codec and Digital Enhancement Techniques for VDSLR-Based Filmmaking,orig-research,2011,0b00006484a08bd3
_source/SMPTE/Conference Repository/Conference Papers/2011/7269267/7269268/07269293.xml,publication,10.5594/M001076,"New Imaging, Storage and Workflow Technologies for 4K Digital Cinematography Applications",orig-research,2011,0b00006484a08c06
_source/SMPTE/Conference Repository/Conference Papers/2011/7269267/7269268/07269294.xml,publication,10.5594/M001077,Development of Binaural Headphone Processor for 22.2 Multichannel Sound,orig-research,2011,0b00006484a08c07
_source/SMPTE/Conference Repository/Conference Papers/2011/7269267/7269268/07269295.xml,publication,10.5594/M001078,&#x201C;Super Hi-Vision&#x201D; Video Parameters for Next-Generation Television,orig-research,2011,0b00006484a08c08
_source/SMPTE/Conference Repository/Conference Papers/2011/7269267/7269268/07269296.xml,publication,10.5594/M001079,Development of Super Hi-Vision Eight-Channel Live Switcher: For Production of a Variety of Ultra-High-Definition Video Content,orig-research,2011,0b00006484a08c09
_source/SMPTE/Conference Repository/Conference Papers/2011/7269267/7269268/07269297.xml,publication,10.5594/M001080,&#x2018;The Set-Top-Box: A New Rendering Platform&#x003F;,orig-research,2011,0b00006484a08c0a
_source/SMPTE/Conference Repository/Conference Papers/2011/7269267/7269268/07269298.xml,publication,10.5594/M001081,Divergence: Where Broadcast and Streaming Headends Differ,orig-research,2011,0b00006484a08c0b
_source/SMPTE/Conference Repository/Conference Papers/2011/7269267/7269268/07269299.xml,publication,10.5594/M001082,Service Oriented Architecture &#x0026; Cloud Computing in Media Industry,orig-research,2011,0b00006484a08c0c
_source/SMPTE/Conference Repository/Conference Papers/2011/7269267/7269268/07269300.xml,publication,10.5594/M001083,Story-Centric Workflows in the Cloud,orig-research,2011,0b00006484a08c0d
_source/SMPTE/Conference Repository/Conference Papers/2011/7269267/7269268/07269301.xml,publication,10.5594/M001084,Mobile TV Services in Sports Arenas &#x2014; A New Business Model for New Mobile TV Services,orig-research,2011,0b00006484a08c0e
_source/SMPTE/Conference Repository/Conference Papers/2011/7269267/7269268/07269302.xml,publication,10.5594/M001085,Advanced Workflows through Metadata Capture and Immediate Content Availability,orig-research,2011,0b00006484a08c0f
_source/SMPTE/Conference Repository/Conference Papers/2011/7269267/7269268/07269303.xml,publication,10.5594/M001086,Contrasting Software Systems Integration Strategies for Large Scale Media Architectures,orig-research,2011,0b00006484a08c4f
_source/SMPTE/Conference Repository/Conference Papers/2011/7269267/7269268/07269304.xml,publication,10.5594/M001087,"Smooth Asset Workflows, Bigfoot, and UFOs",orig-research,2011,0b00006484a08c50
_source/SMPTE/Conference Repository/Conference Papers/2011/7269267/7269268/07269305.xml,publication,10.5594/M001088,Combined Editing and VFX Process Using Metadata for Efficient Post Production,orig-research,2011,0b00006484a08c51
_source/SMPTE/Conference Repository/Conference Papers/2011/7269267/7269268/07269306.xml,publication,10.5594/M001089,Direct Display of Integer ACES Content for Post-Production Environments,orig-research,2011,0b00006484a08c52
_source/SMPTE/Conference Repository/Conference Papers/2011/7269267/7269268/07269307.xml,publication,10.5594/M001090,A Grading System for the Integration of Differing Camera Technologies,orig-research,2011,0b00006484a08c53
_source/SMPTE/Conference Repository/Conference Papers/2011/7269267/7269268/07269308.xml,publication,10.5594/M001091,Nielsen Watermarking,orig-research,2011,0b00006484a08c54
_source/SMPTE/Conference Repository/Conference Papers/2011/7269267/7269268/07269309.xml,publication,10.5594/M001092,A Broadcasting Schedule Scheme for Both 2D and 3D Video on Demand,orig-research,2011,0b00006484a08c55
_source/SMPTE/Conference Repository/Conference Papers/2011/7269267/7269268/07269310.xml,publication,10.5594/M001093,Perceptual Effects When Scaling Screen Size of Stereo 3D Presentations,orig-research,2011,0b00006484a08c56
_source/SMPTE/Conference Repository/Conference Papers/2011/7269267/7269268/07269311.xml,publication,10.5594/M001094,Active Pulfrich Spectacles,orig-research,2011,0b00006484a08c57
_source/SMPTE/Conference Repository/Conference Papers/2011/7269267/7269268/07269312.xml,publication,10.5594/M001095,The &#x201C;Sense of Depth&#x201D; of a Stereoscopic 3D Capture and Display System,orig-research,2011,0b00006484a08c58
_source/SMPTE/Conference Repository/Conference Papers/2011/7269267/7269268/07269313.xml,publication,10.5594/M001096,"Matching the Human Visual System, Balancing Bit Depth, High Dynamic Range and Coding Efficiency",orig-research,2011,0b00006484a08c95
_source/SMPTE/Conference Repository/Conference Papers/2011/7269267/7269268/07269314.xml,publication,10.5594/M001097,Interactive Decoding Enabled Using a File/Folder Layered Compressed Structure,orig-research,2011,0b00006484a08c96
_source/SMPTE/Conference Repository/Conference Papers/2011/7269267/7269268/07269315.xml,publication,10.5594/M001098,High Efficiency Video Coding (HEVC) &#x2014; The Next Generation Compression Technology,orig-research,2011,0b00006484a08c97
_source/SMPTE/Conference Repository/Conference Papers/2011/7269267/7269268/07269316.xml,publication,10.5594/M001099,Application of DVB-S2 for DVB-T &#x0026; DVB-T2 Transport,orig-research,2011,0b00006484a08c98
_source/SMPTE/Conference Repository/Conference Papers/2011/7269267/7269268/07269317.xml,publication,10.5594/M001100,Best Practices for Using Fiber in a Broadcast Facility,orig-research,2011,0b00006484a08c99
_source/SMPTE/Conference Repository/Conference Papers/2011/7269267/7269268/07269318.xml,publication,10.5594/M001101,Development of a High-Quality Low Latency Wireless HDTV Camera Using the Millimeter-Wave Band Using Bidirectional Wireless Transmission for High Operability,orig-research,2011,0b00006484a08c9a
_source/SMPTE/Conference Repository/Conference Papers/2011/7269267/7269268/07269319.xml,publication,10.5594/M001102,AVC-I: Yet Another Intra Codec for Broadcast Contribution&#x003F;,orig-research,2011,0b00006484a08c9b
_source/SMPTE/Conference Repository/Conference Papers/2011/7269267/7269268/07269320.xml,publication,10.5594/M001103,Video Scaling &#x2014; Time to Banish Bilinear&#x0021;,orig-research,2011,0b00006484a08c9c
_source/SMPTE/Conference Repository/Conference Papers/2011/7269267/7269268/07269321.xml,publication,10.5594/M001104,Direct to GPU Video Transfers,orig-research,2011,0b00006484a08c9d
_source/SMPTE/Conference Repository/Conference Papers/2011/7269267/7269268/07269322.xml,publication,10.5594/M001105,Broadcast Convergence &#x2014; Bringing Efficiency to a New Platform,orig-research,2011,0b00006484a08c9e
_source/SMPTE/Conference Repository/Conference Papers/2011/7269267/7269268/07269323.xml,publication,10.5594/M001106,Control Systems: Conducting the Symphony,orig-research,2011,0b00006484a08cdb
_source/SMPTE/Conference Repository/Conference Papers/2011/7269267/7269268/07269324.xml,publication,10.5594/M001107,Remote and Mobile Monitoring of On-Air Signals for Centralcasters,orig-research,2011,0b00006484a08cdc
_source/SMPTE/Conference Repository/Conference Papers/2011/7269267/7269268/07269325.xml,publication,10.5594/M001108,New Video Coding Technologies and its Effects on Next Generation Plant Infrastructures,orig-research,2011,0b00006484a08cdd
_source/SMPTE/Conference Repository/Conference Papers/2011/7269267/7269268/07269326.xml,publication,10.5594/M001109,A Statistical Approach for VBR Video Streaming in Wireless Networks,orig-research,2011,0b00006484a08cde
_source/SMPTE/Conference Repository/Conference Papers/2011/7269267/7269268/07269327.xml,publication,10.5594/M001110,IP-Based Monitoring within the Broadcast Environment,orig-research,2011,0b00006484a08cdf
_source/SMPTE/Conference Repository/Conference Papers/2011/7269267/7269268/07269328.xml,publication,10.5594/M001111,3D Point of View Videography for Sporting Activities,orig-research,2011,0b00006484a08ce0
_source/SMPTE/Conference Repository/Conference Papers/2011/7270531/7270532/07270553.xml,publication,10.5594/M001418,Stereoscopy and the Human Visual System,orig-research,2011,0b00006484a1100f
_source/SMPTE/Conference Repository/Conference Papers/2011/7270531/7270532/07270554.xml,publication,10.5594/M001419,New Techniques to Compensate Mis-Tracking within Stereoscopic Acquisition Systems,orig-research,2011,0b00006484a11010
_source/SMPTE/Conference Repository/Conference Papers/2011/7270531/7270532/07270555.xml,publication,10.5594/M001420,Distortions of Space in Stereoscopic 3D Content,orig-research,2011,0b00006484a11011
_source/SMPTE/Conference Repository/Conference Papers/2011/7270531/7270532/07270556.xml,publication,10.5594/M001421,Stereoscopic Volume Perception,orig-research,2011,0b00006484a11012
_source/SMPTE/Conference Repository/Conference Papers/2011/7270531/7270532/07270557.xml,publication,10.5594/M001422,A Unified Trifocal System for Advanced Depth-Based 3D Capture,orig-research,2011,0b00006484a11048
_source/SMPTE/Conference Repository/Conference Papers/2011/7270531/7270532/07270558.xml,publication,10.5594/M001423,Photo-Realistic 3D Model Extraction from Camera Array Capture,orig-research,2011,0b00006484a11049
_source/SMPTE/Conference Repository/Conference Papers/2011/7270531/7270532/07270559.xml,publication,10.5594/M001424,"Effect of Scene, Camera and Viewing Parameters on the Perception of 3D Imagery",orig-research,2011,0b00006484a1104a
_source/SMPTE/Conference Repository/Conference Papers/2011/7270531/7270532/07270560.xml,publication,10.5594/M001425,A Perception Based System for Depth Metadata,orig-research,2011,0b00006484a1104b
_source/SMPTE/Conference Repository/Conference Papers/2011/7270531/7270532/07270561.xml,publication,10.5594/M001426,The Use of a Dense Disparity Map to Enhance Quality of Experience in Stereoscopic 3D Content,orig-research,2011,0b00006484a1104c
_source/SMPTE/Conference Repository/Conference Papers/2011/7270531/7270532/07270562.xml,publication,10.5594/M001427,I can See Clearly Now &#x2014; In 3D,orig-research,2011,0b00006484a1104d
_source/SMPTE/Conference Repository/Conference Papers/2011/7270531/7270532/07270563.xml,publication,10.5594/M001428,Live Holographic TV: From Misconceptions to Engineering,orig-research,2011,0b00006484a1104e
_source/SMPTE/Conference Repository/Conference Papers/2011/7270531/7270532/07270564.xml,publication,10.5594/M001429,High Efficient Computational Integral Imaging Reconstruction Based on Parallel-Group Projection (PGP) Method,orig-research,2011,0b00006484a1104f
_source/SMPTE/Conference Repository/Conference Papers/2012/7269442/7269443/07269444.xml,publication,10.5594/M001430,The Pipe Dream Becomes Real: Advertising Workflows Come of Age,orig-research,2012,0b00006484a092bd
_source/SMPTE/Conference Repository/Conference Papers/2012/7269442/7269443/07269445.xml,publication,10.5594/M001431,Lessons Learned Implementing FIMS 1.0,orig-research,2012,0b00006484a092be
_source/SMPTE/Conference Repository/Conference Papers/2012/7269442/7269443/07269446.xml,publication,10.5594/M001432,Developments in the Realization of Practical File Based Workflow Environments,orig-research,2012,0b00006484a092bf
_source/SMPTE/Conference Repository/Conference Papers/2012/7269442/7269443/07269447.xml,publication,10.5594/M001433,GPU-Based Real-Time 4K RAW Workflows,orig-research,2012,0b00006484a092c0
_source/SMPTE/Conference Repository/Conference Papers/2012/7269442/7269443/07269448.xml,publication,10.5594/M001434,Dynamic Rate Control Technologies Enabling Priority Based Bandwidth Allocation for IP News Gathering Network,orig-research,2012,0b00006484a092c1
_source/SMPTE/Conference Repository/Conference Papers/2012/7269442/7269443/07269449.xml,publication,10.5594/M001435,Real Time File System for Content Distribution,orig-research,2012,0b00006484a092c2
_source/SMPTE/Conference Repository/Conference Papers/2012/7269442/7269443/07269450.xml,publication,10.5594/M001436,Performance Parameters in File Based Workflows,orig-research,2012,0b00006484a092ff
_source/SMPTE/Conference Repository/Conference Papers/2012/7269442/7269443/07269451.xml,publication,10.5594/M001437,Optimised IP Multicast Architectures for Real-Time Digital Workflows,orig-research,2012,0b00006484a09300
_source/SMPTE/Conference Repository/Conference Papers/2012/7269442/7269443/07269452.xml,publication,10.5594/M001438,Being the Change You Wish to See: Changing Broadcast Schedules Right up to Air,orig-research,2012,0b00006484a09301
_source/SMPTE/Conference Repository/Conference Papers/2012/7269442/7269443/07269453.xml,publication,10.5594/M001439,HEVC - Enabling Commercial Opportunities through Next Generation Compression Technology,orig-research,2012,0b00006484a09302
_source/SMPTE/Conference Repository/Conference Papers/2012/7269442/7269443/07269454.xml,publication,10.5594/M001440,Automatic Interlace or Progressive Video Discrimination,orig-research,2012,0b00006484a09303
_source/SMPTE/Conference Repository/Conference Papers/2012/7269442/7269443/07269455.xml,publication,10.5594/M001441,Spatial Concealment for Damaged Images Using H.264 (MPEG-4 AVC) Intra Prediction and Neighborhood Cliques,orig-research,2012,0b00006484a09304
_source/SMPTE/Conference Repository/Conference Papers/2012/7269442/7269443/07269456.xml,publication,10.5594/M001442,High Speed Format Converter with Intelligent Quality Checker for File-Based System,orig-research,2012,0b00006484a09305
_source/SMPTE/Conference Repository/Conference Papers/2012/7269442/7269443/07269457.xml,publication,10.5594/M001443,Corralling the Chaos of Ancillary Data within Multiple File Formats,orig-research,2012,0b00006484a09306
_source/SMPTE/Conference Repository/Conference Papers/2012/7269442/7269443/07269458.xml,publication,10.5594/M001444,And the Winner is&#x2026; Workflows for Judging Content Submissions at Siggraph and VES,orig-research,2012,0b00006484a09307
_source/SMPTE/Conference Repository/Conference Papers/2012/7269442/7269443/07269459.xml,publication,10.5594/M001445,Quantitative Evaluation of Human Visual Perception for Multiple Screens and Multiple CODECs,orig-research,2012,0b00006484a09308
_source/SMPTE/Conference Repository/Conference Papers/2012/7269442/7269443/07269460.xml,publication,10.5594/M001446,Perceptual Signal Coding for More Efficient Usage of Bit Codes,orig-research,2012,0b00006484a0933b
_source/SMPTE/Conference Repository/Conference Papers/2012/7269442/7269443/07269461.xml,publication,10.5594/M001447,Human Perception &#x0026; Advancements in File-Based QC,orig-research,2012,0b00006484a0933c
_source/SMPTE/Conference Repository/Conference Papers/2012/7269442/7269443/07269462.xml,publication,10.5594/M001448,Compliance with FCC Rules for IP Distribution of Video Programming,orig-research,2012,0b00006484a0933d
_source/SMPTE/Conference Repository/Conference Papers/2012/7269442/7269443/07269463.xml,publication,10.5594/M001449,Closed Captioning Challenges for IP Video Delivery,orig-research,2012,0b00006484a0933e
_source/SMPTE/Conference Repository/Conference Papers/2012/7269442/7269443/07269464.xml,publication,10.5594/M001450,Leveraging Fiber Properties to Our Advantage,orig-research,2012,0b00006484a0933f
_source/SMPTE/Conference Repository/Conference Papers/2012/7269442/7269443/07269465.xml,publication,10.5594/M001451,Trends in Wireless Display Connectivity,orig-research,2012,0b00006484a09340
_source/SMPTE/Conference Repository/Conference Papers/2012/7269442/7269443/07269466.xml,publication,10.5594/M001452,Next-Generation Techniques for the Protection and Security of IP Transport,orig-research,2012,0b00006484a09341
_source/SMPTE/Conference Repository/Conference Papers/2012/7269442/7269443/07269467.xml,publication,10.5594/M001453,Unconstrained 2D to Stereoscopic 3D Image and Video Conversion Using Semi-Automatic Energy Minimization Techniques,orig-research,2012,0b00006484a09342
_source/SMPTE/Conference Repository/Conference Papers/2012/7269442/7269443/07269468.xml,publication,10.5594/M001454,Image Enhancement Using Similarity-Based Color Matching for High-Quality Stereoscopic 3D Image Acquisition,orig-research,2012,0b00006484a09343
_source/SMPTE/Conference Repository/Conference Papers/2012/7269442/7269443/07269469.xml,publication,10.5594/M001455,3D Sports Production at the 2012 London,orig-research,2012,0b00006484a09344
_source/SMPTE/Conference Repository/Conference Papers/2012/7269442/7269443/07269470.xml,publication,10.5594/M001456,High Performance Optics for a New 70mm Digital Cine Format,orig-research,2012,0b00006484a09381
_source/SMPTE/Conference Repository/Conference Papers/2012/7269442/7269443/07269471.xml,publication,10.5594/M001457,Computational Photography for Dust and Scratch Detection on Transparent Photographic Material,orig-research,2012,0b00006484a09382
_source/SMPTE/Conference Repository/Conference Papers/2012/7269442/7269443/07269472.xml,publication,10.5594/M001458,Towards Higher Dimensionality in Cinema Color: Multispectral Video Systems,orig-research,2012,0b00006484a09383
_source/SMPTE/Conference Repository/Conference Papers/2012/7269442/7269443/07269473.xml,publication,10.5594/M001459,Issues in Color Matching,orig-research,2012,0b00006484a09384
_source/SMPTE/Conference Repository/Conference Papers/2012/7269442/7269443/07269474.xml,publication,10.5594/M001460,Accurate ACES Rendering in Systems Using Small 3DLUTs,orig-research,2012,0b00006484a09385
_source/SMPTE/Conference Repository/Conference Papers/2012/7269442/7269443/07269475.xml,publication,10.5594/M001461,Leveraging the Cloud for File-Based Workflows,orig-research,2012,0b00006484a09386
_source/SMPTE/Conference Repository/Conference Papers/2012/7269442/7269443/07269476.xml,publication,10.5594/M001462,A Cloudspotter&#x0027;s Guide to Migration,orig-research,2012,0b00006484a09387
_source/SMPTE/Conference Repository/Conference Papers/2012/7269442/7269443/07269477.xml,publication,10.5594/M001463,The Unfolding Merger of Television and Movie Technology,orig-research,2012,0b00006484a09388
_source/SMPTE/Conference Repository/Conference Papers/2012/7269442/7269443/07269478.xml,publication,10.5594/M001464,Theatrical Versioning in the Content Pipe - Integrating Digital Cinema into End to End Workflow,orig-research,2012,0b00006484a09389
_source/SMPTE/Conference Repository/Conference Papers/2012/7269442/7269443/07269479.xml,publication,10.5594/M001465,Low-Latency Transmissions for Remote Collaboration in Post-Production,orig-research,2012,0b00006484a0938a
_source/SMPTE/Conference Repository/Conference Papers/2012/7269442/7269443/07269480.xml,publication,10.5594/M001466,The Cloud - What Does it Mean for Media Archives&#x003F;,orig-research,2012,0b00006484a093c7
_source/SMPTE/Conference Repository/Conference Papers/2012/7269442/7269443/07269481.xml,publication,10.5594/M001467,"Cloud Media Collaboration, Enter Stage Right, and&#x2026; Action: Bringing Compute Processing to a Media Services Ecosystem in Public Clouds",orig-research,2012,0b00006484a093c8
_source/SMPTE/Conference Repository/Conference Papers/2012/7269442/7269443/07269482.xml,publication,10.5594/M001468,Delivering Multi-Camera Content to Smart Devices through Cloud Platforms,orig-research,2012,0b00006484a093c9
_source/SMPTE/Conference Repository/Conference Papers/2012/7269442/7269443/07269483.xml,publication,10.5594/M001469,Towards Using Audio for Matching Transcoded Content,orig-research,2012,0b00006484a093ca
_source/SMPTE/Conference Repository/Conference Papers/2012/7269442/7269443/07269484.xml,publication,10.5594/M001470,Using Name Spotting in Audio/Video Media Identification to Improve Media Discovery Service in Digital Object Architecture,orig-research,2012,0b00006484a093cb
_source/SMPTE/Conference Repository/Conference Papers/2012/7269442/7269443/07269485.xml,publication,10.5594/M001471,Practical Quality Assessment for Digitized Film Content,orig-research,2012,0b00006484a093cc
_source/SMPTE/Conference Repository/Conference Papers/2012/7269442/7269443/07269486.xml,publication,10.5594/M001472,Effects of Viewing Conditions on Fatigue Caused by Watching 3DTV,orig-research,2012,0b00006484a093cd
_source/SMPTE/Conference Repository/Conference Papers/2012/7269442/7269443/07269487.xml,publication,10.5594/M001473,High Performance Polarization-Based 3D and 2D Presentation,orig-research,2012,0b00006484a093ce
_source/SMPTE/Conference Repository/Conference Papers/2012/7269442/7269443/07269488.xml,publication,10.5594/M001474,3D Production Edit Work Flow at the London 2012 Olympics,orig-research,2012,0b00006484a093cf
_source/SMPTE/Conference Repository/Conference Papers/2012/7269442/7269443/07269489.xml,publication,10.5594/M001475,"Production Media Data Centers: Scalable Computing, Networking, Virtualization, and Adaptive Bit Rate Encoding",orig-research,2012,0b00006484a093d0
_source/SMPTE/Conference Repository/Conference Papers/2012/7269442/7269443/07269490.xml,publication,10.5594/M001476,A Study of the Optical Distribution Costs of Multichannel Baseband Digital Broadcasts over a FTTH Network,orig-research,2012,0b00006484a09403
_source/SMPTE/Conference Repository/Conference Papers/2012/7269442/7269443/07269491.xml,publication,10.5594/M001477,120 Hz-frame-rate SUPER Hi-VISION Capture and Display Devices,orig-research,2012,0b00006484a09404
_source/SMPTE/Conference Repository/Conference Papers/2012/7269442/7269443/07269492.xml,publication,10.5594/M001478,"Development of a 70mm, 25 Megapixel Electronic Cinematography Camera with Integrated Flash Recorder",orig-research,2012,0b00006484a09405
_source/SMPTE/Conference Repository/Conference Papers/2012/7269442/7269443/07269493.xml,publication,10.5594/M001479,"1080p50/60, 4K and beyond: Future Proofing the Core Infrastructure to Manage the Bandwidth Explosion",orig-research,2012,0b00006484a09406
_source/SMPTE/Conference Repository/Conference Papers/2012/7269442/7269443/07269494.xml,publication,10.5594/M001480,Further Investigations into the Interactions between Cinema Loudspeakers and Screens,orig-research,2012,0b00006484a09407
_source/SMPTE/Conference Repository/Conference Papers/2012/7269442/7269443/07269495.xml,publication,10.5594/M001481,Frequency Response versus Time-of-Arrival for Typical Cinemas,orig-research,2012,0b00006484a09408
_source/SMPTE/Conference Repository/Conference Papers/2012/7269442/7269443/07269496.xml,publication,10.5594/M001482,"4K TV Capture, an Early Experience Sharing",orig-research,2012,0b00006484a09409
_source/SMPTE/Conference Repository/Conference Papers/2012/7269442/7269443/07269497.xml,publication,10.5594/M001483,Tutorial on Critical Listening of Multi-Channel Audio Codec Performance,orig-research,2012,0b00006484a0940a
_source/SMPTE/Conference Repository/Conference Papers/2012/7269442/7269443/07269498.xml,publication,10.5594/M001484,Scalable Format and Tools to Extend the Possibilities of Cinema Audio,orig-research,2012,0b00006484a0940b
_source/SMPTE/Conference Repository/Conference Papers/2012/7269442/7269443/07269499.xml,publication,10.5594/M001485,"Lee De Forest and the Invention of Sound Movies, 1918-1926",orig-research,2012,0b00006484a0940c
_source/SMPTE/Conference Repository/Conference Papers/2012/7269442/7269443/07269500.xml,publication,10.5594/M001486,Broadcasting Video over the Cellular Network and the Internet,orig-research,2012,0b00006484a09449
_source/SMPTE/Conference Repository/Conference Papers/2012/7269442/7269443/07269501.xml,publication,10.5594/M001487,Multiformat Operation - System Implications and Solutions for Routing Switchers,orig-research,2012,0b00006484a0944a
_source/SMPTE/Conference Repository/Conference Papers/2012/7269442/7269443/07269502.xml,publication,10.5594/M001488,Here Comes Ethernet&#x00AE;,orig-research,2012,0b00006484a0944b
_source/SMPTE/Conference Repository/Conference Papers/2013/7269393/7269394/07269395.xml,publication,10.5594/M001489,Gamut Mapping for Digital Cinema,info-society,2013,0b00006484a09168
_source/SMPTE/Conference Repository/Conference Papers/2013/7269393/7269394/07269396.xml,publication,10.5594/M001490,Analysis of PTP Locking Time on Non-PTP Networks for Genlock over IP,orig-research,2013,0b00006484a09169
_source/SMPTE/Conference Repository/Conference Papers/2013/7269393/7269394/07269397.xml,publication,10.5594/M001491,The Principles of Low-Latency Media Centric Network Architectures,orig-research,2013,0b00006484a0916a
_source/SMPTE/Conference Repository/Conference Papers/2013/7269393/7269394/07269398.xml,publication,10.5594/M001492,Tri-Focal Rig (Practical Camera Configurations for Image and Depth Acquisition),orig-research,2013,0b00006484a0916b
_source/SMPTE/Conference Repository/Conference Papers/2013/7269393/7269394/07269399.xml,publication,10.5594/M001493,Depth&#x002F;Disparity Creation for Trifocal Hybrid 3D System,orig-research,2013,0b00006484a0916c
_source/SMPTE/Conference Repository/Conference Papers/2013/7269393/7269394/07269400.xml,publication,10.5594/M001494,Depth&#x002F;Disparity Interchange Representation for Post-Production,orig-research,2013,0b00006484a091a9
_source/SMPTE/Conference Repository/Conference Papers/2013/7269393/7269394/07269401.xml,publication,10.5594/M001495,Media Facility Infrastructure of the Future,orig-research,2013,0b00006484a091aa
_source/SMPTE/Conference Repository/Conference Papers/2013/7269393/7269394/07269402.xml,publication,10.5594/M001496,Software-Defined Network for Media Workflows,orig-research,2013,0b00006484a091ab
_source/SMPTE/Conference Repository/Conference Papers/2013/7269393/7269394/07269403.xml,publication,10.5594/M001497,The Fundamentals of the All-IT Media Facility,orig-research,2013,0b00006484a091ac
_source/SMPTE/Conference Repository/Conference Papers/2013/7269393/7269394/07269404.xml,publication,10.5594/M001498,Video Processing in an FPGA-Enabled Ethernet Switch,orig-research,2013,0b00006484a091ad
_source/SMPTE/Conference Repository/Conference Papers/2013/7269393/7269394/07269405.xml,publication,10.5594/M001499,All-IP Video Processing of SMPTE 2022-6 Streams on an All Programmable SoC,orig-research,2013,0b00006484a091ae
_source/SMPTE/Conference Repository/Conference Papers/2013/7269393/7269394/07269406.xml,publication,10.5594/M001500,Put IP and Media Perfectly in Tune&#x003F; Running an IT Media Facility in a Predictable Way,orig-research,2013,0b00006484a091af
_source/SMPTE/Conference Repository/Conference Papers/2013/7269393/7269394/07269407.xml,publication,10.5594/M001501,Playout Automation in a Virtual Environment,orig-research,2013,0b00006484a091b0
_source/SMPTE/Conference Repository/Conference Papers/2013/7269393/7269394/07269408.xml,publication,10.5594/M001502,A Perspective on the Evolution of Sound-System Equalization and its Possible Impact on New Recommended Practices for B-Chain Calibration,orig-research,2013,0b00006484a091b1
_source/SMPTE/Conference Repository/Conference Papers/2013/7269393/7269394/07269409.xml,publication,10.5594/M001503,Towards a Hierarchy of SDI DATA Rates,orig-research,2013,0b00006484a091b2
_source/SMPTE/Conference Repository/Conference Papers/2013/7269393/7269394/07269410.xml,publication,10.5594/M001504,Advanced Storage Techniques Using Scalable Media,orig-research,2013,0b00006484a091f1
_source/SMPTE/Conference Repository/Conference Papers/2013/7269393/7269394/07269411.xml,publication,10.5594/M001505,French Cinema Goes IMF,orig-research,2013,0b00006484a091f2
_source/SMPTE/Conference Repository/Conference Papers/2013/7269393/7269394/07269412.xml,publication,10.5594/M001506,"&#x201C;It&#x0027;s a Retrieval Problem, Not a Storage Problem.&#x201D;",orig-research,2013,0b00006484a091f3
_source/SMPTE/Conference Repository/Conference Papers/2013/7269393/7269394/07269413.xml,publication,10.5594/M001507,Beyond BT.709,orig-research,2013,0b00006484a091f4
_source/SMPTE/Conference Repository/Conference Papers/2013/7269393/7269394/07269414.xml,publication,10.5594/M001508,An IIF Based Post Production Infrastructure Developed for Feature Film Production and Higher Education in Iraq,orig-research,2013,0b00006484a091f5
_source/SMPTE/Conference Repository/Conference Papers/2013/7269393/7269394/07269415.xml,publication,10.5594/M001509,Filtering in a High Dynamic Range (HDR) Context,orig-research,2013,0b00006484a091f6
_source/SMPTE/Conference Repository/Conference Papers/2013/7269393/7269394/07269416.xml,publication,10.5594/M001510,Camera Radiometric Calibration from Motion Images,orig-research,2013,0b00006484a091f7
_source/SMPTE/Conference Repository/Conference Papers/2013/7269393/7269394/07269417.xml,publication,10.5594/M001511,Your Eyes Don&#x0027;t do the Math: Effect of Temporal Display Protocols on Perceived Brightness,orig-research,2013,0b00006484a091f8
_source/SMPTE/Conference Repository/Conference Papers/2013/7269393/7269394/07269418.xml,publication,10.5594/M001512,Study on the Acceptance of Higher Frame Rate Stereoscopic 3D in Digital Cinema,orig-research,2013,0b00006484a091f9
_source/SMPTE/Conference Repository/Conference Papers/2013/7269393/7269394/07269419.xml,publication,10.5594/M001513,Controlling Miniaturization in Stereoscopic 3D Imagery,orig-research,2013,0b00006484a091fa
_source/SMPTE/Conference Repository/Conference Papers/2013/7269393/7269394/07269420.xml,publication,10.5594/M001514,"Faxes, Emails, Pagers, and the Macarena &#x2013; Adios to Relics of the &#x0027;90s",orig-research,2013,0b00006484a09237
_source/SMPTE/Conference Repository/Conference Papers/2013/7269393/7269394/07269421.xml,publication,10.5594/M001515,Deploying Video Platforms in the Cloud,orig-research,2013,0b00006484a09238
_source/SMPTE/Conference Repository/Conference Papers/2013/7269393/7269394/07269422.xml,publication,10.5594/M001516,Private Patching in the Cloud: Offering the Media Industry a Mind of its Own: Bringing Public and Private Computing Together for All Media Needs,orig-research,2013,0b00006484a09239
_source/SMPTE/Conference Repository/Conference Papers/2013/7269393/7269394/07269423.xml,publication,10.5594/M001517,New Generation of Contribution Services Using HEVC 422 Profile,orig-research,2013,0b00006484a0923a
_source/SMPTE/Conference Repository/Conference Papers/2013/7269393/7269394/07269424.xml,publication,10.5594/M001518,A Technical Overview of VP9 &#x2013; The Latest Open-Source Video Codec,orig-research,2013,0b00006484a0923b
_source/SMPTE/Conference Repository/Conference Papers/2013/7269393/7269394/07269425.xml,publication,10.5594/M001519,Developing Requirements for a Visually Lossless Display Stream Coding System Open Standard,orig-research,2013,0b00006484a0923c
_source/SMPTE/Conference Repository/Conference Papers/2013/7269393/7269394/07269426.xml,publication,10.5594/M001520,Building Real World Media in the Cloud,orig-research,2013,0b00006484a0923d
_source/SMPTE/Conference Repository/Conference Papers/2013/7269393/7269394/07269427.xml,publication,10.5594/M001521,Look to the Cloud: Enabling Seamless Video in a Multi-Device World,orig-research,2013,0b00006484a0923e
_source/SMPTE/Conference Repository/Conference Papers/2013/7269393/7269394/07269428.xml,publication,10.5594/M001522,Virtualization of Television Playout,orig-research,2013,0b00006484a0923f
_source/SMPTE/Conference Repository/Conference Papers/2013/7269393/7269394/07269429.xml,publication,10.5594/M001523,Development of the Super Hi-Vision HEVC&#x002F;H.265 Real-Time Encoder,orig-research,2013,0b00006484a09240
_source/SMPTE/Conference Repository/Conference Papers/2013/7269393/7269394/07269430.xml,publication,10.5594/M001524,VC-5 Video Compression for Mezzanine Compression Workflows,orig-research,2013,0b00006484a09273
_source/SMPTE/Conference Repository/Conference Papers/2013/7269393/7269394/07269431.xml,publication,10.5594/M001525,Analyzing and Optimizing Video Quality in the New H.265 (HEVC) Standard,orig-research,2013,0b00006484a09274
_source/SMPTE/Conference Repository/Conference Papers/2013/7269393/7269394/07269432.xml,publication,10.5594/M001526,Creating an Innovative Broadcasting with Technology and Standardization,orig-research,2013,0b00006484a09275
_source/SMPTE/Conference Repository/Conference Papers/2013/7269393/7269394/07269433.xml,publication,10.5594/M001527,A Design Approach to Creating Scalable Beyond-4K Video Processing Systems on FPGAs,orig-research,2013,0b00006484a09276
_source/SMPTE/Conference Repository/Conference Papers/2013/7269393/7269394/07269434.xml,publication,10.5594/M001528,"HEVC, the Key to Delivering an Enhanced Television Viewing Experience &#x201C;Beyond HD&#x201D;",orig-research,2013,0b00006484a09277
_source/SMPTE/Conference Repository/Conference Papers/2013/7269393/7269394/07269435.xml,publication,10.5594/M001529,Enhanced Image Processing beyond Baseband: CPU&#x002F;GPU Process Model Unlocks Performance Possibilities,orig-research,2013,0b00006484a09278
_source/SMPTE/Conference Repository/Conference Papers/2013/7269393/7269394/07269436.xml,publication,10.5594/M001530,Taking the Pixel Out of the Picture,orig-research,2013,0b00006484a09279
_source/SMPTE/Conference Repository/Conference Papers/2013/7269393/7269394/07269437.xml,publication,10.5594/M001531,Development of a Multi-Link 10-Gbit&#x002F;s Mapping Method and Interface Device for 120-fps UHDTV Signals,orig-research,2013,0b00006484a0927a
_source/SMPTE/Conference Repository/Conference Papers/2013/7269393/7269394/07269438.xml,publication,10.5594/M001532,Compact 120-fps Super Hi-Vision (8K) Camera with 35mm PL Mount Lens,orig-research,2013,0b00006484a0927b
_source/SMPTE/Conference Repository/Conference Papers/2013/7269393/7269394/07269439.xml,publication,10.5594/M001533,Dreams do Come True&#x0021;,orig-research,2013,0b00006484a0927c
_source/SMPTE/Conference Repository/Conference Papers/2013/7269393/7269394/07269440.xml,publication,10.5594/M001534,Light-Field Acquisition and Processing System for Film Productions,orig-research,2013,0b00006484a092b9
_source/SMPTE/Conference Repository/Conference Papers/2013/7269393/7269394/07269441.xml,publication,10.5594/M001535,High-Accuracy Digital Camera Color Transforms for Wide Gamut Workflows,orig-research,2013,0b00006484a092ba
_source/SMPTE/Conference Repository/Conference Papers/2014/7269330/7269331/07269332.xml,publication,10.5594/M001535a,Ethernet AVB Overview and Status,orig-research,2014,0b00006484a08fb5
_source/SMPTE/Conference Repository/Conference Papers/2014/7269330/7269331/07269333.xml,publication,10.5594/M001536,Internet Protocol Networks in the Live Broadcast Plant,orig-research,2014,0b00006484a08fb6
_source/SMPTE/Conference Repository/Conference Papers/2014/7269330/7269331/07269334.xml,publication,10.5594/M001537,A Practical Approach to IP Live Production,orig-research,2014,0b00006484a08fb7
_source/SMPTE/Conference Repository/Conference Papers/2014/7269330/7269331/07269335.xml,publication,10.5594/M001538,IP for Contribution Broadcasting: The Next Step of IP Ubiquity,orig-research,2014,0b00006484a08fb8
_source/SMPTE/Conference Repository/Conference Papers/2014/7269330/7269331/07269336.xml,publication,10.5594/M001539,Perceptual Video Quality Analysis for HEVC in Packet Loss Environment,orig-research,2014,0b00006484a08fb9
_source/SMPTE/Conference Repository/Conference Papers/2014/7269330/7269331/07269337.xml,publication,10.5594/M001540,&#x201C;Improving Video Streaming and File Compression Efficiency without Affecting Quality&#x201D;,orig-research,2014,0b00006484a08fba
_source/SMPTE/Conference Repository/Conference Papers/2014/7269330/7269331/07269338.xml,publication,10.5594/M001541,"State of HEVC Bit Rates in 2014 - Comparing HEVC, H.264 and MPEG-2",orig-research,2014,0b00006484a08fbb
_source/SMPTE/Conference Repository/Conference Papers/2014/7269330/7269331/07269339.xml,publication,10.5594/M001542,Integrating HEVC Video Compression with a High Dynamic Range Video Pipeline,orig-research,2014,0b00006484a08fbc
_source/SMPTE/Conference Repository/Conference Papers/2014/7269330/7269331/07269340.xml,publication,10.5594/M001543,Can COTS Ethernet Switches Handle Uncompressed Video&#x003F;,orig-research,2014,0b00006484a0900f
_source/SMPTE/Conference Repository/Conference Papers/2014/7269330/7269331/07269341.xml,publication,10.5594/M001544,Cinematic Sound Scene Description and Rendering Control,orig-research,2014,0b00006484a09010
_source/SMPTE/Conference Repository/Conference Papers/2014/7269330/7269331/07269342.xml,publication,10.5594/M001545,Management of Consequent Sounds in Immersive Sound Systems,orig-research,2014,0b00006484a09011
_source/SMPTE/Conference Repository/Conference Papers/2014/7269330/7269331/07269343.xml,publication,10.5594/M001546,Object-Based Audio: Opportunities for Improved Listening Experience and Increased Listener Involvement,orig-research,2014,0b00006484a09012
_source/SMPTE/Conference Repository/Conference Papers/2014/7269330/7269331/07269344.xml,publication,10.5594/M001547,PTP Deployment in Large Networks &#x2013; Traps and Pitfalls,orig-research,2014,0b00006484a09013
_source/SMPTE/Conference Repository/Conference Papers/2014/7269330/7269331/07269345.xml,publication,10.5594/M001548,"Digital Audio Transmission Impairment and Link Failure: Test Data, and Recommendations for Improved Industry Standards and Reference Designs",orig-research,2014,0b00006484a09014
_source/SMPTE/Conference Repository/Conference Papers/2014/7269330/7269331/07269346.xml,publication,10.5594/M001549,"&#x201C;Immersive &#x0026; Personalized Audio: A Practical System for Enabling Interchange, Distribution &#x0026; Delivery of Next Generation Audio Experiences&#x201D;",orig-research,2014,0b00006484a09015
_source/SMPTE/Conference Repository/Conference Papers/2014/7269330/7269331/07269347.xml,publication,10.5594/M001550,Loudness vs. Speech Normalization in Film and Drama for Broadcast,orig-research,2014,0b00006484a09016
_source/SMPTE/Conference Repository/Conference Papers/2014/7269330/7269331/07269348.xml,publication,10.5594/M001551,Addressing Issues in File Based Workflows: The Joint Task Force on File Formats and Media Interoperability,orig-research,2014,0b00006484a09017
_source/SMPTE/Conference Repository/Conference Papers/2014/7269330/7269331/07269349.xml,publication,10.5594/M001552,Re-Inventing the Wheel or Choosing the Right One for the Job&#x003F; Frame Rate Manipulation for the File-Age,orig-research,2014,0b00006484a09018
_source/SMPTE/Conference Repository/Conference Papers/2014/7269330/7269331/07269350.xml,publication,10.5594/M001553,"Automating Closed Caption Verification, Timing, and Language Identification",orig-research,2014,0b00006484a09055
_source/SMPTE/Conference Repository/Conference Papers/2014/7269330/7269331/07269351.xml,publication,10.5594/M001554,HEVC Efficiency Assessment for Contribution Services of HD Interlaced Content,orig-research,2014,0b00006484a09056
_source/SMPTE/Conference Repository/Conference Papers/2014/7269330/7269331/07269352.xml,publication,10.5594/M001555,Color Management for Wide-Color-Gamut UHDTV Production,orig-research,2014,0b00006484a09057
_source/SMPTE/Conference Repository/Conference Papers/2014/7269330/7269331/07269353.xml,publication,10.5594/M001556,Quality Assessment Framework for Color Conversions and Perception,orig-research,2014,0b00006484a09058
_source/SMPTE/Conference Repository/Conference Papers/2014/7269330/7269331/07269354.xml,publication,10.5594/M001557,A Better Color Matching between HD and UHD Content,orig-research,2014,0b00006484a09059
_source/SMPTE/Conference Repository/Conference Papers/2014/7269330/7269331/07269355.xml,publication,10.5594/M001558,High Dynamic Range Intermediate,orig-research,2014,0b00006484a0905a
_source/SMPTE/Conference Repository/Conference Papers/2014/7269330/7269331/07269356.xml,publication,10.5594/M001559,"Camera Raw Workflows - Like Film, but Digital",orig-research,2014,0b00006484a0905b
_source/SMPTE/Conference Repository/Conference Papers/2014/7269330/7269331/07269357.xml,publication,10.5594/M001560,Options for Camera Raw in the Digital Workflow,orig-research,2014,0b00006484a0905c
_source/SMPTE/Conference Repository/Conference Papers/2014/7269330/7269331/07269358.xml,publication,10.5594/M001561,Identifying Media in the Modern Era the Domains of Media Identity,orig-research,2014,0b00006484a0905d
_source/SMPTE/Conference Repository/Conference Papers/2014/7269330/7269331/07269359.xml,publication,10.5594/M001562,Smarter Workflows for Multi-platform Delivery,orig-research,2014,0b00006484a0905e
_source/SMPTE/Conference Repository/Conference Papers/2014/7269330/7269331/07269360.xml,publication,10.5594/M001563,Remote Content Access and the Rise of the Second Screen,orig-research,2014,0b00006484a0909b
_source/SMPTE/Conference Repository/Conference Papers/2014/7269330/7269331/07269361.xml,publication,10.5594/M001564,120fps as a Universal Production Format for Motion Pictures,orig-research,2014,0b00006484a0909c
_source/SMPTE/Conference Repository/Conference Papers/2014/7269330/7269331/07269362.xml,publication,10.5594/M001565,High Frame Rate Video Conversion,orig-research,2014,0b00006484a0909d
_source/SMPTE/Conference Repository/Conference Papers/2014/7269330/7269331/07269363.xml,publication,10.5594/M001566,"Quality Advancements and Automation Challenges in File-Based Conversion: Noise-Reduction, Deinterlacing, High Frame Rates, and Compression Efficiency",orig-research,2014,0b00006484a0909e
_source/SMPTE/Conference Repository/Conference Papers/2014/7269330/7269331/07269364.xml,publication,10.5594/M001567,Is the Future of Content Protection Cloud(y)&#x003F;,orig-research,2014,0b00006484a0909f
_source/SMPTE/Conference Repository/Conference Papers/2014/7269330/7269331/07269365.xml,publication,10.5594/M001568,A Tutorial on Photometric Dimensions and Units,orig-research,2014,0b00006484a090a0
_source/SMPTE/Conference Repository/Conference Papers/2014/7269330/7269331/07269366.xml,publication,10.5594/M001569,"Next-Generation Display Interfaces: Smaller, Faster &#x0026; Denser",orig-research,2014,0b00006484a090a1
_source/SMPTE/Conference Repository/Conference Papers/2014/7269330/7269331/07269367.xml,publication,10.5594/M001570,Quantum Dots and Rec. 2020 &#x2013; Bringing the Color of Tomorrow Closer to Reality Today,orig-research,2014,0b00006484a090a2
_source/SMPTE/Conference Repository/Conference Papers/2014/7269330/7269331/07269368.xml,publication,10.5594/M001571,Utilizing Unique Information from File-based Media for Automated File Detection,orig-research,2014,0b00006484a090a3
_source/SMPTE/Conference Repository/Conference Papers/2014/7269330/7269331/07269369.xml,publication,10.5594/M001572,The Origins of Audio and Video Compression: Some Pale Gleams from the Past,orig-research,2014,0b00006484a090a4
_source/SMPTE/Conference Repository/Conference Papers/2014/7269330/7269331/07269370.xml,publication,10.5594/M001573,Development of Super Hi-Vision (8K) Baseband Processor Unit &#x201C;BPU-8000&#x201D;,orig-research,2014,0b00006484a090d7
_source/SMPTE/Conference Repository/Conference Papers/2014/7269330/7269331/07269371.xml,publication,10.5594/M001574,Progress in 4K Single-Link Coaxial Cable,orig-research,2014,0b00006484a090d8
_source/SMPTE/Conference Repository/Conference Papers/2014/7269330/7269331/07269372.xml,publication,10.5594/M001575,Viewing 4K and UHD in an HD World,orig-research,2014,0b00006484a090d9
_source/SMPTE/Conference Repository/Conference Papers/2014/7269330/7269331/07269373.xml,publication,10.5594/M001576,2014 Survey Summary for Storage in Professional Media and Entertainment,orig-research,2014,0b00006484a090da
_source/SMPTE/Conference Repository/Conference Papers/2014/7269330/7269331/07269374.xml,publication,10.5594/M001577,LTFS Transforms LTO Tape into Nearline Storage: Accelerating 4K Media Workflows,orig-research,2014,0b00006484a090db
_source/SMPTE/Conference Repository/Conference Papers/2014/7269330/7269331/07269375.xml,publication,10.5594/M001578,Concept for a File Based Content Exchange Ecosystem Using Scalable Media,orig-research,2014,0b00006484a090dc
_source/SMPTE/Conference Repository/Conference Papers/2014/7269330/7269331/07269376.xml,publication,10.5594/M001579,A Holistic Approach to Digital Preservation,orig-research,2014,0b00006484a090dd
_source/SMPTE/Conference Repository/Conference Papers/2014/7269330/7269331/07269377.xml,publication,10.5594/M001580,Off-the-shelf IP Routing Switchers in the Hybrid IP/SDI Television Broadcast Environment,orig-research,2014,0b00006484a090de
_source/SMPTE/Conference Repository/Conference Papers/2014/7269330/7269331/07269378.xml,publication,10.5594/M001581,The Control of Media within an Internet of Things Using SMPTE ST2071,orig-research,2014,0b00006484a090df
_source/SMPTE/Conference Repository/Conference Papers/2014/7269330/7269331/07269379.xml,publication,10.5594/M001582,Monitoring Video Services in an IP Connected World,orig-research,2014,0b00006484a090e0
_source/SMPTE/Conference Repository/Conference Papers/2014/7269330/7269331/07269380.xml,publication,10.5594/M001583,Taking Remote Production to the Next Level CBC&#x0027;s Coverage of the 2014 Sochi Olympic Games,orig-research,2014,0b00006484a0911d
_source/SMPTE/Conference Repository/Conference Papers/2014/7269330/7269331/07269381.xml,publication,10.5594/M001584,"A Cinema Luminance Range by the People, for the People: Viewer Preferences on Luminance Limits for a Large Screen Environment",orig-research,2014,0b00006484a0911e
_source/SMPTE/Conference Repository/Conference Papers/2014/7269330/7269331/07269382.xml,publication,10.5594/M001585,Development of an Accurate and Repeatable Measurement Method for Speckle in Laser Illuminated Projectors,orig-research,2014,0b00006484a0911f
_source/SMPTE/Conference Repository/Conference Papers/2014/7269330/7269331/07269383.xml,publication,10.5594/M001586,Design Considerations for Cinema Exhibition Using RGB Laser Illumination,orig-research,2014,0b00006484a09120
_source/SMPTE/Conference Repository/Conference Papers/2014/7269330/7269331/07269384.xml,publication,10.5594/M001587,Toward Real-Time Detection of Forensic Watermarks to Combat Piracy by Live Streaming,orig-research,2014,0b00006484a09121
_source/SMPTE/Conference Repository/Conference Papers/2014/7269330/7269331/07269385.xml,publication,10.5594/M001588,4K-to-8K TV Up-converter with Super Resolution,orig-research,2014,0b00006484a09122
_source/SMPTE/Conference Repository/Conference Papers/2014/7269330/7269331/07269386.xml,publication,10.5594/M001589,4K: Models for Motion Control to Ensure True 4K Detail at Capture,orig-research,2014,0b00006484a09123
_source/SMPTE/Conference Repository/Conference Papers/2014/7269330/7269331/07269387.xml,publication,10.5594/M001590,Beyond HD - The Status of the Image Acquisition Solutions for the Next Generation Broadcasting Formats,orig-research,2014,0b00006484a09124
_source/SMPTE/Conference Repository/Conference Papers/2014/7269330/7269331/07269388.xml,publication,10.5594/M001591,IP to the Camera - Completing the Broadcast Chain,orig-research,2014,0b00006484a09125
_source/SMPTE/Conference Repository/Conference Papers/2014/7269330/7269331/07269389.xml,publication,10.5594/M001592,"Confidence Monitoring: Any Time, Any Way, Anywhere",orig-research,2014,0b00006484a09126
_source/SMPTE/Conference Repository/Conference Papers/2014/7269330/7269331/07269390.xml,publication,10.5594/M001593,A Psychophysical Study Exploring Judder Using Fundamental Signals and Complex Imagery,orig-research,2014,0b00006484a09163
_source/SMPTE/Conference Repository/Conference Papers/2014/7269330/7269331/07269391.xml,publication,10.5594/M001594,A Quality Metric for High Dynamic Range,orig-research,2014,0b00006484a09164
_source/SMPTE/Conference Repository/Conference Papers/2014/7269330/7269331/07269392.xml,publication,10.5594/M001595,IT-TV-Live an Integrated Concept for IP-based Distributed Broadcast Production with &#x2018;SDI Quality&#x2019;,orig-research,2014,0b00006484a09165
_source/SMPTE/Conference Repository/Conference Papers/2015/7398355/7398356/07398357.xml,publication,10.5594/M001596,An Analysis of the Impact of HEVC on Existing Media Businesses,orig-research,2015,0b00006484d82472
_source/SMPTE/Conference Repository/Conference Papers/2015/7398355/7398356/07398358.xml,publication,10.5594/M001597,Changing the Game: A Guide to Cost-Efficient Software-Based HEVC Video Processing Deployment,orig-research,2015,0b00006484d82473
_source/SMPTE/Conference Repository/Conference Papers/2015/7398355/7398356/07398359.xml,publication,10.5594/M001598,DASH 2015: Where are We at and what Next,orig-research,2015,0b00006484d82474
_source/SMPTE/Conference Repository/Conference Papers/2015/7398355/7398356/07398360.xml,publication,10.5594/M001599,Moving High to Cloud,orig-research,2015,0b00006484d82475
_source/SMPTE/Conference Repository/Conference Papers/2015/7398355/7398356/07398361.xml,publication,10.5594/M001600,Broadcast in the Age of Disruption,orig-research,2015,0b00006484d82476
_source/SMPTE/Conference Repository/Conference Papers/2015/7398355/7398356/07398362.xml,publication,10.5594/M001601,What can We Learn from the Last 100 SMPTE Years? What will Tell Us about the Next 10?,orig-research,2015,0b00006484d82477
_source/SMPTE/Conference Repository/Conference Papers/2015/7398355/7398356/07398363.xml,publication,10.5594/M001602,Into Thin Air: The Cloud Conflict,orig-research,2015,0b00006484d82478
_source/SMPTE/Conference Repository/Conference Papers/2015/7398355/7398356/07398364.xml,publication,10.5594/M001603,"SCAsat Audio Distribution &#x201C;Best of Satellite, Best of WAN&#x201D;",orig-research,2015,0b00006484d82479
_source/SMPTE/Conference Repository/Conference Papers/2015/7398355/7398356/07398365.xml,publication,10.5594/M001604,4K/UHD Viewing: The Whole Truth and Nothing but the Truth,orig-research,2015,0b00006484d8254b
_source/SMPTE/Conference Repository/Conference Papers/2015/7398355/7398356/07398366.xml,publication,10.5594/M001605,Why is High Dynamic Range Critical to Live Ultra HD and How Might it be Implemented?,orig-research,2015,0b00006484d8254c
_source/SMPTE/Conference Repository/Conference Papers/2015/7398355/7398356/07398367.xml,publication,10.5594/M001606,Effect of UHD High Frame Rates (HFR) on DVB-S2 Bit Error Rate (BER),orig-research,2015,0b00006484d8254d
_source/SMPTE/Conference Repository/Conference Papers/2015/7398355/7398356/07398368.xml,publication,10.5594/M001607,"Layered Division Multiplexing: Basics Concepts, Application Scenarios and Performance",orig-research,2015,0b00006484d8254e
_source/SMPTE/Conference Repository/Conference Papers/2015/7398355/7398356/07398369.xml,publication,10.5594/M001608,Looking to the Cloud for Multiscreen Video Contribution Management,orig-research,2015,0b00006484d8254f
_source/SMPTE/Conference Repository/Conference Papers/2015/7398355/7398356/07398370.xml,publication,10.5594/M001609,Better Color Conversions for HDR and UHD TV Productions,orig-research,2015,0b00006484d82550
_source/SMPTE/Conference Repository/Conference Papers/2015/7398355/7398356/07398371.xml,publication,10.5594/M001610,Colour Grading with Colour Management,orig-research,2015,0b00006484d82551
_source/SMPTE/Conference Repository/Conference Papers/2015/7398355/7398356/07398372.xml,publication,10.5594/M001611,&#x201C;Ensuring a Persistence of Vision &#x2013; Preserving Archival Footage for Future Generations&#x201D;,orig-research,2015,0b00006484d82552
_source/SMPTE/Conference Repository/Conference Papers/2015/7398355/7398356/07398453.xml,publication,10.5594/M001612,Maximizing the Potential of Legacy Content in New Media Asset Management Deployments,orig-research,2015,0b00006484d82553
_source/SMPTE/Conference Repository/Conference Papers/2015/7398355/7398356/07398454.xml,publication,10.5594/M001613,Workflow Optimised Storage Key Differentiator in High Resolution Workflows,orig-research,2015,0b00006484d82554
_source/SMPTE/Conference Repository/Conference Papers/2015/7398355/7398356/07398455.xml,publication,10.5594/M001614,Using IMF for International Distribution? What Does that Mean?,orig-research,2015,0b00006484d825c7
_source/SMPTE/Conference Repository/Conference Papers/2015/7398355/7398356/07398456.xml,publication,10.5594/M001615,The Connected Media Ecosystem,orig-research,2015,0b00006484d825c8
_source/SMPTE/Conference Repository/Conference Papers/2015/7398355/7398356/07398457.xml,publication,10.5594/M001616,Subtitles on OTT Platforms - Ensuring Consistency across Broadcast and IP Platforms,orig-research,2015,0b00006484d825c9
_source/SMPTE/Conference Repository/Conference Papers/2015/7398355/7398356/07398458.xml,publication,10.5594/M001617,The Safe and Legal Operation of Commercial Drones in Australia,orig-research,2015,0b00006484d825ca
_source/SMPTE/Conference Repository/Conference Papers/2015/7398355/7398356/07398459.xml,publication,10.5594/M001618,Camera Raw for High Dynamic Range Workflows,orig-research,2015,0b00006484d825cb
_source/SMPTE/Conference Repository/Conference Papers/2015/7398355/7398356/07398460.xml,publication,10.5594/M001619,Ungluing Audio and Video - How Audio over IP Enables the Future,orig-research,2015,0b00006484d825cc
_source/SMPTE/Conference Repository/Conference Papers/2015/7398355/7398356/07398461.xml,publication,10.5594/M001620,"How AES-67, the New Audio-over-IP Standard, Will Bring the Convergence of Telecommunications, Intercom, Radio and Television Broadcast Studio Audio",orig-research,2015,0b00006484d825cd
_source/SMPTE/Conference Repository/Conference Papers/2015/7399587/7399588/07399589.xml,publication,10.5594/M001621,Content-Dependent Metadata for Color Volume Transformation of High Luminance and Wide Color Gamut Images,orig-research,2015,0b00006484d8cc20
_source/SMPTE/Conference Repository/Conference Papers/2015/7399587/7399588/07399590.xml,publication,10.5594/M001622,Color Fidelity for High Dynamic Range Signals,orig-research,2015,0b00006484d8cc21
_source/SMPTE/Conference Repository/Conference Papers/2015/7399587/7399588/07399591.xml,publication,10.5594/M001623,Reference-Based Color Volume Remapping,orig-research,2015,0b00006484d8cc22
_source/SMPTE/Conference Repository/Conference Papers/2015/7399587/7399588/07399592.xml,publication,10.5594/M001624,UHD in a Hybrid SDI/IP World,orig-research,2015,0b00006484d8cc23
_source/SMPTE/Conference Repository/Conference Papers/2015/7399587/7399588/07399613.xml,publication,10.5594/M001625,High Frame Rate Capture and Production,orig-research,2015,0b00006484d8cc24
_source/SMPTE/Conference Repository/Conference Papers/2015/7399587/7399588/07399614.xml,publication,10.5594/M001626,"4K, HDR and Further Image Enhancements for Live Image Acquisition",orig-research,2015,0b00006484d8cc25
_source/SMPTE/Conference Repository/Conference Papers/2015/7399587/7399588/07399615.xml,publication,10.5594/M001627,Color Rendering Index Value Requirement for Wide-Gamut UHDTV Production,orig-research,2015,0b00006484d8cc26
_source/SMPTE/Conference Repository/Conference Papers/2015/7399587/7399588/07399616.xml,publication,10.5594/M001628,4K Video over SMPTE 2022-5/6 Workflows,orig-research,2015,0b00006484d8cc27
_source/SMPTE/Conference Repository/Conference Papers/2015/7399587/7399588/07399617.xml,publication,10.5594/M001629,Scaling UHD Live Production Workflow with Mezzanine Compression,orig-research,2015,0b00006484d8cc73
_source/SMPTE/Conference Repository/Conference Papers/2015/7399587/7399588/07399618.xml,publication,10.5594/M001630,"How Independent are HDR, WCG, and HFR in Human Visual Perception and the Creative Process?",orig-research,2015,0b00006484d8cc74
_source/SMPTE/Conference Repository/Conference Papers/2015/7399587/7399588/07399619.xml,publication,10.5594/M001631,Best in Show,orig-research,2015,0b00006484d8cc75
_source/SMPTE/Conference Repository/Conference Papers/2015/7399587/7399588/07399620.xml,publication,10.5594/M001632,Perceptual Uniformity for High Dynamic Range Television Systems,orig-research,2015,0b00006484d8cc76
_source/SMPTE/Conference Repository/Conference Papers/2015/7399587/7399588/07399621.xml,publication,10.5594/M001633,Prospects for Software Defined Networking and Network Function Virtualization in Media and Broadcast,orig-research,2015,0b00006484d8cc77
_source/SMPTE/Conference Repository/Conference Papers/2015/7399587/7399588/07399622.xml,publication,10.5594/M001634,Journey of 9&#x0027;s &#x2014; High Availbility for IP Based Production Systems,orig-research,2015,0b00006484d8cc78
_source/SMPTE/Conference Repository/Conference Papers/2015/7399587/7399588/07399623.xml,publication,10.5594/M001635,Elementary Flows for Live IP Production,orig-research,2015,0b00006484d8cc79
_source/SMPTE/Conference Repository/Conference Papers/2015/7399587/7399588/07399624.xml,publication,10.5594/M001636,Optimizing Large Media Networks for Highly Accurate Time Transfer via PTP,orig-research,2015,0b00006484d8cc7a
_source/SMPTE/Conference Repository/Conference Papers/2015/7399587/7399588/07399625.xml,publication,10.5594/M001637,Sample Variants: A Standardized Framework for Forensic Marking of ISOBMFF Files,orig-research,2015,0b00006484d8cc7b
_source/SMPTE/Conference Repository/Conference Papers/2015/7399587/7399588/07399626.xml,publication,10.5594/M001638,Enabling Watermarking in a Diverse Content Distribution Infrastructure,orig-research,2015,0b00006484d8cc7c
_source/SMPTE/Conference Repository/Conference Papers/2015/7399587/7399588/07399627.xml,publication,10.5594/M001639,High Dynamic Range: Compression Challenges,orig-research,2015,0b00006484d8ccb0
_source/SMPTE/Conference Repository/Conference Papers/2015/7399587/7399588/07399628.xml,publication,10.5594/M001640,The Interaction between Transfer Function and Compression in High Dynamic Range Video,orig-research,2015,0b00006484d8ccb1
_source/SMPTE/Conference Repository/Conference Papers/2015/7399587/7399588/07399629.xml,publication,10.5594/M001641,Ultra HD Blu-ray&#x2122; Format Video Characteristics,orig-research,2015,0b00006484d8ccb2
_source/SMPTE/Conference Repository/Conference Papers/2015/7399587/7399588/07399630.xml,publication,10.5594/M001642,High Frame Rate Compression Efficiency and Backwards Compatibility using HEVC,orig-research,2015,0b00006484d8ccb3
_source/SMPTE/Conference Repository/Conference Papers/2015/7399587/7399588/07399631.xml,publication,10.5594/M001643,"Better, Faster and More Pixel Handling with SMPTE VC-3 Codec Updates",orig-research,2015,0b00006484d8ccb4
_source/SMPTE/Conference Repository/Conference Papers/2015/7399587/7399588/07399632.xml,publication,10.5594/M001644,Building a New Digital Archive Management Infrastructure for the RIT School of Film and Animation,orig-research,2015,0b00006484d8ccb5
_source/SMPTE/Conference Repository/Conference Papers/2015/7399587/7399588/07399633.xml,publication,10.5594/M001645,Preservation and Archive: The next 100 Years,orig-research,2015,0b00006484d8ccb6
_source/SMPTE/Conference Repository/Conference Papers/2015/7399587/7399588/07399634.xml,publication,10.5594/M001646,Storyteller &#x2014; Marrying Real-time Metadata with Live Events to Automate Production for Multi-screen,orig-research,2015,0b00006484d8ccb7
_source/SMPTE/Conference Repository/Conference Papers/2015/7399587/7399588/07399635.xml,publication,10.5594/M001647,Extending Cable Workflows to OTT: Decoupling Content Generation from Delivery Technologies,orig-research,2015,0b00006484d8ccb8
_source/SMPTE/Conference Repository/Conference Papers/2015/7399587/7399588/07399636.xml,publication,10.5594/M001648,Big Data Analysis for Effective Monetization of over the Top TV Content,orig-research,2015,0b00006484d8ccb9
_source/SMPTE/Conference Repository/Conference Papers/2015/7399587/7399588/07399637.xml,publication,10.5594/M001649,Building the HDR Economy Nit by Nit,orig-research,2015,0b00006484d8cced
_source/SMPTE/Conference Repository/Conference Papers/2015/7399587/7399588/07399638.xml,publication,10.5594/M001650,Object-Based Audio for Live TV Production,orig-research,2015,0b00006484d8ccee
_source/SMPTE/Conference Repository/Conference Papers/2015/7399587/7399588/07399639.xml,publication,10.5594/M001651,Scene-Based Audio Implemented with Higher Order Ambisonics (HOA),orig-research,2015,0b00006484d8ccef
_source/SMPTE/Conference Repository/Conference Papers/2015/7399587/7399588/07399640.xml,publication,10.5594/M001652,The Future of Audio Post-Production using Virtual 3D Scenes,orig-research,2015,0b00006484d8ccf0
_source/SMPTE/Conference Repository/Conference Papers/2015/7399587/7399588/07399641.xml,publication,10.5594/M001653,Listening Test Methodology for Object Based Audio Rendering Interoperability using Artificial Reference Signals and Artistic Content,orig-research,2015,0b00006484d8ccf1
_source/SMPTE/Conference Repository/Conference Papers/2015/7399587/7399588/07399642.xml,publication,10.5594/M001654,Monitoring and Authoring of 3D Immersive Next Generation Audio Formats,orig-research,2015,0b00006484d8ccf2
_source/SMPTE/Conference Repository/Conference Papers/2015/7399587/7399588/07399643.xml,publication,10.5594/M001655,Recipes for Creating and Delivering Next-Generation Broadcast Audio,orig-research,2015,0b00006484d8ccf3
_source/SMPTE/Conference Repository/Conference Papers/2015/7399587/7399588/07399644.xml,publication,10.5594/M001656,Display Technology: The Next Chapter,orig-research,2015,0b00006484d8ccf4
_source/SMPTE/Conference Repository/Conference Papers/2015/7399587/7399588/07399645.xml,publication,10.5594/M001657,Black and White &#x003D; Chroma!,orig-research,2015,0b00006484d8ccf5
_source/SMPTE/Conference Repository/Conference Papers/2015/7399587/7399588/07399646.xml,publication,10.5594/M001658,The Calibration Conundrum: Towards Standardizing a Reference White Chromaticity for HDTV,orig-research,2015,0b00006484d8ccf6
_source/SMPTE/Conference Repository/Conference Papers/2015/7399587/7399588/07399647.xml,publication,10.5594/M001659,Achieving BT. 2020 Color with LCDs: A Tale of Two Applications,orig-research,2015,0b00006484d8cd2a
_source/SMPTE/Conference Repository/Conference Papers/2015/7399587/7399588/07399648.xml,publication,10.5594/M001660,What does &#x201C;Broadcast Quality&#x201D; Mean Now?,orig-research,2015,0b00006484d8cd2b
_source/SMPTE/Conference Repository/Conference Papers/2015/7399587/7399588/07399649.xml,publication,10.5594/M001661,Utilising Massive Compute Resource in Public Cloud for Complex Image Processing Applications,orig-research,2015,0b00006484d8cd2c
_source/SMPTE/Conference Repository/Conference Papers/2015/7399587/7399588/07399650.xml,publication,10.5594/M001662,My Boss Wants to Transcode in the Cloud,orig-research,2015,0b00006484d8cd2d
_source/SMPTE/Conference Repository/Conference Papers/2015/7399587/7399588/07399651.xml,publication,10.5594/M001663,Zero Infrastructure Broadcasting,orig-research,2015,0b00006484d8cd2e
_source/SMPTE/Conference Repository/Conference Papers/2015/7399587/7399588/07399652.xml,publication,10.5594/M001664,"The Academy Color Encoding System: Standards for Digital Image Interchange, Color Management and Long-Term Archiving",orig-research,2015,0b00006484d8cd2f
_source/SMPTE/Conference Repository/Conference Papers/2015/7399587/7399588/07399653.xml,publication,10.5594/M001665,Is There a Standard Observer in the House?,orig-research,2015,0b00006484d8cd30
_source/SMPTE/Conference Repository/Conference Papers/2015/7399587/7399588/07399654.xml,publication,10.5594/M001666,"Technical Analysis, Standard Interpretation, Inspection and Assessment Study for Digital Cinema Stereoscopic Projection",orig-research,2015,0b00006484d8cd31
_source/SMPTE/Conference Repository/Conference Papers/2015/7399587/7399588/07399655.xml,publication,10.5594/M001667,An Analysis of System Contrast in Digital Cinema Auditoriums,orig-research,2015,0b00006484d8cd32
_source/SMPTE/Conference Repository/Conference Papers/2015/7399587/7399588/07399656.xml,publication,10.5594/M001668,Modelling of Achievable Contrast and its Impact on HDR Projection in Commercial Cinema Environments,orig-research,2015,0b00006484d8cd33
_source/SMPTE/Conference Repository/Conference Papers/2015/7399587/7399588/07399657.xml,publication,10.5594/M001669,Thought-Provoking Ideas for Increasing Diversity in Entertainment Engineering,orig-research,2015,0b00006484d8cd66
_source/SMPTE/Conference Repository/Conference Papers/2015/7399587/7399588/07399658.xml,publication,10.5594/M001670,Introduction of a File-System with Integrated Scaling Capability,orig-research,2015,0b00006484d8cd67
_source/SMPTE/Conference Repository/Conference Papers/2015/7399587/7399588/07399659.xml,publication,10.5594/M001671,Using BPMN to Simplify IMF Caption &#x0026; Subtitle Creation,orig-research,2015,0b00006484d8cd68
_source/SMPTE/Conference Repository/Conference Papers/2015/7399587/7399588/07399660.xml,publication,10.5594/M001672,Exploring New Technologies for Non-Destructive Adjustment of Running Times of File Based Content,orig-research,2015,0b00006484d8cd69
_source/SMPTE/Conference Repository/Conference Papers/2015/7399587/7399588/07399661.xml,publication,10.5594/M001673,Native Resolution Detection of Video Sequences,orig-research,2015,0b00006484d8cd6a
_source/SMPTE/Conference Repository/Conference Papers/2015/7399587/7399588/07399662.xml,publication,10.5594/M001674,"Content Monitoring for SDI, Files and IP using Algorithmic-based Media Signatures",orig-research,2015,0b00006484d8cd6b
_source/SMPTE/Conference Repository/Conference Papers/2015/7399587/7399588/07399663.xml,publication,10.5594/M001675,File-Based Closed Captioning System without Captioning Delay,orig-research,2015,0b00006484d8cd6c
_source/SMPTE/Conference Repository/Conference Papers/2015/8046174/8046175/08046176.xml,publication,10.5594/M001735,Arts and Science &#x2013; Building the Educational Bridge,orig-research,2015,0b00006485f1a256
_source/SMPTE/Conference Repository/Conference Papers/2015/8046174/8046175/08046177.xml,publication,10.5594/M001736,Calibrated Color and Software for LED Luminaires,orig-research,2015,0b00006485f1a257
_source/SMPTE/Conference Repository/Conference Papers/2015/8046174/8046175/08046178.xml,publication,10.5594/M001737,IT-Based Switching Brings Francis Ford Coppola&#x0027;s New &#x201C;Live Cinema&#x201D; Project to Life,orig-research,2015,0b00006485f1a258
_source/SMPTE/Conference Repository/Conference Papers/2015/8046174/8046175/08046179.xml,publication,10.5594/M001738,How Automation Can Help Broadcasters and Production Companies Reach Video Production Nirvana,orig-research,2015,0b00006485f1a259
_source/SMPTE/Conference Repository/Conference Papers/2015/8046174/8046175/08046180.xml,publication,10.5594/M001739,Lost in the Clouds? Cloud Storage Fits Into Media Workflows&#x2014;Just Not Everywhere,orig-research,2015,0b00006485f1a25a
_source/SMPTE/Conference Repository/Conference Papers/2015/8046174/8046175/08046181.xml,publication,10.5594/M001740,Linear Sales Automation and Data Insight As a Step Towards Programmatic TV,orig-research,2015,0b00006485f1a25b
_source/SMPTE/Conference Repository/Conference Papers/2015/8046174/8046175/08046182.xml,publication,10.5594/M001741,Quality Control &#x0026; Monitoring in OTT Workflows,orig-research,2015,0b00006485f1a25c
_source/SMPTE/Conference Repository/Conference Papers/2015/8046174/8046175/08046183.xml,publication,10.5594/M001742,How to Coordinate the Streamlined Operations for Commercial Purposes Successfully?,orig-research,2015,0b00006485f1a25d
_source/SMPTE/Conference Repository/Conference Papers/2015/8046174/8046175/08046184.xml,publication,10.5594/M001743,IP Workflow and Scalable Video Performance,orig-research,2015,0b00006485f1a2ad
_source/SMPTE/Conference Repository/Conference Papers/2015/8046174/8046175/08046185.xml,publication,10.5594/M001744,Media Storage in the Cloud,orig-research,2015,0b00006485f1a2ae
_source/SMPTE/Conference Repository/Conference Papers/2015/8046174/8046175/08046186.xml,publication,10.5594/M001745,Delivering Drama for Extreme Screen,orig-research,2015,0b00006485f1a2af
_source/SMPTE/Conference Repository/Conference Papers/2015/8046174/8046175/08046187.xml,publication,10.5594/M001746,Why Does Cinema Sound Quality Mostly Fail to Realise Its Potential? Some Interesting Results from The SMPTE&#x0027;s 2014 Report on Cinema Sound Systems,orig-research,2015,0b00006485f1a2b0
_source/SMPTE/Conference Repository/Conference Papers/2015/8046174/8046175/08046188.xml,publication,10.5594/M001747,LTE Managed Media Contribution,orig-research,2015,0b00006485f1a2b1
_source/SMPTE/Conference Repository/Conference Papers/2015/8046174/8046175/08046189.xml,publication,10.5594/M001748,Capturing Sound for VR &#x0026; AR,orig-research,2015,0b00006485f1a2b2
_source/SMPTE/Conference Repository/Conference Papers/2015/8046174/8046175/08046190.xml,publication,10.5594/M001749,Designing Spatial Sound: Adapting Contemporary Screen Sound Design Practices for Virtual Reality,orig-research,2015,0b00006485f1a2b3
_source/SMPTE/Conference Repository/Conference Papers/2015/8046174/8046175/08046191.xml,publication,10.5594/M001750,Cost Increase due to UHD Video Broadcasting as Compared to HD,orig-research,2015,0b00006485f1a2b4
_source/SMPTE/Conference Repository/Conference Papers/2015/8046174/8046175/08046192.xml,publication,10.5594/M001751,HDR from the Perspective of a Camera Manufacturer,orig-research,2015,0b00006485f1a2b5
_source/SMPTE/Conference Repository/Conference Papers/2016/7819436/7819437/07819438.xml,publication,10.5594/M001676,8K-UHDTV Production Equipment and Workflow which Realize an Unprecedented Video Experience,orig-research,2016,0b00006485b656c8
_source/SMPTE/Conference Repository/Conference Papers/2016/7819436/7819437/07819439.xml,publication,10.5594/M001677,12G SDI over RF Coaxial Structures,orig-research,2016,0b00006485b656c9
_source/SMPTE/Conference Repository/Conference Papers/2016/7819436/7819437/07819440.xml,publication,10.5594/M001678,A 100Gbps Interface for 4k/8k UHDTV Signals,orig-research,2016,0b00006485b656ca
_source/SMPTE/Conference Repository/Conference Papers/2016/7819436/7819437/07819441.xml,publication,10.5594/M001679,A Biologically-Inspired Approach to Making HDR Video Quality Assessment Easier,orig-research,2016,0b00006485b656cb
_source/SMPTE/Conference Repository/Conference Papers/2016/7819436/7819437/07819442.xml,publication,10.5594/M001680,A Cinematographic Spectral Similarity Index,orig-research,2016,0b00006485b656cc
_source/SMPTE/Conference Repository/Conference Papers/2016/7819436/7819437/07819443.xml,publication,10.5594/M001681,A Comparison of Intra-Frame Codecs Considered for IMF,orig-research,2016,0b00006485b656cd
_source/SMPTE/Conference Repository/Conference Papers/2016/7819436/7819437/07819444.xml,publication,10.5594/M001682,A Modern Approach to HDR Color Timing,orig-research,2016,0b00006485b656ce
_source/SMPTE/Conference Repository/Conference Papers/2016/7819436/7819437/07819445.xml,publication,10.5594/M001683,A UHD 2/3-Inch CMOS Imager with Dynamic Pixel Management -an Enabler for New Format Flexibility,orig-research,2016,0b00006485b656cf
_source/SMPTE/Conference Repository/Conference Papers/2016/7819436/7819437/07819446.xml,publication,10.5594/M001684,Adapting Content to Different Display Capabilities and Viewing Environments,orig-research,2016,0b00006485b65721
_source/SMPTE/Conference Repository/Conference Papers/2016/7819436/7819437/07819447.xml,publication,10.5594/M001685,Advances in Coaxial Cable Design,orig-research,2016,0b00006485b65722
_source/SMPTE/Conference Repository/Conference Papers/2016/7819436/7819437/07819448.xml,publication,10.5594/M001686,An Extension of the Output Profile List for Semi-Automated Quality Control using IMF,orig-research,2016,0b00006485b65723
_source/SMPTE/Conference Repository/Conference Papers/2016/7819436/7819437/07819449.xml,publication,10.5594/M001687,"Automatic, Viewing-Condition Dependent Contrast Grading based on Perceptual Models",orig-research,2016,0b00006485b65724
_source/SMPTE/Conference Repository/Conference Papers/2016/7819436/7819437/07819450.xml,publication,10.5594/M001688,Automating The Exchange of Video Files,orig-research,2016,0b00006485b65725
_source/SMPTE/Conference Repository/Conference Papers/2016/7819436/7819437/07819451.xml,publication,10.5594/M001689,Beyond the Limits of Visual Acuity: The Real Reason for 4K and 8K Image Resolution,orig-research,2016,0b00006485b65726
_source/SMPTE/Conference Repository/Conference Papers/2016/7819436/7819437/07819452.xml,publication,10.5594/M001690,Breaking out of the 100-Nit Box - A Colorist&#x0027;s View of HDR Grading,orig-research,2016,0b00006485b65727
_source/SMPTE/Conference Repository/Conference Papers/2016/7819436/7819437/07819593.xml,publication,10.5594/M001691,Broadcast and Network Integration using the Network Control (SDN) API,orig-research,2016,0b00006485b65728
_source/SMPTE/Conference Repository/Conference Papers/2016/7819436/7819437/07819594.xml,publication,10.5594/M001692,Building The World&#x0027;s Most Complex TV Network (A Test Bed for Broadcasting Immersive and Interactive Audio<sup>1</sup>),orig-research,2016,0b00006485b65729
_source/SMPTE/Conference Repository/Conference Papers/2016/7819436/7819437/07819595.xml,publication,10.5594/M001693,Challenges of Delivering Superb Viewing Experience while Streaming UHD 4K and HDR Content in the Adaptive Bitrate (ABR) Era,orig-research,2016,0b00006485b6572a
_source/SMPTE/Conference Repository/Conference Papers/2016/7819436/7819437/07819596.xml,publication,10.5594/M001694,Common Mezzanine Distribution Format (CMZF): For ABR TV Distribution,orig-research,2016,0b00006485b65767
_source/SMPTE/Conference Repository/Conference Papers/2016/7819436/7819437/07819597.xml,publication,10.5594/M001695,Cutting The Cord @ 60 GHz,orig-research,2016,0b00006485b65768
_source/SMPTE/Conference Repository/Conference Papers/2016/7819436/7819437/07819598.xml,publication,10.5594/M001696,Development of an 8K Production System with 120 Hz Frame Frequency,orig-research,2016,0b00006485b65769
_source/SMPTE/Conference Repository/Conference Papers/2016/7819436/7819437/07819599.xml,publication,10.5594/M001697,Efficient Monitoring of ST2059-2 based Time Transfer Performance,orig-research,2016,0b00006485b6576a
_source/SMPTE/Conference Repository/Conference Papers/2016/7819436/7819437/07819600.xml,publication,10.5594/M001698,Flexible SDI - The Universal Transport for Streamed Media,orig-research,2016,0b00006485b6576b
_source/SMPTE/Conference Repository/Conference Papers/2016/7819436/7819437/07819601.xml,publication,10.5594/M001699,GPU-Based Real-Time System for Cinematic Virtual Reality Production,orig-research,2016,0b00006485b6576c
_source/SMPTE/Conference Repository/Conference Papers/2016/7819436/7819437/07819602.xml,publication,10.5594/M001700,HDR Perception Challenges and Measures in Cinematographic Environment,orig-research,2016,0b00006485b6576d
_source/SMPTE/Conference Repository/Conference Papers/2016/7819436/7819437/07819603.xml,publication,10.5594/M001701,HEVC Mezzanine Compression for UHD Transport over SDI and IP infrastructures,orig-research,2016,0b00006485b6576e
_source/SMPTE/Conference Repository/Conference Papers/2016/7819436/7819437/07819604.xml,publication,10.5594/M001702,How&#x0027;s your Hooper Rating?,orig-research,2016,0b00006485b6576f
_source/SMPTE/Conference Repository/Conference Papers/2016/7819436/7819437/07819605.xml,publication,10.5594/M001703,Is There an Uncanny Valley in Frame Rate Perception?,orig-research,2016,0b00006485b65770
_source/SMPTE/Conference Repository/Conference Papers/2016/7819436/7819437/07819606.xml,publication,10.5594/M001704,It&#x0027;s all Backwards: Rethinking Frame Rate and Temporal Fidelity in a Cinema Workflow,orig-research,2016,0b00006485b657b1
_source/SMPTE/Conference Repository/Conference Papers/2016/7819436/7819437/07819607.xml,publication,10.5594/M001705,Large scale PTP: How big can it get?,orig-research,2016,0b00006485b657b2
_source/SMPTE/Conference Repository/Conference Papers/2016/7819436/7819437/07819608.xml,publication,10.5594/M001706,Looking Deep into the Future Infrastructure Prospects for the Media Enterprise in 2036,orig-research,2016,0b00006485b657b3
_source/SMPTE/Conference Repository/Conference Papers/2016/7819436/7819437/07819609.xml,publication,10.5594/M001707,Loudspeaker Requirements in Object-Based Cinema,orig-research,2016,0b00006485b657b4
_source/SMPTE/Conference Repository/Conference Papers/2016/7819436/7819437/07819610.xml,publication,10.5594/M001708,Luminance-Preserving Colour Conversion,orig-research,2016,0b00006485b657b5
_source/SMPTE/Conference Repository/Conference Papers/2016/7819436/7819437/07819611.xml,publication,10.5594/M001709,NABA DPP Files Specifications for North America,orig-research,2016,0b00006485b657b6
_source/SMPTE/Conference Repository/Conference Papers/2016/7819436/7819437/07819612.xml,publication,10.5594/M001710,NDR - A Machine-Readable Model for News Content Distribution Control,orig-research,2016,0b00006485b657b7
_source/SMPTE/Conference Repository/Conference Papers/2016/7819436/7819437/07819613.xml,publication,10.5594/M001711,Objectively Evaluating High-Dynamic-Range and Wide-Color-Gamut Color Accuracy,orig-research,2016,0b00006485b657b8
_source/SMPTE/Conference Repository/Conference Papers/2016/7819436/7819437/07819614.xml,publication,10.5594/M001712,Open-Source Spatial Audio Compression for VR Content,orig-research,2016,0b00006485b657b9
_source/SMPTE/Conference Repository/Conference Papers/2016/7819436/7819437/07819615.xml,publication,10.5594/M001713,Perceptually-based Gamut Extension Algorithm for Emerging Wide Color Gamut Display and Projection Technologies,orig-research,2016,0b00006485b657ba
_source/SMPTE/Conference Repository/Conference Papers/2016/7819436/7819437/07819616.xml,publication,10.5594/M001714,Practical Transition Strategies of SDI Facilities Utilizing Newer IP Baseband A/V Signals,orig-research,2016,0b00006485b657fb
_source/SMPTE/Conference Repository/Conference Papers/2016/7819436/7819437/07819617.xml,publication,10.5594/M001715,"&#x201C;The Suitcase&#x201D;: Using C4, Semantics and NoSQL for Managing Motion Picture Data",orig-research,2016,0b00006485b657fc
_source/SMPTE/Conference Repository/Conference Papers/2016/7819436/7819437/07819618.xml,publication,10.5594/M001716,Re-Energize Entertainment Engineering: How to Blend the Experience of Yesterday with Millennials&#x0027; Vision of Tomorrow,orig-research,2016,0b00006485b657fd
_source/SMPTE/Conference Repository/Conference Papers/2016/7819436/7819437/07819619.xml,publication,10.5594/M001717,Reinventing Content Storage to Solve Today&#x0027;s and Tomorrow&#x0027;s Media Workflow Challenges : Making the Case for Intelligent and Agile Storage Platforms,orig-research,2016,0b00006485b657fe
_source/SMPTE/Conference Repository/Conference Papers/2016/7819436/7819437/07819620.xml,publication,10.5594/M001718,Research on the Movie Theater Requirements for Multiple-Screen Projection,orig-research,2016,0b00006485b657ff
_source/SMPTE/Conference Repository/Conference Papers/2016/7819436/7819437/07819621.xml,publication,10.5594/M001719,"Return Loss: What, Why, How, and Where",orig-research,2016,0b00006485b65800
_source/SMPTE/Conference Repository/Conference Papers/2016/7819436/7819437/07819622.xml,publication,10.5594/M001720,"Scaling IMF: How to Manage 10,000 IMF Packages",orig-research,2016,0b00006485b65801
_source/SMPTE/Conference Repository/Conference Papers/2016/7819436/7819437/07819623.xml,publication,10.5594/M001721,Screen Brightness Uniformity: Analysis and Comparisons,orig-research,2016,0b00006485b65802
_source/SMPTE/Conference Repository/Conference Papers/2016/7819436/7819437/07819624.xml,publication,10.5594/M001722,Securing IMF,orig-research,2016,0b00006485b65803
_source/SMPTE/Conference Repository/Conference Papers/2016/7819436/7819437/07819625.xml,publication,10.5594/M001723,Security in the Cloud with IMF,orig-research,2016,0b00006485b65804
_source/SMPTE/Conference Repository/Conference Papers/2016/7819436/7819437/07819626.xml,publication,10.5594/M001724,Techniques to Detect Modified Video,orig-research,2016,0b00006485b65837
_source/SMPTE/Conference Repository/Conference Papers/2016/7819436/7819437/07819627.xml,publication,10.5594/M001725,The Challenges of Forensic Watermarking UHD/HDR Content,orig-research,2016,0b00006485b65838
_source/SMPTE/Conference Repository/Conference Papers/2016/7819436/7819437/07819628.xml,publication,10.5594/M001726,"The Future&#x0027;s So Bright, I Gotta Wear Shades: Test Patterns for HDR",orig-research,2016,0b00006485b65839
_source/SMPTE/Conference Repository/Conference Papers/2016/7819436/7819437/07819629.xml,publication,10.5594/M001727,The Perceived Intra-Frame Dynamic Range in a Cinema Environment,orig-research,2016,0b00006485b6583a
_source/SMPTE/Conference Repository/Conference Papers/2016/7819436/7819437/07819630.xml,publication,10.5594/M001728,The Resolution Revolution: How Many Bits Do We Really Need?,orig-research,2016,0b00006485b6583b
_source/SMPTE/Conference Repository/Conference Papers/2016/7819436/7819437/07819631.xml,publication,10.5594/M001729,The Special Challenges of Offering High Quality Experience for VR Video,orig-research,2016,0b00006485b6583c
_source/SMPTE/Conference Repository/Conference Papers/2016/7819436/7819437/07819632.xml,publication,10.5594/M001730,Through The Smoke: A Look At Industry Trends,orig-research,2016,0b00006485b6583d
_source/SMPTE/Conference Repository/Conference Papers/2016/7819436/7819437/07819633.xml,publication,10.5594/M001731,Titling for Live Streaming and File-Based Broadcast Workflows,orig-research,2016,0b00006485b6583e
_source/SMPTE/Conference Repository/Conference Papers/2016/7819436/7819437/07819634.xml,publication,10.5594/M001732,Virtualization: Changing the Face and the Pace of Master Control Projects,orig-research,2016,0b00006485b6583f
_source/SMPTE/Conference Repository/Conference Papers/2016/7819436/7819437/07819635.xml,publication,10.5594/M001733,Virtually Perfect: Factors Affecting the Quality of a VR Experience and the need for a VR Content Quality Standard,orig-research,2016,0b00006485b65840
_source/SMPTE/Conference Repository/Conference Papers/2016/7819436/7819437/07819636.xml,publication,10.5594/M001734,VP9 Encoder and Decoders for Next Generation Online Video Platforms and Services,orig-research,2016,0b00006485b6587d
_source/SMPTE/Conference Repository/Conference Papers/2017/8281382/8281383/08281384.xml,publication,10.5594/M001752,Display Interfacing 2017: Getting Around the UHD &#x2018;Speed Bump&#x2019;,orig-research,2017,0b00006486c41425
_source/SMPTE/Conference Repository/Conference Papers/2017/8281382/8281383/08281385.xml,publication,10.5594/M001753,Engineering a live UHD program from the International Space Station,orig-research,2017,0b00006486c41426
_source/SMPTE/Conference Repository/Conference Papers/2017/8281382/8281383/08281386.xml,publication,10.5594/M001754,Proposed Measured Display Characterization File for HDR Consumer Displays,orig-research,2017,0b00006486c41427
_source/SMPTE/Conference Repository/Conference Papers/2017/8281382/8281383/08281387.xml,publication,10.5594/M001755,A User Study of Story Presence in an Immersive Narrative Experience tested with Variant Levels of Immersion,orig-research,2017,0b00006486c41428
_source/SMPTE/Conference Repository/Conference Papers/2017/8281382/8281383/08281388.xml,publication,10.5594/M001756,ARnold: A Mixed Reality Short Film using Microsoft HoloLens,orig-research,2017,0b00006486c41429
_source/SMPTE/Conference Repository/Conference Papers/2017/8281382/8281383/08281389.xml,publication,10.5594/M001757,"The Immersive Experience Classification System: A New, Strategic Decision-Making Tool For Content Creators",orig-research,2017,0b00006486c4142a
_source/SMPTE/Conference Repository/Conference Papers/2017/8281382/8281383/08281390.xml,publication,10.5594/M001758,360-Degree Video Streaming and its Subjective Quality,orig-research,2017,0b00006486c4142b
_source/SMPTE/Conference Repository/Conference Papers/2017/8281382/8281383/08281391.xml,publication,10.5594/M001759,Case Study: Bridging Gaming and Broadcast Technology for High Productivity Production,orig-research,2017,0b00006486c4142c
_source/SMPTE/Conference Repository/Conference Papers/2017/8281382/8281383/08281392.xml,publication,10.5594/M001760,State of the Art Virtual Reality Streaming: Solutions for Reducing Bandwidth and Improving Video Quality,orig-research,2017,0b00006486c4147b
_source/SMPTE/Conference Repository/Conference Papers/2017/8281382/8281383/08281393.xml,publication,10.5594/M001761,Blockchain &#x0026; the Hollywood Supply Chain,orig-research,2017,0b00006486c4147c
_source/SMPTE/Conference Repository/Conference Papers/2017/8281382/8281383/08281394.xml,publication,10.5594/M001762,Notice of Removal: Shoring up Your Dam in the Cloud,orig-research,2017,0b00006486c4147d
_source/SMPTE/Conference Repository/Conference Papers/2017/8281382/8281383/08281395.xml,publication,10.5594/M001763,Notice of Removal: Stream Privacy for ABR TV and OTT Services,orig-research,2017,0b00006486c4147e
_source/SMPTE/Conference Repository/Conference Papers/2017/8281382/8281383/08281396.xml,publication,10.5594/M001764,Parameters Affecting the Performance of 12G Digital Patching Systems,orig-research,2017,0b00006486c4147f
_source/SMPTE/Conference Repository/Conference Papers/2017/8281382/8281383/08281397.xml,publication,10.5594/M001765,Programmable Data Plane for Professional Media Networking,orig-research,2017,0b00006486c41480
_source/SMPTE/Conference Repository/Conference Papers/2017/8281382/8281383/08281398.xml,publication,10.5594/M001766,Notice of Removal: Applying an agile approach to next generation Media Management,orig-research,2017,0b00006486c41481
_source/SMPTE/Conference Repository/Conference Papers/2017/8281382/8281383/08281399.xml,publication,10.5594/M001767,IMF End-to-End Workflows in Media Asset Management Systems,orig-research,2017,0b00006486c41482
_source/SMPTE/Conference Repository/Conference Papers/2017/8281382/8281383/08281400.xml,publication,10.5594/M001768,Leveraging Hybrid Cloud Workflows in Media and Entertainment,orig-research,2017,0b00006486c41483
_source/SMPTE/Conference Repository/Conference Papers/2017/8281382/8281383/08281401.xml,publication,10.5594/M001769,An Internet of Things Architecture for Cloud-fit Professional Media Workflow,orig-research,2017,0b00006486c41484
_source/SMPTE/Conference Repository/Conference Papers/2017/8281382/8281383/08281402.xml,publication,10.5594/M001770,Cloud Transition Patterns for Media Enterprises,orig-research,2017,0b00006486c414c2
_source/SMPTE/Conference Repository/Conference Papers/2017/8281382/8281383/08281403.xml,publication,10.5594/M001771,Moving to the Cloud: Current Risks &#x0026; Rewards: An analysis of the state of the art for cloud-based production pipelines,orig-research,2017,0b00006486c414c3
_source/SMPTE/Conference Repository/Conference Papers/2017/8281382/8281383/08281404.xml,publication,10.5594/M001772,A Formal Approach to Change Management (CM) for Dynamic Technology-driven Media Organizations,orig-research,2017,0b00006486c414c4
_source/SMPTE/Conference Repository/Conference Papers/2017/8281382/8281383/08281405.xml,publication,10.5594/M001773,Why Diversity Programs Fail &#x2013; And How to Fix Them,orig-research,2017,0b00006486c414c5
_source/SMPTE/Conference Repository/Conference Papers/2017/8281382/8281383/08281406.xml,publication,10.5594/M001774,"Begin with the End in Mind: A Unified End-to-End Quality-of-Experience Monitoring, Optimization and Management Framework",orig-research,2017,0b00006486c414c6
_source/SMPTE/Conference Repository/Conference Papers/2017/8281382/8281383/08281407.xml,publication,10.5594/M001775,Notice of Removal: Towards Scalable Automated Analysis of Digital Video Assets for Content Quality Control Applications,orig-research,2017,0b00006486c414c7
_source/SMPTE/Conference Repository/Conference Papers/2017/8281382/8281383/08281408.xml,publication,10.5594/M001776,Notice of Removal: Zen and the Art of Media in Motion: The many aspects of quality in the media supply chain,orig-research,2017,0b00006486c414c8
_source/SMPTE/Conference Repository/Conference Papers/2017/8281382/8281383/08281409.xml,publication,10.5594/M001777,Access Services for UHDTV: an Initial Investigation of W3C TTML2 Subtitles (Closed-Captions),orig-research,2017,0b00006486c414c9
_source/SMPTE/Conference Repository/Conference Papers/2017/8281382/8281383/08281410.xml,publication,10.5594/M001778,Beyond 4K: Can We Actually Tell Stories In Motion Pictures And Television In 8K?,orig-research,2017,0b00006486c414ca
_source/SMPTE/Conference Repository/Conference Papers/2017/8281382/8281383/08281411.xml,publication,10.5594/M001779,Implementation of Closed Captioning System for Terrestrial UHD based on ATSC 3.0,orig-research,2017,0b00006486c414cb
_source/SMPTE/Conference Repository/Conference Papers/2017/8281382/8281383/08281412.xml,publication,10.5594/M001780,An 8K full-resolution 60-Hz/120-Hz multi-format portable camera system,orig-research,2017,0b00006486c41508
_source/SMPTE/Conference Repository/Conference Papers/2017/8281382/8281383/08281413.xml,publication,10.5594/M001781,Choosing Encoding Parameters for High-Dynamic Range Streaming,orig-research,2017,0b00006486c41509
_source/SMPTE/Conference Repository/Conference Papers/2017/8281382/8281383/08281414.xml,publication,10.5594/M001782,Content Production Technology on Hybrid Log-Gamma,orig-research,2017,0b00006486c4150a
_source/SMPTE/Conference Repository/Conference Papers/2017/8281382/8281383/08281415.xml,publication,10.5594/M001783,Non-iterative Content-Adaptive Distributed Encoding Through ML Techniques,orig-research,2017,0b00006486c4150b
_source/SMPTE/Conference Repository/Conference Papers/2017/8281382/8281383/08281416.xml,publication,10.5594/M001784,QBR Metadata To Improve Streaming Efficiency and Quality,orig-research,2017,0b00006486c4150c
_source/SMPTE/Conference Repository/Conference Papers/2017/8281382/8281383/08281417.xml,publication,10.5594/M001785,8K-TICO Codec for Miniaturized and Simplified UHDTV Production Systems,orig-research,2017,0b00006486c4150d
_source/SMPTE/Conference Repository/Conference Papers/2017/8281382/8281383/08281418.xml,publication,10.5594/M001786,Notice of Removal: JPEG-XS - A high quality mezzanine image codec for video over IP,orig-research,2017,0b00006486c4150e
_source/SMPTE/Conference Repository/Conference Papers/2017/8281382/8281383/08281419.xml,publication,10.5594/M001787,Next-Generation Video Compression Techniques,orig-research,2017,0b00006486c4150f
_source/SMPTE/Conference Repository/Conference Papers/2017/8281382/8281383/08281420.xml,publication,10.5594/M001788,Projector Contrast Performance in a Cinema Environment,orig-research,2017,0b00006486c41510
_source/SMPTE/Conference Repository/Conference Papers/2017/8281382/8281383/08281421.xml,publication,10.5594/M001789,Variable Frame Rate Display for Cinematic Presentations,orig-research,2017,0b00006486c41511
_source/SMPTE/Conference Repository/Conference Papers/2017/8281382/8281383/08281422.xml,publication,10.5594/M001790,"VR Theater, a Virtual Reality based Multi-Screen Movie Theater Simulator for Verifying Multi-Screen Content and Environment",orig-research,2017,0b00006486c4154f
_source/SMPTE/Conference Repository/Conference Papers/2017/8281382/8281383/08281423.xml,publication,10.5594/M001791,Automating Digital Asset Production with SCTE Messages,orig-research,2017,0b00006486c41550
_source/SMPTE/Conference Repository/Conference Papers/2017/8281382/8281383/08281424.xml,publication,10.5594/M001792,Notice of Removal: IMPlementation: IMF in Practice,orig-research,2017,0b00006486c41551
_source/SMPTE/Conference Repository/Conference Papers/2017/8281382/8281383/08281425.xml,publication,10.5594/M001793,Microservices: Building blocks to new workflows and virtualization,orig-research,2017,0b00006486c41552
_source/SMPTE/Conference Repository/Conference Papers/2017/8281382/8281383/08281426.xml,publication,10.5594/M001794,How Artificial Intelligence and Machine Learning Will Change Content Creation Methodologies,orig-research,2017,0b00006486c41553
_source/SMPTE/Conference Repository/Conference Papers/2017/8281382/8281383/08281427.xml,publication,10.5594/M001795,Real-Time Measurement of Ultra-High Definition Camera Modulation Transfer Function,orig-research,2017,0b00006486c41554
_source/SMPTE/Conference Repository/Conference Papers/2017/8281382/8281383/08281428.xml,publication,10.5594/M001796,Building a Cognitive Data Management Strategy (And Why Doing So is Suddenly So Important),orig-research,2017,0b00006486c41555
_source/SMPTE/Conference Repository/Conference Papers/2017/8281382/8281383/08281429.xml,publication,10.5594/M001797,"Exploring Image Corruption in the Workflow, and how to Stop this from Happening",orig-research,2017,0b00006486c41556
_source/SMPTE/Conference Repository/Conference Papers/2017/8281382/8281383/08281430.xml,publication,10.5594/M001798,"NABA DPP: Specifications, Standards, and Content Delivery",orig-research,2017,0b00006486c41557
_source/SMPTE/Conference Repository/Conference Papers/2017/8281382/8281383/08281431.xml,publication,10.5594/M001799,"An Open, Standards Based Framework for Audio Metadata Transport in Live Content Workflows",orig-research,2017,0b00006486c41558
_source/SMPTE/Conference Repository/Conference Papers/2017/8281382/8281383/08281432.xml,publication,10.5594/M001800,Metadata based audio production for Next Generation Audio formats,orig-research,2017,0b00006486c41595
_source/SMPTE/Conference Repository/Conference Papers/2017/8281382/8281383/08281433.xml,publication,10.5594/M001801,Assessing Psychophysics Functions for Frame Rate Perception,orig-research,2017,0b00006486c41596
_source/SMPTE/Conference Repository/Conference Papers/2017/8281382/8281383/08281434.xml,publication,10.5594/M001802,Hitting the Mark - A New Color Difference Metric for HDR and WCG Imagery,orig-research,2017,0b00006486c41597
_source/SMPTE/Conference Repository/Conference Papers/2017/8281382/8281383/08281435.xml,publication,10.5594/M001803,Is seeing still believing: a critical review of the factors that allow humans and machines to discriminate between real and generated images in the context of News &#x0026; Factual content,orig-research,2017,0b00006486c41598
_source/SMPTE/Conference Repository/Conference Papers/2017/8281382/8281383/08281436.xml,publication,10.5594/M001804,Closed Captioning and Subtitling for Social Media,orig-research,2017,0b00006486c41599
_source/SMPTE/Conference Repository/Conference Papers/2017/8281382/8281383/08281437.xml,publication,10.5594/M001805,Out of Band SCTE 35,orig-research,2017,0b00006486c4159a
_source/SMPTE/Conference Repository/Conference Papers/2017/8281382/8281383/08281438.xml,publication,10.5594/M001806,"Automatic, Fast and Perceptually Accurate Gamut Mapping Based on Vision Science Models",orig-research,2017,0b00006486c4159b
_source/SMPTE/Conference Repository/Conference Papers/2017/8281382/8281383/08281439.xml,publication,10.5594/M001807,Color-matching Shots from Different Cameras Having Unknown Gamma or Logarithmic Encoding Curves,orig-research,2017,0b00006486c4159c
_source/SMPTE/Conference Repository/Conference Papers/2017/8281382/8281383/08281440.xml,publication,10.5594/M001808,Core Color Rendering Algorithms For High Dynamic Range Display,orig-research,2017,0b00006486c4159d
_source/SMPTE/Conference Repository/Conference Papers/2018/8609866/8609867/08609868.xml,publication,10.5594/M001809,Black Level Visibility as a Function of Ambient Illumination,orig-research,2018,0b00006488a10bc1
_source/SMPTE/Conference Repository/Conference Papers/2018/8609866/8609867/08609869.xml,publication,10.5594/M001810,Influence of Ambient Chromaticity on Portable Display Color Appearance,orig-research,2018,0b00006488a10bc2
_source/SMPTE/Conference Repository/Conference Papers/2018/8609866/8609867/08609870.xml,publication,10.5594/M001811,New Standards for Immersive Storytelling through Light Field Displays,orig-research,2018,0b00006488a10bc3
_source/SMPTE/Conference Repository/Conference Papers/2018/8609866/8609867/08609871.xml,publication,10.5594/M001812,The Automated AI Workflow is here&#x2026; If you know where to look,orig-research,2018,0b00006488a10bc4
_source/SMPTE/Conference Repository/Conference Papers/2018/8609866/8609867/08609872.xml,publication,10.5594/M001813,Artificial Intelligence For Media Operations Why AI algorithms will become a must for every network management system,orig-research,2018,0b00006488a10bc5
_source/SMPTE/Conference Repository/Conference Papers/2018/8609866/8609867/08609873.xml,publication,10.5594/M001814,Automating Metadata Logging through Artificial Intelligence,orig-research,2018,0b00006488a10bc6
_source/SMPTE/Conference Repository/Conference Papers/2018/8609866/8609867/08609874.xml,publication,10.5594/M001815,"Maximizing content with cloud, virtualization and AI",orig-research,2018,0b00006488a10bc7
_source/SMPTE/Conference Repository/Conference Papers/2018/8609866/8609867/08609875.xml,publication,10.5594/M001816,Artificial Intelligence for the automation of robotic cameras in live sports,orig-research,2018,0b00006488a10bc8
_source/SMPTE/Conference Repository/Conference Papers/2018/8609866/8609867/08609876.xml,publication,10.5594/M001817,Exploring Creative Frontiers of AI for M&#x0026;E Production and Distribution,orig-research,2018,0b00006488a10c18
_source/SMPTE/Conference Repository/Conference Papers/2018/8609866/8609867/08609877.xml,publication,10.5594/M001818,Beyond Better Pixels: How HDR Perceptually and Emotionally Effects Storytelling,orig-research,2018,0b00006488a10c19
_source/SMPTE/Conference Repository/Conference Papers/2018/8609866/8609867/08610018.xml,publication,10.5594/M001819,Using High Dynamic Range Home Master Statistics to Predict Dynamic Range Requirement for Cinema,orig-research,2018,0b00006488a10c1a
_source/SMPTE/Conference Repository/Conference Papers/2018/8609866/8609867/08610019.xml,publication,10.5594/M001820,What are the &#x201C;killer apps&#x201D; for HDR? Analysis of SDR assets to predict the potential of HDR,orig-research,2018,0b00006488a10c1b
_source/SMPTE/Conference Repository/Conference Papers/2018/8609866/8609867/08610020.xml,publication,10.5594/M001821,A survey on 3D-LUT performance in 10-bit and 12-bit HDR BT.2100 PQ,orig-research,2018,0b00006488a10c1c
_source/SMPTE/Conference Repository/Conference Papers/2018/8609866/8609867/08610021.xml,publication,10.5594/M001822,Scene-light conversions: the key to enabling live HDR production,orig-research,2018,0b00006488a10c1d
_source/SMPTE/Conference Repository/Conference Papers/2018/8609866/8609867/08610022.xml,publication,10.5594/M001823,Variable Frame Rate Technology &#x2014; Change Is Good!,orig-research,2018,0b00006488a10c1e
_source/SMPTE/Conference Repository/Conference Papers/2018/8609866/8609867/08610023.xml,publication,10.5594/M001824,An Assessment of Reference Levels in HDR Content,orig-research,2018,0b00006488a10c1f
_source/SMPTE/Conference Repository/Conference Papers/2018/8609866/8609867/08610024.xml,publication,10.5594/M001825,Development of Full-featured 8K Recorder,orig-research,2018,0b00006488a10c20
_source/SMPTE/Conference Repository/Conference Papers/2018/8609866/8609867/08610025.xml,publication,10.5594/M001826,Editing in the Cloud,orig-research,2018,0b00006488a10c21
_source/SMPTE/Conference Repository/Conference Papers/2018/8609866/8609867/08610026.xml,publication,10.5594/M001827,"The Broadcast Transition to IP: Virtualization, The Cloud, The Edge and Application Programming Interfaces (APIs)",orig-research,2018,0b00006488a10c5e
_source/SMPTE/Conference Repository/Conference Papers/2018/8609866/8609867/08610027.xml,publication,10.5594/M001828,A Location-free Commentary Adding System for Live Streaming Using a Cloud Infrastructure,orig-research,2018,0b00006488a10c5f
_source/SMPTE/Conference Repository/Conference Papers/2018/8609866/8609867/08610028.xml,publication,10.5594/M001829,Massively Parallel Open Source Encoding for Adaptive Streaming,orig-research,2018,0b00006488a10c60
_source/SMPTE/Conference Repository/Conference Papers/2018/8609866/8609867/08610029.xml,publication,10.5594/M001830,MPEG-I Future Directions,orig-research,2018,0b00006488a10c61
_source/SMPTE/Conference Repository/Conference Papers/2018/8609866/8609867/08610030.xml,publication,10.5594/M001831,A Threat Analysis of Virtual Reality for the Media Industry,orig-research,2018,0b00006488a10c62
_source/SMPTE/Conference Repository/Conference Papers/2018/8609866/8609867/08610031.xml,publication,10.5594/M001832,Automated Distribution Workflows Based on IMF Metadata,orig-research,2018,0b00006488a10c63
_source/SMPTE/Conference Repository/Conference Papers/2018/8609866/8609867/08610032.xml,publication,10.5594/M001833,Good Things Come In Small Packages Microservices For Media,orig-research,2018,0b00006488a10c64
_source/SMPTE/Conference Repository/Conference Papers/2018/8609866/8609867/08610033.xml,publication,10.5594/M001834,"Robust, Repeatable and Interoperable Workflows through IMF Output Profile Lists",orig-research,2018,0b00006488a10c65
_source/SMPTE/Conference Repository/Conference Papers/2018/8609866/8609867/08610034.xml,publication,10.5594/M001835,"In-camera, Photorealistic Style Transfer for On-set Automatic Grading",orig-research,2018,0b00006488a10c66
_source/SMPTE/Conference Repository/Conference Papers/2018/8609866/8609867/08610035.xml,publication,10.5594/M001836,Creative Grading - Or why a new way of broadcast camera control is needed,orig-research,2018,0b00006488a10c67
_source/SMPTE/Conference Repository/Conference Papers/2018/8609866/8609867/08610036.xml,publication,10.5594/M001837,Visual perceptual entropy measure,orig-research,2018,0b00006488a10cae
_source/SMPTE/Conference Repository/Conference Papers/2018/8609866/8609867/08610037.xml,publication,10.5594/M001838,Quantitative Evaluation and Attribute of Overall Brightness in a High Dynamic Range World,orig-research,2018,0b00006488a10caf
_source/SMPTE/Conference Repository/Conference Papers/2018/8609866/8609867/08610038.xml,publication,10.5594/M001839,"The Corporate Integrity Implosion: Strategies for Technology, Media &#x0026; Entertainment Organizations",orig-research,2018,0b00006488a10cb0
_source/SMPTE/Conference Repository/Conference Papers/2018/8609866/8609867/08610039.xml,publication,10.5594/M001840,Where are the Women? The importance of visibility in achieving inclusivity,orig-research,2018,0b00006488a10cb1
_source/SMPTE/Conference Repository/Conference Papers/2018/8609866/8609867/08610040.xml,publication,10.5594/M001841,Bridging the Gap Between Software and SMPTE ST 2110,orig-research,2018,0b00006488a10cb2
_source/SMPTE/Conference Repository/Conference Papers/2018/8609866/8609867/08610041.xml,publication,10.5594/M001842,Scalability and Performance of the AMWA IS-04 and IS-05 NMOS Specifications for Networked Media,orig-research,2018,0b00006488a10cb3
_source/SMPTE/Conference Repository/Conference Papers/2018/8609866/8609867/08610042.xml,publication,10.5594/M001843,Implementation of 8K vision mixer that transports 8K image as multiple 2K SMPTE ST 2110-20 flows,orig-research,2018,0b00006488a10cb4
_source/SMPTE/Conference Repository/Conference Papers/2018/8609866/8609867/08610043.xml,publication,10.5594/M001844,Non-blocking Multicast Networks for Transporting Stream Media,orig-research,2018,0b00006488a10cb5
_source/SMPTE/Conference Repository/Conference Papers/2018/8609866/8609867/08610044.xml,publication,10.5594/M001845,Analysis of User Exploration Patterns during Scene Cuts in Omnidirectional Videos,orig-research,2018,0b00006488a10cb6
_source/SMPTE/Conference Repository/Conference Papers/2018/8609866/8609867/08610045.xml,publication,10.5594/M001846,Immersive media experiences - what do we need to move forward?,orig-research,2018,0b00006488a10cb7
_source/SMPTE/Conference Repository/Conference Papers/2018/8609866/8609867/08610046.xml,publication,10.5594/M001847,A Subjective Comparison of Broadcast and Unicast Transmission Impairments,orig-research,2018,0b00006488a10cf4
_source/SMPTE/Conference Repository/Conference Papers/2018/8609866/8609867/08610047.xml,publication,10.5594/M001848,Stopping Geolocation Fraud Via &#x201C;Rented&#x201D; Residential IPs at the CDN Level to Protect Territorial Content Rights,orig-research,2018,0b00006488a10cf5
_source/SMPTE/Conference Repository/Conference Papers/2018/8609866/8609867/08610048.xml,publication,10.5594/M001849,"European Athletics Championships: Lessons from a Live, HDR, HFR, UHD and Next-Generation Audio sports event",orig-research,2018,0b00006488a10cf6
_source/SMPTE/Conference Repository/Conference Papers/2018/8609866/8609867/08610049.xml,publication,10.5594/M001850,CASE STUDY - UHD introduction at the Canadian Broadcasting Corporation,orig-research,2018,0b00006488a10cf7
_source/SMPTE/Conference Repository/Conference Papers/2018/8609866/8609867/08610050.xml,publication,10.5594/M001851,9 Years of Media and Entertainment Digital Storage Surveys,orig-research,2018,0b00006488a10cf8
_source/SMPTE/Conference Repository/Conference Papers/2018/8609866/8609867/08610051.xml,publication,10.5594/M001852,Implementing Hyperscale and HPC Techniques and Technologies Necessary to Modern Media and Broadcast Workflows,orig-research,2018,0b00006488a10cf9
_source/SMPTE/Conference Repository/Conference Papers/2018/8609866/8609867/08610052.xml,publication,10.5594/M001853,Direct View LED in the Cinema: Architectural and Engineering Considerations,orig-research,2018,0b00006488a10cfa
_source/SMPTE/Conference Repository/Conference Papers/2018/8609866/8609867/08610053.xml,publication,10.5594/M001854,SOUND AND FURY: BRINGING DOLBY ATMOS TO THE NHRA,orig-research,2018,0b00006488a10cfb
_source/SMPTE/Conference Repository/Conference Papers/2018/8609866/8609867/08610054.xml,publication,10.5594/M001855,Beyond SMPTE Time Code &#x2014; the TLX Project,orig-research,2018,0b00006488a10cfc
_source/SMPTE/Conference Repository/Conference Papers/2018/8609866/8609867/08610055.xml,publication,10.5594/M001856,Broadcast Channel Origination as a Service: from Concept to Operational Implementation,orig-research,2018,0b00006488a10cfd
_source/SMPTE/Conference Repository/Conference Papers/2018/8609866/8609867/08610056.xml,publication,10.5594/M001857,Blockchain application in Media and Entertainment,orig-research,2018,0b00006488a10d3c
_source/SMPTE/Conference Repository/Conference Papers/2018/8609866/8609867/08610057.xml,publication,10.5594/M001858,The De-centralized Rights Locker,orig-research,2018,0b00006488a10d3d
_source/SMPTE/Conference Repository/Conference Papers/2018/8609866/8609867/08610058.xml,publication,10.5594/M001859,Is Blockchain and Distributed Compute and Store Right for Post Production?,orig-research,2018,0b00006488a10d3e
_source/SMPTE/Conference Repository/Conference Papers/2019/8977456/8977457/08977458.xml,publication,10.5594/M001863,8K Camera Recorder using Organic CMOS Image Sensor,orig-research,2019,0b0000648bdbfb30
_source/SMPTE/Conference Repository/Conference Papers/2019/8977456/8977457/08977459.xml,publication,10.5594/M001864,1.25-inch 3-CMOS Multi-Functional High-Speed 8K Camera System,orig-research,2019,0b0000648bdbfb31
_source/SMPTE/Conference Repository/Conference Papers/2019/8977456/8977457/08977460.xml,publication,10.5594/M001865,Development of new 4K/8K UHDTV satellite broadcasting system in Japan,orig-research,2019,0b0000648bdbfb32
_source/SMPTE/Conference Repository/Conference Papers/2019/8977456/8977457/08977461.xml,publication,10.5594/M001866,Integrating Machine Learning Based Operators in Visual Effects Toolsets,orig-research,2019,0b0000648bdbfb33
_source/SMPTE/Conference Repository/Conference Papers/2019/8977456/8977457/08977462.xml,publication,10.5594/M001867,Rotoscope Automation with Deep Learning,orig-research,2019,0b0000648bdbfb34
_source/SMPTE/Conference Repository/Conference Papers/2019/8977456/8977457/08977463.xml,publication,10.5594/M001868,How AI Technology is Dramatically Improving Video Compression for Broadcast and OTT Content Delivery,orig-research,2019,0b0000648bdbfb35
_source/SMPTE/Conference Repository/Conference Papers/2019/8977456/8977457/08977464.xml,publication,10.5594/M001869,How Will We Archive And Preserve The Movies Of Tomorrow?,orig-research,2019,0b0000648bdbfb36
_source/SMPTE/Conference Repository/Conference Papers/2019/8977456/8977457/08977465.xml,publication,10.5594/M001870,Brightness in Cinema: When is it too bright?,orig-research,2019,0b0000648bdbfb94
_source/SMPTE/Conference Repository/Conference Papers/2019/8977456/8977457/08977466.xml,publication,10.5594/M001871,Uniformity Measurement for French Cinema,orig-research,2019,0b0000648bdbfb95
_source/SMPTE/Conference Repository/Conference Papers/2019/8977456/8977457/08977467.xml,publication,10.5594/M001872,Using Infrastructure-As-Code and the Public Cloud to Power On-air Media Creation Platforms,orig-research,2019,0b0000648bdbfb96
_source/SMPTE/Conference Repository/Conference Papers/2019/8977456/8977457/08977588.xml,publication,10.5594/M001873,Cloud Technology Drives Superior Video Encoding,orig-research,2019,0b0000648bdbfb97
_source/SMPTE/Conference Repository/Conference Papers/2019/8977456/8977457/08977589.xml,publication,10.5594/M001874,Live Cloud Ingest Using Open Alternatives RIST &#x0026; SRT,orig-research,2019,0b0000648bdbfb98
_source/SMPTE/Conference Repository/Conference Papers/2019/8977456/8977457/08977590.xml,publication,10.5594/M001875,Creating Bandwidth-Efficient Workflows with JPEG XS and ST 2110,orig-research,2019,0b0000648bdbfb99
_source/SMPTE/Conference Repository/Conference Papers/2019/8977456/8977457/08977591.xml,publication,10.5594/M001876,Speed-Distortion Optimization: Tradeoffs in Open-Source HEVC Encoding,orig-research,2019,0b0000648bdbfb9a
_source/SMPTE/Conference Repository/Conference Papers/2019/8977456/8977457/08977592.xml,publication,10.5594/M001877,MPEG-5 EVC,orig-research,2019,0b0000648bdbfb9b
_source/SMPTE/Conference Repository/Conference Papers/2019/8977456/8977457/08977593.xml,publication,10.5594/M001878,"Color Errors, Metamerism and Color Ellipses",orig-research,2019,0b0000648bdbfb9c
_source/SMPTE/Conference Repository/Conference Papers/2019/8977456/8977457/08977594.xml,publication,10.5594/M001879,&#x0394;E<inf>ITP</inf> is now ITU-R BT.2124-is the industry ready to move on from &#x0394;E2000?,orig-research,2019,0b0000648bdbfb9d
_source/SMPTE/Conference Repository/Conference Papers/2019/8977456/8977457/08977595.xml,publication,10.5594/M001880,Auxiliary Image Sequences in IMF,orig-research,2019,0b0000648bdbfbf8
_source/SMPTE/Conference Repository/Conference Papers/2019/8977456/8977457/08977596.xml,publication,10.5594/M001881,"Engagement with the Next-Gen: SMPTE&#x0027;s Role in K-12, Higher Education, and Other Institutions",orig-research,2019,0b0000648bdbfbf9
_source/SMPTE/Conference Repository/Conference Papers/2019/8977456/8977457/08977597.xml,publication,10.5594/M001882,HDR and WCG Image Quality Assessment Using Color Difference Metrics,orig-research,2019,0b0000648bdbfbfa
_source/SMPTE/Conference Repository/Conference Papers/2019/8977456/8977457/08977598.xml,publication,10.5594/M001883,An Investigation of Creative Power and the Value Wide Color Gamut Brings to Motion Picture Mastering,orig-research,2019,0b0000648bdbfbfb
_source/SMPTE/Conference Repository/Conference Papers/2019/8977456/8977457/08977599.xml,publication,10.5594/M001884,Film Grain and Film Scanner Noise in HDR Video,orig-research,2019,0b0000648bdbfbfc
_source/SMPTE/Conference Repository/Conference Papers/2019/8977456/8977457/08977600.xml,publication,10.5594/M001885,Strategies for Securing ST 2059-2 PTP Networks,orig-research,2019,0b0000648bdbfbfd
_source/SMPTE/Conference Repository/Conference Papers/2019/8977456/8977457/08977601.xml,publication,10.5594/M001886,Large Scale Deployment of SMPTE 2110: The IP Live Production Facility,orig-research,2019,0b0000648bdbfbfe
_source/SMPTE/Conference Repository/Conference Papers/2020/9490948/9490949/09490950.xml,publication,10.5594/M001901,UHD (2160 / HDR) and HD (1080 / BT.709) Simultaneous Workflows at the CBC,orig-research,2020,0b0000648e31bdb4
_source/SMPTE/Conference Repository/Conference Papers/2020/9490948/9490949/09490951.xml,publication,10.5594/M001902,UHD Production Codecs - the agony of choice,orig-research,2020,0b0000648e31bdb5
_source/SMPTE/Conference Repository/Conference Papers/2020/9490948/9490949/09490952.xml,publication,10.5594/M001903,The Color Compass: A Color Navigation System in a Dynamic Deliverable World,orig-research,2020,0b0000648e31bdb6
_source/SMPTE/Conference Repository/Conference Papers/2020/9490948/9490949/09490953.xml,publication,10.5594/M001904,JPEG-XS Codec Adapted to 8K and ST 2110,orig-research,2020,0b0000648e31bdb7
_source/SMPTE/Conference Repository/Conference Papers/2020/9490948/9490949/09490954.xml,publication,10.5594/M001905,A 2/3&#x2033; 9.5 Mpixel CMOS Imager with High Frame Rate and HDR Capabilities,orig-research,2020,0b0000648e31bdb8
_source/SMPTE/Conference Repository/Conference Papers/2020/9490948/9490949/09490955.xml,publication,10.5594/M001906,High Throughput JPEG 2000 for Broadcast and IP-based Applications,orig-research,2020,0b0000648e31bdb9
_source/SMPTE/Conference Repository/Conference Papers/2020/9490948/9490949/09490956.xml,publication,10.5594/M001907,New Technologies that Further Empower Digital Cinematography,orig-research,2020,0b0000648e31bdba
_source/SMPTE/Conference Repository/Conference Papers/2020/9490948/9490949/09490957.xml,publication,10.5594/M001908,High Density Encoding for ARRIRAW Image files,orig-research,2020,0b0000648e31bdbb
_source/SMPTE/Conference Repository/Conference Papers/2020/9490948/9490949/09490958.xml,publication,10.5594/M001909,Achieving Cinematic Motion with High Dynamic Range,orig-research,2020,0b0000648e31be17
_source/SMPTE/Conference Repository/Conference Papers/2020/9490948/9490949/09490959.xml,publication,10.5594/M001910,Live VR end-to-end workflows: real-life deployments and advances in VR and network technology,orig-research,2020,0b0000648e31be18
_source/SMPTE/Conference Repository/Conference Papers/2020/9490948/9490949/09490960.xml,publication,10.5594/M001911,Virtual Tour of Flanders,orig-research,2020,0b0000648e31be19
_source/SMPTE/Conference Repository/Conference Papers/2020/9490948/9490949/09490961.xml,publication,10.5594/M001912,How to ensure a good depth perception on a light field display,orig-research,2020,0b0000648e31be1a
_source/SMPTE/Conference Repository/Conference Papers/2020/9490948/9490949/09490962.xml,publication,10.5594/M001913,V-PCC: performance evaluation of the first MPEG Point Cloud Codec,orig-research,2020,0b0000648e31be1b
_source/SMPTE/Conference Repository/Conference Papers/2020/9490948/9490949/09490963.xml,publication,10.5594/M001914,Deep Learning Approach to Predicting the Success of Content,orig-research,2020,0b0000648e31be1c
_source/SMPTE/Conference Repository/Conference Papers/2020/9490948/9490949/09490964.xml,publication,10.5594/M001915,&#x201C;AI News Anchor&#x201D; with Deep Learning-based Speech Synthesis,orig-research,2020,0b0000648e31be1d
_source/SMPTE/Conference Repository/Conference Papers/2020/9490948/9490949/09490965.xml,publication,10.5594/M001916,Performance Comparison of Emerging EVC and VVC Video Coding Standards with HEVC and AV1,orig-research,2020,0b0000648e31be1e
_source/SMPTE/Conference Repository/Conference Papers/2020/9490948/9490949/09490966.xml,publication,10.5594/M001917,Monitoring and Analysis of SMPTE ST 2059-2 PTP Networks &#x0026; Media Devices,orig-research,2020,0b0000648e31be1f
_source/SMPTE/Conference Repository/Conference Papers/2020/9490948/9490949/09490967.xml,publication,10.5594/M001918,Automated Deployment of CBC/Radio-Canada&#x0027;s Media-over-IP Data Center,orig-research,2020,0b0000648e31be20
_source/SMPTE/Conference Repository/Conference Papers/2020/9490948/9490949/09490968.xml,publication,10.5594/M001919,"Identify, analyze and report networking issues in streaming services",orig-research,2020,0b0000648e31be7c
_source/SMPTE/Conference Repository/Conference Papers/2020/9490948/9490949/09490969.xml,publication,10.5594/M001920,NMOS - The Interoperable Control System for an IP world,orig-research,2020,0b0000648e31be7d
_source/SMPTE/Conference Repository/Conference Papers/2020/9490948/9490949/09490970.xml,publication,10.5594/M001921,A Color-Volume Mapping System for Perception-Accurate Reproduction of HDR Imagery in SDR production workflows,orig-research,2020,0b0000648e31be7e
_source/SMPTE/Conference Repository/Conference Papers/2020/9490948/9490949/09490971.xml,publication,10.5594/M001922,A Model for Very Wide Gamut HDR Displays that Accounts for the H-K Effect,orig-research,2020,0b0000648e31be7f
_source/SMPTE/Conference Repository/Conference Papers/2020/9490948/9490949/09490972.xml,publication,10.5594/M001923,Physiologically Personalized Color Management for Motion Picture Workflows,orig-research,2020,0b0000648e31be80
_source/SMPTE/Conference Repository/Conference Papers/2020/9490948/9490949/09490973.xml,publication,10.5594/M001924,Perceptually Dithered HDR for 8bit Interfaces,orig-research,2020,0b0000648e31be81
_source/SMPTE/Conference Repository/Conference Papers/2020/9490948/9490949/09490974.xml,publication,10.5594/M001925,A Benchmark of Objective Quality Metrics for HLG-Based HDR/WCG Image Coding,orig-research,2020,0b0000648e31be82
_source/SMPTE/Conference Repository/Conference Papers/2020/9490948/9490949/09490975.xml,publication,10.5594/M001926,Server-side Segment Selection For Low-latency Streaming - S4S,orig-research,2020,0b0000648e31be83
_source/SMPTE/Conference Repository/Conference Papers/2020/9490948/9490949/09490976.xml,publication,10.5594/M001927,Twenty years of Frame Interpolation for Retiming in the Movies,orig-research,2020,0b0000648e31be84
_source/SMPTE/Conference Repository/Conference Papers/2020/9490948/9490949/09490977.xml,publication,10.5594/M001928,Next Generation OTT Distribution Architecture Supporting Multicast-Assisted ABR (mABR) and HTTP/3 over QUIC,orig-research,2020,0b0000648e31be85
_source/SMPTE/Conference Repository/Conference Papers/2020/9490948/9490949/09490978.xml,publication,10.5594/M001929,Immersive Audio: Future-Proof Workflows For The Real World,orig-research,2020,0b0000648e31bee0
_source/SMPTE/Conference Repository/Conference Papers/2020/9490948/9490949/09490979.xml,publication,10.5594/M001930,The Challenges of Adapting News Production to the New Reality,orig-research,2020,0b0000648e31bee1
_source/SMPTE/Conference Repository/Conference Papers/2021/9779667/9779668/09779669.xml,publication,10.5594/M001931,Proxy Workflows for a Secure Remote Production Future,orig-research,2021,0b0000648f7868c1
_source/SMPTE/Conference Repository/Conference Papers/2021/9779667/9779668/09779670.xml,publication,10.5594/M001932,Multicam Live Production in a Virtual Environment,orig-research,2021,0b0000648f7868c2
_source/SMPTE/Conference Repository/Conference Papers/2021/9779667/9779668/09779671.xml,publication,10.5594/M001933,Toward Generalized Psychovisual Preprocessing for Video Encoding,orig-research,2021,0b0000648f7868c3
_source/SMPTE/Conference Repository/Conference Papers/2021/9779667/9779668/09779672.xml,publication,10.5594/M001934,ATSC 3.0 as a Use Case for Public Safety Communications,orig-research,2021,0b0000648f7868c4
_source/SMPTE/Conference Repository/Conference Papers/2021/9779667/9779668/09779673.xml,publication,10.5594/M001935,Calibrating LED Fixtures and Video Walls to the Camera&#x0027;s Chroma Signal,orig-research,2021,0b0000648f7868c5
_source/SMPTE/Conference Repository/Conference Papers/2021/9779667/9779668/09779674.xml,publication,10.5594/M001936,360 8K Viewport-Independent VR,orig-research,2021,0b0000648f7868c6
_source/SMPTE/Conference Repository/Conference Papers/2021/9779667/9779668/09780289.xml,publication,10.5594/M001937,Infrastructure as Code at CBC/Radio-Canada&#x0027;s Media-over-IP Data Center,orig-research,2021,0b0000648f7cb2a4
_source/SMPTE/Conference Repository/Conference Papers/2021/9779667/9779668/09780290.xml,publication,10.5594/M001938,5G Media Streaming and 5G Broadcast for Delivery of DASH/HLS Services,orig-research,2021,0b0000648f7cb2a5
_source/SMPTE/Conference Repository/Conference Papers/2021/9779667/9779668/09780291.xml,publication,10.5594/M001939,8K Camera System with Multi-plane Phase-detection Autofocus,orig-research,2021,0b0000648f7cb2a6
_source/SMPTE/Conference Repository/Conference Papers/2021/9779667/9779668/09780292.xml,publication,10.5594/M001940,The Problem with Timecode,orig-research,2021,0b0000648f7cb2a7
_source/SMPTE/Conference Repository/Conference Papers/2021/9779667/9779668/09780293.xml,publication,10.5594/M001941,Live Production System to Handle Video Signals with Various Aspect Ratios,orig-research,2021,0b0000648f7cb2a8
_source/SMPTE/Conference Repository/Conference Papers/2021/9779667/9779668/09780294.xml,publication,10.5594/M001942,Software Defined Ultra-low Latency Video-Over-IP System with Compression,orig-research,2021,0b0000648f7cb2a9
_source/SMPTE/Conference Repository/Conference Papers/2021/9779667/9779668/09780295.xml,publication,10.5594/M001943,Performance of Low-Latency DASH/CMAF and Low-Latency HLS Streaming Systems,orig-research,2021,0b0000648f7cb2aa
_source/SMPTE/Conference Repository/Conference Papers/2021/9779667/9779668/09780316.xml,publication,10.5594/M001944,Exploring Realtime Conversational Virtual Characters,orig-research,2021,0b0000648f7cb2ab
_source/SMPTE/Conference Repository/Conference Papers/2021/9779667/9779668/09780317.xml,publication,10.5594/M001945,Biometric Signals Reveal How Audiences Engage with Stories,orig-research,2021,0b0000648f7cb33b
_source/SMPTE/Conference Repository/Conference Papers/2021/9779667/9779668/09780318.xml,publication,10.5594/M001946,"New Generation 2/3&#x201C;, 9.5 Mpix CMOS Imager Combines Charge-domain Global Shutter Operation with Exceptional High-speed Capability",orig-research,2021,0b0000648f7cb33c
_source/SMPTE/Conference Repository/Conference Papers/2021/9779667/9779668/09780319.xml,publication,10.5594/M001947,Digital Print Stock Design: A Framework for the Post-Film Era,orig-research,2021,0b0000648f7cb33d
_source/SMPTE/Conference Repository/Conference Papers/2021/9779667/9779668/09780320.xml,publication,10.5594/M001948,Tighter NIC/GPU Integration Yields Next Level Media Processing Performance,orig-research,2021,0b0000648f7cb33e
_source/SMPTE/Conference Repository/Conference Papers/2021/9779667/9779668/09780321.xml,publication,10.5594/M001949,Model-based Predictive Control for Continuous Success Planning in Movie Production,orig-research,2021,0b0000648f7cb33f
_source/SMPTE/Conference Repository/Conference Papers/2021/9779667/9779668/09780322.xml,publication,10.5594/M001950,Standards &#x0026; Specifications for Carriage of JPEG XS in RTP for IP Networks,orig-research,2021,0b0000648f7cb340
_source/SMPTE/Conference Repository/Conference Papers/2021/9779667/9779668/09780323.xml,publication,10.5594/M001951,Dynamic Seamless Resource Allocation for Live Video Compression on a Kubernetes Cluster,orig-research,2021,0b0000648f7cb341
_source/SMPTE/Conference Repository/Conference Papers/2021/9779667/9779668/09780324.xml,publication,10.5594/M001952,Understanding Banding - Perceptual Modelling and Machine Learning Approaches for Banding Detection,orig-research,2021,0b0000648f7cb342
_source/SMPTE/Conference Repository/Conference Papers/2021/9779667/9779668/09780325.xml,publication,10.5594/M001953,Hue-Preserving Color Transforms for LED Wall Virtual Production Workflows,orig-research,2021,0b0000648f7cb343
_source/SMPTE/Conference Repository/Conference Papers/2022/10012556/10012557/10012558.xml,publication,10.5594/M001954,A Proposal for a Standard to Improve Soundtrack Dynamic Range and Dialog Clarity for Better Enjoyment of Digital Cinema,orig-research,2022,0b00006490884fa4
_source/SMPTE/Conference Repository/Conference Papers/2022/10012556/10012557/10012559.xml,publication,10.5594/M001955,"JPEG XS Standard (ISO/IEC 21122) for Lightweight, Low-Latency Image Coding",orig-research,2022,0b00006490884fa5
_source/SMPTE/Conference Repository/Conference Papers/2022/10012556/10012557/10012560.xml,publication,10.5594/M001956,ST2110 &#x0026; ST2022-6 SDN Orchestration Across a Hybrid Cisco and Arista Media Network: based on a Future-Proof Industry-Standard Digital Transformation Architecture and Agile Operational Concepts,orig-research,2022,0b00006490884fa6
_source/SMPTE/Conference Repository/Conference Papers/2022/10012556/10012557/10012561.xml,publication,10.5594/M001957,Video Compression Using Convolutional Neural Networks of Video with Chroma Subsampling,orig-research,2022,0b00006490884fa7
_source/SMPTE/Conference Repository/Conference Papers/2022/10012556/10012557/10012562.xml,publication,10.5594/M001958,Low-Complexity Quality Measurement for Real-Time Video Compression,orig-research,2022,0b00006490884fa8
_source/SMPTE/Conference Repository/Conference Papers/2022/10012556/10012557/10012563.xml,publication,10.5594/M001959,Case Study: Enabling Open Caching for Last-Mile Delivery,orig-research,2022,0b00006490884fa9
_source/SMPTE/Conference Repository/Conference Papers/2022/10012556/10012557/10012564.xml,publication,10.5594/M001960,Upgrading Performance of Your Streaming Services Using Server Hints,orig-research,2022,0b00006490884faa
_source/SMPTE/Conference Repository/Conference Papers/2022/10012556/10012557/10012565.xml,publication,10.5594/M001961,Streamlining WebRTC and DASH for Near-Real-Time Media Delivery,orig-research,2022,0b00006490884fab
_source/SMPTE/Conference Repository/Conference Papers/2022/10012556/10012557/10012566.xml,publication,10.5594/M001962,Media and Entertainment Sustainability on the Cloud,orig-research,2022,0b00006490885014
_source/SMPTE/Conference Repository/Conference Papers/2022/10012556/10012557/10012587.xml,publication,10.5594/M001963,Towards Efficient Multi-Codec Streaming,orig-research,2022,0b00006490885015
_source/SMPTE/Conference Repository/Conference Papers/2022/10012556/10012557/10012588.xml,publication,10.5594/M001964,The Future of Documentation: Unified System Design,orig-research,2022,0b00006490885016
_source/SMPTE/Conference Repository/Conference Papers/2022/10012556/10012557/10012589.xml,publication,10.5594/M001965,Workflow as a Service Delivered by the Dynamic Media Services Architecture,orig-research,2022,0b00006490885017
_source/SMPTE/Conference Repository/Conference Papers/2022/10012556/10012557/10012590.xml,publication,10.5594/M001966,Practicalities and Analysis of Using PTP over 5G Systems with Dedicated Time Synchronization Support for Media Production,orig-research,2022,0b00006490885018
_source/SMPTE/Conference Repository/Conference Papers/2022/10012556/10012557/10012591.xml,publication,10.5594/M001967,Uncompressed Video in the Public Cloud: Are We There Yet?,orig-research,2022,0b00006490885019
_source/SMPTE/Conference Repository/Conference Papers/2022/10012556/10012557/10012592.xml,publication,10.5594/M001968,Amplifying Human Content Expertise with Real-World Machine-Learning Workflows,orig-research,2022,0b0000649088501a
_source/SMPTE/Conference Repository/Conference Papers/2022/10012556/10012557/10012593.xml,publication,10.5594/M001969,Can ST 2059-2 Benefit from PTP Version 2.1?,orig-research,2022,0b0000649088501b
_source/SMPTE/Conference Repository/Conference Papers/2022/10012556/10012557/10012594.xml,publication,10.5594/M001970,New Era of ST 2110 Compliance Testing with PICS and RP 2110-25,orig-research,2022,0b0000649088501c
_source/SMPTE/Conference Repository/Conference Papers/2022/10012556/10012557/10012595.xml,publication,10.5594/M001971,Using ML to Find the Semantic Region of Interest,orig-research,2022,0b0000649088501d
_source/SMPTE/Conference Repository/Conference Papers/2022/10012556/10012557/10012596.xml,publication,10.5594/M001972,PTP Driven Frame Sync for Multi-GPU Workflows,orig-research,2022,0b00006490885064
_source/SMPTE/Conference Repository/Conference Papers/2022/10012556/10012557/10012597.xml,publication,10.5594/M001973,ML-Based Indexing of Media Libraries for Insights and Search,orig-research,2022,0b00006490885065
_source/SMPTE/Conference Repository/Conference Papers/2022/10012556/10012557/10012598.xml,publication,10.5594/M001974,HDR Production - Tone Mapping Techniques and Round-Trip Conversion Performance for Mastering with SDR and HDR Sources,orig-research,2022,0b00006490885066
_source/SMPTE/Conference Repository/Conference Papers/2022/10012556/10012557/10012599.xml,publication,10.5594/M001975,"Final Sample: Mitigating Acoustical Reflection &#x0026; Unwanted Noise, Guarding On-Set Virtual Production Dialog",orig-research,2022,0b00006490885067
_source/SMPTE/Conference Repository/Conference Papers/2022/10012556/10012557/10012600.xml,publication,10.5594/M001976,Measurement of Luminance Reproduction Accuracy of Displays for Complex Imagery,orig-research,2022,0b00006490885068
_source/SMPTE/Conference Repository/Conference Papers/2022/10012556/10012557/10012601.xml,publication,10.5594/M001977,"Understanding Color Memory: A Study of Skin Tone Perception in Hue, Intensity, and Chroma",orig-research,2022,0b00006490885069
_source/SMPTE/Conference Repository/Conference Papers/2022/10012556/10012557/10012602.xml,publication,10.5594/M001978,Content Personalization; a Future Vision,orig-research,2022,0b0000649088506a
_source/SMPTE/Conference Repository/Conference Papers/2022/10012556/10012557/10012603.xml,publication,10.5594/M001979,Program-Production System Consisting of Multiple NMOS-Compliant Systems,orig-research,2022,0b0000649088506b
_source/SMPTE/Conference Repository/Conference Papers/2022/10012556/10012557/10012604.xml,publication,10.5594/M001980,Solving the Challenge of Volumetric Video Production and Streaming: An End-to-end Perspective of Technologies and Device Ecosystem Capabilities and Performance,orig-research,2022,0b0000649088506c
_source/SMPTE/Conference Repository/Conference Papers/2022/10012556/10012557/10012605.xml,publication,10.5594/M001981,Media Gateways in Hybrid Wired and Wireless Media Production,orig-research,2022,0b0000649088506d
_source/SMPTE/Conference Repository/Conference Papers/2022/10012556/10012557/10012606.xml,publication,10.5594/M001982,CMG 8K UHD IP Signal Routing and Transmission at the 2022 Beijing Winter Olympics,orig-research,2022,0b000064908850c8
_source/SMPTE/Conference Repository/Conference Papers/2022/10012556/10012557/10012607.xml,publication,10.5594/M001983,Possible Solutions for the Vendor Lock-in Control Protocol in IP-based Production Systems,orig-research,2022,0b000064908850c9
_source/SMPTE/Conference Repository/Conference Papers/2022/10012556/10012557/10012608.xml,publication,10.5594/M001984,An Edge Processing Platform for Media Production,orig-research,2022,0b000064908850ca
_source/SMPTE/Conference Repository/Conference Papers/2022/10012556/10012557/10012609.xml,publication,10.5594/M001985,How Do We Make Media in the Cloud as Easy as on Prem?,orig-research,2022,0b000064908850cb
_source/SMPTE/Conference Repository/Conference Papers/2022/10012556/10012557/10012610.xml,publication,10.5594/M001986,Secure Collaboration in a Low-Trust Environment: Immutable Chain of Custody,orig-research,2022,0b000064908850cc
_source/SMPTE/Conference Repository/Conference Papers/2022/10012556/10012557/10012611.xml,publication,10.5594/M001987,"Why Holographic 3D Light field Displays are Impossible, and How to Build One Anyway",orig-research,2022,0b000064908850cd
_source/SMPTE/Conference Repository/Conference Papers/2022/10012556/10012557/10012612.xml,publication,10.5594/M001988,"Travails with My Camera: Investigations with Prototype Workflows and Specialist Cameras for Wider Target Platform Coverage, Reduced Complexity, and Universal Distribution",orig-research,2022,0b000064908850ce
_source/SMPTE/Conference Repository/Conference Papers/2022/10012556/10012557/10012613.xml,publication,10.5594/M001989,Unreal Savings: Budget Previs/Techvis for Student Films,orig-research,2022,0b000064908850cf
_source/SMPTE/Conference Repository/Conference Papers/2022/10012556/10012557/10012614.xml,publication,10.5594/M001990,Modelling the Value of JITEX: Just-In-Time Transcoding at the Edge,orig-research,2022,0b000064908850d0
_source/SMPTE/Conference Repository/Conference Papers/2022/10012556/10012557/10012615.xml,publication,10.5594/M001991,The Proliferation of NDI in Live Production and Broadcast Workflows,orig-research,2022,0b000064908850d1
_source/SMPTE/Conference Repository/Conference Papers/2022/10012556/10012557/10012616.xml,publication,10.5594/M001992,Image Based Lighting - Current Capabilities and Limitations,orig-research,2022,0b00006490885118
_source/SMPTE/Conference Repository/Conference Papers/2023/10372504/10372505/10372506.xml,publication,10.5594/M001993,Exploring Workflows for Real-Time HDR-SDR Conversion,orig-research,2023,0b000064921552fe
_source/SMPTE/Conference Repository/Conference Papers/2023/10372504/10372505/10372547.xml,publication,10.5594/M001994,Breaking the Fourth Wall through Extended Reality,orig-research,2023,0b000064921552ff
_source/SMPTE/Conference Repository/Conference Papers/2023/10372504/10372505/10372548.xml,publication,10.5594/M001995,Hyperconverged Design: Reducing the Environmental Impact of Production Technologies Throughout the Product Lifecycle,orig-research,2023,0b00006492155300
_source/SMPTE/Conference Repository/Conference Papers/2023/10372504/10372505/10372549.xml,publication,10.5594/M001996,Enhancements to Media Transport in ICVFX using SMPTE 2110,orig-research,2023,0b00006492155301
_source/SMPTE/Conference Repository/Conference Papers/2023/10372504/10372505/10372550.xml,publication,10.5594/M001997,Long-term Preservation of Cinematographic Content,orig-research,2023,0b00006492155302
_source/SMPTE/Conference Repository/Conference Papers/2023/10372504/10372505/10372551.xml,publication,10.5594/M001998,Atheneum: The Blockchain That Manages Theatrical Releases,orig-research,2023,0b00006492155303
_source/SMPTE/Conference Repository/Conference Papers/2023/10372504/10372505/10372552.xml,publication,10.5594/M001999,Unlocking the Value of Media Libraries With AI and ML,orig-research,2023,0b00006492155304
_source/SMPTE/Conference Repository/Conference Papers/2023/10372504/10372505/10372553.xml,publication,10.5594/M002000,Real-time Personalized Ranking and Recommendation System for Linear TV: A Dual Dynamic Queue Approach,orig-research,2023,0b00006492155305
_source/SMPTE/Conference Repository/Conference Papers/2023/10372504/10372505/10372554.xml,publication,10.5594/M002001,Testing 4K HDR-WCG professional video content for subjective quality using a remote testing approach,orig-research,2023,0b00006492155364
_source/SMPTE/Conference Repository/Conference Papers/2023/10372504/10372505/10372555.xml,publication,10.5594/M002002,Green Video Compression for Metaverse: Lessons Learned from VP9 and HEVC,orig-research,2023,0b00006492155365
_source/SMPTE/Conference Repository/Conference Papers/2023/10372504/10372505/10372556.xml,publication,10.5594/M002003,Cloud-based Internet Linear Video Delivery System Using Edge Computing on CDN,orig-research,2023,0b00006492155366
_source/SMPTE/Conference Repository/Conference Papers/2023/10372504/10372505/10372557.xml,publication,10.5594/M002004,Advanced application of NMOS specifications for resource sharing in IP production systems and studio design,orig-research,2023,0b00006492155367
_source/SMPTE/Conference Repository/Conference Papers/2023/10372504/10372505/10372558.xml,publication,10.5594/M002005,Development of Cloud-Based Media Production Systems,orig-research,2023,0b00006492155368
_source/SMPTE/Conference Repository/Conference Papers/2023/10372504/10372505/10372559.xml,publication,10.5594/M002006,Cameras and LED walls - A challenging relationship,orig-research,2023,0b00006492155369
_source/SMPTE/Conference Repository/Conference Papers/2023/10372504/10372505/10372560.xml,publication,10.5594/M002007,The evolution of delivering immersive media over 5G/Cloud,orig-research,2023,0b0000649215536a
_source/SMPTE/Conference Repository/Conference Papers/2023/10372504/10372505/10372561.xml,publication,10.5594/M002008,The Impact of Background Luminance on the Perception of Chromatic Lightness,orig-research,2023,0b0000649215536b
_source/SMPTE/Conference Repository/Conference Papers/2023/10372504/10372505/10372562.xml,publication,10.5594/M002009,Efficient Media Production and Management with AI Assistants: A Multi-Domain Exploration,orig-research,2023,0b0000649215536c
_source/SMPTE/Conference Repository/Conference Papers/2023/10372504/10372505/10372563.xml,publication,10.5594/M002010,Using Knowledge Graphs to Enhance Queries over Heterogeneous Asset Stores,orig-research,2023,0b0000649215536d
_source/SMPTE/Conference Repository/Conference Papers/2023/10372504/10372505/10372564.xml,publication,10.5594/M002011,Advanced Volumetric Video Format for Enhancing Photo-realistic Lighting Reproduction,orig-research,2023,0b000064921553c8
_source/SMPTE/Conference Repository/Conference Papers/2023/10372504/10372505/10372565.xml,publication,10.5594/M002012,"Free the voice! Systems, Devices and Methods for Multi-Dimensional Spatial Recording and Playback",orig-research,2023,0b000064921553c9
_source/SMPTE/Conference Repository/Conference Papers/2023/10372504/10372505/10372566.xml,publication,10.5594/M002013,Creative Intent on the Windward Slopes,orig-research,2023,0b000064921553ca
_source/SMPTE/Conference Repository/Conference Papers/2023/10372504/10372505/10372567.xml,publication,10.5594/M002014,Hybrid Images for Personalized Media Streaming Optimization,orig-research,2023,0b000064921553cb
_source/SMPTE/Conference Repository/Conference Papers/2023/10372504/10372505/10372568.xml,publication,10.5594/M002015,Improving Context-Aware Encoding by Adaptation to &#x201C;True Resolution&#x201D; of the Content,orig-research,2023,0b000064921553cc
_source/SMPTE/Conference Repository/Conference Papers/2023/10372504/10372505/10372569.xml,publication,10.5594/M002016,HDR Production Workflows: A Dynamic Solution That Provides Stable Graphics Management And Compatibility With Static Solutions,orig-research,2023,0b000064921553cd
_source/SMPTE/Conference Repository/Conference Papers/2023/10372504/10372505/10372570.xml,publication,10.5594/M002017,What Electronic Image Noise Signatures Can Tell Us About Image Linearity and Camera Encoding,orig-research,2023,0b000064921553ce
_source/SMPTE/Conference Repository/Conference Papers/2023/10372504/10372505/10372571.xml,publication,10.5594/M002018,Simplifying Multi-CDN Delivery with HLS / DASH Content Steering,orig-research,2023,0b000064921553cf
_source/SMPTE/Conference Repository/Conference Papers/2023/10372504/10372505/10372572.xml,publication,10.5594/M002019,Using Categorical Observers to Minimize Metameric Failures on Wide Color Gamut Displays,orig-research,2023,0b000064921553d0
_source/SMPTE/Conference Repository/Conference Papers/2023/10372504/10372505/10372573.xml,publication,10.5594/M002020,"Avid DNx GX - A High-Quality, Flexible RGB(A) Codec at Commodity Bitrates, Combining SMPTE ST 2019-1 (VC-3) and SMPTE RDD 50 (DNxUncompressed)",orig-research,2023,0b000064921553d1
_source/SMPTE/Conference Repository/Conference Papers/2023/10372504/10372505/10372574.xml,publication,10.5594/M002021,Making Film Grain Great Again: Introducing AV1-Compatible Film Grain Modeling for Existing HEVC-Based Video Codecs,orig-research,2023,0b00006492155422
_source/SMPTE/Conference Repository/Conference Papers/2023/10372504/10372505/10372575.xml,publication,10.5594/M002022,New Storage Techniques and Technologies to Accelerate Camera to Cloud Workflows,orig-research,2023,0b00006492155423
_source/SMPTE/Conference Repository/Conference Papers/2023/10372504/10372505/10372576.xml,publication,10.5594/M002023,Optimized pixel streaming for ultra-low latency cloud gaming and VR/XR applications.,orig-research,2023,0b00006492155424
_source/SMPTE/Conference Repository/Conference Papers/2023/10372504/10372505/10372577.xml,publication,10.5594/M002024,Getting comfortable with CIE charts for color grading,orig-research,2023,0b00006492155425
_source/SMPTE/Conference Repository/Conference Papers/2023/10372504/10372505/10372578.xml,publication,10.5594/M002025,Reducing Cinema Projectors Power Consumption using Global Dimming and Image Statistics,orig-research,2023,0b00006492155426
_source/SMPTE/Conference Repository/Conference Papers/2023/10372504/10372505/10372579.xml,publication,10.5594/M002026,The future of video compression - Moving beyond hybrid codecs with machine learning,orig-research,2023,0b00006492155427
_source/SMPTE/Conference Repository/Conference Papers/2023/10372504/10372505/10372580.xml,publication,10.5594/M002027,Enhancing Content Creation Workflows through Automatic Speech Recognition Techniques,orig-research,2023,0b00006492155428
_source/SMPTE/Conference Repository/Conference Papers/2023/10372504/10372505/10372581.xml,publication,10.5594/M002028,Ambient Light Compensation Through Adaptive Visual Modeling,orig-research,2023,0b00006492155429
_source/SMPTE/Conference Repository/Conference Papers/2023/10372504/10372505/10372582.xml,publication,10.5594/M002029,How to Effectively Enhance PTP Redundancy Using Dual Ports,orig-research,2023,0b0000649215542a
_source/SMPTE/Conference Repository/Conference Papers/2023/10372504/10372505/10372583.xml,publication,10.5594/M002030,Profiling the ST 2110 Network Traffic for Load Testing with Open-Source Tools,orig-research,2023,0b0000649215542b
_source/SMPTE/Conference Repository/Conference Papers/2023/10372504/10372505/10372584.xml,publication,10.5594/M002031,Real-time Streaming Reliability and Performance Optimization Using Content Steering,orig-research,2023,0b0000649215547c
_source/SMPTE/Conference Repository/Conference Papers/2023/10372504/10372505/10372585.xml,publication,10.5594/M002032,Ultra-low Latency Video Delivery using WebRTC Data Channels,orig-research,2023,0b0000649215547d
_source/SMPTE/Conference Repository/Conference Papers/2024/SMPTEMTS2024_1/001-24_10_21_R1_Lorent_Manv1.xml,content_batch,10.5594/MOO/3001,The new JPEG XS TDC Profile: Perfect Quality at Zero Latency,orig-research,2024,
_source/SMPTE/Conference Repository/Conference Papers/2024/SMPTEMTS2024_1/FTXML/FT_001-24_10_21_R1_Lorent_Manv1.xml,article,,The new JPEG XS TDC Profile: Perfect Quality at Zero Latency,research,2024,
_source/SMPTE/Conference Repository/Conference Papers/2024/SMPTEMTS2024_10/010-24_10_21_R2_Keinert_Foessel_Man.xml,content_batch,10.5594/MOO/3010,Bringing Stage Events with Real Actors to Your Home in VR: A Low Complexity Solution for Immersive Media Streaming,orig-research,2024,
_source/SMPTE/Conference Repository/Conference Papers/2024/SMPTEMTS2024_10/FTXML/FT_010-24_10_21_R2_Keinert_Foessel_Man.xml,article,,Bringing Stage Events with Real Actors to Your Home in VR,research,2024,
_source/SMPTE/Conference Repository/Conference Papers/2024/SMPTEMTS2024_11/011-24_10_21_R2_Kokaram_Man-V2.xml,content_batch,10.5594/MOO/3011,Demystifying the use of Compression in Virtual Production,orig-research,2024,
_source/SMPTE/Conference Repository/Conference Papers/2024/SMPTEMTS2024_11/FTXML/FT_011-24_10_21_R2_Kokaram_Man-V2.xml,article,,Demystifying the use of Compression in Virtual Production,research,2024,
_source/SMPTE/Conference Repository/Conference Papers/2024/SMPTEMTS2024_12/012-24_10_21_R2_Routhier_Man_V3.xml,content_batch,10.5594/MOO/3012,Slog3 and Other Wide Color Volume Formats: Workflow Automation and Integration,orig-research,2024,
_source/SMPTE/Conference Repository/Conference Papers/2024/SMPTEMTS2024_12/FTXML/FT_012-24_10_21_R2_Routhier_Man_V3.xml,article,,Slog3 and Other Wide Color Volume Formats: Workflow Automation and Integration,research,2024,
_source/SMPTE/Conference Repository/Conference Papers/2024/SMPTEMTS2024_13/013-24_10_22_R1_Lund_1_Man.xml,content_batch,10.5594/MOO/3013,Sound Exposure and Loudness-to-Dialog Ratio,orig-research,2024,
_source/SMPTE/Conference Repository/Conference Papers/2024/SMPTEMTS2024_13/FTXML/FT_013-24_10_22_R1_Lund_1_Man.xml,article,,Sound Exposure and Loudness-to-Dialog Ratio,research,2024,
_source/SMPTE/Conference Repository/Conference Papers/2024/SMPTEMTS2024_14/014-24_10_22_R1_Lund_2_Man.xml,content_batch,10.5594/MOO/3014,Auditory Envelopment: An Undervalued Percept,orig-research,2024,
_source/SMPTE/Conference Repository/Conference Papers/2024/SMPTEMTS2024_14/FTXML/FT_014-24_10_22_R1_Lund_2_Man.xml,article,,Auditory Envelopment: An Undervalued Percept,research,2024,
_source/SMPTE/Conference Repository/Conference Papers/2024/SMPTEMTS2024_15/015-24_10_22_R2_CQRobinson_Man_2025.xml,content_batch,10.5594/MOO/3015,Cinema Sound Playback Level and Audience Satisfaction,orig-research,2024,
_source/SMPTE/Conference Repository/Conference Papers/2024/SMPTEMTS2024_15/FTXML/FT_015-24_10_22_R2_CQRobinson_Man_2025.xml,article,,Cinema Sound Playback Level and Audience Satisfaction,research,2024,
_source/SMPTE/Conference Repository/Conference Papers/2024/SMPTEMTS2024_16/016-24_10_22_R1_Zhuoran_Man.xml,content_batch,10.5594/MOO/3016,Towards an Objective Metric for Preserving Creative Intent Across Displays,orig-research,2024,
_source/SMPTE/Conference Repository/Conference Papers/2024/SMPTEMTS2024_16/FTXML/FT_016-24_10_22_R1_Zhuoran_Man.xml,article,,Towards an Objective Metric for Preserving Creative Intent Across Displays,research,2024,
_source/SMPTE/Conference Repository/Conference Papers/2024/SMPTEMTS2024_17/017-24_10_22_R1_Duric_Man.xml,content_batch,10.5594/MOO/3017,Case Study on Product Security and Vulnerability Management in Media,orig-research,2024,
_source/SMPTE/Conference Repository/Conference Papers/2024/SMPTEMTS2024_17/FTXML/FT_017-24_10_22_R1_Duric_Man.xml,article,,Case Study on Product Security and Vulnerability Management in Media,research,2024,
_source/SMPTE/Conference Repository/Conference Papers/2024/SMPTEMTS2024_18/018-24_10_22_R1_Simo_Man.xml,content_batch,10.5594/MOO/3018,Adapting Control Rooms to Existing Infrastructure: Strategies for Flexibility and Cost Efficiency,orig-research,2024,
_source/SMPTE/Conference Repository/Conference Papers/2024/SMPTEMTS2024_18/FTXML/FT_018-24_10_22_R1_Simo_Man.xml,article,,Adapting Control Rooms to Existing Infrastructure: Strategies for Flexibility and Cost Efficiency,research,2024,
_source/SMPTE/Conference Repository/Conference Papers/2024/SMPTEMTS2024_19/019-24_10_22_R1_Rayner_Atkins_Man.xml,content_batch,10.5594/MOO/3019,Live Production Media Data Compute Interchange,orig-research,2024,
_source/SMPTE/Conference Repository/Conference Papers/2024/SMPTEMTS2024_19/FTXML/FT_019-24_10_22_R1_Rayner_Atkins_Man.xml,article,,Live Production Media Data Compute Interchange,research,2024,
_source/SMPTE/Conference Repository/Conference Papers/2024/SMPTEMTS2024_2/002-24_10_21_R1_Mathur_MANV3b.xml,content_batch,10.5594/MOO/3002,"New Advances in Workflow, Efficiency and Quality for the SMPTE VC-3 based DNx Family of Codecs",orig-research,2024,
_source/SMPTE/Conference Repository/Conference Papers/2024/SMPTEMTS2024_2/FTXML/FT_002-24_10_21_R1_Mathur_MANV3b.xml,article,,"New Advances in Workflow, Efficiency and Quality for the SMPTE VC-3 based DNx Family of Codecs",research,2024,
_source/SMPTE/Conference Repository/Conference Papers/2024/SMPTEMTS2024_20/020-24_10_22_Megapixel_Hochman-Man.xml,content_batch,10.5594/MOO/3020,How the Eurovision Song Contest 2024 Leveraged the Benefits of ST 2110 and Transitioned Away from Baseband Video Formats,orig-research,2024,
_source/SMPTE/Conference Repository/Conference Papers/2024/SMPTEMTS2024_20/FTXML/FT_020-24_10_22_Megapixel_Hochman-Man.xml,article,,How the Eurovision Song Contest 2024 Leveraged the Benefits of ST 2110 and Transitioned Away from Baseband Video Formats,research,2024,
_source/SMPTE/Conference Repository/Conference Papers/2024/SMPTEMTS2024_21/021-24_10_22_R1_Burnichon_McNamara_Rehausen.xml,content_batch,10.5594/MOO/3021,How the Paris Olympics were Made More Immersive and More Accessible with ST 2110,orig-research,2024,
_source/SMPTE/Conference Repository/Conference Papers/2024/SMPTEMTS2024_21/FTXML/FT_021-24_10_22_R1_Burnichon_McNamara_Rehausen.xml,article,,How the Paris Olympics were Made More Immersive and More Accessible with ST 2110,research,2024,
_source/SMPTE/Conference Repository/Conference Papers/2024/SMPTEMTS2024_22/022-24_10_23_R1_Yeganeh_Man.xml,content_batch,10.5594/MOO/3022,AV1 Repetitive Film Grain Pattern Detection and Quality Assessment,orig-research,2024,
_source/SMPTE/Conference Repository/Conference Papers/2024/SMPTEMTS2024_22/FTXML/FT_022-24_10_23_R1_Yeganeh_Man.xml,article,,AV1 Repetitive Film Grain Pattern Detection and Quality Assessment,research,2024,
_source/SMPTE/Conference Repository/Conference Papers/2024/SMPTEMTS2024_23/023-24_10_23_R1_Ozawa_Man.xml,content_batch,10.5594/MOO/3033,Persistent Interactivity in Digital Media: Embedding Clickable Objects on TV Screen Using Digital Watermarking Technology,orig-research,2024,
_source/SMPTE/Conference Repository/Conference Papers/2024/SMPTEMTS2024_23/FTXML/FT_023-24_10_23_R1_Ozawa_Man.xml,article,,Persistent Interactivity in Digital Media: Embedding Clickable Objects on TV Screen Using Digital Watermarking Technology,research,2024,
_source/SMPTE/Conference Repository/Conference Papers/2024/SMPTEMTS2024_24/024-24_10_23_R1_Hess_Man.xml,content_batch,10.5594/MOO/3034,An Easy-to-Use-Solution for C2PA Workloads,orig-research,2024,
_source/SMPTE/Conference Repository/Conference Papers/2024/SMPTEMTS2024_24/FTXML/FT_024-24_10_23_R1_Hess_Man.xml,article,,An Easy-to-Use-Solution for C2PA Workloads,research,2024,
_source/SMPTE/Conference Repository/Conference Papers/2024/SMPTEMTS2024_25/025-24_10_23_R1_Adams_Hughes_Man.xml,content_batch,10.5594/MOO/3035,Examining Sky Sports Live HDR End-to-End Implementation,orig-research,2024,
_source/SMPTE/Conference Repository/Conference Papers/2024/SMPTEMTS2024_25/FTXML/FT_025-24_10_23_R1_Adams_Hughes_Man.xml,article,,Examining Sky Sports Live HDR End-to-End Implementation,research,2024,
_source/SMPTE/Conference Repository/Conference Papers/2024/SMPTEMTS2024_26/026-24_10_23_R1_Lathrop_Man2.xml,content_batch,10.5594/MOO/3036,LG TV Management for &#x201C;Color-Close&#x201D; Applications at Disney,orig-research,2024,
_source/SMPTE/Conference Repository/Conference Papers/2024/SMPTEMTS2024_26/FTXML/FT_026-24_10_23_R1_Lathrop_Man2.xml,article,,LG TV Management for &#x201C;Color-Close&#x201D; Applications at Disney,research,2024,
_source/SMPTE/Conference Repository/Conference Papers/2024/SMPTEMTS2024_27/027-24_10_23_R1_Soethje_Man_final.xml,content_batch,10.5594/MOO/3037,HDR for Social Media: Elevating Content Beyond Traditional Channels,orig-research,2024,
_source/SMPTE/Conference Repository/Conference Papers/2024/SMPTEMTS2024_27/FTXML/FT_027-24_10_23_R1_Soethje_Man_final.xml,article,,HDR for Social Media: Elevating Content Beyond Traditional Channels,research,2024,
_source/SMPTE/Conference Repository/Conference Papers/2024/SMPTEMTS2024_28/028-24_10_23_R1_Routhier_Man_V3.xml,content_batch,10.5594/MOO/3038,"Integrating Single, Large Sensor Cameras into Traditional Broadcast Workflows - Opportunities and Challenges",orig-research,2024,
_source/SMPTE/Conference Repository/Conference Papers/2024/SMPTEMTS2024_28/FTXML/FT_028-24_10_23_R1_Routhier_Man_V3.xml,article,,"Integrating Single, Large Sensor Cameras into Traditional Broadcast Workflows - Opportunities and Challenges",research,2024,
_source/SMPTE/Conference Repository/Conference Papers/2024/SMPTEMTS2024_29/029-24_10_23_R1_Weber_Man.xml,content_batch,10.5594/MOO/3039,Film-Look in Live Production &#x2014; What are the Specific Requirements and what does an Optimal Camera Look Like?,orig-research,2024,
_source/SMPTE/Conference Repository/Conference Papers/2024/SMPTEMTS2024_29/FTXML/FT_029-24_10_23_R1_Weber_Man.xml,article,,Film-Look in Live Production &#x2014; What are the Specific Requirements and what does an Optimal Camera Look Like?,research,2024,
_source/SMPTE/Conference Repository/Conference Papers/2024/SMPTEMTS2024_3/003-24_10_21_R1_Boyce_Man.xml,content_batch,10.5594/MOO/3003,SEI Message for Coding Video Containing Multiple Constituent Rectangles,orig-research,2024,
_source/SMPTE/Conference Repository/Conference Papers/2024/SMPTEMTS2024_3/FTXML/FT_003-24_10_21_R1_Boyce_Man.xml,article,,SEI Message for Coding Video Containing Multiple Constituent Rectangles,research,2024,
_source/SMPTE/Conference Repository/Conference Papers/2024/SMPTEMTS2024_30/030-24_10_23_R2_Rabowsky_Man.xml,content_batch,10.5594/MOO/3041,Video Production with Generative AI,orig-research,2024,
_source/SMPTE/Conference Repository/Conference Papers/2024/SMPTEMTS2024_30/FTXML/FT_030-24_10_23_R2_Rabowsky_Man.xml,article,,Video Production with Generative AI,research,2024,
_source/SMPTE/Conference Repository/Conference Papers/2024/SMPTEMTS2024_31/031-24_10_23_R2_Sacilotto_Man.xml,content_batch,10.5594/MOO/3042,Leveraging Large Language Models and Knowledge Graphs to Enhance Metadata Extraction for News Media Production,orig-research,2024,
_source/SMPTE/Conference Repository/Conference Papers/2024/SMPTEMTS2024_31/FTXML/FT_031-24_10_23_R2_Sacilotto_Man.xml,article,,Leveraging Large Language Models and Knowledge Graphs to Enhance Metadata Extraction for News Media Production,research,2024,
_source/SMPTE/Conference Repository/Conference Papers/2024/SMPTEMTS2024_32/032-24_10_23_R2_Krasnikov_Man.xml,content_batch,10.5594/MOO/3043,AI Translation and Dubbing with Emotional Accuracy,orig-research,2024,
_source/SMPTE/Conference Repository/Conference Papers/2024/SMPTEMTS2024_32/FTXML/FT_032-24_10_23_R2_Krasnikov_Man.xml,article,,AI Translation and Dubbing with Emotional Accuracy,research,2024,
_source/SMPTE/Conference Repository/Conference Papers/2024/SMPTEMTS2024_33/033-24_10_23_R2_McLaughlin_Man.xml,content_batch,10.5594/MOO/3044,A Fully AI Approach to Descriptive Video Accessibility,orig-research,2024,
_source/SMPTE/Conference Repository/Conference Papers/2024/SMPTEMTS2024_33/FTXML/FT_033-24_10_23_R2_McLaughlin_Man.xml,article,,A Fully AI Approach to Descriptive Video Accessibility,research,2024,
_source/SMPTE/Conference Repository/Conference Papers/2024/SMPTEMTS2024_34/034-24_10_23_R2_Rio_Terry_Man.xml,content_batch,10.5594/MOO/3045,"Inclusivity, Sustainability, Creativity, and Savings: Advocating for Accelerated Adoption of Remote Integration Models",orig-research,2024,
_source/SMPTE/Conference Repository/Conference Papers/2024/SMPTEMTS2024_34/FTXML/FT_034-24_10_23_R2_Rio_Terry_Man.xml,article,,"Inclusivity, Sustainability, Creativity, and Savings: Advocating for Accelerated Adoption of Remote Integration Models",research,2024,
_source/SMPTE/Conference Repository/Conference Papers/2024/SMPTEMTS2024_35/035-24_10_23_R2_Couleaud_Man.xml,content_batch,10.5594/MOO/3046,Search Engine Optimization for Vector-Based Image Search,orig-research,2024,
_source/SMPTE/Conference Repository/Conference Papers/2024/SMPTEMTS2024_35/FTXML/FT_035-24_10_23_R2_Couleaud_Man.xml,article,,Search Engine Optimization for Vector-Based Image Search,research,2024,
_source/SMPTE/Conference Repository/Conference Papers/2024/SMPTEMTS2024_36/036-24_10_23_R2_Esquivel_Man.xml,content_batch,10.5594/MOO/3047,The Advance of Markerless Motion Capture Technology and Its Impact on Animation,orig-research,2024,
_source/SMPTE/Conference Repository/Conference Papers/2024/SMPTEMTS2024_36/FTXML/FT_036-24_10_23_R2_Esquivel_Man.xml,article,,The Advance of Markerless Motion Capture Technology and Its Impact on Animation,research,2024,
_source/SMPTE/Conference Repository/Conference Papers/2024/SMPTEMTS2024_37/037-24_10_24_R1_Mittal_Man_Final.xml,content_batch,10.5594/MOO/3048,Efficient Content-Driven Encoding Towards a Target Video Quality,orig-research,2024,
_source/SMPTE/Conference Repository/Conference Papers/2024/SMPTEMTS2024_37/FTXML/FT_037-24_10_24_R1_Mittal_Man_Final.xml,article,,Efficient Content-Driven Encoding Towards a Target Video Quality,research,2024,
_source/SMPTE/Conference Repository/Conference Papers/2024/SMPTEMTS2024_38/038-24_10_24_R1_Schwenke_Man_Sierra.xml,content_batch,10.5594/MOO/3049,Transfer Function Measurements When the Reference Signal is Known but not Accessible,orig-research,2024,
_source/SMPTE/Conference Repository/Conference Papers/2024/SMPTEMTS2024_38/FTXML/FT_038-24_10_24_R1_Schwenke_Man_Sierra.xml,article,,Transfer Function Measurements When the Reference Signal is Known but not Accessible,research,2024,
_source/SMPTE/Conference Repository/Conference Papers/2024/SMPTEMTS2024_39/039-24_10_21_R1_Kauffmann_Lhermitte_Pres_Man.xml,content_batch,10.5594/MOO/3040,ATSC 3.0 In the Cloud,orig-research,2024,
_source/SMPTE/Conference Repository/Conference Papers/2024/SMPTEMTS2024_39/FTXML/FT_039-24_10_21_R1_Kauffmann_Lhermitte_Pres_Man.xml,article,,ATSC 3.0 In the Cloud,research,2024,
_source/SMPTE/Conference Repository/Conference Papers/2024/SMPTEMTS2024_4/004-24_10_21_R1_Kostiukevych_Man.xml,content_batch,10.5594/MOO/3004,Advanced Timing for High-Performance Media: A Call for Precision and Innovation,orig-research,2024,
_source/SMPTE/Conference Repository/Conference Papers/2024/SMPTEMTS2024_4/FTXML/FT_004-24_10_21_R1_Kostiukevych_Man.xml,article,,Advanced Timing for High-Performance Media: A Call for Precision and Innovation,research,2024,
_source/SMPTE/Conference Repository/Conference Papers/2024/SMPTEMTS2024_40/040-24_10_21_R1_Liebman_Psipsikas_Man.xml,content_batch,10.5594/MOO/3050,Standing on Giants&#x0027; Shoulders: Innovative Metadata Applications without Legacy Burdens,orig-research,2024,
_source/SMPTE/Conference Repository/Conference Papers/2024/SMPTEMTS2024_40/FTXML/FT_040-24_10_21_R1_Liebman_Psipsikas_Man.xml,article,,Standing on Giants&#x0027; Shoulders: Innovative Metadata Applications without Legacy Burdens,research,2024,
_source/SMPTE/Conference Repository/Conference Papers/2024/SMPTEMTS2024_5/005-24_10_21_R1_Sandler_Man_V3.xml,content_batch,10.5594/MOO/3005,Incremental Live Video Processing in IP-Based GPU-Leveraging Software Workflows,orig-research,2024,
_source/SMPTE/Conference Repository/Conference Papers/2024/SMPTEMTS2024_5/FTXML/FT_005-24_10_21_R1_Sandler_Man_V3.xml,article,,Incremental Live Video Processing in IP-Based GPU-Leveraging Software Workflows,research,2024,
_source/SMPTE/Conference Repository/Conference Papers/2024/SMPTEMTS2024_6/006-24_10_21_R1_Zhenzhong_Man_FfinalVersion.xml,content_batch,10.5594/MOO/3006,Network Video Interface: A High-fidelity and Low-latency Transmission Solution for Professional Live Video Production,orig-research,2024,
_source/SMPTE/Conference Repository/Conference Papers/2024/SMPTEMTS2024_6/FTXML/FT_006-24_10_21_R1_Zhenzhong_Man_FfinalVersion.xml,article,,Network Video Interface: A High-fidelity and Low-latency Transmission Solution for Professional Live Video Production,research,2024,
_source/SMPTE/Conference Repository/Conference Papers/2024/SMPTEMTS2024_7/007-24_10_21_R1_Begen_Man.xml,content_batch,10.5594/MOO/3007,DASH and Media-over-QUIC Transport Face-Off: Performance Showdown at Low Latency,orig-research,2024,
_source/SMPTE/Conference Repository/Conference Papers/2024/SMPTEMTS2024_7/FTXML/FT_007-24_10_21_R1_Begen_Man.xml,article,,DASH and Media-over-QUIC Transport Face-Off: Performance Showdown at Low Latency,research,2024,
_source/SMPTE/Conference Repository/Conference Papers/2024/SMPTEMTS2024_8/008-24_10_21_R1_AlHabbal__Man_V2.xml,content_batch,10.5594/MOO/3008,The New Paradigm of Software Architected Broadcast Facilities: An Asynchronous Media Framework Running on IT Infrastructure,orig-research,2024,
_source/SMPTE/Conference Repository/Conference Papers/2024/SMPTEMTS2024_8/FTXML/FT_008-24_10_21_R1_AlHabbal__Man_V2.xml,article,,The New Paradigm of Software Architected Broadcast Facilities: An Asynchronous Media Framework Running on IT Infrastructure,research,2024,
_source/SMPTE/Conference Repository/Conference Papers/2024/SMPTEMTS2024_9/009-24_10_21_R2_Berezin_Man.xml,content_batch,10.5594/MOO/3009,"Implementation of Open Specifications NMOS AMWA for Discovery, Registration and Management Connections Of Digital Cinemas",orig-research,2024,
_source/SMPTE/Conference Repository/Conference Papers/2024/SMPTEMTS2024_9/FTXML/FT_009-24_10_21_R2_Berezin_Man.xml,article,,"Implementation of Open Specifications NMOS AMWA for Discovery, Registration and Management Connections Of Digital Cinemas",research,2024,
_source/SMPTE/Conference Repository/Conference Papers/2025/SMPTEMTS2025_1/001-25_10_14_R1_Flueckiger_Man_final.xml,content_batch,,A Multispectral Scanning and Post-Processing Workflow for Historical Film Colors,orig-research,2025,
_source/SMPTE/Conference Repository/Conference Papers/2025/SMPTEMTS2025_1/FTXML/FT_001-25_10_14_R1_Flueckiger_Man_final.xml,article,,A Multispectral Scanning and Post-Processing Workflow for Historical Film Colors,research,2025,
_source/SMPTE/Conference Repository/Conference Papers/2025/SMPTEMTS2025_10/010-25_10_14_R1_John_Dale_Man_Final.xml,content_batch,,Evolving TR-07 &#x0026; TR-08: Improving Overall Interoperability While Also Integrating JPEG XS Temporal Differential Coding,orig-research,2025,
_source/SMPTE/Conference Repository/Conference Papers/2025/SMPTEMTS2025_10/FTXML/FT_010-25_10_14_R1_John_Dale_Man_Final.xml,article,,Evolving TR-07 &#x0026; TR-08: Improving Overall Interoperability While Also Integrating JPEG XS Temporal Differential Coding,research,2025,
_source/SMPTE/Conference Repository/Conference Papers/2025/SMPTEMTS2025_11/011-25_10_14_R1_Giladi_Man_Final.xml,content_batch,,Towards Ultra-Low Latency in Adaptive Streaming,orig-research,2025,
_source/SMPTE/Conference Repository/Conference Papers/2025/SMPTEMTS2025_11/FTXML/FT_011-25_10_14_R1_Giladi_Man_Final.xml,article,,Towards Ultra-Low Latency in Adaptive Streaming,research,2025,
_source/SMPTE/Conference Repository/Conference Papers/2025/SMPTEMTS2025_12/012-25_10_14_R2_Endrit_Vorfaj_Man_Final.xml,content_batch,,Designing Secure ST 2110 Systems,orig-research,2025,
_source/SMPTE/Conference Repository/Conference Papers/2025/SMPTEMTS2025_12/FTXML/FT_012-25_10_14_R2_Endrit_Vorfaj_Man_Final.xml,article,,Designing Secure ST 2110 Systems,research,2025,
_source/SMPTE/Conference Repository/Conference Papers/2025/SMPTEMTS2025_13/013-25_10_15_R0_Vermost_Man_Final.xml,content_batch,,The EBU Dynamic Media Facility the Second Wave of Live-IP Media Production,orig-research,2025,
_source/SMPTE/Conference Repository/Conference Papers/2025/SMPTEMTS2025_13/FTXML/FT_013-25_10_15_R0_Vermost_Man_Final.xml,article,,The EBU Dynamic Media Facility the Second Wave of Live-IP Media Production,research,2025,
_source/SMPTE/Conference Repository/Conference Papers/2025/SMPTEMTS2025_14/014-25_10_15_R2_Edwards_Man_final.xml,content_batch,,EBU DMF Media eXchange Layer (MXL): Streamlining Multi-Vendor Live Video,orig-research,2025,
_source/SMPTE/Conference Repository/Conference Papers/2025/SMPTEMTS2025_14/FTXML/FT_014-25_10_15_R2_Edwards_Man_final.xml,article,,EBU DMF Media eXchange Layer (MXL): Streamlining Multi-Vendor Live Video,research,2025,
_source/SMPTE/Conference Repository/Conference Papers/2025/SMPTEMTS2025_15/015-25_10_14_R2_Lin_man_final.xml,content_batch,,Optimizing 180&#x00B0; Stereoscopic Cinematography for the Apple Vision Pro,orig-research,2025,
_source/SMPTE/Conference Repository/Conference Papers/2025/SMPTEMTS2025_15/FTXML/FT_015-25_10_14_R2_Lin_man_final.xml,article,,Optimizing 180&#x00B0; Stereoscopic Cinematography for the Apple Vision Pro,research,2025,
_source/SMPTE/Conference Repository/Conference Papers/2025/SMPTEMTS2025_16/016-25_10_14_R2_Kane_Man_final.xml,content_batch,,New Test Materials for Evaluating HDR &#x0026; SDR Displays,orig-research,2025,
_source/SMPTE/Conference Repository/Conference Papers/2025/SMPTEMTS2025_16/FTXML/FT_016-25_10_14_R2_Kane_Man_final.xml,article,,New Test Materials for Evaluating HDR &#x0026; SDR Displays,research,2025,
_source/SMPTE/Conference Repository/Conference Papers/2025/SMPTEMTS2025_17/017-25_10_14_R2_Lennon_Man_draft-2.xml,content_batch,,SMPTE ST 2138: A Standardized Approach to Control,orig-research,2025,
_source/SMPTE/Conference Repository/Conference Papers/2025/SMPTEMTS2025_17/FTXML/FT_017-25_10_14_R2_Lennon_Man_draft-2.xml,article,,SMPTE ST 2138: A Standardized Approach to Control,research,2025,
_source/SMPTE/Conference Repository/Conference Papers/2025/SMPTEMTS2025_18/018-25_10_14_R2_Hooper_Man_final.xml,content_batch,,Reliability for Media Systems: Patterns and Anti-Patterns in Design and Operations,orig-research,2025,
_source/SMPTE/Conference Repository/Conference Papers/2025/SMPTEMTS2025_18/FTXML/FT_018-25_10_14_R2_Hooper_Man_final.xml,article,,Reliability for Media Systems: Patterns and Anti-Patterns in Design and Operations,research,2025,
_source/SMPTE/Conference Repository/Conference Papers/2025/SMPTEMTS2025_19/019-25_10_14_R2_Daly_Man_Final.xml,content_batch,,An Efficient Quality Metric for Video Frame Interpolation,orig-research,2025,
_source/SMPTE/Conference Repository/Conference Papers/2025/SMPTEMTS2025_19/FTXML/FT_019-25_10_14_R2_Daly_Man_Final.xml,article,,An Efficient Quality Metric for Video Frame Interpolation,research,2025,
_source/SMPTE/Conference Repository/Conference Papers/2025/SMPTEMTS2025_2/002-25_10_14_R1_Simion_Man_final.xml,content_batch,,Spectral Rendering Techniques to Improve Color Matching in Virtual Production,orig-research,2025,
_source/SMPTE/Conference Repository/Conference Papers/2025/SMPTEMTS2025_2/FTXML/FT_002-25_10_14_R1_Simion_Man_final.xml,article,,Spectral Rendering Techniques to Improve Color Matching in Virtual Production,research,2025,
_source/SMPTE/Conference Repository/Conference Papers/2025/SMPTEMTS2025_20/020-25_10_14_R2_Magera_man_final.xml,content_batch,,From Meshes to Gaussians: Evolving 3D Scene Rendering for Broadcast Applications,orig-research,2025,
_source/SMPTE/Conference Repository/Conference Papers/2025/SMPTEMTS2025_20/FTXML/FT_020-25_10_14_R2_Magera_man_final.xml,article,,From Meshes to Gaussians: Evolving 3D Scene Rendering for Broadcast Applications,research,2025,
_source/SMPTE/Conference Repository/Conference Papers/2025/SMPTEMTS2025_21/021-25_10_15_R1_Ohland_Viengkhou_Man_Final.xml,content_batch,,Device Memory Sharing Study,orig-research,2025,
_source/SMPTE/Conference Repository/Conference Papers/2025/SMPTEMTS2025_21/FTXML/FT_021-25_10_15_R1_Ohland_Viengkhou_Man_Final.xml,article,,Device Memory Sharing Study,research,2025,
_source/SMPTE/Conference Repository/Conference Papers/2025/SMPTEMTS2025_22/022-25_10_15_R1_PATENAUDE_Man_Final.xml,content_batch,,Navigating the Transition to Software-Defined Production - Lessons from CBC/Radio-Canada&#x0027;s Dynamic Media Facility Implementation,orig-research,2025,
_source/SMPTE/Conference Repository/Conference Papers/2025/SMPTEMTS2025_22/FTXML/FT_022-25_10_15_R1_PATENAUDE_Man_Final.xml,article,,Navigating the Transition to Software-Defined Production - Lessons from CBC/Radio-Canada&#x0027;s Dynamic Media Facility Implementation,research,2025,
_source/SMPTE/Conference Repository/Conference Papers/2025/SMPTEMTS2025_23/023-25_10_15_R1_Gunkel_Man_Final.xml,content_batch,,Dynamic Media Facility - Resource Planning &#x0026; Orchestration - Possibilities Today &#x0026; Challenges Ahead,orig-research,2025,
_source/SMPTE/Conference Repository/Conference Papers/2025/SMPTEMTS2025_23/FTXML/FT_023-25_10_15_R1_Gunkel_Man_Final.xml,article,,Dynamic Media Facility - Resource Planning &#x0026; Orchestration - Possibilities Today &#x0026; Challenges Ahead,research,2025,
_source/SMPTE/Conference Repository/Conference Papers/2025/SMPTEMTS2025_24/024-25_10_15_R1_Yo_Narita_Man_final.xml,content_batch,,Beyond Metadata: Next-Generation Video Archive Retrieval with a CLIP-Based Approach in NHK Archives,orig-research,2025,
_source/SMPTE/Conference Repository/Conference Papers/2025/SMPTEMTS2025_24/FTXML/FT_024-25_10_15_R1_Yo_Narita_Man_final.xml,article,,Beyond Metadata: Next-Generation Video Archive Retrieval with a CLIP-Based Approach in NHK Archives,research,2025,
_source/SMPTE/Conference Repository/Conference Papers/2025/SMPTEMTS2025_25/025-25_10_15_R1_Gesshel_Man_final.xml,content_batch,,Data is Not a Byproduct-It&#x0027;s the Product: Applying Data-as-a-Product Thinking in Media &#x0026; Entertainment,orig-research,2025,
_source/SMPTE/Conference Repository/Conference Papers/2025/SMPTEMTS2025_25/FTXML/FT_025-25_10_15_R1_Gesshel_Man_final.xml,article,,Data is Not a Byproduct-It&#x0027;s the Product: Applying Data-as-a-Product Thinking in Media &#x0026; Entertainment,research,2025,
_source/SMPTE/Conference Repository/Conference Papers/2025/SMPTEMTS2025_26/026-25_10_15_R1_Gaffney_Man_Final.xml,content_batch,,AI-Assisted Post-Production: Enhancing Workflows with AI Interpolation and Object Detection,orig-research,2025,
_source/SMPTE/Conference Repository/Conference Papers/2025/SMPTEMTS2025_26/FTXML/FT_026-25_10_15_R1_Gaffney_Man_Final.xml,article,,AI-Assisted Post-Production: Enhancing Workflows with AI Interpolation and Object Detection,research,2025,
_source/SMPTE/Conference Repository/Conference Papers/2025/SMPTEMTS2025_27/027-25_10_15_R1_Beach_Man_Final.xml,content_batch,,A Hierarchical Codec for AI-Native Live Video Workflows,orig-research,2025,
_source/SMPTE/Conference Repository/Conference Papers/2025/SMPTEMTS2025_27/FTXML/FT_027-25_10_15_R1_Beach_Man_Final.xml,article,,A Hierarchical Codec for AI-Native Live Video Workflows,research,2025,
_source/SMPTE/Conference Repository/Conference Papers/2025/SMPTEMTS2025_28/028-25_10_15_R1_ORegan_Man_final.xml,content_batch,,Implementing an AI Teaching Assistant for a Class in Motion Picture Engineering,orig-research,2025,
_source/SMPTE/Conference Repository/Conference Papers/2025/SMPTEMTS2025_28/FTXML/FT_028-25_10_15_R1_ORegan_Man_final.xml,article,,Implementing an AI Teaching Assistant for a Class in Motion Picture Engineering,research,2025,
_source/SMPTE/Conference Repository/Conference Papers/2025/SMPTEMTS2025_29/029-25_10_15_R1_Shanker_Man_Final.xml,content_batch,,Towards Energy Monitoring in Visual Processing Pipelines,orig-research,2025,
_source/SMPTE/Conference Repository/Conference Papers/2025/SMPTEMTS2025_29/FTXML/FT_029-25_10_15_R1_Shanker_Man_Final.xml,article,,Towards Energy Monitoring in Visual Processing Pipelines,research,2025,
_source/SMPTE/Conference Repository/Conference Papers/2025/SMPTEMTS2025_3/003-25_10_14_R1_Li_Man_final.xml,content_batch,,LED 3D Cinema Display &#x2013; the Future Display System in Cinemas,orig-research,2025,
_source/SMPTE/Conference Repository/Conference Papers/2025/SMPTEMTS2025_3/FTXML/FT_003-25_10_14_R1_Li_Man_final.xml,article,,LED 3D Cinema Display &#x2013; the Future Display System in Cinemas,research,2025,
_source/SMPTE/Conference Repository/Conference Papers/2025/SMPTEMTS2025_30/030-25_10_15_R1_Gudipati_Man_draft.xml,content_batch,,Designing Culturally Adaptive Multilingual Chatbots for Global User Engagement in Media Platforms,orig-research,2025,
_source/SMPTE/Conference Repository/Conference Papers/2025/SMPTEMTS2025_30/FTXML/FT_030-25_10_15_R1_Gudipati_Man_draft.xml,article,,Designing Culturally Adaptive Multilingual Chatbots for Global User Engagement in Media Platforms,research,2025,
_source/SMPTE/Conference Repository/Conference Papers/2025/SMPTEMTS2025_31/031-25_10_15_R2_Noronha_Man_final.xml,content_batch,,A Performance Measurement Study of Open Internet Contribution Protocols,orig-research,2025,
_source/SMPTE/Conference Repository/Conference Papers/2025/SMPTEMTS2025_31/FTXML/FT_031-25_10_15_R2_Noronha_Man_final.xml,article,,A Performance Measurement Study of Open Internet Contribution Protocols,research,2025,
_source/SMPTE/Conference Repository/Conference Papers/2025/SMPTEMTS2025_32/032-25_10_15_R2_LeFevre_Nilsson_Man_Final.xml,content_batch,,Redefining Media Delivery: Integrating a Stream Transformation Engine in the Distribution Pipeline for Next-Gen Streaming Efficiency,orig-research,2025,
_source/SMPTE/Conference Repository/Conference Papers/2025/SMPTEMTS2025_32/FTXML/FT_032-25_10_15_R2_LeFevre_Nilsson_Man_Final.xml,article,,Redefining Media Delivery: Integrating a Stream Transformation Engine in the Distribution Pipeline for Next-Gen Streaming Efficiency,research,2025,
_source/SMPTE/Conference Repository/Conference Papers/2025/SMPTEMTS2025_33/033-25_10_15_R2_Solomon_Man_final_Man.xml,content_batch,,A Partner-Centric Media Mesh: Overcoming Integration Bottlenecks in Cloud-Native Production,orig-research,2025,
_source/SMPTE/Conference Repository/Conference Papers/2025/SMPTEMTS2025_33/FTXML/FT_033-25_10_15_R2_Solomon_Man_final_Man.xml,article,,A Partner-Centric Media Mesh: Overcoming Integration Bottlenecks in Cloud-Native Production,research,2025,
_source/SMPTE/Conference Repository/Conference Papers/2025/SMPTEMTS2025_34/034-25_10_15_R2_Chandra_Man_final.xml,content_batch,,Ensuring Video Authenticity with C2PA on AWS,orig-research,2025,
_source/SMPTE/Conference Repository/Conference Papers/2025/SMPTEMTS2025_34/FTXML/FT_034-25_10_15_R2_Chandra_Man_final.xml,article,,Ensuring Video Authenticity with C2PA on AWS,research,2025,
_source/SMPTE/Conference Repository/Conference Papers/2025/SMPTEMTS2025_35/035-25_10_15_R2_Evans_Man_Final.xml,content_batch,,"Equipping M&#x0026;E Businesses To Identify, Mitigate, and Build Resilience from Exploitation Against Synthetic AI Influence in Order to Safeguard its Creative Outputs",orig-research,2025,
_source/SMPTE/Conference Repository/Conference Papers/2025/SMPTEMTS2025_35/FTXML/FT_035-25_10_15_R2_Evans_Man_Final.xml,article,,"Equipping M&#x0026;E Businesses To Identify, Mitigate, and Build Resilience from Exploitation Against Synthetic AI Influence in Order to Safeguard its Creative Outputs",research,2025,
_source/SMPTE/Conference Repository/Conference Papers/2025/SMPTEMTS2025_36/036-25_10_15_R2_Armstrong_Man-Final.xml,content_batch,,Protecting Broadcast Infrastructure from GPS Jamming &#x0026; Spoofing Attacks,orig-research,2025,
_source/SMPTE/Conference Repository/Conference Papers/2025/SMPTEMTS2025_36/FTXML/FT_036-25_10_15_R2_Armstrong_Man-Final.xml,article,,Protecting Broadcast Infrastructure from GPS Jamming &#x0026; Spoofing Attacks,research,2025,
_source/SMPTE/Conference Repository/Conference Papers/2025/SMPTEMTS2025_4/004-25_10_14_R1_Tschannerl_Man_final.xml,content_batch,,Towards Automated Perceptual Shot Matching in Motion Pictures,orig-research,2025,
_source/SMPTE/Conference Repository/Conference Papers/2025/SMPTEMTS2025_4/FTXML/FT_004-25_10_14_R1_Tschannerl_Man_final.xml,article,,Towards Automated Perceptual Shot Matching in Motion Pictures,research,2025,
_source/SMPTE/Conference Repository/Conference Papers/2025/SMPTEMTS2025_5/005-25_10_14_R1_Masaoka_Man_final.xml,content_batch,,Optimizing Color Grading with the Gamut Rings Color Scope,orig-research,2025,
_source/SMPTE/Conference Repository/Conference Papers/2025/SMPTEMTS2025_5/FTXML/FT_005-25_10_14_R1_Masaoka_Man_final.xml,article,,Optimizing Color Grading with the Gamut Rings Color Scope,research,2025,
_source/SMPTE/Conference Repository/Conference Papers/2025/SMPTEMTS2025_6/006-25_10_14_R1_TMulagada_Man_Final.xml,content_batch,,Leveraging Multi-Agent AI Systems for SMPTE ST 2110 Broadcast Automation,orig-research,2025,
_source/SMPTE/Conference Repository/Conference Papers/2025/SMPTEMTS2025_6/FTXML/FT_006-25_10_14_R1_TMulagada_Man_Final.xml,article,,Leveraging Multi-Agent AI Systems for SMPTE ST 2110 Broadcast Automation,research,2025,
_source/SMPTE/Conference Repository/Conference Papers/2025/SMPTEMTS2025_7/007-25_10_14_R1_Shi_Kwan_Man_final.xml,content_batch,,Scalable AI-Powered Content-Adaptive Encoding for Next-Gen Video Delivery,orig-research,2025,
_source/SMPTE/Conference Repository/Conference Papers/2025/SMPTEMTS2025_7/FTXML/FT_007-25_10_14_R1_Shi_Kwan_Man_final.xml,article,,Scalable AI-Powered Content-Adaptive Encoding for Next-Gen Video Delivery,research,2025,
_source/SMPTE/Conference Repository/Conference Papers/2025/SMPTEMTS2025_8/008-25_10_14_R1_McLaughlin_Man_FINAL.xml,content_batch,,From Captions to Translations: Evaluating Readiness for AI-Powered Live Language Solutions,orig-research,2025,
_source/SMPTE/Conference Repository/Conference Papers/2025/SMPTEMTS2025_8/FTXML/FT_008-25_10_14_R1_McLaughlin_Man_FINAL.xml,article,,From Captions to Translations: Evaluating Readiness for AI-Powered Live Language Solutions,research,2025,
_source/SMPTE/Conference Repository/Conference Papers/2025/SMPTEMTS2025_9/009-25_10_14_R1_Doyle_Man_draft_V2.xml,content_batch,,VoxiumAI,orig-research,2025,
_source/SMPTE/Conference Repository/Conference Papers/2025/SMPTEMTS2025_9/FTXML/FT_009-25_10_14_R1_Doyle_Man_draft_V2.xml,article,,VoxiumAI,research,2025,
