### 🆕 Added 0 new document(s):

### 🔁 Updated 416 existing document(s):
#### SMPTE.ECR1.1978 (updated fields: status)
  - status changed: 
active: `false` → `undefined`
latestVersion: `false` → `undefined`
superseded: `true` → `undefined`
supersededDate: `1990-03-28` → `undefined`
supersededBy: `\["SMPTE.EG1.1990"\]` → `\[\]`
#### SMPTE.EG10.1996 (updated fields: status)
  - status changed: 
active: `false` → `undefined`
latestVersion: `false` → `undefined`
superseded: `true` → `undefined`
supersededDate: `2003-02-07` → `undefined`
supersededBy: `\["SMPTE.EG10.2003"\]` → `\[\]`
#### SMPTE.EG12.1986 (updated fields: status)
  - status changed: 
active: `false` → `undefined`
latestVersion: `false` → `undefined`
superseded: `true` → `undefined`
supersededDate: `1994-02-08` → `undefined`
supersededBy: `\["SMPTE.EG12.1994"\]` → `\[\]`
#### SMPTE.EG14.1999 (updated fields: status)
  - status changed: 
active: `false` → `undefined`
latestVersion: `false` → `undefined`
superseded: `true` → `undefined`
supersededDate: `2005-12-16` → `undefined`
supersededBy: `\["SMPTE.EG14.2005"\]` → `\[\]`
#### SMPTE.EG15.1987 (updated fields: status)
  - status changed: 
active: `false` → `undefined`
latestVersion: `false` → `undefined`
superseded: `true` → `undefined`
supersededDate: `2005-04-04` → `undefined`
supersededBy: `\["SMPTE.EG15.2005"\]` → `\[\]`
#### SMPTE.EG16.1997 (updated fields: status)
  - status changed: 
active: `false` → `undefined`
latestVersion: `false` → `undefined`
superseded: `true` → `undefined`
supersededDate: `2002-07-26` → `undefined`
supersededBy: `\["SMPTE.EG16.2002"\]` → `\[\]`
#### SMPTE.EG17.1997 (updated fields: status)
  - status changed: 
active: `false` → `undefined`
latestVersion: `false` → `undefined`
superseded: `true` → `undefined`
supersededDate: `2002-07-26` → `undefined`
supersededBy: `\["SMPTE.EG17.2002"\]` → `\[\]`
#### SMPTE.EG18.1989 (updated fields: status)
  - status changed: 
active: `false` → `undefined`
latestVersion: `false` → `undefined`
superseded: `true` → `undefined`
supersededDate: `1994-03-25` → `undefined`
supersededBy: `\["SMPTE.EG18.1994"\]` → `\[\]`
#### SMPTE.EG2.1995 (updated fields: status)
  - status changed: 
active: `false` → `undefined`
latestVersion: `false` → `undefined`
superseded: `true` → `undefined`
supersededDate: `1999-11-05` → `undefined`
supersededBy: `\["SMPTE.EG2.1999"\]` → `\[\]`
#### SMPTE.EG20.1993 (updated fields: status)
  - status changed: 
active: `false` → `undefined`
latestVersion: `false` → `undefined`
superseded: `true` → `undefined`
supersededDate: `1997-09-18` → `undefined`
supersededBy: `\["SMPTE.EG20.1997"\]` → `\[\]`
#### SMPTE.EG21.1993 (updated fields: status)
  - status changed: 
active: `false` → `undefined`
latestVersion: `false` → `undefined`
superseded: `true` → `undefined`
supersededDate: `1997-09-18` → `undefined`
supersededBy: `\["SMPTE.EG21.1997"\]` → `\[\]`
#### SMPTE.EG22.1993 (updated fields: status)
  - status changed: 
active: `false` → `undefined`
latestVersion: `false` → `undefined`
superseded: `true` → `undefined`
supersededDate: `1997-09-18` → `undefined`
supersededBy: `\["SMPTE.EG22.1997"\]` → `\[\]`
#### SMPTE.EG23.1996 (updated fields: status)
  - status changed: 
active: `false` → `undefined`
latestVersion: `false` → `undefined`
superseded: `true` → `undefined`
supersededDate: `2005-12-16` → `undefined`
supersededBy: `\["SMPTE.EG23.2005"\]` → `\[\]`
#### SMPTE.EG24.1991 (updated fields: status)
  - status changed: 
active: `false` → `undefined`
latestVersion: `false` → `undefined`
superseded: `true` → `undefined`
supersededDate: `1995-10-07` → `undefined`
supersededBy: `\["SMPTE.EG24.1995"\]` → `\[\]`
#### SMPTE.EG25.1996 (updated fields: status)
  - status changed: 
active: `false` → `undefined`
latestVersion: `false` → `undefined`
superseded: `true` → `undefined`
supersededDate: `2003-07-17` → `undefined`
supersededBy: `\["SMPTE.EG25.2003"\]` → `\[\]`
#### SMPTE.EG26.1991 (updated fields: status)
  - status changed: 
active: `false` → `undefined`
latestVersion: `false` → `undefined`
superseded: `true` → `undefined`
supersededDate: `1995-08-10` → `undefined`
supersededBy: `\["SMPTE.EG26.1995"\]` → `\[\]`
#### SMPTE.EG27.1994 (updated fields: status)
  - status changed: 
active: `false` → `undefined`
latestVersion: `false` → `undefined`
superseded: `true` → `undefined`
supersededDate: `2004-11-08` → `undefined`
supersededBy: `\["SMPTE.EG27.2004"\]` → `\[\]`
#### SMPTE.EG3.1989 (updated fields: status)
  - status changed: 
active: `false` → `undefined`
latestVersion: `false` → `undefined`
superseded: `true` → `undefined`
supersededDate: `1994-02-08` → `undefined`
supersededBy: `\["SMPTE.EG3.1994"\]` → `\[\]`
#### SMPTE.EG33.1998 (updated fields: status)
  - status changed: 
active: `false` → `undefined`
latestVersion: `false` → `undefined`
superseded: `true` → `undefined`
supersededDate: `2004-11-30` → `undefined`
supersededBy: `\["SMPTE.EG33.2004"\]` → `\[\]`
#### SMPTE.EG34.1999 (updated fields: status)
  - status changed: 
active: `false` → `undefined`
latestVersion: `false` → `undefined`
superseded: `true` → `undefined`
supersededDate: `2004-10-08` → `undefined`
supersededBy: `\["SMPTE.EG34.2004"\]` → `\[\]`
#### SMPTE.EG43.2004 (updated fields: status)
  - status changed: 
active: `false` → `undefined`
latestVersion: `false` → `undefined`
superseded: `true` → `undefined`
supersededDate: `2009-10-23` → `undefined`
supersededBy: `\["SMPTE.EG43.2009"\]` → `\[\]`
#### SMPTE.EG432-1.2007 (updated fields: status)
  - status changed: 
active: `false` → `undefined`
latestVersion: `false` → `undefined`
superseded: `true` → `undefined`
supersededDate: `2010-11-10` → `undefined`
supersededBy: `\["SMPTE.EG432-1.2010"\]` → `\[\]`
#### SMPTE.EG5.1994 (updated fields: status)
  - status changed: 
active: `false` → `undefined`
latestVersion: `false` → `undefined`
superseded: `true` → `undefined`
supersededDate: `2003-10-20` → `undefined`
supersededBy: `\["SMPTE.EG5.2003"\]` → `\[\]`
#### SMPTE.EG7.1989 (updated fields: status)
  - status changed: 
active: `false` → `undefined`
latestVersion: `false` → `undefined`
superseded: `true` → `undefined`
supersededDate: `1994-09-01` → `undefined`
supersededBy: `\["SMPTE.EG7.1994"\]` → `\[\]`
#### SMPTE.EG8.1984 (updated fields: status)
  - status changed: 
active: `false` → `undefined`
latestVersion: `false` → `undefined`
superseded: `true` → `undefined`
supersededDate: `1993-11-17` → `undefined`
supersededBy: `\["SMPTE.EG8.1993"\]` → `\[\]`
#### SMPTE.RDD14.2007 (updated fields: status)
  - status changed: 
active: `false` → `undefined`
latestVersion: `false` → `undefined`
superseded: `true` → `undefined`
supersededDate: `2010-07-10` → `undefined`
supersededBy: `\["SMPTE.RDD14.2010"\]` → `\[\]`
#### SMPTE.RDD3.2005 (updated fields: status)
  - status changed: 
active: `false` → `undefined`
latestVersion: `false` → `undefined`
superseded: `true` → `undefined`
supersededDate: `2008-07-11` → `undefined`
supersededBy: `\["SMPTE.RDD3.2008"\]` → `\[\]`
#### SMPTE.RDD8.2006 (updated fields: status)
  - status changed: 
active: `false` → `undefined`
latestVersion: `false` → `undefined`
superseded: `true` → `undefined`
supersededDate: `2008-09-17` → `undefined`
supersededBy: `\["SMPTE.RDD8.2008"\]` → `\[\]`
#### SMPTE.RP103.1982 (updated fields: status)
  - status changed: 
active: `false` → `undefined`
latestVersion: `false` → `undefined`
superseded: `true` → `undefined`
supersededDate: `1994-12-07` → `undefined`
supersededBy: `\["SMPTE.RP103.1994"\]` → `\[\]`
#### SMPTE.RP104.1994 (updated fields: status)
  - status changed: 
active: `false` → `undefined`
latestVersion: `false` → `undefined`
superseded: `true` → `undefined`
supersededDate: `2005-12-16` → `undefined`
supersededBy: `\["SMPTE.RP104.2005"\]` → `\[\]`
#### SMPTE.RP106.1982 (updated fields: status)
  - status changed: 
active: `false` → `undefined`
latestVersion: `false` → `undefined`
superseded: `true` → `undefined`
supersededDate: `1994-02-08` → `undefined`
supersededBy: `\["SMPTE.RP106.1994"\]` → `\[\]`
#### SMPTE.RP107.1988 (updated fields: status)
  - status changed: 
active: `false` → `undefined`
latestVersion: `false` → `undefined`
superseded: `true` → `undefined`
supersededDate: `1995-01-01` → `undefined`
supersededBy: `\["SMPTE.RP107.1993"\]` → `\[\]`
#### SMPTE.RP109.1982 (updated fields: status)
  - status changed: 
active: `false` → `undefined`
latestVersion: `false` → `undefined`
superseded: `true` → `undefined`
supersededDate: `1994-02-08` → `undefined`
supersededBy: `\["SMPTE.RP109.1994"\]` → `\[\]`
#### SMPTE.RP11.1984 (updated fields: status)
  - status changed: 
active: `false` → `undefined`
latestVersion: `false` → `undefined`
superseded: `true` → `undefined`
supersededDate: `1994-02-28` → `undefined`
supersededBy: `\["SMPTE.RP11.1994"\]` → `\[\]`
#### SMPTE.RP110.1988 (updated fields: status)
  - status changed: 
active: `false` → `undefined`
latestVersion: `false` → `undefined`
superseded: `true` → `undefined`
supersededDate: `1992-11-06` → `undefined`
supersededBy: `\["SMPTE.RP110.1992"\]` → `\[\]`
#### SMPTE.RP111.1994 (updated fields: status)
  - status changed: 
active: `false` → `undefined`
latestVersion: `false` → `undefined`
superseded: `true` → `undefined`
supersededDate: `1999-04-22` → `undefined`
supersededBy: `\["SMPTE.RP111.1999"\]` → `\[\]`
#### SMPTE.RP113.1992 (updated fields: status)
  - status changed: 
active: `false` → `undefined`
latestVersion: `false` → `undefined`
superseded: `true` → `undefined`
supersededDate: `1996-12-10` → `undefined`
supersededBy: `\["SMPTE.RP113.1996"\]` → `\[\]`
#### SMPTE.RP114.1983 (updated fields: status)
  - status changed: 
active: `false` → `undefined`
latestVersion: `false` → `undefined`
superseded: `true` → `undefined`
supersededDate: `1994-02-08` → `undefined`
supersededBy: `\["SMPTE.RP114.1994"\]` → `\[\]`
#### SMPTE.RP115.1983 (updated fields: status)
  - status changed: 
active: `false` → `undefined`
latestVersion: `false` → `undefined`
superseded: `true` → `undefined`
supersededDate: `1997-01-22` → `undefined`
supersededBy: `\["SMPTE.RP115.1997"\]` → `\[\]`
#### SMPTE.RP116.1995 (updated fields: status)
  - status changed: 
active: `false` → `undefined`
latestVersion: `false` → `undefined`
superseded: `true` → `undefined`
supersededDate: `2000-05-30` → `undefined`
supersededBy: `\["SMPTE.RP116.2000"\]` → `\[\]`
#### SMPTE.RP12.1992 (updated fields: status)
  - status changed: 
active: `false` → `undefined`
latestVersion: `false` → `undefined`
superseded: `true` → `undefined`
supersededDate: `1997-01-08` → `undefined`
supersededBy: `\["SMPTE.RP12.1997"\]` → `\[\]`
#### SMPTE.RP120.1994 (updated fields: status)
  - status changed: 
active: `false` → `undefined`
latestVersion: `false` → `undefined`
superseded: `true` → `undefined`
supersededDate: `2005-04-06` → `undefined`
supersededBy: `\["SMPTE.RP120.2005"\]` → `\[\]`
#### SMPTE.RP121.1993 (updated fields: status)
  - status changed: 
active: `false` → `undefined`
latestVersion: `false` → `undefined`
superseded: `true` → `undefined`
supersededDate: `1997-12-07` → `undefined`
supersededBy: `\["SMPTE.RP121.1997"\]` → `\[\]`
#### SMPTE.RP122.1983 (updated fields: status)
  - status changed: 
active: `false` → `undefined`
latestVersion: `false` → `undefined`
superseded: `true` → `undefined`
supersededDate: `1993-03-05` → `undefined`
supersededBy: `\["SMPTE.RP122.1993"\]` → `\[\]`
#### SMPTE.RP123.1997 (updated fields: status)
  - status changed: 
active: `false` → `undefined`
latestVersion: `false` → `undefined`
superseded: `true` → `undefined`
supersededDate: `2004-02-27` → `undefined`
supersededBy: `\["SMPTE.RP123.2004"\]` → `\[\]`
#### SMPTE.RP124.1993 (updated fields: status)
  - status changed: 
active: `false` → `undefined`
latestVersion: `false` → `undefined`
superseded: `true` → `undefined`
supersededDate: `1998-06-01` → `undefined`
supersededBy: `\["SMPTE.RP124.1998"\]` → `\[\]`
#### SMPTE.RP127.1999 (updated fields: status)
  - status changed: 
active: `false` → `undefined`
latestVersion: `false` → `undefined`
superseded: `true` → `undefined`
supersededDate: `2004-11-08` → `undefined`
supersededBy: `\["SMPTE.RP127.2004"\]` → `\[\]`
#### SMPTE.RP128.1997 (updated fields: status)
  - status changed: 
active: `false` → `undefined`
latestVersion: `false` → `undefined`
superseded: `true` → `undefined`
supersededDate: `2002-07-26` → `undefined`
supersededBy: `\["SMPTE.RP128.2002"\]` → `\[\]`
#### SMPTE.RP129.1985 (updated fields: status)
  - status changed: 
active: `false` → `undefined`
latestVersion: `false` → `undefined`
superseded: `true` → `undefined`
supersededDate: `1995-08-01` → `undefined`
supersededBy: `\["SMPTE.RP129.1995"\]` → `\[\]`
#### SMPTE.RP130.1995 (updated fields: status)
  - status changed: 
active: `false` → `undefined`
latestVersion: `false` → `undefined`
superseded: `true` → `undefined`
supersededDate: `2004-11-08` → `undefined`
supersededBy: `\["SMPTE.RP130.2004"\]` → `\[\]`
#### SMPTE.RP131.1994 (updated fields: status)
  - status changed: 
active: `false` → `undefined`
latestVersion: `false` → `undefined`
superseded: `true` → `undefined`
supersededDate: `2002-07-15` → `undefined`
supersededBy: `\["SMPTE.RP131.2002"\]` → `\[\]`
#### SMPTE.RP132.1985 (updated fields: status)
  - status changed: 
active: `false` → `undefined`
latestVersion: `false` → `undefined`
superseded: `true` → `undefined`
supersededDate: `1994-02-28` → `undefined`
supersededBy: `\["SMPTE.RP132.1994"\]` → `\[\]`
#### SMPTE.RP133.1986 (updated fields: status)
  - status changed: 
active: `false` → `undefined`
latestVersion: `false` → `undefined`
superseded: `true` → `undefined`
supersededDate: `1991-03-01` → `undefined`
supersededBy: `\["SMPTE.RP133.1991"\]` → `\[\]`
#### SMPTE.RP134.1986 (updated fields: status)
  - status changed: 
active: `false` → `undefined`
latestVersion: `false` → `undefined`
superseded: `true` → `undefined`
supersededDate: `1994-01-12` → `undefined`
supersededBy: `\["SMPTE.RP134.1994"\]` → `\[\]`
#### SMPTE.RP135.1999 (updated fields: status)
  - status changed: 
active: `false` → `undefined`
latestVersion: `false` → `undefined`
superseded: `true` → `undefined`
supersededDate: `2004-11-08` → `undefined`
supersededBy: `\["SMPTE.RP135.2004"\]` → `\[\]`
#### SMPTE.RP136.1999 (updated fields: status)
  - status changed: 
active: `false` → `undefined`
latestVersion: `false` → `undefined`
superseded: `true` → `undefined`
supersededDate: `2004-11-08` → `undefined`
supersededBy: `\["SMPTE.RP136.2004"\]` → `\[\]`
#### SMPTE.RP138.1992 (updated fields: status)
  - status changed: 
active: `false` → `undefined`
latestVersion: `false` → `undefined`
superseded: `true` → `undefined`
supersededDate: `1996-12-10` → `undefined`
supersededBy: `\["SMPTE.RP138.1996"\]` → `\[\]`
#### SMPTE.RP139.1992 (updated fields: status)
  - status changed: 
active: `false` → `undefined`
latestVersion: `false` → `undefined`
superseded: `true` → `undefined`
supersededDate: `1997-08-12` → `undefined`
supersededBy: `\["SMPTE.RP139.1997"\]` → `\[\]`
#### SMPTE.RP14.1988 (updated fields: status)
  - status changed: 
active: `false` → `undefined`
latestVersion: `false` → `undefined`
superseded: `true` → `undefined`
supersededDate: `1997-01-22` → `undefined`
supersededBy: `\["SMPTE.RP14.1997"\]` → `\[\]`
#### SMPTE.RP140.1995 (updated fields: status)
  - status changed: 
active: `false` → `undefined`
latestVersion: `false` → `undefined`
superseded: `true` → `undefined`
supersededDate: `2005-12-16` → `undefined`
supersededBy: `\["SMPTE.RP140.2005"\]` → `\[\]`
#### SMPTE.RP142.1997 (updated fields: status)
  - status changed: 
active: `false` → `undefined`
latestVersion: `false` → `undefined`
superseded: `true` → `undefined`
supersededDate: `2004-11-30` → `undefined`
supersededBy: `\["SMPTE.RP142.2004"\]` → `\[\]`
#### SMPTE.RP143.1999 (updated fields: status)
  - status changed: 
active: `false` → `undefined`
latestVersion: `false` → `undefined`
superseded: `true` → `undefined`
supersededDate: `2004-11-08` → `undefined`
supersededBy: `\["SMPTE.RP143.2004"\]` → `\[\]`
#### SMPTE.RP144.1995 (updated fields: status)
  - status changed: 
active: `false` → `undefined`
latestVersion: `false` → `undefined`
superseded: `true` → `undefined`
supersededDate: `1999-11-05` → `undefined`
supersededBy: `\["SMPTE.RP144.1999"\]` → `\[\]`
#### SMPTE.RP145.1999 (updated fields: status)
  - status changed: 
active: `false` → `undefined`
latestVersion: `false` → `undefined`
superseded: `true` → `undefined`
supersededDate: `2004-11-08` → `undefined`
supersededBy: `\["SMPTE.RP145.2004"\]` → `\[\]`
#### SMPTE.RP149.1988 (updated fields: status)
  - status changed: 
active: `false` → `undefined`
latestVersion: `false` → `undefined`
superseded: `true` → `undefined`
supersededDate: `1992-09-18` → `undefined`
supersededBy: `\["SMPTE.RP149.1992"\]` → `\[\]`
#### SMPTE.RP15.1988 (updated fields: status)
  - status changed: 
active: `false` → `undefined`
latestVersion: `false` → `undefined`
superseded: `true` → `undefined`
supersededDate: `1997-01-22` → `undefined`
supersededBy: `\["SMPTE.RP15.1997"\]` → `\[\]`
#### SMPTE.RP150.1993 (updated fields: status)
  - status changed: 
active: `false` → `undefined`
latestVersion: `false` → `undefined`
superseded: `true` → `undefined`
supersededDate: `2000-03-30` → `undefined`
supersededBy: `\["SMPTE.RP150.2000"\]` → `\[\]`
#### SMPTE.RP151.1994 (updated fields: status)
  - status changed: 
active: `false` → `undefined`
latestVersion: `false` → `undefined`
superseded: `true` → `undefined`
supersededDate: `1999-04-23` → `undefined`
supersededBy: `\["SMPTE.RP151.1999"\]` → `\[\]`
#### SMPTE.RP152.1989 (updated fields: status)
  - status changed: 
active: `false` → `undefined`
latestVersion: `false` → `undefined`
superseded: `true` → `undefined`
supersededDate: `1994-02-28` → `undefined`
supersededBy: `\["SMPTE.RP152.1994"\]` → `\[\]`
#### SMPTE.RP153.1994 (updated fields: status)
  - status changed: 
active: `false` → `undefined`
latestVersion: `false` → `undefined`
superseded: `true` → `undefined`
supersededDate: `1999-11-05` → `undefined`
supersededBy: `\["SMPTE.RP153.1999"\]` → `\[\]`
#### SMPTE.RP154.1994 (updated fields: status)
  - status changed: 
active: `false` → `undefined`
latestVersion: `false` → `undefined`
superseded: `true` → `undefined`
supersededDate: `1999-01-01` → `undefined`
supersededBy: `\["SMPTE.ST318.1999"\]` → `\[\]`
#### SMPTE.RP155.1997 (updated fields: status)
  - status changed: 
active: `false` → `undefined`
latestVersion: `false` → `undefined`
superseded: `true` → `undefined`
supersededDate: `2004-08-10` → `undefined`
supersededBy: `\["SMPTE.RP155.2004"\]` → `\[\]`
#### SMPTE.RP156.1995 (updated fields: status)
  - status changed: 
active: `false` → `undefined`
latestVersion: `false` → `undefined`
superseded: `true` → `undefined`
supersededDate: `1999-11-05` → `undefined`
supersededBy: `\["SMPTE.RP156.1999"\]` → `\[\]`
#### SMPTE.RP158.1991 (updated fields: status)
  - status changed: 
active: `false` → `undefined`
latestVersion: `false` → `undefined`
superseded: `true` → `undefined`
supersededDate: `1999-11-05` → `undefined`
supersededBy: `\["SMPTE.RP158.1999"\]` → `\[\]`
#### SMPTE.RP159.1995 (updated fields: status)
  - status changed: 
active: `false` → `undefined`
latestVersion: `false` → `undefined`
superseded: `true` → `undefined`
supersededDate: `2008-02-07` → `undefined`
supersededBy: `\["SMPTE.ST12-1.2008"\]` → `\[\]`
#### SMPTE.RP16.1988 (updated fields: status)
  - status changed: 
active: `false` → `undefined`
latestVersion: `false` → `undefined`
superseded: `true` → `undefined`
supersededDate: `1993-03-05` → `undefined`
supersededBy: `\["SMPTE.RP16.1993"\]` → `\[\]`
#### SMPTE.RP160.1991 (updated fields: status)
  - status changed: 
active: `false` → `undefined`
latestVersion: `false` → `undefined`
superseded: `true` → `undefined`
supersededDate: `1997-06-01` → `undefined`
supersededBy: `\["SMPTE.RP160.1997"\]` → `\[\]`
#### SMPTE.RP161.1995 (updated fields: status)
  - status changed: 
active: `false` → `undefined`
latestVersion: `false` → `undefined`
superseded: `true` → `undefined`
supersededDate: `1999-11-05` → `undefined`
supersededBy: `\["SMPTE.RP161.1999"\]` → `\[\]`
#### SMPTE.RP164.1996 (updated fields: status)
  - status changed: 
active: `false` → `undefined`
latestVersion: `false` → `undefined`
superseded: `true` → `undefined`
supersededDate: `2008-02-07` → `undefined`
supersededBy: `\["SMPTE.ST12-1.2008"\]` → `\[\]`
#### SMPTE.RP165.1993 (updated fields: status)
  - status changed: 
active: `false` → `undefined`
latestVersion: `false` → `undefined`
superseded: `true` → `undefined`
supersededDate: `1994-09-01` → `undefined`
supersededBy: `\["SMPTE.RP165.1994"\]` → `\[\]`
#### SMPTE.RP168.2002 (updated fields: status)
  - status changed: 
active: `false` → `undefined`
latestVersion: `false` → `undefined`
superseded: `true` → `undefined`
supersededDate: `2009-07-17` → `undefined`
supersededBy: `\["SMPTE.RP168.2009"\]` → `\[\]`
#### SMPTE.RP175.1993 (updated fields: status)
  - status changed: 
active: `false` → `undefined`
latestVersion: `false` → `undefined`
superseded: `true` → `undefined`
supersededDate: `1997-12-05` → `undefined`
supersededBy: `\["SMPTE.RP175.1997"\]` → `\[\]`
#### SMPTE.RP175.1995 (updated fields: status)
  - status changed: 
active: `false` → `undefined`
latestVersion: `false` → `undefined`
superseded: `true` → `undefined`
supersededDate: `2013-09-25` → `undefined`
supersededBy: `\["SMPTE.ST125.2013"\]` → `\[\]`
#### SMPTE.RP176.1993 (updated fields: status)
  - status changed: 
active: `false` → `undefined`
latestVersion: `false` → `undefined`
superseded: `true` → `undefined`
supersededDate: `1997-12-05` → `undefined`
supersededBy: `\["SMPTE.RP176.1997"\]` → `\[\]`
#### SMPTE.RP178.1996 (updated fields: status)
  - status changed: 
active: `false` → `undefined`
latestVersion: `false` → `undefined`
superseded: `true` → `undefined`
supersededDate: `2004-11-30` → `undefined`
supersededBy: `\["SMPTE.RP178.2004"\]` → `\[\]`
#### SMPTE.RP179.1994 (updated fields: status)
  - status changed: 
active: `false` → `undefined`
latestVersion: `false` → `undefined`
superseded: `true` → `undefined`
supersededDate: `2002-08-08` → `undefined`
supersededBy: `\["SMPTE.RP179.2002"\]` → `\[\]`
#### SMPTE.RP18.1991 (updated fields: status)
  - status changed: 
active: `false` → `undefined`
latestVersion: `false` → `undefined`
superseded: `true` → `undefined`
supersededDate: `1995-08-10` → `undefined`
supersededBy: `\["SMPTE.RP18.1995"\]` → `\[\]`
#### SMPTE.RP180.1994 (updated fields: status)
  - status changed: 
active: `false` → `undefined`
latestVersion: `false` → `undefined`
superseded: `true` → `undefined`
supersededDate: `1999-04-23` → `undefined`
supersededBy: `\["SMPTE.RP180.1999"\]` → `\[\]`
#### SMPTE.RP181.1994 (updated fields: status)
  - status changed: 
active: `false` → `undefined`
latestVersion: `false` → `undefined`
superseded: `true` → `undefined`
supersededDate: `1999-04-23` → `undefined`
supersededBy: `\["SMPTE.RP181.1999"\]` → `\[\]`
#### SMPTE.RP183.1995 (updated fields: status)
  - status changed: 
active: `false` → `undefined`
latestVersion: `false` → `undefined`
superseded: `true` → `undefined`
supersededDate: `2004-10-08` → `undefined`
supersededBy: `\["SMPTE.RP183.2004"\]` → `\[\]`
#### SMPTE.RP184.1996 (updated fields: status)
  - status changed: 
active: `false` → `undefined`
latestVersion: `false` → `undefined`
superseded: `true` → `undefined`
supersededDate: `2004-11-30` → `undefined`
supersededBy: `\["SMPTE.RP184.2004"\]` → `\[\]`
#### SMPTE.RP185.1995 (updated fields: status)
  - status changed: 
active: `false` → `undefined`
latestVersion: `false` → `undefined`
superseded: `true` → `undefined`
supersededDate: `2004-11-08` → `undefined`
supersededBy: `\["SMPTE.RP185.2004"\]` → `\[\]`
#### SMPTE.RP186.1995 (updated fields: status)
  - status changed: 
active: `false` → `undefined`
latestVersion: `false` → `undefined`
superseded: `true` → `undefined`
supersededDate: `2008-04-18` → `undefined`
supersededBy: `\["SMPTE.RP186.2008"\]` → `\[\]`
#### SMPTE.RP188.1999 (updated fields: status)
  - status changed: 
active: `false` → `undefined`
latestVersion: `false` → `undefined`
superseded: `true` → `undefined`
supersededDate: `2008-02-07` → `undefined`
supersededBy: `\["SMPTE.ST12-2.2008"\]` → `\[\]`
#### SMPTE.RP19.1995 (updated fields: status)
  - status changed: 
active: `false` → `undefined`
latestVersion: `false` → `undefined`
superseded: `true` → `undefined`
supersededDate: `2003-10-20` → `undefined`
supersededBy: `\["SMPTE.RP19.2003"\]` → `\[\]`
#### SMPTE.RP192.1996 (updated fields: status)
  - status changed: 
active: `false` → `undefined`
latestVersion: `false` → `undefined`
superseded: `true` → `undefined`
supersededDate: `2003-07-09` → `undefined`
supersededBy: `\["SMPTE.RP192.2003"\]` → `\[\]`
#### SMPTE.RP197.1998 (updated fields: status)
  - status changed: 
active: `false` → `undefined`
latestVersion: `false` → `undefined`
superseded: `true` → `undefined`
supersededDate: `2003-10-20` → `undefined`
supersededBy: `\["SMPTE.RP197.2003"\]` → `\[\]`
#### SMPTE.RP199.1999 (updated fields: status)
  - status changed: 
active: `false` → `undefined`
latestVersion: `false` → `undefined`
superseded: `true` → `undefined`
supersededDate: `2004-11-08` → `undefined`
supersededBy: `\["SMPTE.RP199.2004"\]` → `\[\]`
#### SMPTE.RP20.1995 (updated fields: status)
  - status changed: 
active: `false` → `undefined`
latestVersion: `false` → `undefined`
superseded: `true` → `undefined`
supersededDate: `2003-10-20` → `undefined`
supersededBy: `\["SMPTE.RP20.2003"\]` → `\[\]`
#### SMPTE.RP200.1999 (updated fields: status)
  - status changed: 
active: `false` → `undefined`
latestVersion: `false` → `undefined`
superseded: `true` → `undefined`
supersededDate: `2002-11-07` → `undefined`
supersededBy: `\["SMPTE.RP200.2002"\]` → `\[\]`
#### SMPTE.RP2008.2007 (updated fields: status)
  - status changed: 
active: `false` → `undefined`
latestVersion: `false` → `undefined`
superseded: `true` → `undefined`
supersededDate: `2008-02-13` → `undefined`
supersededBy: `\["SMPTE.RP2008.2008"\]` → `\[\]`
#### SMPTE.RP201.2004 (updated fields: status)
  - status changed: 
active: `false` → `undefined`
latestVersion: `false` → `undefined`
superseded: `true` → `undefined`
supersededDate: `2008-11-26` → `undefined`
supersededBy: `\["SMPTE.RP201.2008"\]` → `\[\]`
#### SMPTE.RP2010.2007 (updated fields: status)
  - status changed: 
active: `false` → `undefined`
latestVersion: `false` → `undefined`
superseded: `true` → `undefined`
supersededDate: `2008-09-23` → `undefined`
supersededBy: `\["SMPTE.ST2010.2008"\]` → `\[\]`
#### SMPTE.RP202.2000 (updated fields: status)
  - status changed: 
active: `false` → `undefined`
latestVersion: `false` → `undefined`
superseded: `true` → `undefined`
supersededDate: `2008-04-18` → `undefined`
supersededBy: `\["SMPTE.RP202.2008"\]` → `\[\]`
#### SMPTE.RP2027.2011 (updated fields: status)
  - status changed: 
active: `false` → `undefined`
latestVersion: `false` → `undefined`
superseded: `true` → `undefined`
supersededDate: `2012-03-12` → `undefined`
supersededBy: `\["SMPTE.RP2027.2012"\]` → `\[\]`
#### SMPTE.RP207.2002 (updated fields: status)
  - status changed: 
active: `false` → `undefined`
latestVersion: `false` → `undefined`
superseded: `true` → `undefined`
supersededDate: `2005-03-22` → `undefined`
supersededBy: `\["SMPTE.RP207.2005"\]` → `\[\]`
#### SMPTE.RP21.1997 (updated fields: status)
  - status changed: 
active: `false` → `undefined`
latestVersion: `false` → `undefined`
superseded: `true` → `undefined`
supersededDate: `2004-02-27` → `undefined`
supersededBy: `\["SMPTE.RP21.2004"\]` → `\[\]`
#### SMPTE.RP210.2004 (updated fields: status)
  - status changed: 
active: `false` → `undefined`
latestVersion: `false` → `undefined`
superseded: `true` → `undefined`
supersededDate: `2007-01-25` → `undefined`
supersededBy: `\["SMPTE.RP210.2007"\]` → `\[\]`
#### SMPTE.RP210.2010 (updated fields: status)
  - status changed: 
active: `false` → `undefined`
latestVersion: `false` → `undefined`
superseded: `true` → `undefined`
supersededDate: `2012-04-18` → `undefined`
supersededBy: `\["SMPTE.RP210.2012"\]` → `\[\]`
#### SMPTE.RP218.2002 (updated fields: status)
  - status changed: 
active: `false` → `undefined`
latestVersion: `false` → `undefined`
superseded: `true` → `undefined`
supersededDate: `2009-12-18` → `undefined`
supersededBy: `\["SMPTE.RP218.2009"\]` → `\[\]`
#### SMPTE.RP220.2002 (updated fields: status)
  - status changed: 
active: `false` → `undefined`
latestVersion: `false` → `undefined`
superseded: `true` → `undefined`
supersededDate: `2004-07-01` → `undefined`
supersededBy: `\["SMPTE.RP220.2004"\]` → `\[\]`
#### SMPTE.RP227.2007 (updated fields: status)
  - status changed: 
active: `false` → `undefined`
latestVersion: `false` → `undefined`
superseded: `true` → `undefined`
supersededDate: `2010-08-12` → `undefined`
supersededBy: `\["SMPTE.RP227.2010"\]` → `\[\]`
#### SMPTE.RP228.2007 (updated fields: status)
  - status changed: 
active: `false` → `undefined`
latestVersion: `false` → `undefined`
superseded: `true` → `undefined`
supersededDate: `2008-07-10` → `undefined`
supersededBy: `\["SMPTE.RP228.2008"\]` → `\[\]`
#### SMPTE.RP24.1993 (updated fields: status)
  - status changed: 
active: `false` → `undefined`
latestVersion: `false` → `undefined`
superseded: `true` → `undefined`
supersededDate: `1997-09-18` → `undefined`
supersededBy: `\["SMPTE.RP24.1997"\]` → `\[\]`
#### SMPTE.RP25.1984 (updated fields: status)
  - status changed: 
active: `false` → `undefined`
latestVersion: `false` → `undefined`
superseded: `true` → `undefined`
supersededDate: `1995-07-06` → `undefined`
supersededBy: `\["SMPTE.RP25.1995"\]` → `\[\]`
#### SMPTE.RP27-1.1983 (updated fields: status)
  - status changed: 
active: `false` → `undefined`
latestVersion: `false` → `undefined`
superseded: `true` → `undefined`
supersededDate: `1989-02-28` → `undefined`
supersededBy: `\["SMPTE.RP27-1.1989"\]` → `\[\]`
#### SMPTE.RP27-2.1983 (updated fields: status)
  - status changed: 
active: `false` → `undefined`
latestVersion: `false` → `undefined`
superseded: `true` → `undefined`
supersededDate: `1989-02-28` → `undefined`
supersededBy: `\["SMPTE.RP27-2.1989"\]` → `\[\]`
#### SMPTE.RP27-3.1983 (updated fields: status)
  - status changed: 
active: `false` → `undefined`
latestVersion: `false` → `undefined`
superseded: `true` → `undefined`
supersededDate: `1989-03-29` → `undefined`
supersededBy: `\["SMPTE.RP27-3.1989"\]` → `\[\]`
#### SMPTE.RP27-4.1985 (updated fields: status)
  - status changed: 
active: `false` → `undefined`
latestVersion: `false` → `undefined`
superseded: `true` → `undefined`
supersededDate: `1994-02-01` → `undefined`
supersededBy: `\["SMPTE.RP27-4.1994"\]` → `\[\]`
#### SMPTE.RP27-5.1983 (updated fields: status)
  - status changed: 
active: `false` → `undefined`
latestVersion: `false` → `undefined`
superseded: `true` → `undefined`
supersededDate: `1989-03-29` → `undefined`
supersededBy: `\["SMPTE.RP27-5.1989"\]` → `\[\]`
#### SMPTE.RP291.2006 (updated fields: status)
  - status changed: 
active: `false` → `undefined`
latestVersion: `false` → `undefined`
superseded: `true` → `undefined`
supersededDate: `2009-03-18` → `undefined`
supersededBy: `\["SMPTE.RP291.2009"\]` → `\[\]`
#### SMPTE.RP32.1991 (updated fields: status)
  - status changed: 
active: `false` → `undefined`
latestVersion: `false` → `undefined`
superseded: `true` → `undefined`
supersededDate: `1995-11-07` → `undefined`
supersededBy: `\["SMPTE.RP32.1995"\]` → `\[\]`
#### SMPTE.RP34.1993 (updated fields: status)
  - status changed: 
active: `false` → `undefined`
latestVersion: `false` → `undefined`
superseded: `true` → `undefined`
supersededDate: `1997-09-18` → `undefined`
supersededBy: `\["SMPTE.RP34.1997"\]` → `\[\]`
#### SMPTE.RP36.1994 (updated fields: status)
  - status changed: 
active: `false` → `undefined`
latestVersion: `false` → `undefined`
superseded: `true` → `undefined`
supersededDate: `1999-04-22` → `undefined`
supersededBy: `\["SMPTE.RP36.1999"\]` → `\[\]`
#### SMPTE.RP38.1983 (updated fields: status)
  - status changed: 
active: `false` → `undefined`
latestVersion: `false` → `undefined`
superseded: `true` → `undefined`
supersededDate: `1989-02-27` → `undefined`
supersededBy: `\["SMPTE.RP38.1989"\]` → `\[\]`
#### SMPTE.RP39.1970 (updated fields: status)
  - status changed: 
active: `false` → `undefined`
latestVersion: `false` → `undefined`
superseded: `true` → `undefined`
supersededDate: `1993-11-03` → `undefined`
supersededBy: `\["SMPTE.RP39.1993"\]` → `\[\]`
#### SMPTE.RP40.1995 (updated fields: status)
  - status changed: 
active: `false` → `undefined`
latestVersion: `false` → `undefined`
superseded: `true` → `undefined`
supersededDate: `2003-10-20` → `undefined`
supersededBy: `\["SMPTE.RP40.2003"\]` → `\[\]`
#### SMPTE.RP47.1994 (updated fields: status)
  - status changed: 
active: `false` → `undefined`
latestVersion: `false` → `undefined`
superseded: `true` → `undefined`
supersededDate: `1999-04-22` → `undefined`
supersededBy: `\["SMPTE.RP47.1999"\]` → `\[\]`
#### SMPTE.RP49.1986 (updated fields: status)
  - status changed: 
active: `false` → `undefined`
latestVersion: `false` → `undefined`
superseded: `true` → `undefined`
supersededDate: `1995-01-05` → `undefined`
supersededBy: `\["SMPTE.RP49.1995"\]` → `\[\]`
#### SMPTE.RP50.1985 (updated fields: status)
  - status changed: 
active: `false` → `undefined`
latestVersion: `false` → `undefined`
superseded: `true` → `undefined`
supersededDate: `1995-01-05` → `undefined`
supersededBy: `\["SMPTE.RP50.1995"\]` → `\[\]`
#### SMPTE.RP51.1990 (updated fields: status)
  - status changed: 
active: `false` → `undefined`
latestVersion: `false` → `undefined`
superseded: `true` → `undefined`
supersededDate: `1995-01-05` → `undefined`
supersededBy: `\["SMPTE.RP51.1995"\]` → `\[\]`
#### SMPTE.RP53.1983 (updated fields: status)
  - status changed: 
active: `false` → `undefined`
latestVersion: `false` → `undefined`
superseded: `true` → `undefined`
supersededDate: `1993-05-24` → `undefined`
supersededBy: `\["SMPTE.RP53.1993"\]` → `\[\]`
#### SMPTE.RP54.1994 (updated fields: status)
  - status changed: 
active: `false` → `undefined`
latestVersion: `false` → `undefined`
superseded: `true` → `undefined`
supersededDate: `1999-04-22` → `undefined`
supersededBy: `\["SMPTE.RP54.1999"\]` → `\[\]`
#### SMPTE.RP55.1993 (updated fields: status)
  - status changed: 
active: `false` → `undefined`
latestVersion: `false` → `undefined`
superseded: `true` → `undefined`
supersededDate: `1997-09-18` → `undefined`
supersededBy: `\["SMPTE.RP55.1997"\]` → `\[\]`
#### SMPTE.RP56.1995 (updated fields: status)
  - status changed: 
active: `false` → `undefined`
latestVersion: `false` → `undefined`
superseded: `true` → `undefined`
supersededDate: `2002-07-26` → `undefined`
supersededBy: `\["SMPTE.RP56.2002"\]` → `\[\]`
#### SMPTE.RP58.1974 (updated fields: status)
  - status changed: 
active: `false` → `undefined`
latestVersion: `false` → `undefined`
superseded: `true` → `undefined`
supersededDate: `1995-01-05` → `undefined`
supersededBy: `\["SMPTE.RP58.1995"\]` → `\[\]`
#### SMPTE.RP6.1985 (updated fields: status)
  - status changed: 
active: `false` → `undefined`
latestVersion: `false` → `undefined`
superseded: `true` → `undefined`
supersededDate: `1994-02-28` → `undefined`
supersededBy: `\["SMPTE.RP6.1994"\]` → `\[\]`
#### SMPTE.RP63.1997 (updated fields: status)
  - status changed: 
active: `false` → `undefined`
latestVersion: `false` → `undefined`
superseded: `true` → `undefined`
supersededDate: `2002-07-26` → `undefined`
supersededBy: `\["SMPTE.RP63.2002"\]` → `\[\]`
#### SMPTE.RP64.1994 (updated fields: status)
  - status changed: 
active: `false` → `undefined`
latestVersion: `false` → `undefined`
superseded: `true` → `undefined`
supersededDate: `1999-04-22` → `undefined`
supersededBy: `\["SMPTE.RP64.1999"\]` → `\[\]`
#### SMPTE.RP65.1995 (updated fields: status)
  - status changed: 
active: `false` → `undefined`
latestVersion: `false` → `undefined`
superseded: `true` → `undefined`
supersededDate: `2000-04-06` → `undefined`
supersededBy: `\["SMPTE.RP65.2000"\]` → `\[\]`
#### SMPTE.RP67.1997 (updated fields: status)
  - status changed: 
active: `false` → `undefined`
latestVersion: `false` → `undefined`
superseded: `true` → `undefined`
supersededDate: `2002-07-26` → `undefined`
supersededBy: `\["SMPTE.RP67.2002"\]` → `\[\]`
#### SMPTE.RP68.1997 (updated fields: status)
  - status changed: 
active: `false` → `undefined`
latestVersion: `false` → `undefined`
superseded: `true` → `undefined`
supersededDate: `2002-07-26` → `undefined`
supersededBy: `\["SMPTE.RP68.2002"\]` → `\[\]`
#### SMPTE.RP69.1997 (updated fields: status)
  - status changed: 
active: `false` → `undefined`
latestVersion: `false` → `undefined`
superseded: `true` → `undefined`
supersededDate: `2002-07-26` → `undefined`
supersededBy: `\["SMPTE.RP69.2002"\]` → `\[\]`
#### SMPTE.RP70.1997 (updated fields: status)
  - status changed: 
active: `false` → `undefined`
latestVersion: `false` → `undefined`
superseded: `true` → `undefined`
supersededDate: `2002-07-26` → `undefined`
supersededBy: `\["SMPTE.RP70.2002"\]` → `\[\]`
#### SMPTE.RP73.1977 (updated fields: status)
  - status changed: 
active: `false` → `undefined`
latestVersion: `false` → `undefined`
superseded: `true` → `undefined`
supersededDate: `1992-11-06` → `undefined`
supersededBy: `\["SMPTE.RP73.1992"\]` → `\[\]`
#### SMPTE.RP74.1977 (updated fields: status)
  - status changed: 
active: `false` → `undefined`
latestVersion: `false` → `undefined`
superseded: `true` → `undefined`
supersededDate: `1992-09-18` → `undefined`
supersededBy: `\["SMPTE.RP74.1992"\]` → `\[\]`
#### SMPTE.RP75.1997 (updated fields: status)
  - status changed: 
active: `false` → `undefined`
latestVersion: `false` → `undefined`
superseded: `true` → `undefined`
supersededDate: `2002-07-26` → `undefined`
supersededBy: `\["SMPTE.RP75.2002"\]` → `\[\]`
#### SMPTE.RP76.1997 (updated fields: status)
  - status changed: 
active: `false` → `undefined`
latestVersion: `false` → `undefined`
superseded: `true` → `undefined`
supersededDate: `2002-07-26` → `undefined`
supersededBy: `\["SMPTE.RP76.2002"\]` → `\[\]`
#### SMPTE.RP77.1994 (updated fields: status)
  - status changed: 
active: `false` → `undefined`
latestVersion: `false` → `undefined`
superseded: `true` → `undefined`
supersededDate: `2004-11-08` → `undefined`
supersededBy: `\["SMPTE.RP77.2004"\]` → `\[\]`
#### SMPTE.RP78.1997 (updated fields: status)
  - status changed: 
active: `false` → `undefined`
latestVersion: `false` → `undefined`
superseded: `true` → `undefined`
supersededDate: `2002-07-26` → `undefined`
supersededBy: `\["SMPTE.RP78.2002"\]` → `\[\]`
#### SMPTE.RP79.1994 (updated fields: status)
  - status changed: 
active: `false` → `undefined`
latestVersion: `false` → `undefined`
superseded: `true` → `undefined`
supersededDate: `1999-04-22` → `undefined`
supersededBy: `\["SMPTE.RP79.1999"\]` → `\[\]`
#### SMPTE.RP81.1999 (updated fields: status)
  - status changed: 
active: `false` → `undefined`
latestVersion: `false` → `undefined`
superseded: `true` → `undefined`
supersededDate: `2004-11-08` → `undefined`
supersededBy: `\["SMPTE.RP81.2004"\]` → `\[\]`
#### SMPTE.RP83.1992 (updated fields: status)
  - status changed: 
active: `false` → `undefined`
latestVersion: `false` → `undefined`
superseded: `true` → `undefined`
supersededDate: `1996-11-18` → `undefined`
supersededBy: `\["SMPTE.RP83.1996"\]` → `\[\]`
#### SMPTE.RP84.1992 (updated fields: status)
  - status changed: 
active: `false` → `undefined`
latestVersion: `false` → `undefined`
superseded: `true` → `undefined`
supersededDate: `1996-11-18` → `undefined`
supersededBy: `\["SMPTE.RP84.1996"\]` → `\[\]`
#### SMPTE.RP85.1991 (updated fields: status)
  - status changed: 
active: `false` → `undefined`
latestVersion: `false` → `undefined`
superseded: `true` → `undefined`
supersededDate: `1999-11-05` → `undefined`
supersededBy: `\["SMPTE.RP85.1999"\]` → `\[\]`
#### SMPTE.RP86.1985 (updated fields: status)
  - status changed: 
active: `false` → `undefined`
latestVersion: `false` → `undefined`
superseded: `true` → `undefined`
supersededDate: `1990-06-05` → `undefined`
supersededBy: `\["SMPTE.RP86.1990"\]` → `\[\]`
#### SMPTE.RP87.1995 (updated fields: status)
  - status changed: 
active: `false` → `undefined`
latestVersion: `false` → `undefined`
superseded: `true` → `undefined`
supersededDate: `1999-11-05` → `undefined`
supersededBy: `\["SMPTE.RP87.1999"\]` → `\[\]`
#### SMPTE.RP9.1986 (updated fields: status)
  - status changed: 
active: `false` → `undefined`
latestVersion: `false` → `undefined`
superseded: `true` → `undefined`
supersededDate: `1995-07-06` → `undefined`
supersededBy: `\["SMPTE.RP9.1995"\]` → `\[\]`
#### SMPTE.RP90.1999 (updated fields: status)
  - status changed: 
active: `false` → `undefined`
latestVersion: `false` → `undefined`
superseded: `true` → `undefined`
supersededDate: `2004-11-08` → `undefined`
supersededBy: `\["SMPTE.RP90.2004"\]` → `\[\]`
#### SMPTE.RP91.1997 (updated fields: status)
  - status changed: 
active: `false` → `undefined`
latestVersion: `false` → `undefined`
superseded: `true` → `undefined`
supersededDate: `2002-07-26` → `undefined`
supersededBy: `\["SMPTE.RP91.2002"\]` → `\[\]`
#### SMPTE.RP92.1990 (updated fields: status)
  - status changed: 
active: `false` → `undefined`
latestVersion: `false` → `undefined`
superseded: `true` → `undefined`
supersededDate: `1995-01-31` → `undefined`
supersededBy: `\["SMPTE.RP92.1995"\]` → `\[\]`
#### SMPTE.RP93.1994 (updated fields: status)
  - status changed: 
active: `false` → `undefined`
latestVersion: `false` → `undefined`
superseded: `true` → `undefined`
supersededDate: `1999-04-22` → `undefined`
supersededBy: `\["SMPTE.RP93.1999"\]` → `\[\]`
#### SMPTE.RP94.1993 (updated fields: status)
  - status changed: 
active: `false` → `undefined`
latestVersion: `false` → `undefined`
superseded: `true` → `undefined`
supersededDate: `2000-06-09` → `undefined`
supersededBy: `\["SMPTE.RP94.2000"\]` → `\[\]`
#### SMPTE.RP96.1988 (updated fields: status)
  - status changed: 
active: `false` → `undefined`
latestVersion: `false` → `undefined`
superseded: `true` → `undefined`
supersededDate: `1993-03-05` → `undefined`
supersededBy: `\["SMPTE.RP96.1993"\]` → `\[\]`
#### SMPTE.RP97.1997 (updated fields: status)
  - status changed: 
active: `false` → `undefined`
latestVersion: `false` → `undefined`
superseded: `true` → `undefined`
supersededDate: `2002-07-26` → `undefined`
supersededBy: `\["SMPTE.RP97.2002"\]` → `\[\]`
#### SMPTE.RP98.1990 (updated fields: status)
  - status changed: 
active: `false` → `undefined`
latestVersion: `false` → `undefined`
superseded: `true` → `undefined`
supersededDate: `1995-06-01` → `undefined`
supersededBy: `\["SMPTE.RP98.1995"\]` → `\[\]`
#### SMPTE.ST1.1990 (updated fields: status)
  - status changed: 
active: `false` → `undefined`
latestVersion: `false` → `undefined`
superseded: `true` → `undefined`
supersededDate: `1996-02-08` → `undefined`
supersededBy: `\["SMPTE.ST1.1996"\]` → `\[\]`
#### SMPTE.ST101.1998 (updated fields: status)
  - status changed: 
active: `false` → `undefined`
latestVersion: `false` → `undefined`
superseded: `true` → `undefined`
supersededDate: `2003-12-14` → `undefined`
supersededBy: `\["SMPTE.ST101.2003"\]` → `\[\]`
#### SMPTE.ST11.1989 (updated fields: status)
  - status changed: 
active: `false` → `undefined`
latestVersion: `false` → `undefined`
superseded: `true` → `undefined`
supersededDate: `1995-02-13` → `undefined`
supersededBy: `\["SMPTE.ST11.1995"\]` → `\[\]`
#### SMPTE.ST117.1996 (updated fields: status)
  - status changed: 
active: `false` → `undefined`
latestVersion: `false` → `undefined`
superseded: `true` → `undefined`
supersededDate: `2001-06-06` → `undefined`
supersededBy: `\["SMPTE.ST117.2001"\]` → `\[\]`
#### SMPTE.ST125.1992 (updated fields: status)
  - status changed: 
active: `false` → `undefined`
latestVersion: `false` → `undefined`
superseded: `true` → `undefined`
supersededDate: `1995-09-12` → `undefined`
supersededBy: `\["SMPTE.ST125.1995"\]` → `\[\]`
#### SMPTE.ST127.1994 (updated fields: status)
  - status changed: 
active: `false` → `undefined`
latestVersion: `false` → `undefined`
superseded: `true` → `undefined`
supersededDate: `2003-12-14` → `undefined`
supersededBy: `\["SMPTE.ST127.2003"\]` → `\[\]`
#### SMPTE.ST143.1988 (updated fields: status)
  - status changed: 
active: `false` → `undefined`
latestVersion: `false` → `undefined`
superseded: `true` → `undefined`
supersededDate: `1994-10-06` → `undefined`
supersededBy: `\["SMPTE.ST143.1994"\]` → `\[\]`
#### SMPTE.ST146.1996 (updated fields: status)
  - status changed: 
active: `false` → `undefined`
latestVersion: `false` → `undefined`
superseded: `true` → `undefined`
supersededDate: `2001-06-06` → `undefined`
supersededBy: `\["SMPTE.ST146.2001"\]` → `\[\]`
#### SMPTE.ST15.1992 (updated fields: status)
  - status changed: 
active: `false` → `undefined`
latestVersion: `false` → `undefined`
superseded: `true` → `undefined`
supersededDate: `1998-09-01` → `undefined`
supersededBy: `\["SMPTE.ST15.1998"\]` → `\[\]`
#### SMPTE.ST151.1998 (updated fields: status)
  - status changed: 
active: `false` → `undefined`
latestVersion: `false` → `undefined`
superseded: `true` → `undefined`
supersededDate: `2004-11-08` → `undefined`
supersededBy: `\["SMPTE.ST151.2004"\]` → `\[\]`
#### SMPTE.ST153.1996 (updated fields: status)
  - status changed: 
active: `false` → `undefined`
latestVersion: `false` → `undefined`
superseded: `true` → `undefined`
supersededDate: `2001-06-06` → `undefined`
supersededBy: `\["SMPTE.ST153.2001"\]` → `\[\]`
#### SMPTE.ST159-1.1996 (updated fields: status)
  - status changed: 
active: `false` → `undefined`
latestVersion: `false` → `undefined`
superseded: `true` → `undefined`
supersededDate: `2001-06-06` → `undefined`
supersededBy: `\["SMPTE.ST159-1.2001"\]` → `\[\]`
#### SMPTE.ST159-2.1996 (updated fields: status)
  - status changed: 
active: `false` → `undefined`
latestVersion: `false` → `undefined`
superseded: `true` → `undefined`
supersededDate: `2001-06-06` → `undefined`
supersededBy: `\["SMPTE.ST159-2.2001"\]` → `\[\]`
#### SMPTE.ST16.1992 (updated fields: status)
  - status changed: 
active: `false` → `undefined`
latestVersion: `false` → `undefined`
superseded: `true` → `undefined`
supersededDate: `1998-09-01` → `undefined`
supersededBy: `\["SMPTE.ST16.1998"\]` → `\[\]`
#### SMPTE.ST161.1992 (updated fields: status)
  - status changed: 
active: `false` → `undefined`
latestVersion: `false` → `undefined`
superseded: `true` → `undefined`
supersededDate: `1998-09-01` → `undefined`
supersededBy: `\["SMPTE.ST161.1998"\]` → `\[\]`
#### SMPTE.ST162.1992 (updated fields: status)
  - status changed: 
active: `false` → `undefined`
latestVersion: `false` → `undefined`
superseded: `true` → `undefined`
supersededDate: `1998-09-01` → `undefined`
supersededBy: `\["SMPTE.ST162.1998"\]` → `\[\]`
#### SMPTE.ST163.1992 (updated fields: status)
  - status changed: 
active: `false` → `undefined`
latestVersion: `false` → `undefined`
superseded: `true` → `undefined`
supersededDate: `1998-09-01` → `undefined`
supersededBy: `\["SMPTE.ST163.1998"\]` → `\[\]`
#### SMPTE.ST165.1988 (updated fields: status)
  - status changed: 
active: `false` → `undefined`
latestVersion: `false` → `undefined`
superseded: `true` → `undefined`
supersededDate: `1994-01-31` → `undefined`
supersededBy: `\["SMPTE.ST165.1994"\]` → `\[\]`
#### SMPTE.ST169.1997 (updated fields: status)
  - status changed: 
active: `false` → `undefined`
latestVersion: `false` → `undefined`
superseded: `true` → `undefined`
supersededDate: `2002-07-26` → `undefined`
supersededBy: `\["SMPTE.ST169.2002"\]` → `\[\]`
#### SMPTE.ST17.1992 (updated fields: status)
  - status changed: 
active: `false` → `undefined`
latestVersion: `false` → `undefined`
superseded: `true` → `undefined`
supersededDate: `1998-09-01` → `undefined`
supersededBy: `\["SMPTE.ST17.1998"\]` → `\[\]`
#### SMPTE.ST170.1999 (updated fields: status)
  - status changed: 
active: `false` → `undefined`
latestVersion: `false` → `undefined`
superseded: `true` → `undefined`
supersededDate: `2004-11-30` → `undefined`
supersededBy: `\["SMPTE.ST170.2004"\]` → `\[\]`
#### SMPTE.ST171.1996 (updated fields: status)
  - status changed: 
active: `false` → `undefined`
latestVersion: `false` → `undefined`
superseded: `true` → `undefined`
supersededDate: `2001-06-06` → `undefined`
supersededBy: `\["SMPTE.ST171.2001"\]` → `\[\]`
#### SMPTE.ST173.1999 (updated fields: status)
  - status changed: 
active: `false` → `undefined`
latestVersion: `false` → `undefined`
superseded: `true` → `undefined`
supersededDate: `2004-11-08` → `undefined`
supersededBy: `\["SMPTE.ST173.2004"\]` → `\[\]`
#### SMPTE.ST174.1988 (updated fields: status)
  - status changed: 
active: `false` → `undefined`
latestVersion: `false` → `undefined`
superseded: `true` → `undefined`
supersededDate: `1994-04-13` → `undefined`
supersededBy: `\["SMPTE.ST174.1994"\]` → `\[\]`
#### SMPTE.ST176.1994 (updated fields: status)
  - status changed: 
active: `false` → `undefined`
latestVersion: `false` → `undefined`
superseded: `true` → `undefined`
supersededDate: `1999-04-21` → `undefined`
supersededBy: `\["SMPTE.ST176.1999"\]` → `\[\]`
#### SMPTE.ST179.1991 (updated fields: status)
  - status changed: 
active: `false` → `undefined`
latestVersion: `false` → `undefined`
superseded: `true` → `undefined`
supersededDate: `1996-08-26` → `undefined`
supersededBy: `\["SMPTE.ST179.1996"\]` → `\[\]`
#### SMPTE.ST18.1996 (updated fields: status)
  - status changed: 
active: `false` → `undefined`
latestVersion: `false` → `undefined`
superseded: `true` → `undefined`
supersededDate: `2003-02-07` → `undefined`
supersededBy: `\["SMPTE.ST18.2003"\]` → `\[\]`
#### SMPTE.ST181.1996 (updated fields: status)
  - status changed: 
active: `false` → `undefined`
latestVersion: `false` → `undefined`
superseded: `true` → `undefined`
supersededDate: `2001-06-06` → `undefined`
supersededBy: `\["SMPTE.ST181.2001"\]` → `\[\]`
#### SMPTE.ST183.1985 (updated fields: status)
  - status changed: 
active: `false` → `undefined`
latestVersion: `false` → `undefined`
superseded: `true` → `undefined`
supersededDate: `1996-03-08` → `undefined`
supersededBy: `\["SMPTE.ST183.1996"\]` → `\[\]`
#### SMPTE.ST184.1993 (updated fields: status)
  - status changed: 
active: `false` → `undefined`
latestVersion: `false` → `undefined`
superseded: `true` → `undefined`
supersededDate: `1998-07-27` → `undefined`
supersededBy: `\["SMPTE.ST184.1998"\]` → `\[\]`
#### SMPTE.ST19.1996 (updated fields: status)
  - status changed: 
active: `false` → `undefined`
latestVersion: `false` → `undefined`
superseded: `true` → `undefined`
supersededDate: `2003-02-07` → `undefined`
supersededBy: `\["SMPTE.ST19.2003"\]` → `\[\]`
#### SMPTE.ST197.1998 (updated fields: status)
  - status changed: 
active: `false` → `undefined`
latestVersion: `false` → `undefined`
superseded: `true` → `undefined`
supersededDate: `2003-11-12` → `undefined`
supersededBy: `\["SMPTE.ST197.2003"\]` → `\[\]`
#### SMPTE.ST198.1998 (updated fields: status)
  - status changed: 
active: `false` → `undefined`
latestVersion: `false` → `undefined`
superseded: `true` → `undefined`
supersededDate: `2003-11-12` → `undefined`
supersededBy: `\["SMPTE.ST198.2003"\]` → `\[\]`
#### SMPTE.ST199.1992 (updated fields: status)
  - status changed: 
active: `false` → `undefined`
latestVersion: `false` → `undefined`
superseded: `true` → `undefined`
supersededDate: `2003-11-12` → `undefined`
supersededBy: `\["SMPTE.ST199.2003"\]` → `\[\]`
#### SMPTE.ST20.1996 (updated fields: status)
  - status changed: 
active: `false` → `undefined`
latestVersion: `false` → `undefined`
superseded: `true` → `undefined`
supersededDate: `2003-02-07` → `undefined`
supersededBy: `\["SMPTE.ST20.2003"\]` → `\[\]`
#### SMPTE.ST200.1998 (updated fields: status)
  - status changed: 
active: `false` → `undefined`
latestVersion: `false` → `undefined`
superseded: `true` → `undefined`
supersededDate: `2003-11-12` → `undefined`
supersededBy: `\["SMPTE.ST200.2003"\]` → `\[\]`
#### SMPTE.ST201.1992 (updated fields: status)
  - status changed: 
active: `false` → `undefined`
latestVersion: `false` → `undefined`
superseded: `true` → `undefined`
supersededDate: `1996-04-08` → `undefined`
supersededBy: `\["SMPTE.ST201.1996"\]` → `\[\]`
#### SMPTE.ST2016-1.2007 (updated fields: status)
  - status changed: 
active: `false` → `undefined`
latestVersion: `false` → `undefined`
superseded: `true` → `undefined`
supersededDate: `2009-12-23` → `undefined`
supersededBy: `\["SMPTE.ST2016-1.2009"\]` → `\[\]`
#### SMPTE.ST2016-3.2007 (updated fields: status)
  - status changed: 
active: `false` → `undefined`
latestVersion: `false` → `undefined`
superseded: `true` → `undefined`
supersededDate: `2009-12-23` → `undefined`
supersededBy: `\["SMPTE.ST2016-3.2009"\]` → `\[\]`
#### SMPTE.ST2019-4.2008 (updated fields: status)
  - status changed: 
active: `false` → `undefined`
latestVersion: `false` → `undefined`
superseded: `true` → `undefined`
supersededDate: `2009-10-23` → `undefined`
supersededBy: `\["SMPTE.ST2019-4.2009"\]` → `\[\]`
#### SMPTE.ST2021-3.2017 (updated fields: status)
  - status changed: 
active: `false` → `undefined`
latestVersion: `false` → `undefined`
superseded: `true` → `undefined`
supersededDate: `2019-05-21` → `undefined`
supersededBy: `\["SMPTE.EG2021-3.2019"\]` → `\[\]`
#### SMPTE.ST2029.2007 (updated fields: status)
  - status changed: 
active: `false` → `undefined`
latestVersion: `false` → `undefined`
superseded: `true` → `undefined`
supersededDate: `2009-03-10` → `undefined`
supersededBy: `\["SMPTE.ST2029.2009"\]` → `\[\]`
#### SMPTE.ST2035.2012 (updated fields: status)
  - status changed: 
active: `false` → `undefined`
latestVersion: `false` → `undefined`
superseded: `true` → `undefined`
supersededDate: `2020-10-15` → `undefined`
supersededBy: `\["SMPTE.ST2035.2020"\]` → `\[\]`
#### SMPTE.ST2036-1.2007 (updated fields: status)
  - status changed: 
active: `false` → `undefined`
latestVersion: `false` → `undefined`
superseded: `true` → `undefined`
supersededDate: `2009-12-18` → `undefined`
supersededBy: `\["SMPTE.ST2036-1.2009"\]` → `\[\]`
#### SMPTE.ST205.1988 (updated fields: status)
  - status changed: 
active: `false` → `undefined`
latestVersion: `false` → `undefined`
superseded: `true` → `undefined`
supersededDate: `1993-11-12` → `undefined`
supersededBy: `\["SMPTE.ST205.1993"\]` → `\[\]`
#### SMPTE.ST206.1993 (updated fields: status)
  - status changed: 
active: `false` → `undefined`
latestVersion: `false` → `undefined`
superseded: `true` → `undefined`
supersededDate: `1998-08-18` → `undefined`
supersededBy: `\["SMPTE.ST206.1998"\]` → `\[\]`
#### SMPTE.ST207.1992 (updated fields: status)
  - status changed: 
active: `false` → `undefined`
latestVersion: `false` → `undefined`
superseded: `true` → `undefined`
supersededDate: `1997-12-02` → `undefined`
supersededBy: `\["SMPTE.ST207.1997"\]` → `\[\]`
#### SMPTE.ST209.1991 (updated fields: status)
  - status changed: 
active: `false` → `undefined`
latestVersion: `false` → `undefined`
superseded: `true` → `undefined`
supersededDate: `1996-03-08` → `undefined`
supersededBy: `\["SMPTE.ST209.1996"\]` → `\[\]`
#### SMPTE.ST21.1986 (updated fields: status)
  - status changed: 
active: `false` → `undefined`
latestVersion: `false` → `undefined`
superseded: `true` → `undefined`
supersededDate: `1997-10-02` → `undefined`
supersededBy: `\["SMPTE.ST21.1997"\]` → `\[\]`
#### SMPTE.ST210.1999 (updated fields: status)
  - status changed: 
active: `false` → `undefined`
latestVersion: `false` → `undefined`
superseded: `true` → `undefined`
supersededDate: `2004-11-08` → `undefined`
supersededBy: `\["SMPTE.ST210.2004"\]` → `\[\]`
#### SMPTE.ST211.1996 (updated fields: status)
  - status changed: 
active: `false` → `undefined`
latestVersion: `false` → `undefined`
superseded: `true` → `undefined`
supersededDate: `2001-06-06` → `undefined`
supersededBy: `\["SMPTE.ST211.2001"\]` → `\[\]`
#### SMPTE.ST212.1984 (updated fields: status)
  - status changed: 
active: `false` → `undefined`
latestVersion: `false` → `undefined`
superseded: `true` → `undefined`
supersededDate: `1995-09-12` → `undefined`
supersededBy: `\["SMPTE.ST212.1995"\]` → `\[\]`
#### SMPTE.ST215.1990 (updated fields: status)
  - status changed: 
active: `false` → `undefined`
latestVersion: `false` → `undefined`
superseded: `true` → `undefined`
supersededDate: `1995-12-01` → `undefined`
supersededBy: `\["SMPTE.ST215.1995"\]` → `\[\]`
#### SMPTE.ST216.1985 (updated fields: status)
  - status changed: 
active: `false` → `undefined`
latestVersion: `false` → `undefined`
superseded: `true` → `undefined`
supersededDate: `1998-09-24` → `undefined`
supersededBy: `\["SMPTE.ST216.1998"\]` → `\[\]`
#### SMPTE.ST217.1985 (updated fields: status)
  - status changed: 
active: `false` → `undefined`
latestVersion: `false` → `undefined`
superseded: `true` → `undefined`
supersededDate: `1998-09-24` → `undefined`
supersededBy: `\["SMPTE.ST217.1998"\]` → `\[\]`
#### SMPTE.ST218.1991 (updated fields: status)
  - status changed: 
active: `false` → `undefined`
latestVersion: `false` → `undefined`
superseded: `true` → `undefined`
supersededDate: `1996-04-08` → `undefined`
supersededBy: `\["SMPTE.ST218.1996"\]` → `\[\]`
#### SMPTE.ST22.1986 (updated fields: status)
  - status changed: 
active: `false` → `undefined`
latestVersion: `false` → `undefined`
superseded: `true` → `undefined`
supersededDate: `1997-10-02` → `undefined`
supersededBy: `\["SMPTE.ST22.1997"\]` → `\[\]`
#### SMPTE.ST220.1991 (updated fields: status)
  - status changed: 
active: `false` → `undefined`
latestVersion: `false` → `undefined`
superseded: `true` → `undefined`
supersededDate: `1996-10-28` → `undefined`
supersededBy: `\["SMPTE.ST220.1996"\]` → `\[\]`
#### SMPTE.ST221.1998 (updated fields: status)
  - status changed: 
active: `false` → `undefined`
latestVersion: `false` → `undefined`
superseded: `true` → `undefined`
supersededDate: `2003-12-14` → `undefined`
supersededBy: `\["SMPTE.ST221.2003"\]` → `\[\]`
#### SMPTE.ST222.1987 (updated fields: status)
  - status changed: 
active: `false` → `undefined`
latestVersion: `false` → `undefined`
superseded: `true` → `undefined`
supersededDate: `1994-10-19` → `undefined`
supersededBy: `\["SMPTE.ST222.1994"\]` → `\[\]`
#### SMPTE.ST224.1996 (updated fields: status)
  - status changed: 
active: `false` → `undefined`
latestVersion: `false` → `undefined`
superseded: `true` → `undefined`
supersededDate: `2003-02-07` → `undefined`
supersededBy: `\["SMPTE.ST224.2003"\]` → `\[\]`
#### SMPTE.ST225.1996 (updated fields: status)
  - status changed: 
active: `false` → `undefined`
latestVersion: `false` → `undefined`
superseded: `true` → `undefined`
supersededDate: `2003-02-07` → `undefined`
supersededBy: `\["SMPTE.ST225.2003"\]` → `\[\]`
#### SMPTE.ST229.1991 (updated fields: status)
  - status changed: 
active: `false` → `undefined`
latestVersion: `false` → `undefined`
superseded: `true` → `undefined`
supersededDate: `1996-10-10` → `undefined`
supersededBy: `\["SMPTE.ST229.1996"\]` → `\[\]`
#### SMPTE.ST230.1991 (updated fields: status)
  - status changed: 
active: `false` → `undefined`
latestVersion: `false` → `undefined`
superseded: `true` → `undefined`
supersededDate: `1996-10-10` → `undefined`
supersededBy: `\["SMPTE.ST230.1996"\]` → `\[\]`
#### SMPTE.ST235.1987 (updated fields: status)
  - status changed: 
active: `false` → `undefined`
latestVersion: `false` → `undefined`
superseded: `true` → `undefined`
supersededDate: `1998-03-03` → `undefined`
supersededBy: `\["SMPTE.ST235.1998"\]` → `\[\]`
#### SMPTE.ST236.1987 (updated fields: status)
  - status changed: 
active: `false` → `undefined`
latestVersion: `false` → `undefined`
superseded: `true` → `undefined`
supersededDate: `1998-12-07` → `undefined`
supersededBy: `\["SMPTE.ST236.1998"\]` → `\[\]`
#### SMPTE.ST238.1992 (updated fields: status)
  - status changed: 
active: `false` → `undefined`
latestVersion: `false` → `undefined`
superseded: `true` → `undefined`
supersededDate: `1998-12-07` → `undefined`
supersededBy: `\["SMPTE.ST238.1998"\]` → `\[\]`
#### SMPTE.ST24.1991 (updated fields: status)
  - status changed: 
active: `false` → `undefined`
latestVersion: `false` → `undefined`
superseded: `true` → `undefined`
supersededDate: `1996-05-28` → `undefined`
supersededBy: `\["SMPTE.ST24.1996"\]` → `\[\]`
#### SMPTE.ST240.1995 (updated fields: status)
  - status changed: 
active: `false` → `undefined`
latestVersion: `false` → `undefined`
superseded: `true` → `undefined`
supersededDate: `1999-11-11` → `undefined`
supersededBy: `\["SMPTE.ST240.1999"\]` → `\[\]`
#### SMPTE.ST241.1989 (updated fields: status)
  - status changed: 
active: `false` → `undefined`
latestVersion: `false` → `undefined`
superseded: `true` → `undefined`
supersededDate: `1995-01-03` → `undefined`
supersededBy: `\["SMPTE.ST241.1995"\]` → `\[\]`
#### SMPTE.ST243.1989 (updated fields: status)
  - status changed: 
active: `false` → `undefined`
latestVersion: `false` → `undefined`
superseded: `true` → `undefined`
supersededDate: `1993-03-22` → `undefined`
supersededBy: `\["SMPTE.ST243.1993"\]` → `\[\]`
#### SMPTE.ST244.1995 (updated fields: status)
  - status changed: 
active: `false` → `undefined`
latestVersion: `false` → `undefined`
superseded: `true` → `undefined`
supersededDate: `2003-02-07` → `undefined`
supersededBy: `\["SMPTE.ST244.2003"\]` → `\[\]`
#### SMPTE.ST246.1993 (updated fields: status)
  - status changed: 
active: `false` → `undefined`
latestVersion: `false` → `undefined`
superseded: `true` → `undefined`
supersededDate: `2003-02-07` → `undefined`
supersededBy: `\["SMPTE.ST246.2003"\]` → `\[\]`
#### SMPTE.ST247.1993 (updated fields: status)
  - status changed: 
active: `false` → `undefined`
latestVersion: `false` → `undefined`
superseded: `true` → `undefined`
supersededDate: `2003-02-07` → `undefined`
supersededBy: `\["SMPTE.ST247.2003"\]` → `\[\]`
#### SMPTE.ST248.1993 (updated fields: status)
  - status changed: 
active: `false` → `undefined`
latestVersion: `false` → `undefined`
superseded: `true` → `undefined`
supersededDate: `2003-02-07` → `undefined`
supersededBy: `\["SMPTE.ST248.2003"\]` → `\[\]`
#### SMPTE.ST249.1991 (updated fields: status)
  - status changed: 
active: `false` → `undefined`
latestVersion: `false` → `undefined`
superseded: `true` → `undefined`
supersededDate: `1996-11-29` → `undefined`
supersededBy: `\["SMPTE.ST249.1996"\]` → `\[\]`
#### SMPTE.ST25.1989 (updated fields: status)
  - status changed: 
active: `false` → `undefined`
latestVersion: `false` → `undefined`
superseded: `true` → `undefined`
supersededDate: `1995-02-13` → `undefined`
supersededBy: `\["SMPTE.ST25.1995"\]` → `\[\]`
#### SMPTE.ST250.1991 (updated fields: status)
  - status changed: 
active: `false` → `undefined`
latestVersion: `false` → `undefined`
superseded: `true` → `undefined`
supersededDate: `1996-12-02` → `undefined`
supersededBy: `\["SMPTE.ST250.1996"\]` → `\[\]`
#### SMPTE.ST251.1991 (updated fields: status)
  - status changed: 
active: `false` → `undefined`
latestVersion: `false` → `undefined`
superseded: `true` → `undefined`
supersededDate: `1996-11-29` → `undefined`
supersededBy: `\["SMPTE.ST251.1996"\]` → `\[\]`
#### SMPTE.ST252.1991 (updated fields: status)
  - status changed: 
active: `false` → `undefined`
latestVersion: `false` → `undefined`
superseded: `true` → `undefined`
supersededDate: `1996-11-29` → `undefined`
supersededBy: `\["SMPTE.ST252.1996"\]` → `\[\]`
#### SMPTE.ST256.1991 (updated fields: status)
  - status changed: 
active: `false` → `undefined`
latestVersion: `false` → `undefined`
superseded: `true` → `undefined`
supersededDate: `1996-12-03` → `undefined`
supersededBy: `\["SMPTE.ST256.1996"\]` → `\[\]`
#### SMPTE.ST257.1992 (updated fields: status)
  - status changed: 
active: `false` → `undefined`
latestVersion: `false` → `undefined`
superseded: `true` → `undefined`
supersededDate: `1998-06-22` → `undefined`
supersededBy: `\["SMPTE.ST257.1998"\]` → `\[\]`
#### SMPTE.ST259.2006 (updated fields: status)
  - status changed: 
active: `false` → `undefined`
latestVersion: `false` → `undefined`
superseded: `true` → `undefined`
supersededDate: `2008-01-29` → `undefined`
supersededBy: `\["SMPTE.ST259.2008"\]` → `\[\]`
#### SMPTE.ST26.1989 (updated fields: status)
  - status changed: 
active: `false` → `undefined`
latestVersion: `false` → `undefined`
superseded: `true` → `undefined`
supersededDate: `1995-02-13` → `undefined`
supersededBy: `\["SMPTE.ST26.1995"\]` → `\[\]`
#### SMPTE.ST260.1992 (updated fields: status)
  - status changed: 
active: `false` → `undefined`
latestVersion: `false` → `undefined`
superseded: `true` → `undefined`
supersededDate: `1999-01-04` → `undefined`
supersededBy: `\["SMPTE.ST260.1999"\]` → `\[\]`
#### SMPTE.ST263.1996 (updated fields: status)
  - status changed: 
active: `false` → `undefined`
latestVersion: `false` → `undefined`
superseded: `true` → `undefined`
supersededDate: `2004-02-03` → `undefined`
supersededBy: `\["SMPTE.ST263.2004"\]` → `\[\]`
#### SMPTE.ST264.1993 (updated fields: status)
  - status changed: 
active: `false` → `undefined`
latestVersion: `false` → `undefined`
superseded: `true` → `undefined`
supersededDate: `1998-12-08` → `undefined`
supersededBy: `\["SMPTE.ST264.1998"\]` → `\[\]`
#### SMPTE.ST265.1993 (updated fields: status)
  - status changed: 
active: `false` → `undefined`
latestVersion: `false` → `undefined`
superseded: `true` → `undefined`
supersededDate: `1998-12-08` → `undefined`
supersededBy: `\["SMPTE.ST265.1998"\]` → `\[\]`
#### SMPTE.ST266.1994 (updated fields: status)
  - status changed: 
active: `false` → `undefined`
latestVersion: `false` → `undefined`
superseded: `true` → `undefined`
supersededDate: `2002-01-31` → `undefined`
supersededBy: `\["SMPTE.ST266.2002"\]` → `\[\]`
#### SMPTE.ST267.1994 (updated fields: status)
  - status changed: 
active: `false` → `undefined`
latestVersion: `false` → `undefined`
superseded: `true` → `undefined`
supersededDate: `1995-06-06` → `undefined`
supersededBy: `\["SMPTE.ST267.1995"\]` → `\[\]`
#### SMPTE.ST268.1994 (updated fields: status)
  - status changed: 
active: `false` → `undefined`
latestVersion: `false` → `undefined`
superseded: `true` → `undefined`
supersededDate: `2003-05-05` → `undefined`
supersededBy: `\["SMPTE.ST268.2003"\]` → `\[\]`
#### SMPTE.ST269.1994 (updated fields: status)
  - status changed: 
active: `false` → `undefined`
latestVersion: `false` → `undefined`
superseded: `true` → `undefined`
supersededDate: `1999-04-21` → `undefined`
supersededBy: `\["SMPTE.ST269.1999"\]` → `\[\]`
#### SMPTE.ST272.1994 (updated fields: status)
  - status changed: 
active: `false` → `undefined`
latestVersion: `false` → `undefined`
superseded: `true` → `undefined`
supersededDate: `2004-04-07` → `undefined`
supersededBy: `\["SMPTE.ST272.2004"\]` → `\[\]`
#### SMPTE.ST273.1995 (updated fields: status)
  - status changed: 
active: `false` → `undefined`
latestVersion: `false` → `undefined`
superseded: `true` → `undefined`
supersededDate: `2003-10-20` → `undefined`
supersededBy: `\["SMPTE.ST273.2003"\]` → `\[\]`
#### SMPTE.ST279.1996 (updated fields: status)
  - status changed: 
active: `false` → `undefined`
latestVersion: `false` → `undefined`
superseded: `true` → `undefined`
supersededDate: `2001-10-18` → `undefined`
supersededBy: `\["SMPTE.ST279.2001"\]` → `\[\]`
#### SMPTE.ST29.1989 (updated fields: status)
  - status changed: 
active: `false` → `undefined`
latestVersion: `false` → `undefined`
superseded: `true` → `undefined`
supersededDate: `1995-02-13` → `undefined`
supersededBy: `\["SMPTE.ST29.1995"\]` → `\[\]`
#### SMPTE.ST291.1998 (updated fields: status)
  - status changed: 
active: `false` → `undefined`
latestVersion: `false` → `undefined`
superseded: `true` → `undefined`
supersededDate: `2006-09-20` → `undefined`
supersededBy: `\["SMPTE.ST291.2006"\]` → `\[\]`
#### SMPTE.ST293.1996 (updated fields: status)
  - status changed: 
active: `false` → `undefined`
latestVersion: `false` → `undefined`
superseded: `true` → `undefined`
supersededDate: `2003-02-07` → `undefined`
supersededBy: `\["SMPTE.ST293.2003"\]` → `\[\]`
#### SMPTE.ST294.1997 (updated fields: status)
  - status changed: 
active: `false` → `undefined`
latestVersion: `false` → `undefined`
superseded: `true` → `undefined`
supersededDate: `2001-12-05` → `undefined`
supersededBy: `\["SMPTE.ST294.2001"\]` → `\[\]`
#### SMPTE.ST296.1997 (updated fields: status)
  - status changed: 
active: `false` → `undefined`
latestVersion: `false` → `undefined`
superseded: `true` → `undefined`
supersededDate: `2001-01-04` → `undefined`
supersededBy: `\["SMPTE.ST296.2001"\]` → `\[\]`
#### SMPTE.ST297.2000 (updated fields: status)
  - status changed: 
active: `false` → `undefined`
latestVersion: `false` → `undefined`
superseded: `true` → `undefined`
supersededDate: `2006-11-03` → `undefined`
supersededBy: `\["SMPTE.ST297.2006"\]` → `\[\]`
#### SMPTE.ST299.2004 (updated fields: status)
  - status changed: 
active: `false` → `undefined`
latestVersion: `false` → `undefined`
superseded: `true` → `undefined`
supersededDate: `2009-05-29` → `undefined`
supersededBy: `\["SMPTE.ST299-1.2009"\]` → `\[\]`
#### SMPTE.ST3.1992 (updated fields: status)
  - status changed: 
active: `false` → `undefined`
latestVersion: `false` → `undefined`
superseded: `true` → `undefined`
supersededDate: `1998-06-03` → `undefined`
supersededBy: `\["SMPTE.ST3.1998"\]` → `\[\]`
#### SMPTE.ST30.1989 (updated fields: status)
  - status changed: 
active: `false` → `undefined`
latestVersion: `false` → `undefined`
superseded: `true` → `undefined`
supersededDate: `1995-03-15` → `undefined`
supersededBy: `\["SMPTE.ST30.1995"\]` → `\[\]`
#### SMPTE.ST302.2002 (updated fields: status)
  - status changed: 
active: `false` → `undefined`
latestVersion: `false` → `undefined`
superseded: `true` → `undefined`
supersededDate: `2007-10-25` → `undefined`
supersededBy: `\["SMPTE.ST302.2007"\]` → `\[\]`
#### SMPTE.ST304.2003 (updated fields: status)
  - status changed: 
active: `false` → `undefined`
latestVersion: `false` → `undefined`
superseded: `true` → `undefined`
supersededDate: `2009-06-04` → `undefined`
supersededBy: `\["SMPTE.ST304.2009"\]` → `\[\]`
#### SMPTE.ST305.2000 (updated fields: status)
  - status changed: 
active: `false` → `undefined`
latestVersion: `false` → `undefined`
superseded: `true` → `undefined`
supersededDate: `2005-07-21` → `undefined`
supersededBy: `\["SMPTE.ST305.2005"\]` → `\[\]`
#### SMPTE.ST306.1998 (updated fields: status)
  - status changed: 
active: `false` → `undefined`
latestVersion: `false` → `undefined`
superseded: `true` → `undefined`
supersededDate: `2002-03-15` → `undefined`
supersededBy: `\["SMPTE.ST306.2002"\]` → `\[\]`
#### SMPTE.ST307.1998 (updated fields: status)
  - status changed: 
active: `false` → `undefined`
latestVersion: `false` → `undefined`
superseded: `true` → `undefined`
supersededDate: `2002-03-28` → `undefined`
supersededBy: `\["SMPTE.ST307.2002"\]` → `\[\]`
#### SMPTE.ST308.1998 (updated fields: status)
  - status changed: 
active: `false` → `undefined`
latestVersion: `false` → `undefined`
superseded: `true` → `undefined`
supersededDate: `2004-10-08` → `undefined`
supersededBy: `\["SMPTE.ST308.2004"\]` → `\[\]`
#### SMPTE.ST31.1995 (updated fields: status)
  - status changed: 
active: `false` → `undefined`
latestVersion: `false` → `undefined`
superseded: `true` → `undefined`
supersededDate: `2003-02-07` → `undefined`
supersededBy: `\["SMPTE.ST31.2003"\]` → `\[\]`
#### SMPTE.ST310.2004 (updated fields: status)
  - status changed: 
active: `false` → `undefined`
latestVersion: `false` → `undefined`
superseded: `true` → `undefined`
supersededDate: `2010-11-12` → `undefined`
supersededBy: `\["SMPTE.ST310.2010"\]` → `\[\]`
#### SMPTE.ST311.2003 (updated fields: status)
  - status changed: 
active: `false` → `undefined`
latestVersion: `false` → `undefined`
superseded: `true` → `undefined`
supersededDate: `2009-06-04` → `undefined`
supersededBy: `\["SMPTE.ST311.2009"\]` → `\[\]`
#### SMPTE.ST312.1999 (updated fields: status)
  - status changed: 
active: `false` → `undefined`
latestVersion: `false` → `undefined`
superseded: `true` → `undefined`
supersededDate: `2001-06-25` → `undefined`
supersededBy: `\["SMPTE.ST312.2001"\]` → `\[\]`
#### SMPTE.ST314.1999 (updated fields: status)
  - status changed: 
active: `false` → `undefined`
latestVersion: `false` → `undefined`
superseded: `true` → `undefined`
supersededDate: `2005-09-05` → `undefined`
supersededBy: `\["SMPTE.ST314.2005"\]` → `\[\]`
#### SMPTE.ST315.1999 (updated fields: status)
  - status changed: 
active: `false` → `undefined`
latestVersion: `false` → `undefined`
superseded: `true` → `undefined`
supersededDate: `2004-10-08` → `undefined`
supersededBy: `\["SMPTE.ST315.2004"\]` → `\[\]`
#### SMPTE.ST316.1999 (updated fields: status)
  - status changed: 
active: `false` → `undefined`
latestVersion: `false` → `undefined`
superseded: `true` → `undefined`
supersededDate: `2006-06-23` → `undefined`
supersededBy: `\["SMPTE.ST316.2006"\]` → `\[\]`
#### SMPTE.ST32.1993 (updated fields: status)
  - status changed: 
active: `false` → `undefined`
latestVersion: `false` → `undefined`
superseded: `true` → `undefined`
supersededDate: `1998-09-23` → `undefined`
supersededBy: `\["SMPTE.ST32.1998"\]` → `\[\]`
#### SMPTE.ST321.1999 (updated fields: status)
  - status changed: 
active: `false` → `undefined`
latestVersion: `false` → `undefined`
superseded: `true` → `undefined`
supersededDate: `2002-03-28` → `undefined`
supersededBy: `\["SMPTE.ST321.2002"\]` → `\[\]`
#### SMPTE.ST322.1999 (updated fields: status)
  - status changed: 
active: `false` → `undefined`
latestVersion: `false` → `undefined`
superseded: `true` → `undefined`
supersededDate: `2004-05-10` → `undefined`
supersededBy: `\["SMPTE.ST322.2004"\]` → `\[\]`
#### SMPTE.ST323.1999 (updated fields: status)
  - status changed: 
active: `false` → `undefined`
latestVersion: `false` → `undefined`
superseded: `true` → `undefined`
supersededDate: `2004-11-08` → `undefined`
supersededBy: `\["SMPTE.ST323.2004"\]` → `\[\]`
#### SMPTE.ST333.1999 (updated fields: status)
  - status changed: 
active: `false` → `undefined`
latestVersion: `false` → `undefined`
superseded: `true` → `undefined`
supersededDate: `2008-04-25` → `undefined`
supersededBy: `\["SMPTE.ST333.2008"\]` → `\[\]`
#### SMPTE.ST334.2000 (updated fields: status)
  - status changed: 
active: `false` → `undefined`
latestVersion: `false` → `undefined`
superseded: `true` → `undefined`
supersededDate: `2007-07-27` → `undefined`
supersededBy: `\["SMPTE.ST334-1.2007"\]` → `\[\]`
#### SMPTE.ST337.2000 (updated fields: status)
  - status changed: 
active: `false` → `undefined`
latestVersion: `false` → `undefined`
superseded: `true` → `undefined`
supersededDate: `2008-10-23` → `undefined`
supersededBy: `\["SMPTE.ST337.2008"\]` → `\[\]`
#### SMPTE.ST339.2004 (updated fields: status)
  - status changed: 
active: `false` → `undefined`
latestVersion: `false` → `undefined`
superseded: `true` → `undefined`
supersededDate: `2008-10-23` → `undefined`
supersededBy: `\["SMPTE.ST339.2008"\]` → `\[\]`
#### SMPTE.ST340.2000 (updated fields: status)
  - status changed: 
active: `false` → `undefined`
latestVersion: `false` → `undefined`
superseded: `true` → `undefined`
supersededDate: `2008-06-04` → `undefined`
supersededBy: `\["SMPTE.ST340.2008"\]` → `\[\]`
#### SMPTE.ST342.2000 (updated fields: status)
  - status changed: 
active: `false` → `undefined`
latestVersion: `false` → `undefined`
superseded: `true` → `undefined`
supersededDate: `2004-02-03` → `undefined`
supersededBy: `\["SMPTE.ST342.2004"\]` → `\[\]`
#### SMPTE.ST348.2000 (updated fields: status)
  - status changed: 
active: `false` → `undefined`
latestVersion: `false` → `undefined`
superseded: `true` → `undefined`
supersededDate: `2005-12-09` → `undefined`
supersededBy: `\["SMPTE.ST348.2005"\]` → `\[\]`
#### SMPTE.ST35.1991 (updated fields: status)
  - status changed: 
active: `false` → `undefined`
latestVersion: `false` → `undefined`
superseded: `true` → `undefined`
supersededDate: `1997-10-02` → `undefined`
supersededBy: `\["SMPTE.ST35.1997"\]` → `\[\]`
#### SMPTE.ST360.2004 (updated fields: status)
  - status changed: 
active: `false` → `undefined`
latestVersion: `false` → `undefined`
superseded: `true` → `undefined`
supersededDate: `2009-02-11` → `undefined`
supersededBy: `\["SMPTE.ST360.2009"\]` → `\[\]`
#### SMPTE.ST363.2002 (updated fields: status)
  - status changed: 
active: `false` → `undefined`
latestVersion: `false` → `undefined`
superseded: `true` → `undefined`
supersededDate: `2002-08-22` → `undefined`
supersededBy: `\["SMPTE.ST363-2.2002"\]` → `\[\]`
#### SMPTE.ST364.2001 (updated fields: status)
  - status changed: 
active: `false` → `undefined`
latestVersion: `false` → `undefined`
superseded: `true` → `undefined`
supersededDate: `2008-07-03` → `undefined`
supersededBy: `\["SMPTE.ST364.2008"\]` → `\[\]`
#### SMPTE.ST37.1987 (updated fields: status)
  - status changed: 
active: `false` → `undefined`
latestVersion: `false` → `undefined`
superseded: `true` → `undefined`
supersededDate: `1994-05-12` → `undefined`
supersededBy: `\["SMPTE.ST37.1994"\]` → `\[\]`
#### SMPTE.ST370.2002 (updated fields: status)
  - status changed: 
active: `false` → `undefined`
latestVersion: `false` → `undefined`
superseded: `true` → `undefined`
supersededDate: `2006-04-18` → `undefined`
supersededBy: `\["SMPTE.ST370.2006"\]` → `\[\]`
#### SMPTE.ST383.2004 (updated fields: status)
  - status changed: 
active: `false` → `undefined`
latestVersion: `false` → `undefined`
superseded: `true` → `undefined`
supersededDate: `2008-03-13` → `undefined`
supersededBy: `\["SMPTE.ST383.2008"\]` → `\[\]`
#### SMPTE.ST4.1989 (updated fields: status)
  - status changed: 
active: `false` → `undefined`
latestVersion: `false` → `undefined`
superseded: `true` → `undefined`
supersededDate: `1995-01-03` → `undefined`
supersededBy: `\["SMPTE.ST4.1995"\]` → `\[\]`
#### SMPTE.ST435-1.2007 (updated fields: status)
  - status changed: 
active: `false` → `undefined`
latestVersion: `false` → `undefined`
superseded: `true` → `undefined`
supersededDate: `2009-03-04` → `undefined`
supersededBy: `\["SMPTE.ST435-1.2009"\]` → `\[\]`
#### SMPTE.ST435-2.2007 (updated fields: status)
  - status changed: 
active: `false` → `undefined`
latestVersion: `false` → `undefined`
superseded: `true` → `undefined`
supersededDate: `2008-03-04` → `undefined`
supersededBy: `\["SMPTE.ST435-2.2008"\]` → `\[\]`
#### SMPTE.ST435-3.2007 (updated fields: status)
  - status changed: 
active: `false` → `undefined`
latestVersion: `false` → `undefined`
superseded: `true` → `undefined`
supersededDate: `2009-03-04` → `undefined`
supersededBy: `\["SMPTE.ST435-3.2009"\]` → `\[\]`
#### SMPTE.ST48.1989 (updated fields: status)
  - status changed: 
active: `false` → `undefined`
latestVersion: `false` → `undefined`
superseded: `true` → `undefined`
supersededDate: `1995-05-10` → `undefined`
supersededBy: `\["SMPTE.ST48.1995"\]` → `\[\]`
#### SMPTE.ST5.1989 (updated fields: status)
  - status changed: 
active: `false` → `undefined`
latestVersion: `false` → `undefined`
superseded: `true` → `undefined`
supersededDate: `1995-01-03` → `undefined`
supersededBy: `\["SMPTE.ST5.1995"\]` → `\[\]`
#### SMPTE.ST56.1996 (updated fields: status)
  - status changed: 
active: `false` → `undefined`
latestVersion: `false` → `undefined`
superseded: `true` → `undefined`
supersededDate: `2005-12-16` → `undefined`
supersededBy: `\["SMPTE.ST56.2005"\]` → `\[\]`
#### SMPTE.ST6.1993 (updated fields: status)
  - status changed: 
active: `false` → `undefined`
latestVersion: `false` → `undefined`
superseded: `true` → `undefined`
supersededDate: `1998-09-17` → `undefined`
supersededBy: `\["SMPTE.ST6.1998"\]` → `\[\]`
#### SMPTE.ST73.1998 (updated fields: status)
  - status changed: 
active: `false` → `undefined`
latestVersion: `false` → `undefined`
superseded: `true` → `undefined`
supersededDate: `2003-11-12` → `undefined`
supersededBy: `\["SMPTE.ST73.2003"\]` → `\[\]`
#### SMPTE.ST74.1988 (updated fields: status)
  - status changed: 
active: `false` → `undefined`
latestVersion: `false` → `undefined`
superseded: `true` → `undefined`
supersededDate: `1993-06-28` → `undefined`
supersededBy: `\["SMPTE.ST74.1993"\]` → `\[\]`
#### SMPTE.ST75.1988 (updated fields: status)
  - status changed: 
active: `false` → `undefined`
latestVersion: `false` → `undefined`
superseded: `true` → `undefined`
supersededDate: `1994-01-31` → `undefined`
supersededBy: `\["SMPTE.ST75.1994"\]` → `\[\]`
#### SMPTE.ST76.1991 (updated fields: status)
  - status changed: 
active: `false` → `undefined`
latestVersion: `false` → `undefined`
superseded: `true` → `undefined`
supersededDate: `1996-05-28` → `undefined`
supersededBy: `\["SMPTE.ST76.1996"\]` → `\[\]`
#### SMPTE.ST8.1989 (updated fields: status)
  - status changed: 
active: `false` → `undefined`
latestVersion: `false` → `undefined`
superseded: `true` → `undefined`
supersededDate: `1995-02-13` → `undefined`
supersededBy: `\["SMPTE.ST8.1995"\]` → `\[\]`
#### SMPTE.ST83.1990 (updated fields: status)
  - status changed: 
active: `false` → `undefined`
latestVersion: `false` → `undefined`
superseded: `true` → `undefined`
supersededDate: `1996-02-08` → `undefined`
supersededBy: `\["SMPTE.ST83.1996"\]` → `\[\]`
#### SMPTE.ST87.1991 (updated fields: status)
  - status changed: 
active: `false` → `undefined`
latestVersion: `false` → `undefined`
superseded: `true` → `undefined`
supersededDate: `1996-03-08` → `undefined`
supersededBy: `\["SMPTE.ST87.1996"\]` → `\[\]`
#### SMPTE.ST97.1999 (updated fields: status)
  - status changed: 
active: `false` → `undefined`
latestVersion: `false` → `undefined`
superseded: `true` → `undefined`
supersededDate: `2004-11-08` → `undefined`
supersededBy: `\["SMPTE.ST97.2004"\]` → `\[\]`
#### SMPTE.EG9.1995 (updated fields: status)
  - status changed: 
active: `false` → `undefined`
superseded: `true` → `undefined`
supersededBy: `\["SMPTE.EG9.2005"\]` → `\[\]`
#### SMPTE.RP105.1994 (updated fields: status)
  - status changed: 
active: `false` → `undefined`
superseded: `true` → `undefined`
supersededBy: `\["SMPTE.RP105.1995"\]` → `\[\]`
#### SMPTE.RP105.1995 (updated fields: status)
  - status changed: 
active: `false` → `undefined`
superseded: `true` → `undefined`
supersededBy: `\["SMPTE.RP105.2003"\]` → `\[\]`
#### SMPTE.RP141.1990 (updated fields: status)
  - status changed: 
active: `false` → `undefined`
superseded: `true` → `undefined`
supersededBy: `\["SMPTE.RP141.1995"\]` → `\[\]`
#### SMPTE.RP141.1995 (updated fields: status)
  - status changed: 
active: `false` → `undefined`
superseded: `true` → `undefined`
supersededBy: `\["SMPTE.RP141.2005"\]` → `\[\]`
#### SMPTE.RP194.1998 (updated fields: status)
  - status changed: 
active: `false` → `undefined`
superseded: `true` → `undefined`
supersededBy: `\["SMPTE.RP194.2004"\]` → `\[\]`
#### SMPTE.RP195.1998 (updated fields: status)
  - status changed: 
active: `false` → `undefined`
superseded: `true` → `undefined`
supersededBy: `\["SMPTE.RP195.2004"\]` → `\[\]`
#### SMPTE.RP205.2000 (updated fields: status)
  - status changed: 
active: `false` → `undefined`
superseded: `true` → `undefined`
supersededBy: `\["SMPTE.RP205.2009"\]` → `\[\]`
#### SMPTE.RP431-2.2007 (updated fields: status)
  - status changed: 
active: `false` → `undefined`
superseded: `true` → `undefined`
supersededBy: `\["SMPTE.RP431-2.2011"\]` → `\[\]`
#### SMPTE.RP48.1995 (updated fields: status)
  - status changed: 
active: `false` → `undefined`
superseded: `true` → `undefined`
supersededBy: `\["SMPTE.RP48.1999"\]` → `\[\]`
#### SMPTE.RP59.1986 (updated fields: status)
  - status changed: 
active: `false` → `undefined`
superseded: `true` → `undefined`
supersededBy: `\["SMPTE.RP59.1995"\]` → `\[\]`
#### SMPTE.RP59.1995 (updated fields: status)
  - status changed: 
active: `false` → `undefined`
superseded: `true` → `undefined`
supersededBy: `\["SMPTE.RP59.1999"\]` → `\[\]`
#### SMPTE.RP67.1993 (updated fields: status)
  - status changed: 
active: `false` → `undefined`
superseded: `true` → `undefined`
supersededBy: `\["SMPTE.RP67.2002"\]` → `\[\]`
#### SMPTE.RP82.1990 (updated fields: status)
  - status changed: 
active: `false` → `undefined`
superseded: `true` → `undefined`
supersededBy: `\["SMPTE.RP82.1995"\]` → `\[\]`
#### SMPTE.RP82.1995 (updated fields: status)
  - status changed: 
active: `false` → `undefined`
superseded: `true` → `undefined`
supersededBy: `\["SMPTE.RP82.2004"\]` → `\[\]`
#### SMPTE.RP95.1994 (updated fields: status)
  - status changed: 
active: `false` → `undefined`
superseded: `true` → `undefined`
supersededBy: `\["SMPTE.RP95.2003"\]` → `\[\]`
#### SMPTE.SGR.21DC.S.2005 (updated fields: status)
#### SMPTE.ST102.1997 (updated fields: status)
  - status changed: 
active: `false` → `undefined`
superseded: `true` → `undefined`
supersededBy: `\["SMPTE.ST102.2002"\]` → `\[\]`
#### SMPTE.ST109.1992 (updated fields: status)
  - status changed: 
active: `false` → `undefined`
superseded: `true` → `undefined`
supersededBy: `\["SMPTE.ST109.1998"\]` → `\[\]`
#### SMPTE.ST109.1998 (updated fields: status)
  - status changed: 
active: `false` → `undefined`
superseded: `true` → `undefined`
supersededBy: `\["SMPTE.ST109.2003"\]` → `\[\]`
#### SMPTE.ST111.1996 (updated fields: status)
  - status changed: 
active: `false` → `undefined`
superseded: `true` → `undefined`
supersededBy: `\["SMPTE.ST111.2001"\]` → `\[\]`
#### SMPTE.ST112.1994 (updated fields: status)
  - status changed: 
active: `false` → `undefined`
superseded: `true` → `undefined`
supersededBy: `\["SMPTE.ST112.1999"\]` → `\[\]`
#### SMPTE.ST112.1999 (updated fields: status)
  - status changed: 
active: `false` → `undefined`
superseded: `true` → `undefined`
supersededBy: `\["SMPTE.ST112.2004"\]` → `\[\]`
#### SMPTE.ST119.1999 (updated fields: status)
  - status changed: 
active: `false` → `undefined`
superseded: `true` → `undefined`
supersededBy: `\["SMPTE.ST119.2004"\]` → `\[\]`
#### SMPTE.ST12.1999 (updated fields: status)
  - status changed: 
active: `false` → `undefined`
superseded: `true` → `undefined`
supersededBy: `\["SMPTE.ST12-1.2008"\]` → `\[\]`
#### SMPTE.ST137.1994 (updated fields: status)
  - status changed: 
active: `false` → `undefined`
superseded: `true` → `undefined`
supersededBy: `\["SMPTE.ST137.2000"\]` → `\[\]`
#### SMPTE.ST139.1986 (updated fields: status)
  - status changed: 
active: `false` → `undefined`
superseded: `true` → `undefined`
supersededBy: `\["SMPTE.ST139.1996"\]` → `\[\]`
#### SMPTE.ST139.1996 (updated fields: status)
  - status changed: 
active: `false` → `undefined`
superseded: `true` → `undefined`
supersededBy: `\["SMPTE.ST139.2003"\]` → `\[\]`
#### SMPTE.ST145.1999 (updated fields: status)
  - status changed: 
active: `false` → `undefined`
superseded: `true` → `undefined`
supersededBy: `\["SMPTE.ST145.2004"\]` → `\[\]`
#### SMPTE.ST149.1994 (updated fields: status)
  - status changed: 
active: `false` → `undefined`
superseded: `true` → `undefined`
supersededBy: `\["SMPTE.ST149.1999"\]` → `\[\]`
#### SMPTE.ST149.1999 (updated fields: status)
  - status changed: 
active: `false` → `undefined`
superseded: `true` → `undefined`
supersededBy: `\["SMPTE.ST149.2004"\]` → `\[\]`
#### SMPTE.ST152.1994 (updated fields: status)
  - status changed: 
active: `false` → `undefined`
superseded: `true` → `undefined`
supersededBy: `\["SMPTE.ST152.2003"\]` → `\[\]`
#### SMPTE.ST154.1993 (updated fields: status)
  - status changed: 
active: `false` → `undefined`
superseded: `true` → `undefined`
supersededBy: `\["SMPTE.ST154.1998"\]` → `\[\]`
#### SMPTE.ST154.1998 (updated fields: status)
  - status changed: 
active: `false` → `undefined`
superseded: `true` → `undefined`
supersededBy: `\["SMPTE.ST154.2003"\]` → `\[\]`
#### SMPTE.ST157.1994 (updated fields: status)
  - status changed: 
active: `false` → `undefined`
superseded: `true` → `undefined`
supersededBy: `\["SMPTE.ST157.1999"\]` → `\[\]`
#### SMPTE.ST160.1990 (updated fields: status)
  - status changed: 
active: `false` → `undefined`
superseded: `true` → `undefined`
supersededBy: `\["SMPTE.ST160.1995"\]` → `\[\]`
#### SMPTE.ST164.1993 (updated fields: status)
  - status changed: 
active: `false` → `undefined`
superseded: `true` → `undefined`
supersededBy: `\["SMPTE.ST164.2002"\]` → `\[\]`
#### SMPTE.ST166.1999 (updated fields: status)
  - status changed: 
active: `false` → `undefined`
superseded: `true` → `undefined`
supersededBy: `\["SMPTE.ST166.2004"\]` → `\[\]`
#### SMPTE.ST168.1991 (updated fields: status)
  - status changed: 
active: `false` → `undefined`
superseded: `true` → `undefined`
supersededBy: `\["SMPTE.ST168.1996"\]` → `\[\]`
#### SMPTE.ST168.1996 (updated fields: status)
  - status changed: 
active: `false` → `undefined`
superseded: `true` → `undefined`
supersededBy: `\["SMPTE.ST168.2001"\]` → `\[\]`
#### SMPTE.ST185.1993 (updated fields: status)
  - status changed: 
active: `false` → `undefined`
superseded: `true` → `undefined`
supersededBy: `\["SMPTE.ST185.2003"\]` → `\[\]`
#### SMPTE.ST192.1991 (updated fields: status)
  - status changed: 
active: `false` → `undefined`
superseded: `true` → `undefined`
supersededBy: `\["SMPTE.ST192.1997"\]` → `\[\]`
#### SMPTE.ST194.1991 (updated fields: status)
  - status changed: 
active: `false` → `undefined`
superseded: `true` → `undefined`
supersededBy: `\["SMPTE.ST194.1997"\]` → `\[\]`
#### SMPTE.ST194.1997 (updated fields: status)
  - status changed: 
active: `false` → `undefined`
superseded: `true` → `undefined`
supersededBy: `\["SMPTE.ST194.2002"\]` → `\[\]`
#### SMPTE.ST195.1984 (updated fields: status)
  - status changed: 
active: `false` → `undefined`
superseded: `true` → `undefined`
supersededBy: `\["SMPTE.ST195.1993"\]` → `\[\]`
#### SMPTE.ST195.1993 (updated fields: status)
  - status changed: 
active: `false` → `undefined`
superseded: `true` → `undefined`
supersededBy: `\["SMPTE.ST195.2000"\]` → `\[\]`
#### SMPTE.ST196.1993 (updated fields: status)
  - status changed: 
active: `false` → `undefined`
superseded: `true` → `undefined`
supersededBy: `\["SMPTE.ST196.1995"\]` → `\[\]`
#### SMPTE.ST196.1995 (updated fields: status)
  - status changed: 
active: `false` → `undefined`
superseded: `true` → `undefined`
supersededBy: `\["SMPTE.ST196.2003"\]` → `\[\]`
#### SMPTE.ST202.1991 (updated fields: status)
  - status changed: 
active: `false` → `undefined`
superseded: `true` → `undefined`
supersededBy: `\["SMPTE.ST202.1998"\]` → `\[\]`
#### SMPTE.ST202.1998 (updated fields: status)
  - status changed: 
active: `false` → `undefined`
superseded: `true` → `undefined`
supersededBy: `\["SMPTE.ST202.2010"\]` → `\[\]`
#### SMPTE.ST214.1999 (updated fields: status)
  - status changed: 
active: `false` → `undefined`
superseded: `true` → `undefined`
supersededBy: `\["SMPTE.ST214.2007"\]` → `\[\]`
#### SMPTE.ST223.1996 (updated fields: status)
  - status changed: 
active: `false` → `undefined`
superseded: `true` → `undefined`
supersededBy: `\["SMPTE.ST223.2001"\]` → `\[\]`
#### SMPTE.ST231.1995 (updated fields: status)
  - status changed: 
active: `false` → `undefined`
superseded: `true` → `undefined`
supersededBy: `\["SMPTE.ST231.1999"\]` → `\[\]`
#### SMPTE.ST231.1999 (updated fields: status)
  - status changed: 
active: `false` → `undefined`
superseded: `true` → `undefined`
supersededBy: `\["SMPTE.ST231.2004"\]` → `\[\]`
#### SMPTE.ST233.1992 (updated fields: status)
  - status changed: 
active: `false` → `undefined`
superseded: `true` → `undefined`
supersededBy: `\["SMPTE.ST233.1998"\]` → `\[\]`
#### SMPTE.ST233.1998 (updated fields: status)
  - status changed: 
active: `false` → `undefined`
superseded: `true` → `undefined`
supersededBy: `\["SMPTE.ST233.2003"\]` → `\[\]`
#### SMPTE.ST237.1998 (updated fields: status)
  - status changed: 
active: `false` → `undefined`
superseded: `true` → `undefined`
supersededBy: `\["SMPTE.ST237.2003"\]` → `\[\]`
#### SMPTE.ST239.1994 (updated fields: status)
  - status changed: 
active: `false` → `undefined`
superseded: `true` → `undefined`
supersededBy: `\["SMPTE.ST239.1999"\]` → `\[\]`
#### SMPTE.ST239.1999 (updated fields: status)
  - status changed: 
active: `false` → `undefined`
superseded: `true` → `undefined`
supersededBy: `\["SMPTE.ST239.2004"\]` → `\[\]`
#### SMPTE.ST242.1993 (updated fields: status)
  - status changed: 
active: `false` → `undefined`
superseded: `true` → `undefined`
supersededBy: `\["SMPTE.ST242.2003"\]` → `\[\]`
#### SMPTE.ST254.2002 (updated fields: status)
  - status changed: 
active: `false` → `undefined`
superseded: `true` → `undefined`
supersededBy: `\["SMPTE.ST254.2008"\]` → `\[\]`
#### SMPTE.ST258.1993 (updated fields: status)
  - status changed: 
active: `false` → `undefined`
superseded: `true` → `undefined`
supersededBy: `\["SMPTE.ST258.2004"\]` → `\[\]`
#### SMPTE.ST270.1994 (updated fields: status)
  - status changed: 
active: `false` → `undefined`
superseded: `true` → `undefined`
supersededBy: `\["SMPTE.ST270.2005"\]` → `\[\]`
#### SMPTE.ST270.2005 (updated fields: status)
  - status changed: 
active: `false` → `undefined`
superseded: `true` → `undefined`
supersededBy: `\["SMPTE.ST270.2008"\]` → `\[\]`
#### SMPTE.ST271.2002 (updated fields: status)
  - status changed: 
active: `false` → `undefined`
superseded: `true` → `undefined`
supersededBy: `\["SMPTE.ST271.2008"\]` → `\[\]`
#### SMPTE.ST274.2003 (updated fields: status)
  - status changed: 
active: `false` → `undefined`
superseded: `true` → `undefined`
supersededBy: `\["SMPTE.ST274.2005"\]` → `\[\]`
#### SMPTE.ST274.2005 (updated fields: status)
  - status changed: 
active: `false` → `undefined`
superseded: `true` → `undefined`
supersededBy: `\["SMPTE.ST274.2008"\]` → `\[\]`
#### SMPTE.ST291.2010 (updated fields: status)
  - status changed: 
active: `false` → `undefined`
superseded: `true` → `undefined`
supersededBy: `\["SMPTE.ST291.2011"\]` → `\[\]`
#### SMPTE.ST291.2011 (updated fields: status)
  - status changed: 
active: `false` → `undefined`
superseded: `true` → `undefined`
supersededBy: `\["SMPTE.ST291-1.2011"\]` → `\[\]`
#### SMPTE.ST292.2008 (updated fields: status)
  - status changed: 
active: `false` → `undefined`
superseded: `true` → `undefined`
supersededBy: `\["SMPTE.ST292-1.2011"\]` → `\[\]`
#### SMPTE.ST298.1997 (updated fields: status)
  - status changed: 
active: `false` → `undefined`
superseded: `true` → `undefined`
supersededBy: `\["SMPTE.ST298.2009"\]` → `\[\]`
#### SMPTE.ST301.1999 (updated fields: status)
  - status changed: 
active: `false` → `undefined`
superseded: `true` → `undefined`
#### SMPTE.ST313.1999 (updated fields: status)
  - status changed: 
active: `false` → `undefined`
superseded: `true` → `undefined`
supersededBy: `\["SMPTE.ST313.2005"\]` → `\[\]`
#### SMPTE.ST313.2005 (updated fields: status)
  - status changed: 
active: `false` → `undefined`
superseded: `true` → `undefined`
supersededBy: `\["SMPTE.ST313.2008"\]` → `\[\]`
#### SMPTE.ST336.2001 (updated fields: status)
  - status changed: 
active: `false` → `undefined`
superseded: `true` → `undefined`
supersededBy: `\["SMPTE.ST336.2007"\]` → `\[\]`
#### SMPTE.ST338.2008 (updated fields: status)
  - status changed: 
active: `false` → `undefined`
superseded: `true` → `undefined`
supersededBy: `\["SMPTE.ST338.2010"\]` → `\[\]`
#### SMPTE.ST352.2002 (updated fields: status)
  - status changed: 
active: `false` → `undefined`
superseded: `true` → `undefined`
supersededBy: `\["SMPTE.ST352.2010"\]` → `\[\]`
#### SMPTE.ST352.2010 (updated fields: status)
  - status changed: 
active: `false` → `undefined`
superseded: `true` → `undefined`
supersededBy: `\["SMPTE.ST352.2011"\]` → `\[\]`
#### SMPTE.ST372.2002 (updated fields: status)
  - status changed: 
active: `false` → `undefined`
superseded: `true` → `undefined`
supersededBy: `\["SMPTE.ST372.2009"\]` → `\[\]`
#### SMPTE.ST372.2009 (updated fields: status)
  - status changed: 
active: `false` → `undefined`
superseded: `true` → `undefined`
supersededBy: `\["SMPTE.ST372.2011"\]` → `\[\]`
#### SMPTE.ST390.2004 (updated fields: status)
  - status changed: 
active: `false` → `undefined`
superseded: `true` → `undefined`
supersededBy: `\["SMPTE.ST390.2011"\]` → `\[\]`
#### SMPTE.ST40.1997 (updated fields: status)
  - status changed: 
active: `false` → `undefined`
superseded: `true` → `undefined`
supersededBy: `\["SMPTE.ST40.2002"\]` → `\[\]`
#### SMPTE.ST41.1994 (updated fields: status)
  - status changed: 
active: `false` → `undefined`
superseded: `true` → `undefined`
supersededBy: `\["SMPTE.ST41.1999"\]` → `\[\]`
#### SMPTE.ST41.1999 (updated fields: status)
  - status changed: 
active: `false` → `undefined`
superseded: `true` → `undefined`
supersededBy: `\["SMPTE.ST41.2004"\]` → `\[\]`
#### SMPTE.ST425.2006 (updated fields: status)
  - status changed: 
active: `false` → `undefined`
superseded: `true` → `undefined`
supersededBy: `\["SMPTE.ST425.2008"\]` → `\[\]`
#### SMPTE.ST425.2008 (updated fields: status)
  - status changed: 
active: `false` → `undefined`
superseded: `true` → `undefined`
supersededBy: `\["SMPTE.ST425-1.2011"\]` → `\[\]`
#### SMPTE.ST429-2.2019Am1.2019 (updated fields: status)
  - status changed: 
active: `false` → `undefined`
superseded: `true` → `undefined`
supersededDate: `2020-12-22` → `undefined`
supersededBy: `\["SMPTE.ST429-2.2020"\]` → `\[\]`
#### SMPTE.ST429-3.2006 (updated fields: status)
  - status changed: 
active: `false` → `undefined`
superseded: `true` → `undefined`
supersededBy: `\["SMPTE.ST429-3.2007"\]` → `\[\]`
#### SMPTE.ST430-3.2006 (updated fields: status)
  - status changed: 
active: `false` → `undefined`
superseded: `true` → `undefined`
supersededBy: `\["SMPTE.ST430-3.2008"\]` → `\[\]`
#### SMPTE.ST430-6.2008 (updated fields: status)
  - status changed: 
active: `false` → `undefined`
superseded: `true` → `undefined`
supersededDate: `2010-08-18` → `undefined`
supersededBy: `\["SMPTE.ST430-6.2010"\]` → `\[\]`
#### SMPTE.ST55.1992 (updated fields: status)
  - status changed: 
active: `false` → `undefined`
superseded: `true` → `undefined`
supersededBy: `\["SMPTE.ST55.2000"\]` → `\[\]`
#### SMPTE.ST59.1991 (updated fields: status)
  - status changed: 
active: `false` → `undefined`
superseded: `true` → `undefined`
supersededBy: `\["SMPTE.ST59.1997"\]` → `\[\]`
#### SMPTE.ST59.1997 (updated fields: status)
  - status changed: 
active: `false` → `undefined`
superseded: `true` → `undefined`
supersededBy: `\["SMPTE.ST59.1998"\]` → `\[\]`
#### SMPTE.ST7.1994 (updated fields: status)
  - status changed: 
active: `false` → `undefined`
superseded: `true` → `undefined`
supersededBy: `\["SMPTE.ST7.1999"\]` → `\[\]`
#### SMPTE.ST7.1999 (updated fields: status)
  - status changed: 
active: `false` → `undefined`
superseded: `true` → `undefined`
supersededBy: `\["SMPTE.ST7.2004"\]` → `\[\]`
#### SMPTE.ST86.1996 (updated fields: status)
  - status changed: 
active: `false` → `undefined`
superseded: `true` → `undefined`
supersededBy: `\["SMPTE.ST86.2005"\]` → `\[\]`
#### SMPTE.ST93.1998 (updated fields: status)
  - status changed: 
active: `false` → `undefined`
superseded: `true` → `undefined`
supersededBy: `\["SMPTE.ST93.2005"\]` → `\[\]`
#### SMPTE.ST96.1992 (updated fields: status)
  - status changed: 
active: `false` → `undefined`
superseded: `true` → `undefined`
supersededBy: `\["SMPTE.ST96.1999"\]` → `\[\]`
#### SMPTE.ST96.1999 (updated fields: status)
  - status changed: 
active: `false` → `undefined`
superseded: `true` → `undefined`
supersededBy: `\["SMPTE.ST96.2004"\]` → `\[\]`

### ⚠️ Skipped 0 duplicate(s)
